generation, x, y, fitness
0, 0,0, 12
0, 1,0, 11
0, 2,0, 12
0, 3,0, 13
0, 4,0, 11
0, 5,0, 13
0, 6,0, 13
0, 7,0, 14
0, 8,0, 11
0, 9,0, 10
0, 10,0, 12
0, 11,0, 14
0, 12,0, 13
0, 13,0, 13
0, 14,0, 13
0, 15,0, 10
0, 16,0, 11
0, 17,0, 14
0, 18,0, 13
0, 19,0, 12
0, 20,0, 11
0, 21,0, 10
0, 22,0, 12
0, 23,0, 14
0, 24,0, 11
0, 25,0, 10
0, 26,0, 11
0, 27,0, 11
0, 28,0, 10
0, 29,0, 12
0, 30,0, 13
0, 31,0, 14
0, 32,0, 12
0, 33,0, 12
0, 34,0, 14
0, 35,0, 12
0, 36,0, 10
0, 37,0, 13
0, 38,0, 11
0, 39,0, 12
0, 0,1, 12
0, 1,1, 13
0, 2,1, 10
0, 3,1, 10
0, 4,1, 13
0, 5,1, 11
0, 6,1, 14
0, 7,1, 11
0, 8,1, 14
0, 9,1, 14
0, 10,1, 13
0, 11,1, 10
0, 12,1, 13
0, 13,1, 10
0, 14,1, 14
0, 15,1, 10
0, 16,1, 12
0, 17,1, 12
0, 18,1, 10
0, 19,1, 13
0, 20,1, 11
0, 21,1, 11
0, 22,1, 14
0, 23,1, 12
0, 24,1, 11
0, 25,1, 10
0, 26,1, 12
0, 27,1, 13
0, 28,1, 11
0, 29,1, 10
0, 30,1, 12
0, 31,1, 11
0, 32,1, 12
0, 33,1, 12
0, 34,1, 13
0, 35,1, 11
0, 36,1, 14
0, 37,1, 11
0, 38,1, 11
0, 39,1, 13
0, 0,2, 13
0, 1,2, 14
0, 2,2, 13
0, 3,2, 10
0, 4,2, 11
0, 5,2, 12
0, 6,2, 14
0, 7,2, 14
0, 8,2, 13
0, 9,2, 12
0, 10,2, 12
0, 11,2, 12
0, 12,2, 13
0, 13,2, 10
0, 14,2, 10
0, 15,2, 10
0, 16,2, 12
0, 17,2, 11
0, 18,2, 10
0, 19,2, 13
0, 20,2, 10
0, 21,2, 14
0, 22,2, 14
0, 23,2, 10
0, 24,2, 11
0, 25,2, 12
0, 26,2, 10
0, 27,2, 10
0, 28,2, 14
0, 29,2, 13
0, 30,2, 10
0, 31,2, 13
0, 32,2, 14
0, 33,2, 13
0, 34,2, 10
0, 35,2, 12
0, 36,2, 11
0, 37,2, 13
0, 38,2, 14
0, 39,2, 14
0, 0,3, 14
0, 1,3, 10
0, 2,3, 13
0, 3,3, 11
0, 4,3, 12
0, 5,3, 12
0, 6,3, 12
0, 7,3, 14
0, 8,3, 10
0, 9,3, 11
0, 10,3, 10
0, 11,3, 11
0, 12,3, 12
0, 13,3, 14
0, 14,3, 11
0, 15,3, 12
0, 16,3, 11
0, 17,3, 10
0, 18,3, 10
0, 19,3, 11
0, 20,3, 11
0, 21,3, 10
0, 22,3, 11
0, 23,3, 13
0, 24,3, 11
0, 25,3, 13
0, 26,3, 10
0, 27,3, 13
0, 28,3, 12
0, 29,3, 11
0, 30,3, 10
0, 31,3, 12
0, 32,3, 14
0, 33,3, 10
0, 34,3, 12
0, 35,3, 14
0, 36,3, 14
0, 37,3, 11
0, 38,3, 13
0, 39,3, 14
0, 0,4, 14
0, 1,4, 10
0, 2,4, 14
0, 3,4, 10
0, 4,4, 10
0, 5,4, 12
0, 6,4, 12
0, 7,4, 13
0, 8,4, 11
0, 9,4, 13
0, 10,4, 13
0, 11,4, 10
0, 12,4, 14
0, 13,4, 14
0, 14,4, 10
0, 15,4, 11
0, 16,4, 10
0, 17,4, 12
0, 18,4, 12
0, 19,4, 14
0, 20,4, 11
0, 21,4, 13
0, 22,4, 14
0, 23,4, 11
0, 24,4, 10
0, 25,4, 13
0, 26,4, 13
0, 27,4, 10
0, 28,4, 14
0, 29,4, 10
0, 30,4, 12
0, 31,4, 14
0, 32,4, 11
0, 33,4, 12
0, 34,4, 10
0, 35,4, 11
0, 36,4, 13
0, 37,4, 10
0, 38,4, 11
0, 39,4, 14
1, 0,0, 14
1, 1,0, 11
1, 2,0, 12
1, 3,0, 13
1, 4,0, 12
1, 5,0, 13
1, 6,0, 13
1, 7,0, 14
1, 8,0, 14
1, 9,0, 12
1, 10,0, 12
1, 11,0, 14
1, 12,0, 14
1, 13,0, 13
1, 14,0, 14
1, 15,0, 10
1, 16,0, 11
1, 17,0, 14
1, 18,0, 13
1, 19,0, 14
1, 20,0, 13
1, 21,0, 10
1, 22,0, 13
1, 23,0, 14
1, 24,0, 12
1, 25,0, 11
1, 26,0, 12
1, 27,0, 12
1, 28,0, 11
1, 29,0, 12
1, 30,0, 14
1, 31,0, 14
1, 32,0, 12
1, 33,0, 13
1, 34,0, 14
1, 35,0, 14
1, 36,0, 13
1, 37,0, 13
1, 38,0, 13
1, 39,0, 13
1, 0,1, 13
1, 1,1, 13
1, 2,1, 12
1, 3,1, 12
1, 4,1, 14
1, 5,1, 13
1, 6,1, 15
1, 7,1, 12
1, 8,1, 15
1, 9,1, 14
1, 10,1, 13
1, 11,1, 11
1, 12,1, 14
1, 13,1, 10
1, 14,1, 14
1, 15,1, 12
1, 16,1, 12
1, 17,1, 12
1, 18,1, 12
1, 19,1, 13
1, 20,1, 12
1, 21,1, 12
1, 22,1, 15
1, 23,1, 14
1, 24,1, 11
1, 25,1, 10
1, 26,1, 12
1, 27,1, 13
1, 28,1, 11
1, 29,1, 13
1, 30,1, 12
1, 31,1, 11
1, 32,1, 14
1, 33,1, 12
1, 34,1, 14
1, 35,1, 11
1, 36,1, 14
1, 37,1, 14
1, 38,1, 12
1, 39,1, 13
1, 0,2, 14
1, 1,2, 15
1, 2,2, 13
1, 3,2, 10
1, 4,2, 11
1, 5,2, 13
1, 6,2, 14
1, 7,2, 14
1, 8,2, 13
1, 9,2, 12
1, 10,2, 12
1, 11,2, 13
1, 12,2, 13
1, 13,2, 12
1, 14,2, 11
1, 15,2, 11
1, 16,2, 13
1, 17,2, 12
1, 18,2, 11
1, 19,2, 13
1, 20,2, 12
1, 21,2, 14
1, 22,2, 14
1, 23,2, 13
1, 24,2, 13
1, 25,2, 12
1, 26,2, 10
1, 27,2, 12
1, 28,2, 14
1, 29,2, 14
1, 30,2, 12
1, 31,2, 13
1, 32,2, 14
1, 33,2, 13
1, 34,2, 10
1, 35,2, 14
1, 36,2, 12
1, 37,2, 13
1, 38,2, 15
1, 39,2, 14
1, 0,3, 14
1, 1,3, 12
1, 2,3, 14
1, 3,3, 13
1, 4,3, 13
1, 5,3, 12
1, 6,3, 13
1, 7,3, 14
1, 8,3, 13
1, 9,3, 12
1, 10,3, 10
1, 11,3, 13
1, 12,3, 12
1, 13,3, 14
1, 14,3, 11
1, 15,3, 13
1, 16,3, 12
1, 17,3, 10
1, 18,3, 12
1, 19,3, 11
1, 20,3, 13
1, 21,3, 13
1, 22,3, 14
1, 23,3, 13
1, 24,3, 12
1, 25,3, 13
1, 26,3, 11
1, 27,3, 13
1, 28,3, 12
1, 29,3, 12
1, 30,3, 13
1, 31,3, 12
1, 32,3, 15
1, 33,3, 11
1, 34,3, 12
1, 35,3, 14
1, 36,3, 15
1, 37,3, 13
1, 38,3, 13
1, 39,3, 15
1, 0,4, 14
1, 1,4, 13
1, 2,4, 14
1, 3,4, 13
1, 4,4, 12
1, 5,4, 12
1, 6,4, 13
1, 7,4, 13
1, 8,4, 12
1, 9,4, 13
1, 10,4, 13
1, 11,4, 11
1, 12,4, 14
1, 13,4, 15
1, 14,4, 13
1, 15,4, 11
1, 16,4, 11
1, 17,4, 12
1, 18,4, 13
1, 19,4, 14
1, 20,4, 12
1, 21,4, 13
1, 22,4, 14
1, 23,4, 12
1, 24,4, 13
1, 25,4, 13
1, 26,4, 13
1, 27,4, 12
1, 28,4, 14
1, 29,4, 11
1, 30,4, 14
1, 31,4, 15
1, 32,4, 12
1, 33,4, 12
1, 34,4, 12
1, 35,4, 12
1, 36,4, 13
1, 37,4, 12
1, 38,4, 13
1, 39,4, 14
2, 0,0, 14
2, 1,0, 13
2, 2,0, 14
2, 3,0, 14
2, 4,0, 13
2, 5,0, 14
2, 6,0, 15
2, 7,0, 15
2, 8,0, 15
2, 9,0, 14
2, 10,0, 14
2, 11,0, 15
2, 12,0, 14
2, 13,0, 14
2, 14,0, 14
2, 15,0, 10
2, 16,0, 13
2, 17,0, 14
2, 18,0, 13
2, 19,0, 15
2, 20,0, 13
2, 21,0, 12
2, 22,0, 13
2, 23,0, 14
2, 24,0, 12
2, 25,0, 11
2, 26,0, 14
2, 27,0, 12
2, 28,0, 12
2, 29,0, 13
2, 30,0, 14
2, 31,0, 14
2, 32,0, 14
2, 33,0, 13
2, 34,0, 14
2, 35,0, 14
2, 36,0, 14
2, 37,0, 15
2, 38,0, 13
2, 39,0, 14
2, 0,1, 13
2, 1,1, 15
2, 2,1, 14
2, 3,1, 12
2, 4,1, 14
2, 5,1, 13
2, 6,1, 15
2, 7,1, 14
2, 8,1, 15
2, 9,1, 14
2, 10,1, 13
2, 11,1, 13
2, 12,1, 15
2, 13,1, 11
2, 14,1, 14
2, 15,1, 13
2, 16,1, 14
2, 17,1, 14
2, 18,1, 13
2, 19,1, 13
2, 20,1, 14
2, 21,1, 13
2, 22,1, 15
2, 23,1, 15
2, 24,1, 11
2, 25,1, 10
2, 26,1, 13
2, 27,1, 13
2, 28,1, 13
2, 29,1, 15
2, 30,1, 14
2, 31,1, 12
2, 32,1, 14
2, 33,1, 12
2, 34,1, 15
2, 35,1, 14
2, 36,1, 15
2, 37,1, 14
2, 38,1, 13
2, 39,1, 14
2, 0,2, 15
2, 1,2, 15
2, 2,2, 13
2, 3,2, 11
2, 4,2, 11
2, 5,2, 14
2, 6,2, 14
2, 7,2, 14
2, 8,2, 14
2, 9,2, 13
2, 10,2, 13
2, 11,2, 14
2, 12,2, 13
2, 13,2, 12
2, 14,2, 12
2, 15,2, 13
2, 16,2, 13
2, 17,2, 12
2, 18,2, 12
2, 19,2, 13
2, 20,2, 13
2, 21,2, 15
2, 22,2, 14
2, 23,2, 14
2, 24,2, 13
2, 25,2, 12
2, 26,2, 12
2, 27,2, 12
2, 28,2, 15
2, 29,2, 14
2, 30,2, 12
2, 31,2, 15
2, 32,2, 14
2, 33,2, 13
2, 34,2, 13
2, 35,2, 15
2, 36,2, 12
2, 37,2, 13
2, 38,2, 15
2, 39,2, 15
2, 0,3, 15
2, 1,3, 15
2, 2,3, 15
2, 3,3, 15
2, 4,3, 13
2, 5,3, 14
2, 6,3, 13
2, 7,3, 14
2, 8,3, 15
2, 9,3, 13
2, 10,3, 13
2, 11,3, 14
2, 12,3, 13
2, 13,3, 14
2, 14,3, 13
2, 15,3, 13
2, 16,3, 13
2, 17,3, 11
2, 18,3, 14
2, 19,3, 13
2, 20,3, 14
2, 21,3, 13
2, 22,3, 15
2, 23,3, 13
2, 24,3, 14
2, 25,3, 13
2, 26,3, 12
2, 27,3, 14
2, 28,3, 13
2, 29,3, 12
2, 30,3, 14
2, 31,3, 13
2, 32,3, 15
2, 33,3, 11
2, 34,3, 12
2, 35,3, 14
2, 36,3, 15
2, 37,3, 13
2, 38,3, 15
2, 39,3, 15
2, 0,4, 15
2, 1,4, 13
2, 2,4, 14
2, 3,4, 14
2, 4,4, 14
2, 5,4, 13
2, 6,4, 14
2, 7,4, 14
2, 8,4, 14
2, 9,4, 14
2, 10,4, 13
2, 11,4, 13
2, 12,4, 14
2, 13,4, 15
2, 14,4, 15
2, 15,4, 11
2, 16,4, 12
2, 17,4, 13
2, 18,4, 13
2, 19,4, 14
2, 20,4, 14
2, 21,4, 15
2, 22,4, 14
2, 23,4, 12
2, 24,4, 14
2, 25,4, 14
2, 26,4, 13
2, 27,4, 14
2, 28,4, 14
2, 29,4, 12
2, 30,4, 14
2, 31,4, 15
2, 32,4, 13
2, 33,4, 13
2, 34,4, 13
2, 35,4, 12
2, 36,4, 14
2, 37,4, 14
2, 38,4, 14
2, 39,4, 15
3, 0,0, 14
3, 1,0, 15
3, 2,0, 14
3, 3,0, 15
3, 4,0, 14
3, 5,0, 15
3, 6,0, 15
3, 7,0, 15
3, 8,0, 15
3, 9,0, 15
3, 10,0, 14
3, 11,0, 15
3, 12,0, 14
3, 13,0, 14
3, 14,0, 15
3, 15,0, 13
3, 16,0, 15
3, 17,0, 14
3, 18,0, 14
3, 19,0, 15
3, 20,0, 14
3, 21,0, 12
3, 22,0, 14
3, 23,0, 14
3, 24,0, 12
3, 25,0, 11
3, 26,0, 14
3, 27,0, 12
3, 28,0, 15
3, 29,0, 14
3, 30,0, 14
3, 31,0, 14
3, 32,0, 14
3, 33,0, 14
3, 34,0, 14
3, 35,0, 14
3, 36,0, 15
3, 37,0, 15
3, 38,0, 14
3, 39,0, 15
3, 0,1, 14
3, 1,1, 15
3, 2,1, 14
3, 3,1, 14
3, 4,1, 15
3, 5,1, 13
3, 6,1, 15
3, 7,1, 15
3, 8,1, 15
3, 9,1, 14
3, 10,1, 14
3, 11,1, 14
3, 12,1, 15
3, 13,1, 11
3, 14,1, 14
3, 15,1, 13
3, 16,1, 14
3, 17,1, 14
3, 18,1, 14
3, 19,1, 15
3, 20,1, 14
3, 21,1, 15
3, 22,1, 15
3, 23,1, 15
3, 24,1, 14
3, 25,1, 13
3, 26,1, 14
3, 27,1, 15
3, 28,1, 14
3, 29,1, 15
3, 30,1, 14
3, 31,1, 14
3, 32,1, 14
3, 33,1, 14
3, 34,1, 15
3, 35,1, 15
3, 36,1, 15
3, 37,1, 15
3, 38,1, 15
3, 39,1, 15
3, 0,2, 15
3, 1,2, 15
3, 2,2, 13
3, 3,2, 14
3, 4,2, 14
3, 5,2, 14
3, 6,2, 14
3, 7,2, 15
3, 8,2, 14
3, 9,2, 13
3, 10,2, 15
3, 11,2, 15
3, 12,2, 13
3, 13,2, 12
3, 14,2, 12
3, 15,2, 14
3, 16,2, 13
3, 17,2, 12
3, 18,2, 13
3, 19,2, 13
3, 20,2, 13
3, 21,2, 15
3, 22,2, 14
3, 23,2, 14
3, 24,2, 13
3, 25,2, 14
3, 26,2, 12
3, 27,2, 15
3, 28,2, 15
3, 29,2, 15
3, 30,2, 12
3, 31,2, 15
3, 32,2, 14
3, 33,2, 14
3, 34,2, 14
3, 35,2, 15
3, 36,2, 14
3, 37,2, 15
3, 38,2, 15
3, 39,2, 15
3, 0,3, 15
3, 1,3, 15
3, 2,3, 15
3, 3,3, 15
3, 4,3, 15
3, 5,3, 15
3, 6,3, 14
3, 7,3, 15
3, 8,3, 15
3, 9,3, 14
3, 10,3, 14
3, 11,3, 15
3, 12,3, 14
3, 13,3, 15
3, 14,3, 13
3, 15,3, 13
3, 16,3, 13
3, 17,3, 11
3, 18,3, 14
3, 19,3, 14
3, 20,3, 14
3, 21,3, 13
3, 22,3, 15
3, 23,3, 15
3, 24,3, 14
3, 25,3, 14
3, 26,3, 13
3, 27,3, 14
3, 28,3, 13
3, 29,3, 13
3, 30,3, 15
3, 31,3, 13
3, 32,3, 15
3, 33,3, 13
3, 34,3, 14
3, 35,3, 14
3, 36,3, 15
3, 37,3, 15
3, 38,3, 15
3, 39,3, 15
3, 0,4, 15
3, 1,4, 15
3, 2,4, 15
3, 3,4, 15
3, 4,4, 15
3, 5,4, 14
3, 6,4, 15
3, 7,4, 15
3, 8,4, 15
3, 9,4, 15
3, 10,4, 14
3, 11,4, 13
3, 12,4, 15
3, 13,4, 15
3, 14,4, 15
3, 15,4, 13
3, 16,4, 14
3, 17,4, 14
3, 18,4, 13
3, 19,4, 15
3, 20,4, 15
3, 21,4, 15
3, 22,4, 14
3, 23,4, 14
3, 24,4, 15
3, 25,4, 15
3, 26,4, 15
3, 27,4, 15
3, 28,4, 15
3, 29,4, 14
3, 30,4, 15
3, 31,4, 15
3, 32,4, 14
3, 33,4, 13
3, 34,4, 14
3, 35,4, 14
3, 36,4, 14
3, 37,4, 14
3, 38,4, 15
3, 39,4, 15
4, 0,0, 15
4, 1,0, 15
4, 2,0, 14
4, 3,0, 15
4, 4,0, 15
4, 5,0, 15
4, 6,0, 15
4, 7,0, 15
4, 8,0, 15
4, 9,0, 15
4, 10,0, 15
4, 11,0, 15
4, 12,0, 14
4, 13,0, 14
4, 14,0, 15
4, 15,0, 15
4, 16,0, 15
4, 17,0, 14
4, 18,0, 15
4, 19,0, 15
4, 20,0, 14
4, 21,0, 15
4, 22,0, 14
4, 23,0, 14
4, 24,0, 14
4, 25,0, 13
4, 26,0, 14
4, 27,0, 15
4, 28,0, 15
4, 29,0, 15
4, 30,0, 15
4, 31,0, 15
4, 32,0, 15
4, 33,0, 14
4, 34,0, 15
4, 35,0, 15
4, 36,0, 15
4, 37,0, 15
4, 38,0, 15
4, 39,0, 15
4, 0,1, 15
4, 1,1, 15
4, 2,1, 14
4, 3,1, 15
4, 4,1, 15
4, 5,1, 14
4, 6,1, 15
4, 7,1, 15
4, 8,1, 15
4, 9,1, 14
4, 10,1, 15
4, 11,1, 15
4, 12,1, 15
4, 13,1, 13
4, 14,1, 14
4, 15,1, 13
4, 16,1, 14
4, 17,1, 14
4, 18,1, 14
4, 19,1, 15
4, 20,1, 15
4, 21,1, 15
4, 22,1, 15
4, 23,1, 15
4, 24,1, 15
4, 25,1, 13
4, 26,1, 14
4, 27,1, 15
4, 28,1, 14
4, 29,1, 15
4, 30,1, 15
4, 31,1, 15
4, 32,1, 14
4, 33,1, 14
4, 34,1, 15
4, 35,1, 15
4, 36,1, 15
4, 37,1, 15
4, 38,1, 15
4, 39,1, 15
4, 0,2, 15
4, 1,2, 15
4, 2,2, 15
4, 3,2, 15
4, 4,2, 14
4, 5,2, 15
4, 6,2, 14
4, 7,2, 15
4, 8,2, 14
4, 9,2, 14
4, 10,2, 15
4, 11,2, 15
4, 12,2, 15
4, 13,2, 13
4, 14,2, 13
4, 15,2, 14
4, 16,2, 15
4, 17,2, 13
4, 18,2, 15
4, 19,2, 13
4, 20,2, 14
4, 21,2, 15
4, 22,2, 14
4, 23,2, 15
4, 24,2, 14
4, 25,2, 15
4, 26,2, 14
4, 27,2, 15
4, 28,2, 15
4, 29,2, 15
4, 30,2, 14
4, 31,2, 15
4, 32,2, 15
4, 33,2, 15
4, 34,2, 15
4, 35,2, 15
4, 36,2, 15
4, 37,2, 15
4, 38,2, 15
4, 39,2, 15
4, 0,3, 15
4, 1,3, 15
4, 2,3, 15
4, 3,3, 15
4, 4,3, 15
4, 5,3, 15
4, 6,3, 14
4, 7,3, 15
4, 8,3, 15
4, 9,3, 14
4, 10,3, 15
4, 11,3, 15
4, 12,3, 14
4, 13,3, 15
4, 14,3, 15
4, 15,3, 14
4, 16,3, 14
4, 17,3, 11
4, 18,3, 14
4, 19,3, 14
4, 20,3, 15
4, 21,3, 15
4, 22,3, 15
4, 23,3, 15
4, 24,3, 15
4, 25,3, 15
4, 26,3, 13
4, 27,3, 14
4, 28,3, 13
4, 29,3, 15
4, 30,3, 15
4, 31,3, 14
4, 32,3, 15
4, 33,3, 15
4, 34,3, 14
4, 35,3, 14
4, 36,3, 15
4, 37,3, 15
4, 38,3, 15
4, 39,3, 15
4, 0,4, 15
4, 1,4, 15
4, 2,4, 15
4, 3,4, 15
4, 4,4, 15
4, 5,4, 14
4, 6,4, 15
4, 7,4, 15
4, 8,4, 15
4, 9,4, 15
4, 10,4, 14
4, 11,4, 15
4, 12,4, 15
4, 13,4, 15
4, 14,4, 15
4, 15,4, 15
4, 16,4, 15
4, 17,4, 14
4, 18,4, 15
4, 19,4, 15
4, 20,4, 15
4, 21,4, 15
4, 22,4, 14
4, 23,4, 14
4, 24,4, 15
4, 25,4, 15
4, 26,4, 15
4, 27,4, 15
4, 28,4, 15
4, 29,4, 14
4, 30,4, 15
4, 31,4, 15
4, 32,4, 14
4, 33,4, 13
4, 34,4, 14
4, 35,4, 14
4, 36,4, 14
4, 37,4, 14
4, 38,4, 15
4, 39,4, 15
5, 0,0, 15
5, 1,0, 15
5, 2,0, 14
5, 3,0, 15
5, 4,0, 15
5, 5,0, 15
5, 6,0, 15
5, 7,0, 15
5, 8,0, 15
5, 9,0, 15
5, 10,0, 15
5, 11,0, 15
5, 12,0, 15
5, 13,0, 15
5, 14,0, 15
5, 15,0, 15
5, 16,0, 15
5, 17,0, 15
5, 18,0, 15
5, 19,0, 15
5, 20,0, 14
5, 21,0, 15
5, 22,0, 14
5, 23,0, 14
5, 24,0, 15
5, 25,0, 14
5, 26,0, 15
5, 27,0, 15
5, 28,0, 15
5, 29,0, 15
5, 30,0, 15
5, 31,0, 15
5, 32,0, 15
5, 33,0, 14
5, 34,0, 15
5, 35,0, 15
5, 36,0, 15
5, 37,0, 15
5, 38,0, 15
5, 39,0, 15
5, 0,1, 15
5, 1,1, 15
5, 2,1, 15
5, 3,1, 15
5, 4,1, 15
5, 5,1, 14
5, 6,1, 15
5, 7,1, 15
5, 8,1, 15
5, 9,1, 15
5, 10,1, 15
5, 11,1, 15
5, 12,1, 15
5, 13,1, 14
5, 14,1, 14
5, 15,1, 13
5, 16,1, 14
5, 17,1, 14
5, 18,1, 15
5, 19,1, 15
5, 20,1, 15
5, 21,1, 15
5, 22,1, 15
5, 23,1, 15
5, 24,1, 15
5, 25,1, 14
5, 26,1, 14
5, 27,1, 15
5, 28,1, 15
5, 29,1, 15
5, 30,1, 15
5, 31,1, 15
5, 32,1, 15
5, 33,1, 14
5, 34,1, 15
5, 35,1, 15
5, 36,1, 15
5, 37,1, 15
5, 38,1, 15
5, 39,1, 15
5, 0,2, 15
5, 1,2, 15
5, 2,2, 15
5, 3,2, 15
5, 4,2, 14
5, 5,2, 15
5, 6,2, 14
5, 7,2, 15
5, 8,2, 15
5, 9,2, 14
5, 10,2, 15
5, 11,2, 15
5, 12,2, 15
5, 13,2, 14
5, 14,2, 14
5, 15,2, 15
5, 16,2, 15
5, 17,2, 14
5, 18,2, 15
5, 19,2, 15
5, 20,2, 14
5, 21,2, 15
5, 22,2, 15
5, 23,2, 15
5, 24,2, 14
5, 25,2, 15
5, 26,2, 15
5, 27,2, 15
5, 28,2, 15
5, 29,2, 15
5, 30,2, 14
5, 31,2, 15
5, 32,2, 15
5, 33,2, 15
5, 34,2, 15
5, 35,2, 15
5, 36,2, 15
5, 37,2, 15
5, 38,2, 15
5, 39,2, 15
5, 0,3, 15
5, 1,3, 15
5, 2,3, 15
5, 3,3, 15
5, 4,3, 15
5, 5,3, 15
5, 6,3, 14
5, 7,3, 15
5, 8,3, 15
5, 9,3, 15
5, 10,3, 15
5, 11,3, 15
5, 12,3, 14
5, 13,3, 15
5, 14,3, 15
5, 15,3, 15
5, 16,3, 15
5, 17,3, 13
5, 18,3, 14
5, 19,3, 14
5, 20,3, 15
5, 21,3, 15
5, 22,3, 15
5, 23,3, 15
5, 24,3, 15
5, 25,3, 15
5, 26,3, 15
5, 27,3, 14
5, 28,3, 15
5, 29,3, 15
5, 30,3, 15
5, 31,3, 14
5, 32,3, 15
5, 33,3, 15
5, 34,3, 15
5, 35,3, 15
5, 36,3, 15
5, 37,3, 15
5, 38,3, 15
5, 39,3, 15
5, 0,4, 15
5, 1,4, 15
5, 2,4, 15
5, 3,4, 15
5, 4,4, 15
5, 5,4, 14
5, 6,4, 15
5, 7,4, 15
5, 8,4, 15
5, 9,4, 15
5, 10,4, 15
5, 11,4, 15
5, 12,4, 15
5, 13,4, 15
5, 14,4, 15
5, 15,4, 15
5, 16,4, 15
5, 17,4, 14
5, 18,4, 15
5, 19,4, 15
5, 20,4, 15
5, 21,4, 15
5, 22,4, 15
5, 23,4, 15
5, 24,4, 15
5, 25,4, 15
5, 26,4, 15
5, 27,4, 15
5, 28,4, 15
5, 29,4, 14
5, 30,4, 15
5, 31,4, 15
5, 32,4, 14
5, 33,4, 15
5, 34,4, 14
5, 35,4, 15
5, 36,4, 15
5, 37,4, 14
5, 38,4, 15
5, 39,4, 15
6, 0,0, 15
6, 1,0, 15
6, 2,0, 14
6, 3,0, 15
6, 4,0, 15
6, 5,0, 15
6, 6,0, 15
6, 7,0, 15
6, 8,0, 15
6, 9,0, 15
6, 10,0, 15
6, 11,0, 15
6, 12,0, 15
6, 13,0, 15
6, 14,0, 15
6, 15,0, 15
6, 16,0, 15
6, 17,0, 15
6, 18,0, 15
6, 19,0, 15
6, 20,0, 15
6, 21,0, 15
6, 22,0, 14
6, 23,0, 15
6, 24,0, 15
6, 25,0, 15
6, 26,0, 15
6, 27,0, 15
6, 28,0, 15
6, 29,0, 15
6, 30,0, 15
6, 31,0, 15
6, 32,0, 15
6, 33,0, 15
6, 34,0, 15
6, 35,0, 15
6, 36,0, 15
6, 37,0, 15
6, 38,0, 15
6, 39,0, 15
6, 0,1, 15
6, 1,1, 15
6, 2,1, 15
6, 3,1, 15
6, 4,1, 15
6, 5,1, 14
6, 6,1, 15
6, 7,1, 15
6, 8,1, 15
6, 9,1, 15
6, 10,1, 15
6, 11,1, 15
6, 12,1, 15
6, 13,1, 14
6, 14,1, 14
6, 15,1, 13
6, 16,1, 15
6, 17,1, 15
6, 18,1, 15
6, 19,1, 15
6, 20,1, 15
6, 21,1, 15
6, 22,1, 15
6, 23,1, 15
6, 24,1, 15
6, 25,1, 15
6, 26,1, 14
6, 27,1, 15
6, 28,1, 15
6, 29,1, 15
6, 30,1, 15
6, 31,1, 15
6, 32,1, 15
6, 33,1, 15
6, 34,1, 15
6, 35,1, 15
6, 36,1, 15
6, 37,1, 15
6, 38,1, 15
6, 39,1, 15
6, 0,2, 15
6, 1,2, 15
6, 2,2, 15
6, 3,2, 15
6, 4,2, 14
6, 5,2, 15
6, 6,2, 14
6, 7,2, 15
6, 8,2, 15
6, 9,2, 14
6, 10,2, 15
6, 11,2, 15
6, 12,2, 15
6, 13,2, 15
6, 14,2, 14
6, 15,2, 15
6, 16,2, 15
6, 17,2, 15
6, 18,2, 15
6, 19,2, 15
6, 20,2, 15
6, 21,2, 15
6, 22,2, 15
6, 23,2, 15
6, 24,2, 15
6, 25,2, 15
6, 26,2, 15
6, 27,2, 15
6, 28,2, 15
6, 29,2, 15
6, 30,2, 14
6, 31,2, 15
6, 32,2, 15
6, 33,2, 15
6, 34,2, 15
6, 35,2, 15
6, 36,2, 15
6, 37,2, 15
6, 38,2, 15
6, 39,2, 15
6, 0,3, 15
6, 1,3, 15
6, 2,3, 15
6, 3,3, 15
6, 4,3, 15
6, 5,3, 15
6, 6,3, 14
6, 7,3, 15
6, 8,3, 15
6, 9,3, 15
6, 10,3, 15
6, 11,3, 15
6, 12,3, 15
6, 13,3, 15
6, 14,3, 15
6, 15,3, 15
6, 16,3, 15
6, 17,3, 15
6, 18,3, 15
6, 19,3, 14
6, 20,3, 15
6, 21,3, 15
6, 22,3, 15
6, 23,3, 15
6, 24,3, 15
6, 25,3, 15
6, 26,3, 15
6, 27,3, 15
6, 28,3, 15
6, 29,3, 15
6, 30,3, 15
6, 31,3, 15
6, 32,3, 15
6, 33,3, 15
6, 34,3, 15
6, 35,3, 15
6, 36,3, 15
6, 37,3, 15
6, 38,3, 15
6, 39,3, 15
6, 0,4, 15
6, 1,4, 15
6, 2,4, 15
6, 3,4, 15
6, 4,4, 15
6, 5,4, 15
6, 6,4, 15
6, 7,4, 15
6, 8,4, 15
6, 9,4, 15
6, 10,4, 15
6, 11,4, 15
6, 12,4, 15
6, 13,4, 15
6, 14,4, 15
6, 15,4, 15
6, 16,4, 15
6, 17,4, 15
6, 18,4, 15
6, 19,4, 15
6, 20,4, 15
6, 21,4, 15
6, 22,4, 15
6, 23,4, 15
6, 24,4, 15
6, 25,4, 15
6, 26,4, 15
6, 27,4, 15
6, 28,4, 15
6, 29,4, 14
6, 30,4, 15
6, 31,4, 15
6, 32,4, 15
6, 33,4, 15
6, 34,4, 15
6, 35,4, 15
6, 36,4, 15
6, 37,4, 15
6, 38,4, 15
6, 39,4, 15
7, 0,0, 15
7, 1,0, 15
7, 2,0, 14
7, 3,0, 15
7, 4,0, 15
7, 5,0, 15
7, 6,0, 15
7, 7,0, 15
7, 8,0, 15
7, 9,0, 15
7, 10,0, 15
7, 11,0, 15
7, 12,0, 15
7, 13,0, 15
7, 14,0, 15
7, 15,0, 15
7, 16,0, 15
7, 17,0, 15
7, 18,0, 15
7, 19,0, 15
7, 20,0, 15
7, 21,0, 15
7, 22,0, 14
7, 23,0, 15
7, 24,0, 15
7, 25,0, 15
7, 26,0, 15
7, 27,0, 15
7, 28,0, 15
7, 29,0, 15
7, 30,0, 15
7, 31,0, 15
7, 32,0, 15
7, 33,0, 15
7, 34,0, 15
7, 35,0, 15
7, 36,0, 15
7, 37,0, 15
7, 38,0, 15
7, 39,0, 15
7, 0,1, 15
7, 1,1, 15
7, 2,1, 15
7, 3,1, 15
7, 4,1, 15
7, 5,1, 15
7, 6,1, 15
7, 7,1, 15
7, 8,1, 15
7, 9,1, 15
7, 10,1, 15
7, 11,1, 15
7, 12,1, 15
7, 13,1, 14
7, 14,1, 15
7, 15,1, 15
7, 16,1, 15
7, 17,1, 15
7, 18,1, 15
7, 19,1, 15
7, 20,1, 15
7, 21,1, 15
7, 22,1, 15
7, 23,1, 15
7, 24,1, 15
7, 25,1, 15
7, 26,1, 15
7, 27,1, 15
7, 28,1, 15
7, 29,1, 15
7, 30,1, 15
7, 31,1, 15
7, 32,1, 15
7, 33,1, 15
7, 34,1, 15
7, 35,1, 15
7, 36,1, 15
7, 37,1, 15
7, 38,1, 15
7, 39,1, 15
7, 0,2, 15
7, 1,2, 15
7, 2,2, 15
7, 3,2, 15
7, 4,2, 14
7, 5,2, 15
7, 6,2, 15
7, 7,2, 15
7, 8,2, 15
7, 9,2, 14
7, 10,2, 15
7, 11,2, 15
7, 12,2, 15
7, 13,2, 15
7, 14,2, 15
7, 15,2, 15
7, 16,2, 15
7, 17,2, 15
7, 18,2, 15
7, 19,2, 15
7, 20,2, 15
7, 21,2, 15
7, 22,2, 15
7, 23,2, 15
7, 24,2, 15
7, 25,2, 15
7, 26,2, 15
7, 27,2, 15
7, 28,2, 15
7, 29,2, 15
7, 30,2, 14
7, 31,2, 15
7, 32,2, 15
7, 33,2, 15
7, 34,2, 15
7, 35,2, 15
7, 36,2, 15
7, 37,2, 15
7, 38,2, 15
7, 39,2, 15
7, 0,3, 15
7, 1,3, 15
7, 2,3, 15
7, 3,3, 15
7, 4,3, 15
7, 5,3, 15
7, 6,3, 15
7, 7,3, 15
7, 8,3, 15
7, 9,3, 15
7, 10,3, 15
7, 11,3, 15
7, 12,3, 15
7, 13,3, 15
7, 14,3, 15
7, 15,3, 15
7, 16,3, 15
7, 17,3, 15
7, 18,3, 15
7, 19,3, 15
7, 20,3, 15
7, 21,3, 15
7, 22,3, 15
7, 23,3, 15
7, 24,3, 15
7, 25,3, 15
7, 26,3, 15
7, 27,3, 15
7, 28,3, 15
7, 29,3, 15
7, 30,3, 15
7, 31,3, 15
7, 32,3, 15
7, 33,3, 15
7, 34,3, 15
7, 35,3, 15
7, 36,3, 15
7, 37,3, 15
7, 38,3, 15
7, 39,3, 15
7, 0,4, 15
7, 1,4, 15
7, 2,4, 15
7, 3,4, 15
7, 4,4, 15
7, 5,4, 15
7, 6,4, 15
7, 7,4, 15
7, 8,4, 15
7, 9,4, 15
7, 10,4, 15
7, 11,4, 15
7, 12,4, 15
7, 13,4, 15
7, 14,4, 15
7, 15,4, 15
7, 16,4, 15
7, 17,4, 15
7, 18,4, 15
7, 19,4, 15
7, 20,4, 15
7, 21,4, 15
7, 22,4, 15
7, 23,4, 15
7, 24,4, 15
7, 25,4, 15
7, 26,4, 15
7, 27,4, 15
7, 28,4, 15
7, 29,4, 14
7, 30,4, 15
7, 31,4, 15
7, 32,4, 15
7, 33,4, 15
7, 34,4, 15
7, 35,4, 15
7, 36,4, 15
7, 37,4, 15
7, 38,4, 15
7, 39,4, 15
8, 0,0, 15
8, 1,0, 15
8, 2,0, 15
8, 3,0, 15
8, 4,0, 15
8, 5,0, 15
8, 6,0, 15
8, 7,0, 15
8, 8,0, 15
8, 9,0, 15
8, 10,0, 15
8, 11,0, 15
8, 12,0, 15
8, 13,0, 15
8, 14,0, 15
8, 15,0, 15
8, 16,0, 15
8, 17,0, 15
8, 18,0, 15
8, 19,0, 15
8, 20,0, 15
8, 21,0, 15
8, 22,0, 15
8, 23,0, 15
8, 24,0, 15
8, 25,0, 15
8, 26,0, 15
8, 27,0, 15
8, 28,0, 15
8, 29,0, 15
8, 30,0, 15
8, 31,0, 15
8, 32,0, 15
8, 33,0, 15
8, 34,0, 15
8, 35,0, 15
8, 36,0, 15
8, 37,0, 15
8, 38,0, 15
8, 39,0, 15
8, 0,1, 15
8, 1,1, 15
8, 2,1, 15
8, 3,1, 15
8, 4,1, 15
8, 5,1, 15
8, 6,1, 15
8, 7,1, 15
8, 8,1, 15
8, 9,1, 15
8, 10,1, 15
8, 11,1, 15
8, 12,1, 15
8, 13,1, 14
8, 14,1, 15
8, 15,1, 15
8, 16,1, 15
8, 17,1, 15
8, 18,1, 15
8, 19,1, 15
8, 20,1, 15
8, 21,1, 15
8, 22,1, 15
8, 23,1, 15
8, 24,1, 15
8, 25,1, 15
8, 26,1, 15
8, 27,1, 15
8, 28,1, 15
8, 29,1, 15
8, 30,1, 15
8, 31,1, 15
8, 32,1, 15
8, 33,1, 15
8, 34,1, 15
8, 35,1, 15
8, 36,1, 15
8, 37,1, 15
8, 38,1, 15
8, 39,1, 15
8, 0,2, 15
8, 1,2, 15
8, 2,2, 15
8, 3,2, 15
8, 4,2, 15
8, 5,2, 15
8, 6,2, 15
8, 7,2, 15
8, 8,2, 15
8, 9,2, 15
8, 10,2, 15
8, 11,2, 15
8, 12,2, 15
8, 13,2, 15
8, 14,2, 15
8, 15,2, 15
8, 16,2, 15
8, 17,2, 15
8, 18,2, 15
8, 19,2, 15
8, 20,2, 15
8, 21,2, 15
8, 22,2, 15
8, 23,2, 15
8, 24,2, 15
8, 25,2, 15
8, 26,2, 15
8, 27,2, 15
8, 28,2, 15
8, 29,2, 15
8, 30,2, 14
8, 31,2, 15
8, 32,2, 15
8, 33,2, 15
8, 34,2, 15
8, 35,2, 15
8, 36,2, 15
8, 37,2, 15
8, 38,2, 15
8, 39,2, 15
8, 0,3, 15
8, 1,3, 15
8, 2,3, 15
8, 3,3, 15
8, 4,3, 15
8, 5,3, 15
8, 6,3, 15
8, 7,3, 15
8, 8,3, 15
8, 9,3, 15
8, 10,3, 15
8, 11,3, 15
8, 12,3, 15
8, 13,3, 15
8, 14,3, 15
8, 15,3, 15
8, 16,3, 15
8, 17,3, 15
8, 18,3, 15
8, 19,3, 15
8, 20,3, 15
8, 21,3, 15
8, 22,3, 15
8, 23,3, 15
8, 24,3, 15
8, 25,3, 15
8, 26,3, 15
8, 27,3, 15
8, 28,3, 15
8, 29,3, 15
8, 30,3, 15
8, 31,3, 15
8, 32,3, 15
8, 33,3, 15
8, 34,3, 15
8, 35,3, 15
8, 36,3, 15
8, 37,3, 15
8, 38,3, 15
8, 39,3, 15
8, 0,4, 15
8, 1,4, 15
8, 2,4, 15
8, 3,4, 15
8, 4,4, 15
8, 5,4, 15
8, 6,4, 15
8, 7,4, 15
8, 8,4, 15
8, 9,4, 15
8, 10,4, 15
8, 11,4, 15
8, 12,4, 15
8, 13,4, 15
8, 14,4, 15
8, 15,4, 15
8, 16,4, 15
8, 17,4, 15
8, 18,4, 15
8, 19,4, 15
8, 20,4, 15
8, 21,4, 15
8, 22,4, 15
8, 23,4, 15
8, 24,4, 15
8, 25,4, 15
8, 26,4, 15
8, 27,4, 15
8, 28,4, 15
8, 29,4, 15
8, 30,4, 15
8, 31,4, 15
8, 32,4, 15
8, 33,4, 15
8, 34,4, 15
8, 35,4, 15
8, 36,4, 15
8, 37,4, 15
8, 38,4, 15
8, 39,4, 15
9, 0,0, 15
9, 1,0, 15
9, 2,0, 15
9, 3,0, 15
9, 4,0, 15
9, 5,0, 15
9, 6,0, 15
9, 7,0, 15
9, 8,0, 15
9, 9,0, 15
9, 10,0, 15
9, 11,0, 15
9, 12,0, 15
9, 13,0, 15
9, 14,0, 15
9, 15,0, 15
9, 16,0, 15
9, 17,0, 15
9, 18,0, 15
9, 19,0, 15
9, 20,0, 15
9, 21,0, 15
9, 22,0, 15
9, 23,0, 15
9, 24,0, 15
9, 25,0, 15
9, 26,0, 15
9, 27,0, 15
9, 28,0, 15
9, 29,0, 15
9, 30,0, 15
9, 31,0, 15
9, 32,0, 15
9, 33,0, 15
9, 34,0, 15
9, 35,0, 15
9, 36,0, 15
9, 37,0, 15
9, 38,0, 15
9, 39,0, 15
9, 0,1, 15
9, 1,1, 15
9, 2,1, 15
9, 3,1, 15
9, 4,1, 15
9, 5,1, 15
9, 6,1, 15
9, 7,1, 15
9, 8,1, 15
9, 9,1, 15
9, 10,1, 15
9, 11,1, 15
9, 12,1, 15
9, 13,1, 15
9, 14,1, 15
9, 15,1, 15
9, 16,1, 15
9, 17,1, 15
9, 18,1, 15
9, 19,1, 15
9, 20,1, 15
9, 21,1, 15
9, 22,1, 15
9, 23,1, 15
9, 24,1, 15
9, 25,1, 15
9, 26,1, 15
9, 27,1, 15
9, 28,1, 15
9, 29,1, 15
9, 30,1, 15
9, 31,1, 15
9, 32,1, 15
9, 33,1, 15
9, 34,1, 15
9, 35,1, 15
9, 36,1, 15
9, 37,1, 15
9, 38,1, 15
9, 39,1, 15
9, 0,2, 15
9, 1,2, 15
9, 2,2, 15
9, 3,2, 15
9, 4,2, 15
9, 5,2, 15
9, 6,2, 15
9, 7,2, 15
9, 8,2, 15
9, 9,2, 15
9, 10,2, 15
9, 11,2, 15
9, 12,2, 15
9, 13,2, 15
9, 14,2, 15
9, 15,2, 15
9, 16,2, 15
9, 17,2, 15
9, 18,2, 15
9, 19,2, 15
9, 20,2, 15
9, 21,2, 15
9, 22,2, 15
9, 23,2, 15
9, 24,2, 15
9, 25,2, 15
9, 26,2, 15
9, 27,2, 15
9, 28,2, 15
9, 29,2, 15
9, 30,2, 15
9, 31,2, 15
9, 32,2, 15
9, 33,2, 15
9, 34,2, 15
9, 35,2, 15
9, 36,2, 15
9, 37,2, 15
9, 38,2, 15
9, 39,2, 15
9, 0,3, 15
9, 1,3, 15
9, 2,3, 15
9, 3,3, 15
9, 4,3, 15
9, 5,3, 15
9, 6,3, 15
9, 7,3, 15
9, 8,3, 15
9, 9,3, 15
9, 10,3, 15
9, 11,3, 15
9, 12,3, 15
9, 13,3, 15
9, 14,3, 15
9, 15,3, 15
9, 16,3, 15
9, 17,3, 15
9, 18,3, 15
9, 19,3, 15
9, 20,3, 15
9, 21,3, 15
9, 22,3, 15
9, 23,3, 15
9, 24,3, 15
9, 25,3, 15
9, 26,3, 15
9, 27,3, 15
9, 28,3, 15
9, 29,3, 15
9, 30,3, 15
9, 31,3, 15
9, 32,3, 15
9, 33,3, 15
9, 34,3, 15
9, 35,3, 15
9, 36,3, 15
9, 37,3, 15
9, 38,3, 15
9, 39,3, 15
9, 0,4, 15
9, 1,4, 15
9, 2,4, 15
9, 3,4, 15
9, 4,4, 15
9, 5,4, 15
9, 6,4, 15
9, 7,4, 15
9, 8,4, 15
9, 9,4, 15
9, 10,4, 15
9, 11,4, 15
9, 12,4, 15
9, 13,4, 15
9, 14,4, 15
9, 15,4, 15
9, 16,4, 15
9, 17,4, 15
9, 18,4, 15
9, 19,4, 15
9, 20,4, 15
9, 21,4, 15
9, 22,4, 15
9, 23,4, 15
9, 24,4, 15
9, 25,4, 15
9, 26,4, 15
9, 27,4, 15
9, 28,4, 15
9, 29,4, 15
9, 30,4, 15
9, 31,4, 15
9, 32,4, 15
9, 33,4, 15
9, 34,4, 15
9, 35,4, 15
9, 36,4, 15
9, 37,4, 15
9, 38,4, 15
9, 39,4, 15
10, 0,0, 15
10, 1,0, 15
10, 2,0, 15
10, 3,0, 15
10, 4,0, 15
10, 5,0, 15
10, 6,0, 15
10, 7,0, 15
10, 8,0, 15
10, 9,0, 15
10, 10,0, 15
10, 11,0, 15
10, 12,0, 15
10, 13,0, 15
10, 14,0, 15
10, 15,0, 15
10, 16,0, 15
10, 17,0, 15
10, 18,0, 15
10, 19,0, 15
10, 20,0, 15
10, 21,0, 15
10, 22,0, 15
10, 23,0, 15
10, 24,0, 15
10, 25,0, 15
10, 26,0, 15
10, 27,0, 15
10, 28,0, 15
10, 29,0, 15
10, 30,0, 15
10, 31,0, 15
10, 32,0, 15
10, 33,0, 15
10, 34,0, 15
10, 35,0, 15
10, 36,0, 15
10, 37,0, 15
10, 38,0, 15
10, 39,0, 15
10, 0,1, 15
10, 1,1, 15
10, 2,1, 15
10, 3,1, 15
10, 4,1, 15
10, 5,1, 15
10, 6,1, 15
10, 7,1, 15
10, 8,1, 15
10, 9,1, 15
10, 10,1, 15
10, 11,1, 15
10, 12,1, 15
10, 13,1, 15
10, 14,1, 15
10, 15,1, 15
10, 16,1, 15
10, 17,1, 15
10, 18,1, 15
10, 19,1, 15
10, 20,1, 15
10, 21,1, 15
10, 22,1, 15
10, 23,1, 15
10, 24,1, 15
10, 25,1, 15
10, 26,1, 15
10, 27,1, 15
10, 28,1, 15
10, 29,1, 15
10, 30,1, 15
10, 31,1, 15
10, 32,1, 15
10, 33,1, 15
10, 34,1, 15
10, 35,1, 15
10, 36,1, 15
10, 37,1, 15
10, 38,1, 15
10, 39,1, 15
10, 0,2, 15
10, 1,2, 15
10, 2,2, 15
10, 3,2, 15
10, 4,2, 15
10, 5,2, 15
10, 6,2, 15
10, 7,2, 15
10, 8,2, 15
10, 9,2, 15
10, 10,2, 15
10, 11,2, 15
10, 12,2, 15
10, 13,2, 15
10, 14,2, 15
10, 15,2, 15
10, 16,2, 15
10, 17,2, 15
10, 18,2, 15
10, 19,2, 15
10, 20,2, 15
10, 21,2, 15
10, 22,2, 15
10, 23,2, 15
10, 24,2, 15
10, 25,2, 15
10, 26,2, 15
10, 27,2, 15
10, 28,2, 15
10, 29,2, 15
10, 30,2, 15
10, 31,2, 15
10, 32,2, 15
10, 33,2, 15
10, 34,2, 15
10, 35,2, 15
10, 36,2, 15
10, 37,2, 15
10, 38,2, 15
10, 39,2, 15
10, 0,3, 15
10, 1,3, 15
10, 2,3, 15
10, 3,3, 15
10, 4,3, 15
10, 5,3, 15
10, 6,3, 15
10, 7,3, 15
10, 8,3, 15
10, 9,3, 15
10, 10,3, 15
10, 11,3, 15
10, 12,3, 15
10, 13,3, 15
10, 14,3, 15
10, 15,3, 15
10, 16,3, 15
10, 17,3, 15
10, 18,3, 15
10, 19,3, 15
10, 20,3, 15
10, 21,3, 15
10, 22,3, 15
10, 23,3, 15
10, 24,3, 15
10, 25,3, 15
10, 26,3, 15
10, 27,3, 15
10, 28,3, 15
10, 29,3, 15
10, 30,3, 15
10, 31,3, 15
10, 32,3, 15
10, 33,3, 15
10, 34,3, 15
10, 35,3, 15
10, 36,3, 15
10, 37,3, 15
10, 38,3, 15
10, 39,3, 15
10, 0,4, 15
10, 1,4, 15
10, 2,4, 15
10, 3,4, 15
10, 4,4, 15
10, 5,4, 15
10, 6,4, 15
10, 7,4, 15
10, 8,4, 15
10, 9,4, 15
10, 10,4, 15
10, 11,4, 15
10, 12,4, 15
10, 13,4, 15
10, 14,4, 15
10, 15,4, 15
10, 16,4, 15
10, 17,4, 15
10, 18,4, 15
10, 19,4, 15
10, 20,4, 15
10, 21,4, 15
10, 22,4, 15
10, 23,4, 15
10, 24,4, 15
10, 25,4, 15
10, 26,4, 15
10, 27,4, 15
10, 28,4, 15
10, 29,4, 15
10, 30,4, 15
10, 31,4, 15
10, 32,4, 15
10, 33,4, 15
10, 34,4, 15
10, 35,4, 15
10, 36,4, 15
10, 37,4, 15
10, 38,4, 15
10, 39,4, 15
11, 0,0, 15
11, 1,0, 15
11, 2,0, 15
11, 3,0, 15
11, 4,0, 15
11, 5,0, 15
11, 6,0, 15
11, 7,0, 15
11, 8,0, 15
11, 9,0, 15
11, 10,0, 15
11, 11,0, 15
11, 12,0, 15
11, 13,0, 15
11, 14,0, 15
11, 15,0, 15
11, 16,0, 15
11, 17,0, 15
11, 18,0, 15
11, 19,0, 15
11, 20,0, 15
11, 21,0, 15
11, 22,0, 15
11, 23,0, 15
11, 24,0, 15
11, 25,0, 15
11, 26,0, 15
11, 27,0, 15
11, 28,0, 15
11, 29,0, 15
11, 30,0, 15
11, 31,0, 15
11, 32,0, 15
11, 33,0, 15
11, 34,0, 15
11, 35,0, 15
11, 36,0, 15
11, 37,0, 15
11, 38,0, 15
11, 39,0, 15
11, 0,1, 15
11, 1,1, 15
11, 2,1, 15
11, 3,1, 15
11, 4,1, 15
11, 5,1, 15
11, 6,1, 15
11, 7,1, 15
11, 8,1, 15
11, 9,1, 15
11, 10,1, 15
11, 11,1, 15
11, 12,1, 15
11, 13,1, 15
11, 14,1, 15
11, 15,1, 15
11, 16,1, 15
11, 17,1, 15
11, 18,1, 15
11, 19,1, 15
11, 20,1, 15
11, 21,1, 15
11, 22,1, 15
11, 23,1, 15
11, 24,1, 15
11, 25,1, 15
11, 26,1, 15
11, 27,1, 15
11, 28,1, 15
11, 29,1, 15
11, 30,1, 15
11, 31,1, 15
11, 32,1, 15
11, 33,1, 15
11, 34,1, 15
11, 35,1, 15
11, 36,1, 15
11, 37,1, 15
11, 38,1, 15
11, 39,1, 15
11, 0,2, 15
11, 1,2, 15
11, 2,2, 15
11, 3,2, 15
11, 4,2, 15
11, 5,2, 15
11, 6,2, 15
11, 7,2, 15
11, 8,2, 15
11, 9,2, 15
11, 10,2, 15
11, 11,2, 15
11, 12,2, 15
11, 13,2, 15
11, 14,2, 15
11, 15,2, 15
11, 16,2, 15
11, 17,2, 15
11, 18,2, 15
11, 19,2, 15
11, 20,2, 15
11, 21,2, 15
11, 22,2, 15
11, 23,2, 15
11, 24,2, 15
11, 25,2, 15
11, 26,2, 15
11, 27,2, 15
11, 28,2, 15
11, 29,2, 15
11, 30,2, 15
11, 31,2, 15
11, 32,2, 15
11, 33,2, 15
11, 34,2, 15
11, 35,2, 15
11, 36,2, 15
11, 37,2, 15
11, 38,2, 15
11, 39,2, 15
11, 0,3, 15
11, 1,3, 15
11, 2,3, 15
11, 3,3, 15
11, 4,3, 15
11, 5,3, 15
11, 6,3, 15
11, 7,3, 15
11, 8,3, 15
11, 9,3, 15
11, 10,3, 15
11, 11,3, 15
11, 12,3, 15
11, 13,3, 15
11, 14,3, 15
11, 15,3, 15
11, 16,3, 15
11, 17,3, 15
11, 18,3, 15
11, 19,3, 15
11, 20,3, 15
11, 21,3, 15
11, 22,3, 15
11, 23,3, 15
11, 24,3, 15
11, 25,3, 15
11, 26,3, 15
11, 27,3, 15
11, 28,3, 15
11, 29,3, 15
11, 30,3, 15
11, 31,3, 15
11, 32,3, 15
11, 33,3, 15
11, 34,3, 15
11, 35,3, 15
11, 36,3, 15
11, 37,3, 15
11, 38,3, 15
11, 39,3, 15
11, 0,4, 15
11, 1,4, 15
11, 2,4, 15
11, 3,4, 15
11, 4,4, 15
11, 5,4, 15
11, 6,4, 15
11, 7,4, 15
11, 8,4, 15
11, 9,4, 15
11, 10,4, 15
11, 11,4, 15
11, 12,4, 15
11, 13,4, 15
11, 14,4, 15
11, 15,4, 15
11, 16,4, 15
11, 17,4, 15
11, 18,4, 15
11, 19,4, 15
11, 20,4, 15
11, 21,4, 15
11, 22,4, 15
11, 23,4, 15
11, 24,4, 15
11, 25,4, 15
11, 26,4, 15
11, 27,4, 15
11, 28,4, 15
11, 29,4, 15
11, 30,4, 15
11, 31,4, 15
11, 32,4, 15
11, 33,4, 15
11, 34,4, 15
11, 35,4, 15
11, 36,4, 15
11, 37,4, 15
11, 38,4, 15
11, 39,4, 15
12, 0,0, 15
12, 1,0, 15
12, 2,0, 15
12, 3,0, 15
12, 4,0, 15
12, 5,0, 15
12, 6,0, 15
12, 7,0, 15
12, 8,0, 15
12, 9,0, 15
12, 10,0, 15
12, 11,0, 15
12, 12,0, 15
12, 13,0, 15
12, 14,0, 15
12, 15,0, 15
12, 16,0, 15
12, 17,0, 15
12, 18,0, 15
12, 19,0, 15
12, 20,0, 15
12, 21,0, 15
12, 22,0, 15
12, 23,0, 15
12, 24,0, 15
12, 25,0, 15
12, 26,0, 15
12, 27,0, 15
12, 28,0, 15
12, 29,0, 15
12, 30,0, 15
12, 31,0, 15
12, 32,0, 15
12, 33,0, 15
12, 34,0, 15
12, 35,0, 15
12, 36,0, 15
12, 37,0, 15
12, 38,0, 15
12, 39,0, 15
12, 0,1, 15
12, 1,1, 15
12, 2,1, 15
12, 3,1, 15
12, 4,1, 15
12, 5,1, 15
12, 6,1, 15
12, 7,1, 15
12, 8,1, 15
12, 9,1, 15
12, 10,1, 15
12, 11,1, 15
12, 12,1, 15
12, 13,1, 15
12, 14,1, 15
12, 15,1, 15
12, 16,1, 15
12, 17,1, 15
12, 18,1, 15
12, 19,1, 15
12, 20,1, 15
12, 21,1, 15
12, 22,1, 15
12, 23,1, 15
12, 24,1, 15
12, 25,1, 15
12, 26,1, 15
12, 27,1, 15
12, 28,1, 15
12, 29,1, 15
12, 30,1, 15
12, 31,1, 15
12, 32,1, 15
12, 33,1, 15
12, 34,1, 15
12, 35,1, 15
12, 36,1, 15
12, 37,1, 15
12, 38,1, 15
12, 39,1, 15
12, 0,2, 15
12, 1,2, 15
12, 2,2, 15
12, 3,2, 15
12, 4,2, 15
12, 5,2, 15
12, 6,2, 15
12, 7,2, 15
12, 8,2, 15
12, 9,2, 15
12, 10,2, 15
12, 11,2, 15
12, 12,2, 15
12, 13,2, 15
12, 14,2, 15
12, 15,2, 15
12, 16,2, 15
12, 17,2, 15
12, 18,2, 15
12, 19,2, 15
12, 20,2, 15
12, 21,2, 15
12, 22,2, 15
12, 23,2, 15
12, 24,2, 15
12, 25,2, 15
12, 26,2, 15
12, 27,2, 15
12, 28,2, 15
12, 29,2, 15
12, 30,2, 15
12, 31,2, 15
12, 32,2, 15
12, 33,2, 15
12, 34,2, 15
12, 35,2, 15
12, 36,2, 15
12, 37,2, 15
12, 38,2, 15
12, 39,2, 15
12, 0,3, 15
12, 1,3, 15
12, 2,3, 15
12, 3,3, 15
12, 4,3, 15
12, 5,3, 15
12, 6,3, 15
12, 7,3, 15
12, 8,3, 15
12, 9,3, 15
12, 10,3, 15
12, 11,3, 15
12, 12,3, 15
12, 13,3, 15
12, 14,3, 15
12, 15,3, 15
12, 16,3, 15
12, 17,3, 15
12, 18,3, 15
12, 19,3, 15
12, 20,3, 15
12, 21,3, 15
12, 22,3, 15
12, 23,3, 15
12, 24,3, 15
12, 25,3, 15
12, 26,3, 15
12, 27,3, 15
12, 28,3, 15
12, 29,3, 15
12, 30,3, 15
12, 31,3, 15
12, 32,3, 15
12, 33,3, 15
12, 34,3, 15
12, 35,3, 15
12, 36,3, 15
12, 37,3, 15
12, 38,3, 15
12, 39,3, 15
12, 0,4, 15
12, 1,4, 15
12, 2,4, 15
12, 3,4, 15
12, 4,4, 15
12, 5,4, 15
12, 6,4, 15
12, 7,4, 15
12, 8,4, 15
12, 9,4, 15
12, 10,4, 15
12, 11,4, 15
12, 12,4, 15
12, 13,4, 15
12, 14,4, 15
12, 15,4, 15
12, 16,4, 15
12, 17,4, 15
12, 18,4, 15
12, 19,4, 15
12, 20,4, 15
12, 21,4, 15
12, 22,4, 15
12, 23,4, 15
12, 24,4, 15
12, 25,4, 15
12, 26,4, 15
12, 27,4, 15
12, 28,4, 15
12, 29,4, 15
12, 30,4, 15
12, 31,4, 15
12, 32,4, 15
12, 33,4, 15
12, 34,4, 15
12, 35,4, 15
12, 36,4, 15
12, 37,4, 15
12, 38,4, 15
12, 39,4, 15
13, 0,0, 15
13, 1,0, 15
13, 2,0, 15
13, 3,0, 15
13, 4,0, 15
13, 5,0, 15
13, 6,0, 15
13, 7,0, 15
13, 8,0, 15
13, 9,0, 15
13, 10,0, 15
13, 11,0, 15
13, 12,0, 15
13, 13,0, 15
13, 14,0, 15
13, 15,0, 15
13, 16,0, 15
13, 17,0, 15
13, 18,0, 15
13, 19,0, 15
13, 20,0, 15
13, 21,0, 15
13, 22,0, 15
13, 23,0, 15
13, 24,0, 15
13, 25,0, 15
13, 26,0, 15
13, 27,0, 15
13, 28,0, 15
13, 29,0, 15
13, 30,0, 15
13, 31,0, 15
13, 32,0, 15
13, 33,0, 15
13, 34,0, 15
13, 35,0, 15
13, 36,0, 15
13, 37,0, 15
13, 38,0, 15
13, 39,0, 15
13, 0,1, 15
13, 1,1, 15
13, 2,1, 15
13, 3,1, 15
13, 4,1, 15
13, 5,1, 15
13, 6,1, 15
13, 7,1, 15
13, 8,1, 15
13, 9,1, 15
13, 10,1, 15
13, 11,1, 15
13, 12,1, 15
13, 13,1, 15
13, 14,1, 15
13, 15,1, 15
13, 16,1, 15
13, 17,1, 15
13, 18,1, 15
13, 19,1, 15
13, 20,1, 15
13, 21,1, 15
13, 22,1, 15
13, 23,1, 15
13, 24,1, 15
13, 25,1, 15
13, 26,1, 15
13, 27,1, 15
13, 28,1, 15
13, 29,1, 15
13, 30,1, 15
13, 31,1, 15
13, 32,1, 15
13, 33,1, 15
13, 34,1, 15
13, 35,1, 15
13, 36,1, 15
13, 37,1, 15
13, 38,1, 15
13, 39,1, 15
13, 0,2, 15
13, 1,2, 15
13, 2,2, 15
13, 3,2, 15
13, 4,2, 15
13, 5,2, 15
13, 6,2, 15
13, 7,2, 15
13, 8,2, 15
13, 9,2, 15
13, 10,2, 15
13, 11,2, 15
13, 12,2, 15
13, 13,2, 15
13, 14,2, 15
13, 15,2, 15
13, 16,2, 15
13, 17,2, 15
13, 18,2, 15
13, 19,2, 15
13, 20,2, 15
13, 21,2, 15
13, 22,2, 15
13, 23,2, 15
13, 24,2, 15
13, 25,2, 15
13, 26,2, 15
13, 27,2, 15
13, 28,2, 15
13, 29,2, 15
13, 30,2, 15
13, 31,2, 15
13, 32,2, 15
13, 33,2, 15
13, 34,2, 15
13, 35,2, 15
13, 36,2, 15
13, 37,2, 15
13, 38,2, 15
13, 39,2, 15
13, 0,3, 15
13, 1,3, 15
13, 2,3, 15
13, 3,3, 15
13, 4,3, 15
13, 5,3, 15
13, 6,3, 15
13, 7,3, 15
13, 8,3, 15
13, 9,3, 15
13, 10,3, 15
13, 11,3, 15
13, 12,3, 15
13, 13,3, 15
13, 14,3, 15
13, 15,3, 15
13, 16,3, 15
13, 17,3, 15
13, 18,3, 15
13, 19,3, 15
13, 20,3, 15
13, 21,3, 15
13, 22,3, 15
13, 23,3, 15
13, 24,3, 15
13, 25,3, 15
13, 26,3, 15
13, 27,3, 15
13, 28,3, 15
13, 29,3, 15
13, 30,3, 15
13, 31,3, 15
13, 32,3, 15
13, 33,3, 15
13, 34,3, 15
13, 35,3, 15
13, 36,3, 15
13, 37,3, 15
13, 38,3, 15
13, 39,3, 15
13, 0,4, 15
13, 1,4, 15
13, 2,4, 15
13, 3,4, 15
13, 4,4, 15
13, 5,4, 15
13, 6,4, 15
13, 7,4, 15
13, 8,4, 15
13, 9,4, 15
13, 10,4, 15
13, 11,4, 15
13, 12,4, 15
13, 13,4, 15
13, 14,4, 15
13, 15,4, 15
13, 16,4, 15
13, 17,4, 15
13, 18,4, 15
13, 19,4, 15
13, 20,4, 15
13, 21,4, 15
13, 22,4, 15
13, 23,4, 15
13, 24,4, 15
13, 25,4, 15
13, 26,4, 15
13, 27,4, 15
13, 28,4, 15
13, 29,4, 15
13, 30,4, 15
13, 31,4, 15
13, 32,4, 15
13, 33,4, 15
13, 34,4, 15
13, 35,4, 15
13, 36,4, 15
13, 37,4, 15
13, 38,4, 15
13, 39,4, 15
14, 0,0, 15
14, 1,0, 15
14, 2,0, 15
14, 3,0, 15
14, 4,0, 15
14, 5,0, 15
14, 6,0, 15
14, 7,0, 15
14, 8,0, 15
14, 9,0, 15
14, 10,0, 15
14, 11,0, 15
14, 12,0, 15
14, 13,0, 15
14, 14,0, 15
14, 15,0, 15
14, 16,0, 15
14, 17,0, 15
14, 18,0, 15
14, 19,0, 15
14, 20,0, 15
14, 21,0, 15
14, 22,0, 15
14, 23,0, 15
14, 24,0, 15
14, 25,0, 15
14, 26,0, 15
14, 27,0, 15
14, 28,0, 15
14, 29,0, 15
14, 30,0, 15
14, 31,0, 15
14, 32,0, 15
14, 33,0, 15
14, 34,0, 15
14, 35,0, 15
14, 36,0, 15
14, 37,0, 15
14, 38,0, 15
14, 39,0, 15
14, 0,1, 15
14, 1,1, 15
14, 2,1, 15
14, 3,1, 15
14, 4,1, 15
14, 5,1, 15
14, 6,1, 15
14, 7,1, 15
14, 8,1, 15
14, 9,1, 15
14, 10,1, 15
14, 11,1, 15
14, 12,1, 15
14, 13,1, 15
14, 14,1, 15
14, 15,1, 15
14, 16,1, 15
14, 17,1, 15
14, 18,1, 15
14, 19,1, 15
14, 20,1, 15
14, 21,1, 15
14, 22,1, 15
14, 23,1, 15
14, 24,1, 15
14, 25,1, 15
14, 26,1, 15
14, 27,1, 15
14, 28,1, 15
14, 29,1, 15
14, 30,1, 15
14, 31,1, 15
14, 32,1, 15
14, 33,1, 15
14, 34,1, 15
14, 35,1, 15
14, 36,1, 15
14, 37,1, 15
14, 38,1, 15
14, 39,1, 15
14, 0,2, 15
14, 1,2, 15
14, 2,2, 15
14, 3,2, 15
14, 4,2, 15
14, 5,2, 15
14, 6,2, 15
14, 7,2, 15
14, 8,2, 15
14, 9,2, 15
14, 10,2, 15
14, 11,2, 15
14, 12,2, 15
14, 13,2, 15
14, 14,2, 15
14, 15,2, 15
14, 16,2, 15
14, 17,2, 15
14, 18,2, 15
14, 19,2, 15
14, 20,2, 15
14, 21,2, 15
14, 22,2, 15
14, 23,2, 15
14, 24,2, 15
14, 25,2, 15
14, 26,2, 15
14, 27,2, 15
14, 28,2, 15
14, 29,2, 15
14, 30,2, 15
14, 31,2, 15
14, 32,2, 15
14, 33,2, 15
14, 34,2, 15
14, 35,2, 15
14, 36,2, 15
14, 37,2, 15
14, 38,2, 15
14, 39,2, 15
14, 0,3, 15
14, 1,3, 15
14, 2,3, 15
14, 3,3, 15
14, 4,3, 15
14, 5,3, 15
14, 6,3, 15
14, 7,3, 15
14, 8,3, 15
14, 9,3, 15
14, 10,3, 15
14, 11,3, 15
14, 12,3, 15
14, 13,3, 15
14, 14,3, 15
14, 15,3, 15
14, 16,3, 15
14, 17,3, 15
14, 18,3, 15
14, 19,3, 15
14, 20,3, 15
14, 21,3, 15
14, 22,3, 15
14, 23,3, 15
14, 24,3, 15
14, 25,3, 15
14, 26,3, 15
14, 27,3, 15
14, 28,3, 15
14, 29,3, 15
14, 30,3, 15
14, 31,3, 15
14, 32,3, 15
14, 33,3, 15
14, 34,3, 15
14, 35,3, 15
14, 36,3, 15
14, 37,3, 15
14, 38,3, 15
14, 39,3, 15
14, 0,4, 15
14, 1,4, 15
14, 2,4, 15
14, 3,4, 15
14, 4,4, 15
14, 5,4, 15
14, 6,4, 15
14, 7,4, 15
14, 8,4, 15
14, 9,4, 15
14, 10,4, 15
14, 11,4, 15
14, 12,4, 15
14, 13,4, 15
14, 14,4, 15
14, 15,4, 15
14, 16,4, 15
14, 17,4, 15
14, 18,4, 15
14, 19,4, 15
14, 20,4, 15
14, 21,4, 15
14, 22,4, 15
14, 23,4, 15
14, 24,4, 15
14, 25,4, 15
14, 26,4, 15
14, 27,4, 15
14, 28,4, 15
14, 29,4, 15
14, 30,4, 15
14, 31,4, 15
14, 32,4, 15
14, 33,4, 15
14, 34,4, 15
14, 35,4, 15
14, 36,4, 15
14, 37,4, 15
14, 38,4, 15
14, 39,4, 15
15, 0,0, 15
15, 1,0, 15
15, 2,0, 15
15, 3,0, 15
15, 4,0, 15
15, 5,0, 15
15, 6,0, 15
15, 7,0, 15
15, 8,0, 15
15, 9,0, 15
15, 10,0, 15
15, 11,0, 15
15, 12,0, 15
15, 13,0, 15
15, 14,0, 15
15, 15,0, 15
15, 16,0, 15
15, 17,0, 15
15, 18,0, 15
15, 19,0, 15
15, 20,0, 15
15, 21,0, 15
15, 22,0, 15
15, 23,0, 15
15, 24,0, 15
15, 25,0, 15
15, 26,0, 15
15, 27,0, 15
15, 28,0, 15
15, 29,0, 15
15, 30,0, 15
15, 31,0, 15
15, 32,0, 15
15, 33,0, 15
15, 34,0, 15
15, 35,0, 15
15, 36,0, 15
15, 37,0, 15
15, 38,0, 15
15, 39,0, 15
15, 0,1, 15
15, 1,1, 15
15, 2,1, 15
15, 3,1, 15
15, 4,1, 15
15, 5,1, 15
15, 6,1, 15
15, 7,1, 15
15, 8,1, 15
15, 9,1, 15
15, 10,1, 15
15, 11,1, 15
15, 12,1, 15
15, 13,1, 15
15, 14,1, 15
15, 15,1, 15
15, 16,1, 15
15, 17,1, 15
15, 18,1, 15
15, 19,1, 15
15, 20,1, 15
15, 21,1, 15
15, 22,1, 15
15, 23,1, 15
15, 24,1, 15
15, 25,1, 15
15, 26,1, 15
15, 27,1, 15
15, 28,1, 15
15, 29,1, 15
15, 30,1, 15
15, 31,1, 15
15, 32,1, 15
15, 33,1, 15
15, 34,1, 15
15, 35,1, 15
15, 36,1, 15
15, 37,1, 15
15, 38,1, 15
15, 39,1, 15
15, 0,2, 15
15, 1,2, 15
15, 2,2, 15
15, 3,2, 15
15, 4,2, 15
15, 5,2, 15
15, 6,2, 15
15, 7,2, 15
15, 8,2, 15
15, 9,2, 15
15, 10,2, 15
15, 11,2, 15
15, 12,2, 15
15, 13,2, 15
15, 14,2, 15
15, 15,2, 15
15, 16,2, 15
15, 17,2, 15
15, 18,2, 15
15, 19,2, 15
15, 20,2, 15
15, 21,2, 15
15, 22,2, 15
15, 23,2, 15
15, 24,2, 15
15, 25,2, 15
15, 26,2, 15
15, 27,2, 15
15, 28,2, 15
15, 29,2, 15
15, 30,2, 15
15, 31,2, 15
15, 32,2, 15
15, 33,2, 15
15, 34,2, 15
15, 35,2, 15
15, 36,2, 15
15, 37,2, 15
15, 38,2, 15
15, 39,2, 15
15, 0,3, 15
15, 1,3, 15
15, 2,3, 15
15, 3,3, 15
15, 4,3, 15
15, 5,3, 15
15, 6,3, 15
15, 7,3, 15
15, 8,3, 15
15, 9,3, 15
15, 10,3, 15
15, 11,3, 15
15, 12,3, 15
15, 13,3, 15
15, 14,3, 15
15, 15,3, 15
15, 16,3, 15
15, 17,3, 15
15, 18,3, 15
15, 19,3, 15
15, 20,3, 15
15, 21,3, 15
15, 22,3, 15
15, 23,3, 15
15, 24,3, 15
15, 25,3, 15
15, 26,3, 15
15, 27,3, 15
15, 28,3, 15
15, 29,3, 15
15, 30,3, 15
15, 31,3, 15
15, 32,3, 15
15, 33,3, 15
15, 34,3, 15
15, 35,3, 15
15, 36,3, 15
15, 37,3, 15
15, 38,3, 15
15, 39,3, 15
15, 0,4, 15
15, 1,4, 15
15, 2,4, 15
15, 3,4, 15
15, 4,4, 15
15, 5,4, 15
15, 6,4, 15
15, 7,4, 15
15, 8,4, 15
15, 9,4, 15
15, 10,4, 15
15, 11,4, 15
15, 12,4, 15
15, 13,4, 15
15, 14,4, 15
15, 15,4, 15
15, 16,4, 15
15, 17,4, 15
15, 18,4, 15
15, 19,4, 15
15, 20,4, 15
15, 21,4, 15
15, 22,4, 15
15, 23,4, 15
15, 24,4, 15
15, 25,4, 15
15, 26,4, 15
15, 27,4, 15
15, 28,4, 15
15, 29,4, 15
15, 30,4, 15
15, 31,4, 15
15, 32,4, 15
15, 33,4, 15
15, 34,4, 15
15, 35,4, 15
15, 36,4, 15
15, 37,4, 15
15, 38,4, 15
15, 39,4, 15
16, 0,0, 15
16, 1,0, 15
16, 2,0, 15
16, 3,0, 15
16, 4,0, 15
16, 5,0, 15
16, 6,0, 15
16, 7,0, 15
16, 8,0, 15
16, 9,0, 15
16, 10,0, 15
16, 11,0, 15
16, 12,0, 15
16, 13,0, 15
16, 14,0, 15
16, 15,0, 15
16, 16,0, 15
16, 17,0, 15
16, 18,0, 15
16, 19,0, 15
16, 20,0, 15
16, 21,0, 15
16, 22,0, 15
16, 23,0, 15
16, 24,0, 15
16, 25,0, 15
16, 26,0, 15
16, 27,0, 15
16, 28,0, 15
16, 29,0, 15
16, 30,0, 15
16, 31,0, 15
16, 32,0, 15
16, 33,0, 15
16, 34,0, 15
16, 35,0, 15
16, 36,0, 15
16, 37,0, 15
16, 38,0, 15
16, 39,0, 15
16, 0,1, 15
16, 1,1, 15
16, 2,1, 15
16, 3,1, 15
16, 4,1, 15
16, 5,1, 15
16, 6,1, 15
16, 7,1, 15
16, 8,1, 15
16, 9,1, 15
16, 10,1, 15
16, 11,1, 15
16, 12,1, 15
16, 13,1, 15
16, 14,1, 15
16, 15,1, 15
16, 16,1, 15
16, 17,1, 15
16, 18,1, 15
16, 19,1, 15
16, 20,1, 15
16, 21,1, 15
16, 22,1, 15
16, 23,1, 15
16, 24,1, 15
16, 25,1, 15
16, 26,1, 15
16, 27,1, 15
16, 28,1, 15
16, 29,1, 15
16, 30,1, 15
16, 31,1, 15
16, 32,1, 15
16, 33,1, 15
16, 34,1, 15
16, 35,1, 15
16, 36,1, 15
16, 37,1, 15
16, 38,1, 15
16, 39,1, 15
16, 0,2, 15
16, 1,2, 15
16, 2,2, 15
16, 3,2, 15
16, 4,2, 15
16, 5,2, 15
16, 6,2, 15
16, 7,2, 15
16, 8,2, 15
16, 9,2, 15
16, 10,2, 15
16, 11,2, 15
16, 12,2, 15
16, 13,2, 15
16, 14,2, 15
16, 15,2, 15
16, 16,2, 15
16, 17,2, 15
16, 18,2, 15
16, 19,2, 15
16, 20,2, 15
16, 21,2, 15
16, 22,2, 15
16, 23,2, 15
16, 24,2, 15
16, 25,2, 15
16, 26,2, 15
16, 27,2, 15
16, 28,2, 15
16, 29,2, 15
16, 30,2, 15
16, 31,2, 15
16, 32,2, 15
16, 33,2, 15
16, 34,2, 15
16, 35,2, 15
16, 36,2, 15
16, 37,2, 15
16, 38,2, 15
16, 39,2, 15
16, 0,3, 15
16, 1,3, 15
16, 2,3, 15
16, 3,3, 15
16, 4,3, 15
16, 5,3, 15
16, 6,3, 15
16, 7,3, 15
16, 8,3, 15
16, 9,3, 15
16, 10,3, 15
16, 11,3, 15
16, 12,3, 15
16, 13,3, 15
16, 14,3, 15
16, 15,3, 15
16, 16,3, 15
16, 17,3, 15
16, 18,3, 15
16, 19,3, 15
16, 20,3, 15
16, 21,3, 15
16, 22,3, 15
16, 23,3, 15
16, 24,3, 15
16, 25,3, 15
16, 26,3, 15
16, 27,3, 15
16, 28,3, 15
16, 29,3, 15
16, 30,3, 15
16, 31,3, 15
16, 32,3, 15
16, 33,3, 15
16, 34,3, 15
16, 35,3, 15
16, 36,3, 15
16, 37,3, 15
16, 38,3, 15
16, 39,3, 15
16, 0,4, 15
16, 1,4, 15
16, 2,4, 15
16, 3,4, 15
16, 4,4, 15
16, 5,4, 15
16, 6,4, 15
16, 7,4, 15
16, 8,4, 15
16, 9,4, 15
16, 10,4, 15
16, 11,4, 15
16, 12,4, 15
16, 13,4, 15
16, 14,4, 15
16, 15,4, 15
16, 16,4, 15
16, 17,4, 15
16, 18,4, 15
16, 19,4, 15
16, 20,4, 15
16, 21,4, 15
16, 22,4, 15
16, 23,4, 15
16, 24,4, 15
16, 25,4, 15
16, 26,4, 15
16, 27,4, 15
16, 28,4, 15
16, 29,4, 15
16, 30,4, 15
16, 31,4, 15
16, 32,4, 15
16, 33,4, 15
16, 34,4, 15
16, 35,4, 15
16, 36,4, 15
16, 37,4, 15
16, 38,4, 15
16, 39,4, 15
17, 0,0, 15
17, 1,0, 15
17, 2,0, 15
17, 3,0, 15
17, 4,0, 15
17, 5,0, 15
17, 6,0, 15
17, 7,0, 15
17, 8,0, 15
17, 9,0, 15
17, 10,0, 15
17, 11,0, 15
17, 12,0, 15
17, 13,0, 15
17, 14,0, 15
17, 15,0, 15
17, 16,0, 15
17, 17,0, 15
17, 18,0, 15
17, 19,0, 15
17, 20,0, 15
17, 21,0, 15
17, 22,0, 15
17, 23,0, 15
17, 24,0, 15
17, 25,0, 15
17, 26,0, 15
17, 27,0, 15
17, 28,0, 15
17, 29,0, 15
17, 30,0, 15
17, 31,0, 15
17, 32,0, 15
17, 33,0, 15
17, 34,0, 15
17, 35,0, 15
17, 36,0, 15
17, 37,0, 15
17, 38,0, 15
17, 39,0, 15
17, 0,1, 15
17, 1,1, 15
17, 2,1, 15
17, 3,1, 15
17, 4,1, 15
17, 5,1, 15
17, 6,1, 15
17, 7,1, 15
17, 8,1, 15
17, 9,1, 15
17, 10,1, 15
17, 11,1, 15
17, 12,1, 15
17, 13,1, 15
17, 14,1, 15
17, 15,1, 15
17, 16,1, 15
17, 17,1, 15
17, 18,1, 15
17, 19,1, 15
17, 20,1, 15
17, 21,1, 15
17, 22,1, 15
17, 23,1, 15
17, 24,1, 15
17, 25,1, 15
17, 26,1, 15
17, 27,1, 15
17, 28,1, 15
17, 29,1, 15
17, 30,1, 15
17, 31,1, 15
17, 32,1, 15
17, 33,1, 15
17, 34,1, 15
17, 35,1, 15
17, 36,1, 15
17, 37,1, 15
17, 38,1, 15
17, 39,1, 15
17, 0,2, 15
17, 1,2, 15
17, 2,2, 15
17, 3,2, 15
17, 4,2, 15
17, 5,2, 15
17, 6,2, 15
17, 7,2, 15
17, 8,2, 15
17, 9,2, 15
17, 10,2, 15
17, 11,2, 15
17, 12,2, 15
17, 13,2, 15
17, 14,2, 15
17, 15,2, 15
17, 16,2, 15
17, 17,2, 15
17, 18,2, 15
17, 19,2, 15
17, 20,2, 15
17, 21,2, 15
17, 22,2, 15
17, 23,2, 15
17, 24,2, 15
17, 25,2, 15
17, 26,2, 15
17, 27,2, 15
17, 28,2, 15
17, 29,2, 15
17, 30,2, 15
17, 31,2, 15
17, 32,2, 15
17, 33,2, 15
17, 34,2, 15
17, 35,2, 15
17, 36,2, 15
17, 37,2, 15
17, 38,2, 15
17, 39,2, 15
17, 0,3, 15
17, 1,3, 15
17, 2,3, 15
17, 3,3, 15
17, 4,3, 15
17, 5,3, 15
17, 6,3, 15
17, 7,3, 15
17, 8,3, 15
17, 9,3, 15
17, 10,3, 15
17, 11,3, 15
17, 12,3, 15
17, 13,3, 15
17, 14,3, 15
17, 15,3, 15
17, 16,3, 15
17, 17,3, 15
17, 18,3, 15
17, 19,3, 15
17, 20,3, 15
17, 21,3, 15
17, 22,3, 15
17, 23,3, 15
17, 24,3, 15
17, 25,3, 15
17, 26,3, 15
17, 27,3, 15
17, 28,3, 15
17, 29,3, 15
17, 30,3, 15
17, 31,3, 15
17, 32,3, 15
17, 33,3, 15
17, 34,3, 15
17, 35,3, 15
17, 36,3, 15
17, 37,3, 15
17, 38,3, 15
17, 39,3, 15
17, 0,4, 15
17, 1,4, 15
17, 2,4, 15
17, 3,4, 15
17, 4,4, 15
17, 5,4, 15
17, 6,4, 15
17, 7,4, 15
17, 8,4, 15
17, 9,4, 15
17, 10,4, 15
17, 11,4, 15
17, 12,4, 15
17, 13,4, 15
17, 14,4, 15
17, 15,4, 15
17, 16,4, 15
17, 17,4, 15
17, 18,4, 15
17, 19,4, 15
17, 20,4, 15
17, 21,4, 15
17, 22,4, 15
17, 23,4, 15
17, 24,4, 15
17, 25,4, 15
17, 26,4, 15
17, 27,4, 15
17, 28,4, 15
17, 29,4, 15
17, 30,4, 15
17, 31,4, 15
17, 32,4, 15
17, 33,4, 15
17, 34,4, 15
17, 35,4, 15
17, 36,4, 15
17, 37,4, 15
17, 38,4, 15
17, 39,4, 15
18, 0,0, 15
18, 1,0, 15
18, 2,0, 15
18, 3,0, 15
18, 4,0, 15
18, 5,0, 15
18, 6,0, 15
18, 7,0, 15
18, 8,0, 15
18, 9,0, 15
18, 10,0, 15
18, 11,0, 15
18, 12,0, 15
18, 13,0, 15
18, 14,0, 15
18, 15,0, 15
18, 16,0, 15
18, 17,0, 15
18, 18,0, 15
18, 19,0, 15
18, 20,0, 15
18, 21,0, 15
18, 22,0, 15
18, 23,0, 15
18, 24,0, 15
18, 25,0, 15
18, 26,0, 15
18, 27,0, 15
18, 28,0, 15
18, 29,0, 15
18, 30,0, 15
18, 31,0, 15
18, 32,0, 15
18, 33,0, 15
18, 34,0, 15
18, 35,0, 15
18, 36,0, 15
18, 37,0, 15
18, 38,0, 15
18, 39,0, 15
18, 0,1, 15
18, 1,1, 15
18, 2,1, 15
18, 3,1, 15
18, 4,1, 15
18, 5,1, 15
18, 6,1, 15
18, 7,1, 15
18, 8,1, 15
18, 9,1, 15
18, 10,1, 15
18, 11,1, 15
18, 12,1, 15
18, 13,1, 15
18, 14,1, 15
18, 15,1, 15
18, 16,1, 15
18, 17,1, 15
18, 18,1, 15
18, 19,1, 15
18, 20,1, 15
18, 21,1, 15
18, 22,1, 15
18, 23,1, 15
18, 24,1, 15
18, 25,1, 15
18, 26,1, 15
18, 27,1, 15
18, 28,1, 15
18, 29,1, 15
18, 30,1, 15
18, 31,1, 15
18, 32,1, 15
18, 33,1, 15
18, 34,1, 15
18, 35,1, 15
18, 36,1, 15
18, 37,1, 15
18, 38,1, 15
18, 39,1, 15
18, 0,2, 15
18, 1,2, 15
18, 2,2, 15
18, 3,2, 15
18, 4,2, 15
18, 5,2, 15
18, 6,2, 15
18, 7,2, 15
18, 8,2, 15
18, 9,2, 15
18, 10,2, 15
18, 11,2, 15
18, 12,2, 15
18, 13,2, 15
18, 14,2, 15
18, 15,2, 15
18, 16,2, 15
18, 17,2, 15
18, 18,2, 15
18, 19,2, 15
18, 20,2, 15
18, 21,2, 15
18, 22,2, 15
18, 23,2, 15
18, 24,2, 15
18, 25,2, 15
18, 26,2, 15
18, 27,2, 15
18, 28,2, 15
18, 29,2, 15
18, 30,2, 15
18, 31,2, 15
18, 32,2, 15
18, 33,2, 15
18, 34,2, 15
18, 35,2, 15
18, 36,2, 15
18, 37,2, 15
18, 38,2, 15
18, 39,2, 15
18, 0,3, 15
18, 1,3, 15
18, 2,3, 15
18, 3,3, 15
18, 4,3, 15
18, 5,3, 15
18, 6,3, 15
18, 7,3, 15
18, 8,3, 15
18, 9,3, 15
18, 10,3, 15
18, 11,3, 15
18, 12,3, 15
18, 13,3, 15
18, 14,3, 15
18, 15,3, 15
18, 16,3, 15
18, 17,3, 15
18, 18,3, 15
18, 19,3, 15
18, 20,3, 15
18, 21,3, 15
18, 22,3, 15
18, 23,3, 15
18, 24,3, 15
18, 25,3, 15
18, 26,3, 15
18, 27,3, 15
18, 28,3, 15
18, 29,3, 15
18, 30,3, 15
18, 31,3, 15
18, 32,3, 15
18, 33,3, 15
18, 34,3, 15
18, 35,3, 15
18, 36,3, 15
18, 37,3, 15
18, 38,3, 15
18, 39,3, 15
18, 0,4, 15
18, 1,4, 15
18, 2,4, 15
18, 3,4, 15
18, 4,4, 15
18, 5,4, 15
18, 6,4, 15
18, 7,4, 15
18, 8,4, 15
18, 9,4, 15
18, 10,4, 15
18, 11,4, 15
18, 12,4, 15
18, 13,4, 15
18, 14,4, 15
18, 15,4, 15
18, 16,4, 15
18, 17,4, 15
18, 18,4, 15
18, 19,4, 15
18, 20,4, 15
18, 21,4, 15
18, 22,4, 15
18, 23,4, 15
18, 24,4, 15
18, 25,4, 15
18, 26,4, 15
18, 27,4, 15
18, 28,4, 15
18, 29,4, 15
18, 30,4, 15
18, 31,4, 15
18, 32,4, 15
18, 33,4, 15
18, 34,4, 15
18, 35,4, 15
18, 36,4, 15
18, 37,4, 15
18, 38,4, 15
18, 39,4, 15
19, 0,0, 15
19, 1,0, 15
19, 2,0, 15
19, 3,0, 15
19, 4,0, 15
19, 5,0, 15
19, 6,0, 15
19, 7,0, 15
19, 8,0, 15
19, 9,0, 15
19, 10,0, 15
19, 11,0, 15
19, 12,0, 15
19, 13,0, 15
19, 14,0, 15
19, 15,0, 15
19, 16,0, 15
19, 17,0, 15
19, 18,0, 15
19, 19,0, 15
19, 20,0, 15
19, 21,0, 15
19, 22,0, 15
19, 23,0, 15
19, 24,0, 15
19, 25,0, 15
19, 26,0, 15
19, 27,0, 15
19, 28,0, 15
19, 29,0, 15
19, 30,0, 15
19, 31,0, 15
19, 32,0, 15
19, 33,0, 15
19, 34,0, 15
19, 35,0, 15
19, 36,0, 15
19, 37,0, 15
19, 38,0, 15
19, 39,0, 15
19, 0,1, 15
19, 1,1, 15
19, 2,1, 15
19, 3,1, 15
19, 4,1, 15
19, 5,1, 15
19, 6,1, 15
19, 7,1, 15
19, 8,1, 15
19, 9,1, 15
19, 10,1, 15
19, 11,1, 15
19, 12,1, 15
19, 13,1, 15
19, 14,1, 15
19, 15,1, 15
19, 16,1, 15
19, 17,1, 15
19, 18,1, 15
19, 19,1, 15
19, 20,1, 15
19, 21,1, 15
19, 22,1, 15
19, 23,1, 15
19, 24,1, 15
19, 25,1, 15
19, 26,1, 15
19, 27,1, 15
19, 28,1, 15
19, 29,1, 15
19, 30,1, 15
19, 31,1, 15
19, 32,1, 15
19, 33,1, 15
19, 34,1, 15
19, 35,1, 15
19, 36,1, 15
19, 37,1, 15
19, 38,1, 15
19, 39,1, 15
19, 0,2, 15
19, 1,2, 15
19, 2,2, 15
19, 3,2, 15
19, 4,2, 15
19, 5,2, 15
19, 6,2, 15
19, 7,2, 15
19, 8,2, 15
19, 9,2, 15
19, 10,2, 15
19, 11,2, 15
19, 12,2, 15
19, 13,2, 15
19, 14,2, 15
19, 15,2, 15
19, 16,2, 15
19, 17,2, 15
19, 18,2, 15
19, 19,2, 15
19, 20,2, 15
19, 21,2, 15
19, 22,2, 15
19, 23,2, 15
19, 24,2, 15
19, 25,2, 15
19, 26,2, 15
19, 27,2, 15
19, 28,2, 15
19, 29,2, 15
19, 30,2, 15
19, 31,2, 15
19, 32,2, 15
19, 33,2, 15
19, 34,2, 15
19, 35,2, 15
19, 36,2, 15
19, 37,2, 15
19, 38,2, 15
19, 39,2, 15
19, 0,3, 15
19, 1,3, 15
19, 2,3, 15
19, 3,3, 15
19, 4,3, 15
19, 5,3, 15
19, 6,3, 15
19, 7,3, 15
19, 8,3, 15
19, 9,3, 15
19, 10,3, 15
19, 11,3, 15
19, 12,3, 15
19, 13,3, 15
19, 14,3, 15
19, 15,3, 15
19, 16,3, 15
19, 17,3, 15
19, 18,3, 15
19, 19,3, 15
19, 20,3, 15
19, 21,3, 15
19, 22,3, 15
19, 23,3, 15
19, 24,3, 15
19, 25,3, 15
19, 26,3, 15
19, 27,3, 15
19, 28,3, 15
19, 29,3, 15
19, 30,3, 15
19, 31,3, 15
19, 32,3, 15
19, 33,3, 15
19, 34,3, 15
19, 35,3, 15
19, 36,3, 15
19, 37,3, 15
19, 38,3, 15
19, 39,3, 15
19, 0,4, 15
19, 1,4, 15
19, 2,4, 15
19, 3,4, 15
19, 4,4, 15
19, 5,4, 15
19, 6,4, 15
19, 7,4, 15
19, 8,4, 15
19, 9,4, 15
19, 10,4, 15
19, 11,4, 15
19, 12,4, 15
19, 13,4, 15
19, 14,4, 15
19, 15,4, 15
19, 16,4, 15
19, 17,4, 15
19, 18,4, 15
19, 19,4, 15
19, 20,4, 15
19, 21,4, 15
19, 22,4, 15
19, 23,4, 15
19, 24,4, 15
19, 25,4, 15
19, 26,4, 15
19, 27,4, 15
19, 28,4, 15
19, 29,4, 15
19, 30,4, 15
19, 31,4, 15
19, 32,4, 15
19, 33,4, 15
19, 34,4, 15
19, 35,4, 15
19, 36,4, 15
19, 37,4, 15
19, 38,4, 15
19, 39,4, 15
20, 0,0, 15
20, 1,0, 15
20, 2,0, 15
20, 3,0, 15
20, 4,0, 15
20, 5,0, 15
20, 6,0, 15
20, 7,0, 15
20, 8,0, 15
20, 9,0, 15
20, 10,0, 15
20, 11,0, 15
20, 12,0, 15
20, 13,0, 15
20, 14,0, 15
20, 15,0, 15
20, 16,0, 15
20, 17,0, 15
20, 18,0, 15
20, 19,0, 15
20, 20,0, 15
20, 21,0, 15
20, 22,0, 15
20, 23,0, 15
20, 24,0, 15
20, 25,0, 15
20, 26,0, 15
20, 27,0, 15
20, 28,0, 15
20, 29,0, 15
20, 30,0, 15
20, 31,0, 15
20, 32,0, 15
20, 33,0, 15
20, 34,0, 15
20, 35,0, 15
20, 36,0, 15
20, 37,0, 15
20, 38,0, 15
20, 39,0, 15
20, 0,1, 15
20, 1,1, 15
20, 2,1, 15
20, 3,1, 15
20, 4,1, 15
20, 5,1, 15
20, 6,1, 15
20, 7,1, 15
20, 8,1, 15
20, 9,1, 15
20, 10,1, 15
20, 11,1, 15
20, 12,1, 15
20, 13,1, 15
20, 14,1, 15
20, 15,1, 15
20, 16,1, 15
20, 17,1, 15
20, 18,1, 15
20, 19,1, 15
20, 20,1, 15
20, 21,1, 15
20, 22,1, 15
20, 23,1, 15
20, 24,1, 15
20, 25,1, 15
20, 26,1, 15
20, 27,1, 15
20, 28,1, 15
20, 29,1, 15
20, 30,1, 15
20, 31,1, 15
20, 32,1, 15
20, 33,1, 15
20, 34,1, 15
20, 35,1, 15
20, 36,1, 15
20, 37,1, 15
20, 38,1, 15
20, 39,1, 15
20, 0,2, 15
20, 1,2, 15
20, 2,2, 15
20, 3,2, 15
20, 4,2, 15
20, 5,2, 15
20, 6,2, 15
20, 7,2, 15
20, 8,2, 15
20, 9,2, 15
20, 10,2, 15
20, 11,2, 15
20, 12,2, 15
20, 13,2, 15
20, 14,2, 15
20, 15,2, 15
20, 16,2, 15
20, 17,2, 15
20, 18,2, 15
20, 19,2, 15
20, 20,2, 15
20, 21,2, 15
20, 22,2, 15
20, 23,2, 15
20, 24,2, 15
20, 25,2, 15
20, 26,2, 15
20, 27,2, 15
20, 28,2, 15
20, 29,2, 15
20, 30,2, 15
20, 31,2, 15
20, 32,2, 15
20, 33,2, 15
20, 34,2, 15
20, 35,2, 15
20, 36,2, 15
20, 37,2, 15
20, 38,2, 15
20, 39,2, 15
20, 0,3, 15
20, 1,3, 15
20, 2,3, 15
20, 3,3, 15
20, 4,3, 15
20, 5,3, 15
20, 6,3, 15
20, 7,3, 15
20, 8,3, 15
20, 9,3, 15
20, 10,3, 15
20, 11,3, 15
20, 12,3, 15
20, 13,3, 15
20, 14,3, 15
20, 15,3, 15
20, 16,3, 15
20, 17,3, 15
20, 18,3, 15
20, 19,3, 15
20, 20,3, 15
20, 21,3, 15
20, 22,3, 15
20, 23,3, 15
20, 24,3, 15
20, 25,3, 15
20, 26,3, 15
20, 27,3, 15
20, 28,3, 15
20, 29,3, 15
20, 30,3, 15
20, 31,3, 15
20, 32,3, 15
20, 33,3, 15
20, 34,3, 15
20, 35,3, 15
20, 36,3, 15
20, 37,3, 15
20, 38,3, 15
20, 39,3, 15
20, 0,4, 15
20, 1,4, 15
20, 2,4, 15
20, 3,4, 15
20, 4,4, 15
20, 5,4, 15
20, 6,4, 15
20, 7,4, 15
20, 8,4, 15
20, 9,4, 15
20, 10,4, 15
20, 11,4, 15
20, 12,4, 15
20, 13,4, 15
20, 14,4, 15
20, 15,4, 15
20, 16,4, 15
20, 17,4, 15
20, 18,4, 15
20, 19,4, 15
20, 20,4, 15
20, 21,4, 15
20, 22,4, 15
20, 23,4, 15
20, 24,4, 15
20, 25,4, 15
20, 26,4, 15
20, 27,4, 15
20, 28,4, 15
20, 29,4, 15
20, 30,4, 15
20, 31,4, 15
20, 32,4, 15
20, 33,4, 15
20, 34,4, 15
20, 35,4, 15
20, 36,4, 15
20, 37,4, 15
20, 38,4, 15
20, 39,4, 15
21, 0,0, 15
21, 1,0, 15
21, 2,0, 15
21, 3,0, 15
21, 4,0, 15
21, 5,0, 15
21, 6,0, 15
21, 7,0, 15
21, 8,0, 15
21, 9,0, 15
21, 10,0, 15
21, 11,0, 15
21, 12,0, 15
21, 13,0, 15
21, 14,0, 15
21, 15,0, 15
21, 16,0, 15
21, 17,0, 15
21, 18,0, 15
21, 19,0, 15
21, 20,0, 15
21, 21,0, 15
21, 22,0, 15
21, 23,0, 15
21, 24,0, 15
21, 25,0, 15
21, 26,0, 15
21, 27,0, 15
21, 28,0, 15
21, 29,0, 15
21, 30,0, 15
21, 31,0, 15
21, 32,0, 15
21, 33,0, 15
21, 34,0, 15
21, 35,0, 15
21, 36,0, 15
21, 37,0, 15
21, 38,0, 15
21, 39,0, 15
21, 0,1, 15
21, 1,1, 15
21, 2,1, 15
21, 3,1, 15
21, 4,1, 15
21, 5,1, 15
21, 6,1, 15
21, 7,1, 15
21, 8,1, 15
21, 9,1, 15
21, 10,1, 15
21, 11,1, 15
21, 12,1, 15
21, 13,1, 15
21, 14,1, 15
21, 15,1, 15
21, 16,1, 15
21, 17,1, 15
21, 18,1, 15
21, 19,1, 15
21, 20,1, 15
21, 21,1, 15
21, 22,1, 15
21, 23,1, 15
21, 24,1, 15
21, 25,1, 15
21, 26,1, 15
21, 27,1, 15
21, 28,1, 15
21, 29,1, 15
21, 30,1, 15
21, 31,1, 15
21, 32,1, 15
21, 33,1, 15
21, 34,1, 15
21, 35,1, 15
21, 36,1, 15
21, 37,1, 15
21, 38,1, 15
21, 39,1, 15
21, 0,2, 15
21, 1,2, 15
21, 2,2, 15
21, 3,2, 15
21, 4,2, 15
21, 5,2, 15
21, 6,2, 15
21, 7,2, 15
21, 8,2, 15
21, 9,2, 15
21, 10,2, 15
21, 11,2, 15
21, 12,2, 15
21, 13,2, 15
21, 14,2, 15
21, 15,2, 15
21, 16,2, 15
21, 17,2, 15
21, 18,2, 15
21, 19,2, 15
21, 20,2, 15
21, 21,2, 15
21, 22,2, 15
21, 23,2, 15
21, 24,2, 15
21, 25,2, 15
21, 26,2, 15
21, 27,2, 15
21, 28,2, 15
21, 29,2, 15
21, 30,2, 15
21, 31,2, 15
21, 32,2, 15
21, 33,2, 15
21, 34,2, 15
21, 35,2, 15
21, 36,2, 15
21, 37,2, 15
21, 38,2, 15
21, 39,2, 15
21, 0,3, 15
21, 1,3, 15
21, 2,3, 15
21, 3,3, 15
21, 4,3, 15
21, 5,3, 15
21, 6,3, 15
21, 7,3, 15
21, 8,3, 15
21, 9,3, 15
21, 10,3, 15
21, 11,3, 15
21, 12,3, 15
21, 13,3, 15
21, 14,3, 15
21, 15,3, 15
21, 16,3, 15
21, 17,3, 15
21, 18,3, 15
21, 19,3, 15
21, 20,3, 15
21, 21,3, 15
21, 22,3, 15
21, 23,3, 15
21, 24,3, 15
21, 25,3, 15
21, 26,3, 15
21, 27,3, 15
21, 28,3, 15
21, 29,3, 15
21, 30,3, 15
21, 31,3, 15
21, 32,3, 15
21, 33,3, 15
21, 34,3, 15
21, 35,3, 15
21, 36,3, 15
21, 37,3, 15
21, 38,3, 15
21, 39,3, 15
21, 0,4, 15
21, 1,4, 15
21, 2,4, 15
21, 3,4, 15
21, 4,4, 15
21, 5,4, 15
21, 6,4, 15
21, 7,4, 15
21, 8,4, 15
21, 9,4, 15
21, 10,4, 15
21, 11,4, 15
21, 12,4, 15
21, 13,4, 15
21, 14,4, 15
21, 15,4, 15
21, 16,4, 15
21, 17,4, 15
21, 18,4, 15
21, 19,4, 15
21, 20,4, 15
21, 21,4, 15
21, 22,4, 15
21, 23,4, 15
21, 24,4, 15
21, 25,4, 15
21, 26,4, 15
21, 27,4, 15
21, 28,4, 15
21, 29,4, 15
21, 30,4, 15
21, 31,4, 15
21, 32,4, 15
21, 33,4, 15
21, 34,4, 15
21, 35,4, 15
21, 36,4, 15
21, 37,4, 15
21, 38,4, 15
21, 39,4, 15
22, 0,0, 15
22, 1,0, 15
22, 2,0, 15
22, 3,0, 15
22, 4,0, 15
22, 5,0, 15
22, 6,0, 15
22, 7,0, 15
22, 8,0, 15
22, 9,0, 15
22, 10,0, 15
22, 11,0, 15
22, 12,0, 15
22, 13,0, 15
22, 14,0, 15
22, 15,0, 15
22, 16,0, 15
22, 17,0, 15
22, 18,0, 15
22, 19,0, 15
22, 20,0, 15
22, 21,0, 15
22, 22,0, 15
22, 23,0, 15
22, 24,0, 15
22, 25,0, 15
22, 26,0, 15
22, 27,0, 15
22, 28,0, 15
22, 29,0, 15
22, 30,0, 15
22, 31,0, 15
22, 32,0, 15
22, 33,0, 15
22, 34,0, 15
22, 35,0, 15
22, 36,0, 15
22, 37,0, 15
22, 38,0, 15
22, 39,0, 15
22, 0,1, 15
22, 1,1, 15
22, 2,1, 15
22, 3,1, 15
22, 4,1, 15
22, 5,1, 15
22, 6,1, 15
22, 7,1, 15
22, 8,1, 15
22, 9,1, 15
22, 10,1, 15
22, 11,1, 15
22, 12,1, 15
22, 13,1, 15
22, 14,1, 15
22, 15,1, 15
22, 16,1, 15
22, 17,1, 15
22, 18,1, 15
22, 19,1, 15
22, 20,1, 15
22, 21,1, 15
22, 22,1, 15
22, 23,1, 15
22, 24,1, 15
22, 25,1, 15
22, 26,1, 15
22, 27,1, 15
22, 28,1, 15
22, 29,1, 15
22, 30,1, 15
22, 31,1, 15
22, 32,1, 15
22, 33,1, 15
22, 34,1, 15
22, 35,1, 15
22, 36,1, 15
22, 37,1, 15
22, 38,1, 15
22, 39,1, 15
22, 0,2, 15
22, 1,2, 15
22, 2,2, 15
22, 3,2, 15
22, 4,2, 15
22, 5,2, 15
22, 6,2, 15
22, 7,2, 15
22, 8,2, 15
22, 9,2, 15
22, 10,2, 15
22, 11,2, 15
22, 12,2, 15
22, 13,2, 15
22, 14,2, 15
22, 15,2, 15
22, 16,2, 15
22, 17,2, 15
22, 18,2, 15
22, 19,2, 15
22, 20,2, 15
22, 21,2, 15
22, 22,2, 15
22, 23,2, 15
22, 24,2, 15
22, 25,2, 15
22, 26,2, 15
22, 27,2, 15
22, 28,2, 15
22, 29,2, 15
22, 30,2, 15
22, 31,2, 15
22, 32,2, 15
22, 33,2, 15
22, 34,2, 15
22, 35,2, 15
22, 36,2, 15
22, 37,2, 15
22, 38,2, 15
22, 39,2, 15
22, 0,3, 15
22, 1,3, 15
22, 2,3, 15
22, 3,3, 15
22, 4,3, 15
22, 5,3, 15
22, 6,3, 15
22, 7,3, 15
22, 8,3, 15
22, 9,3, 15
22, 10,3, 15
22, 11,3, 15
22, 12,3, 15
22, 13,3, 15
22, 14,3, 15
22, 15,3, 15
22, 16,3, 15
22, 17,3, 15
22, 18,3, 15
22, 19,3, 15
22, 20,3, 15
22, 21,3, 15
22, 22,3, 15
22, 23,3, 15
22, 24,3, 15
22, 25,3, 15
22, 26,3, 15
22, 27,3, 15
22, 28,3, 15
22, 29,3, 15
22, 30,3, 15
22, 31,3, 15
22, 32,3, 15
22, 33,3, 15
22, 34,3, 15
22, 35,3, 15
22, 36,3, 15
22, 37,3, 15
22, 38,3, 15
22, 39,3, 15
22, 0,4, 15
22, 1,4, 15
22, 2,4, 15
22, 3,4, 15
22, 4,4, 15
22, 5,4, 15
22, 6,4, 15
22, 7,4, 15
22, 8,4, 15
22, 9,4, 15
22, 10,4, 15
22, 11,4, 15
22, 12,4, 15
22, 13,4, 15
22, 14,4, 15
22, 15,4, 15
22, 16,4, 15
22, 17,4, 15
22, 18,4, 15
22, 19,4, 15
22, 20,4, 15
22, 21,4, 15
22, 22,4, 15
22, 23,4, 15
22, 24,4, 15
22, 25,4, 15
22, 26,4, 15
22, 27,4, 15
22, 28,4, 15
22, 29,4, 15
22, 30,4, 15
22, 31,4, 15
22, 32,4, 15
22, 33,4, 15
22, 34,4, 15
22, 35,4, 15
22, 36,4, 15
22, 37,4, 15
22, 38,4, 15
22, 39,4, 15
23, 0,0, 15
23, 1,0, 15
23, 2,0, 15
23, 3,0, 15
23, 4,0, 15
23, 5,0, 15
23, 6,0, 15
23, 7,0, 15
23, 8,0, 15
23, 9,0, 15
23, 10,0, 15
23, 11,0, 15
23, 12,0, 15
23, 13,0, 15
23, 14,0, 15
23, 15,0, 15
23, 16,0, 15
23, 17,0, 15
23, 18,0, 15
23, 19,0, 15
23, 20,0, 15
23, 21,0, 15
23, 22,0, 15
23, 23,0, 15
23, 24,0, 15
23, 25,0, 15
23, 26,0, 15
23, 27,0, 15
23, 28,0, 15
23, 29,0, 15
23, 30,0, 15
23, 31,0, 15
23, 32,0, 15
23, 33,0, 15
23, 34,0, 15
23, 35,0, 15
23, 36,0, 15
23, 37,0, 15
23, 38,0, 15
23, 39,0, 15
23, 0,1, 15
23, 1,1, 15
23, 2,1, 15
23, 3,1, 15
23, 4,1, 15
23, 5,1, 15
23, 6,1, 15
23, 7,1, 15
23, 8,1, 15
23, 9,1, 15
23, 10,1, 15
23, 11,1, 15
23, 12,1, 15
23, 13,1, 15
23, 14,1, 15
23, 15,1, 15
23, 16,1, 15
23, 17,1, 15
23, 18,1, 15
23, 19,1, 15
23, 20,1, 15
23, 21,1, 15
23, 22,1, 15
23, 23,1, 15
23, 24,1, 15
23, 25,1, 15
23, 26,1, 15
23, 27,1, 15
23, 28,1, 15
23, 29,1, 15
23, 30,1, 15
23, 31,1, 15
23, 32,1, 15
23, 33,1, 15
23, 34,1, 15
23, 35,1, 15
23, 36,1, 15
23, 37,1, 15
23, 38,1, 15
23, 39,1, 15
23, 0,2, 15
23, 1,2, 15
23, 2,2, 15
23, 3,2, 15
23, 4,2, 15
23, 5,2, 15
23, 6,2, 15
23, 7,2, 15
23, 8,2, 15
23, 9,2, 15
23, 10,2, 15
23, 11,2, 15
23, 12,2, 15
23, 13,2, 15
23, 14,2, 15
23, 15,2, 15
23, 16,2, 15
23, 17,2, 15
23, 18,2, 15
23, 19,2, 15
23, 20,2, 15
23, 21,2, 15
23, 22,2, 15
23, 23,2, 15
23, 24,2, 15
23, 25,2, 15
23, 26,2, 15
23, 27,2, 15
23, 28,2, 15
23, 29,2, 15
23, 30,2, 15
23, 31,2, 15
23, 32,2, 15
23, 33,2, 15
23, 34,2, 15
23, 35,2, 15
23, 36,2, 15
23, 37,2, 15
23, 38,2, 15
23, 39,2, 15
23, 0,3, 15
23, 1,3, 15
23, 2,3, 15
23, 3,3, 15
23, 4,3, 15
23, 5,3, 15
23, 6,3, 15
23, 7,3, 15
23, 8,3, 15
23, 9,3, 15
23, 10,3, 15
23, 11,3, 15
23, 12,3, 15
23, 13,3, 15
23, 14,3, 15
23, 15,3, 15
23, 16,3, 15
23, 17,3, 15
23, 18,3, 15
23, 19,3, 15
23, 20,3, 15
23, 21,3, 15
23, 22,3, 15
23, 23,3, 15
23, 24,3, 15
23, 25,3, 15
23, 26,3, 15
23, 27,3, 15
23, 28,3, 15
23, 29,3, 15
23, 30,3, 15
23, 31,3, 15
23, 32,3, 15
23, 33,3, 15
23, 34,3, 15
23, 35,3, 15
23, 36,3, 15
23, 37,3, 15
23, 38,3, 15
23, 39,3, 15
23, 0,4, 15
23, 1,4, 15
23, 2,4, 15
23, 3,4, 15
23, 4,4, 15
23, 5,4, 15
23, 6,4, 15
23, 7,4, 15
23, 8,4, 15
23, 9,4, 15
23, 10,4, 15
23, 11,4, 15
23, 12,4, 15
23, 13,4, 15
23, 14,4, 15
23, 15,4, 15
23, 16,4, 15
23, 17,4, 15
23, 18,4, 15
23, 19,4, 15
23, 20,4, 15
23, 21,4, 15
23, 22,4, 15
23, 23,4, 15
23, 24,4, 15
23, 25,4, 15
23, 26,4, 15
23, 27,4, 15
23, 28,4, 15
23, 29,4, 15
23, 30,4, 15
23, 31,4, 15
23, 32,4, 15
23, 33,4, 15
23, 34,4, 15
23, 35,4, 15
23, 36,4, 15
23, 37,4, 15
23, 38,4, 15
23, 39,4, 15
24, 0,0, 15
24, 1,0, 15
24, 2,0, 15
24, 3,0, 15
24, 4,0, 15
24, 5,0, 15
24, 6,0, 15
24, 7,0, 15
24, 8,0, 15
24, 9,0, 15
24, 10,0, 15
24, 11,0, 15
24, 12,0, 15
24, 13,0, 15
24, 14,0, 15
24, 15,0, 15
24, 16,0, 15
24, 17,0, 15
24, 18,0, 15
24, 19,0, 15
24, 20,0, 15
24, 21,0, 15
24, 22,0, 15
24, 23,0, 15
24, 24,0, 15
24, 25,0, 15
24, 26,0, 15
24, 27,0, 15
24, 28,0, 15
24, 29,0, 15
24, 30,0, 15
24, 31,0, 15
24, 32,0, 15
24, 33,0, 15
24, 34,0, 15
24, 35,0, 15
24, 36,0, 15
24, 37,0, 15
24, 38,0, 15
24, 39,0, 15
24, 0,1, 15
24, 1,1, 15
24, 2,1, 15
24, 3,1, 15
24, 4,1, 15
24, 5,1, 15
24, 6,1, 15
24, 7,1, 15
24, 8,1, 15
24, 9,1, 15
24, 10,1, 15
24, 11,1, 15
24, 12,1, 15
24, 13,1, 15
24, 14,1, 15
24, 15,1, 15
24, 16,1, 15
24, 17,1, 15
24, 18,1, 15
24, 19,1, 15
24, 20,1, 15
24, 21,1, 15
24, 22,1, 15
24, 23,1, 15
24, 24,1, 15
24, 25,1, 15
24, 26,1, 15
24, 27,1, 15
24, 28,1, 15
24, 29,1, 15
24, 30,1, 15
24, 31,1, 15
24, 32,1, 15
24, 33,1, 15
24, 34,1, 15
24, 35,1, 15
24, 36,1, 15
24, 37,1, 15
24, 38,1, 15
24, 39,1, 15
24, 0,2, 15
24, 1,2, 15
24, 2,2, 15
24, 3,2, 15
24, 4,2, 15
24, 5,2, 15
24, 6,2, 15
24, 7,2, 15
24, 8,2, 15
24, 9,2, 15
24, 10,2, 15
24, 11,2, 15
24, 12,2, 15
24, 13,2, 15
24, 14,2, 15
24, 15,2, 15
24, 16,2, 15
24, 17,2, 15
24, 18,2, 15
24, 19,2, 15
24, 20,2, 15
24, 21,2, 15
24, 22,2, 15
24, 23,2, 15
24, 24,2, 15
24, 25,2, 15
24, 26,2, 15
24, 27,2, 15
24, 28,2, 15
24, 29,2, 15
24, 30,2, 15
24, 31,2, 15
24, 32,2, 15
24, 33,2, 15
24, 34,2, 15
24, 35,2, 15
24, 36,2, 15
24, 37,2, 15
24, 38,2, 15
24, 39,2, 15
24, 0,3, 15
24, 1,3, 15
24, 2,3, 15
24, 3,3, 15
24, 4,3, 15
24, 5,3, 15
24, 6,3, 15
24, 7,3, 15
24, 8,3, 15
24, 9,3, 15
24, 10,3, 15
24, 11,3, 15
24, 12,3, 15
24, 13,3, 15
24, 14,3, 15
24, 15,3, 15
24, 16,3, 15
24, 17,3, 15
24, 18,3, 15
24, 19,3, 15
24, 20,3, 15
24, 21,3, 15
24, 22,3, 15
24, 23,3, 15
24, 24,3, 15
24, 25,3, 15
24, 26,3, 15
24, 27,3, 15
24, 28,3, 15
24, 29,3, 15
24, 30,3, 15
24, 31,3, 15
24, 32,3, 15
24, 33,3, 15
24, 34,3, 15
24, 35,3, 15
24, 36,3, 15
24, 37,3, 15
24, 38,3, 15
24, 39,3, 15
24, 0,4, 15
24, 1,4, 15
24, 2,4, 15
24, 3,4, 15
24, 4,4, 15
24, 5,4, 15
24, 6,4, 15
24, 7,4, 15
24, 8,4, 15
24, 9,4, 15
24, 10,4, 15
24, 11,4, 15
24, 12,4, 15
24, 13,4, 15
24, 14,4, 15
24, 15,4, 15
24, 16,4, 15
24, 17,4, 15
24, 18,4, 15
24, 19,4, 15
24, 20,4, 15
24, 21,4, 15
24, 22,4, 15
24, 23,4, 15
24, 24,4, 15
24, 25,4, 15
24, 26,4, 15
24, 27,4, 15
24, 28,4, 15
24, 29,4, 15
24, 30,4, 15
24, 31,4, 15
24, 32,4, 15
24, 33,4, 15
24, 34,4, 15
24, 35,4, 15
24, 36,4, 15
24, 37,4, 15
24, 38,4, 15
24, 39,4, 15
25, 0,0, 15
25, 1,0, 15
25, 2,0, 15
25, 3,0, 15
25, 4,0, 15
25, 5,0, 15
25, 6,0, 15
25, 7,0, 15
25, 8,0, 15
25, 9,0, 15
25, 10,0, 15
25, 11,0, 15
25, 12,0, 15
25, 13,0, 15
25, 14,0, 15
25, 15,0, 15
25, 16,0, 15
25, 17,0, 15
25, 18,0, 15
25, 19,0, 15
25, 20,0, 15
25, 21,0, 15
25, 22,0, 15
25, 23,0, 15
25, 24,0, 15
25, 25,0, 15
25, 26,0, 15
25, 27,0, 15
25, 28,0, 15
25, 29,0, 15
25, 30,0, 15
25, 31,0, 15
25, 32,0, 15
25, 33,0, 15
25, 34,0, 15
25, 35,0, 15
25, 36,0, 15
25, 37,0, 15
25, 38,0, 15
25, 39,0, 15
25, 0,1, 15
25, 1,1, 15
25, 2,1, 15
25, 3,1, 15
25, 4,1, 15
25, 5,1, 15
25, 6,1, 15
25, 7,1, 15
25, 8,1, 15
25, 9,1, 15
25, 10,1, 15
25, 11,1, 15
25, 12,1, 15
25, 13,1, 15
25, 14,1, 15
25, 15,1, 15
25, 16,1, 15
25, 17,1, 15
25, 18,1, 15
25, 19,1, 15
25, 20,1, 15
25, 21,1, 15
25, 22,1, 15
25, 23,1, 15
25, 24,1, 15
25, 25,1, 15
25, 26,1, 15
25, 27,1, 15
25, 28,1, 15
25, 29,1, 15
25, 30,1, 15
25, 31,1, 15
25, 32,1, 15
25, 33,1, 15
25, 34,1, 15
25, 35,1, 15
25, 36,1, 15
25, 37,1, 15
25, 38,1, 15
25, 39,1, 15
25, 0,2, 15
25, 1,2, 15
25, 2,2, 15
25, 3,2, 15
25, 4,2, 15
25, 5,2, 15
25, 6,2, 15
25, 7,2, 15
25, 8,2, 15
25, 9,2, 15
25, 10,2, 15
25, 11,2, 15
25, 12,2, 15
25, 13,2, 15
25, 14,2, 15
25, 15,2, 15
25, 16,2, 15
25, 17,2, 15
25, 18,2, 15
25, 19,2, 15
25, 20,2, 15
25, 21,2, 15
25, 22,2, 15
25, 23,2, 15
25, 24,2, 15
25, 25,2, 15
25, 26,2, 15
25, 27,2, 15
25, 28,2, 15
25, 29,2, 15
25, 30,2, 15
25, 31,2, 15
25, 32,2, 15
25, 33,2, 15
25, 34,2, 15
25, 35,2, 15
25, 36,2, 15
25, 37,2, 15
25, 38,2, 15
25, 39,2, 15
25, 0,3, 15
25, 1,3, 15
25, 2,3, 15
25, 3,3, 15
25, 4,3, 15
25, 5,3, 15
25, 6,3, 15
25, 7,3, 15
25, 8,3, 15
25, 9,3, 15
25, 10,3, 15
25, 11,3, 15
25, 12,3, 15
25, 13,3, 15
25, 14,3, 15
25, 15,3, 15
25, 16,3, 15
25, 17,3, 15
25, 18,3, 15
25, 19,3, 15
25, 20,3, 15
25, 21,3, 15
25, 22,3, 15
25, 23,3, 15
25, 24,3, 15
25, 25,3, 15
25, 26,3, 15
25, 27,3, 15
25, 28,3, 15
25, 29,3, 15
25, 30,3, 15
25, 31,3, 15
25, 32,3, 15
25, 33,3, 15
25, 34,3, 15
25, 35,3, 15
25, 36,3, 15
25, 37,3, 15
25, 38,3, 15
25, 39,3, 15
25, 0,4, 15
25, 1,4, 15
25, 2,4, 15
25, 3,4, 15
25, 4,4, 15
25, 5,4, 15
25, 6,4, 15
25, 7,4, 15
25, 8,4, 15
25, 9,4, 15
25, 10,4, 15
25, 11,4, 15
25, 12,4, 15
25, 13,4, 15
25, 14,4, 15
25, 15,4, 15
25, 16,4, 15
25, 17,4, 15
25, 18,4, 15
25, 19,4, 15
25, 20,4, 15
25, 21,4, 15
25, 22,4, 15
25, 23,4, 15
25, 24,4, 15
25, 25,4, 15
25, 26,4, 15
25, 27,4, 15
25, 28,4, 15
25, 29,4, 15
25, 30,4, 15
25, 31,4, 15
25, 32,4, 15
25, 33,4, 15
25, 34,4, 15
25, 35,4, 15
25, 36,4, 15
25, 37,4, 15
25, 38,4, 15
25, 39,4, 15
26, 0,0, 15
26, 1,0, 15
26, 2,0, 15
26, 3,0, 15
26, 4,0, 15
26, 5,0, 15
26, 6,0, 15
26, 7,0, 15
26, 8,0, 15
26, 9,0, 15
26, 10,0, 15
26, 11,0, 15
26, 12,0, 15
26, 13,0, 15
26, 14,0, 15
26, 15,0, 15
26, 16,0, 15
26, 17,0, 15
26, 18,0, 15
26, 19,0, 15
26, 20,0, 15
26, 21,0, 15
26, 22,0, 15
26, 23,0, 15
26, 24,0, 15
26, 25,0, 15
26, 26,0, 15
26, 27,0, 15
26, 28,0, 15
26, 29,0, 15
26, 30,0, 15
26, 31,0, 15
26, 32,0, 15
26, 33,0, 15
26, 34,0, 15
26, 35,0, 15
26, 36,0, 15
26, 37,0, 15
26, 38,0, 15
26, 39,0, 15
26, 0,1, 15
26, 1,1, 15
26, 2,1, 15
26, 3,1, 15
26, 4,1, 15
26, 5,1, 15
26, 6,1, 15
26, 7,1, 15
26, 8,1, 15
26, 9,1, 15
26, 10,1, 15
26, 11,1, 15
26, 12,1, 15
26, 13,1, 15
26, 14,1, 15
26, 15,1, 15
26, 16,1, 15
26, 17,1, 15
26, 18,1, 15
26, 19,1, 15
26, 20,1, 15
26, 21,1, 15
26, 22,1, 15
26, 23,1, 15
26, 24,1, 15
26, 25,1, 15
26, 26,1, 15
26, 27,1, 15
26, 28,1, 15
26, 29,1, 15
26, 30,1, 15
26, 31,1, 15
26, 32,1, 15
26, 33,1, 15
26, 34,1, 15
26, 35,1, 15
26, 36,1, 15
26, 37,1, 15
26, 38,1, 15
26, 39,1, 15
26, 0,2, 15
26, 1,2, 15
26, 2,2, 15
26, 3,2, 15
26, 4,2, 15
26, 5,2, 15
26, 6,2, 15
26, 7,2, 15
26, 8,2, 15
26, 9,2, 15
26, 10,2, 15
26, 11,2, 15
26, 12,2, 15
26, 13,2, 15
26, 14,2, 15
26, 15,2, 15
26, 16,2, 15
26, 17,2, 15
26, 18,2, 15
26, 19,2, 15
26, 20,2, 15
26, 21,2, 15
26, 22,2, 15
26, 23,2, 15
26, 24,2, 15
26, 25,2, 15
26, 26,2, 15
26, 27,2, 15
26, 28,2, 15
26, 29,2, 15
26, 30,2, 15
26, 31,2, 15
26, 32,2, 15
26, 33,2, 15
26, 34,2, 15
26, 35,2, 15
26, 36,2, 15
26, 37,2, 15
26, 38,2, 15
26, 39,2, 15
26, 0,3, 15
26, 1,3, 15
26, 2,3, 15
26, 3,3, 15
26, 4,3, 15
26, 5,3, 15
26, 6,3, 15
26, 7,3, 15
26, 8,3, 15
26, 9,3, 15
26, 10,3, 15
26, 11,3, 15
26, 12,3, 15
26, 13,3, 15
26, 14,3, 15
26, 15,3, 15
26, 16,3, 15
26, 17,3, 15
26, 18,3, 15
26, 19,3, 15
26, 20,3, 15
26, 21,3, 15
26, 22,3, 15
26, 23,3, 15
26, 24,3, 15
26, 25,3, 15
26, 26,3, 15
26, 27,3, 15
26, 28,3, 15
26, 29,3, 15
26, 30,3, 15
26, 31,3, 15
26, 32,3, 15
26, 33,3, 15
26, 34,3, 15
26, 35,3, 15
26, 36,3, 15
26, 37,3, 15
26, 38,3, 15
26, 39,3, 15
26, 0,4, 15
26, 1,4, 15
26, 2,4, 15
26, 3,4, 15
26, 4,4, 15
26, 5,4, 15
26, 6,4, 15
26, 7,4, 15
26, 8,4, 15
26, 9,4, 15
26, 10,4, 15
26, 11,4, 15
26, 12,4, 15
26, 13,4, 15
26, 14,4, 15
26, 15,4, 15
26, 16,4, 15
26, 17,4, 15
26, 18,4, 15
26, 19,4, 15
26, 20,4, 15
26, 21,4, 15
26, 22,4, 15
26, 23,4, 15
26, 24,4, 15
26, 25,4, 15
26, 26,4, 15
26, 27,4, 15
26, 28,4, 15
26, 29,4, 15
26, 30,4, 15
26, 31,4, 15
26, 32,4, 15
26, 33,4, 15
26, 34,4, 15
26, 35,4, 15
26, 36,4, 15
26, 37,4, 15
26, 38,4, 15
26, 39,4, 15
27, 0,0, 15
27, 1,0, 15
27, 2,0, 15
27, 3,0, 15
27, 4,0, 15
27, 5,0, 15
27, 6,0, 15
27, 7,0, 15
27, 8,0, 15
27, 9,0, 15
27, 10,0, 15
27, 11,0, 15
27, 12,0, 15
27, 13,0, 15
27, 14,0, 15
27, 15,0, 15
27, 16,0, 15
27, 17,0, 15
27, 18,0, 15
27, 19,0, 15
27, 20,0, 15
27, 21,0, 15
27, 22,0, 15
27, 23,0, 15
27, 24,0, 15
27, 25,0, 15
27, 26,0, 15
27, 27,0, 15
27, 28,0, 15
27, 29,0, 15
27, 30,0, 15
27, 31,0, 15
27, 32,0, 15
27, 33,0, 15
27, 34,0, 15
27, 35,0, 15
27, 36,0, 15
27, 37,0, 15
27, 38,0, 15
27, 39,0, 15
27, 0,1, 15
27, 1,1, 15
27, 2,1, 15
27, 3,1, 15
27, 4,1, 15
27, 5,1, 15
27, 6,1, 15
27, 7,1, 15
27, 8,1, 15
27, 9,1, 15
27, 10,1, 15
27, 11,1, 15
27, 12,1, 15
27, 13,1, 15
27, 14,1, 15
27, 15,1, 15
27, 16,1, 15
27, 17,1, 15
27, 18,1, 15
27, 19,1, 15
27, 20,1, 15
27, 21,1, 15
27, 22,1, 15
27, 23,1, 15
27, 24,1, 15
27, 25,1, 15
27, 26,1, 15
27, 27,1, 15
27, 28,1, 15
27, 29,1, 15
27, 30,1, 15
27, 31,1, 15
27, 32,1, 15
27, 33,1, 15
27, 34,1, 15
27, 35,1, 15
27, 36,1, 15
27, 37,1, 15
27, 38,1, 15
27, 39,1, 15
27, 0,2, 15
27, 1,2, 15
27, 2,2, 15
27, 3,2, 15
27, 4,2, 15
27, 5,2, 15
27, 6,2, 15
27, 7,2, 15
27, 8,2, 15
27, 9,2, 15
27, 10,2, 15
27, 11,2, 15
27, 12,2, 15
27, 13,2, 15
27, 14,2, 15
27, 15,2, 15
27, 16,2, 15
27, 17,2, 15
27, 18,2, 15
27, 19,2, 15
27, 20,2, 15
27, 21,2, 15
27, 22,2, 15
27, 23,2, 15
27, 24,2, 15
27, 25,2, 15
27, 26,2, 15
27, 27,2, 15
27, 28,2, 15
27, 29,2, 15
27, 30,2, 15
27, 31,2, 15
27, 32,2, 15
27, 33,2, 15
27, 34,2, 15
27, 35,2, 15
27, 36,2, 15
27, 37,2, 15
27, 38,2, 15
27, 39,2, 15
27, 0,3, 15
27, 1,3, 15
27, 2,3, 15
27, 3,3, 15
27, 4,3, 15
27, 5,3, 15
27, 6,3, 15
27, 7,3, 15
27, 8,3, 15
27, 9,3, 15
27, 10,3, 15
27, 11,3, 15
27, 12,3, 15
27, 13,3, 15
27, 14,3, 15
27, 15,3, 15
27, 16,3, 15
27, 17,3, 15
27, 18,3, 15
27, 19,3, 15
27, 20,3, 15
27, 21,3, 15
27, 22,3, 15
27, 23,3, 15
27, 24,3, 15
27, 25,3, 15
27, 26,3, 15
27, 27,3, 15
27, 28,3, 15
27, 29,3, 15
27, 30,3, 15
27, 31,3, 15
27, 32,3, 15
27, 33,3, 15
27, 34,3, 15
27, 35,3, 15
27, 36,3, 15
27, 37,3, 15
27, 38,3, 15
27, 39,3, 15
27, 0,4, 15
27, 1,4, 15
27, 2,4, 15
27, 3,4, 15
27, 4,4, 15
27, 5,4, 15
27, 6,4, 15
27, 7,4, 15
27, 8,4, 15
27, 9,4, 15
27, 10,4, 15
27, 11,4, 15
27, 12,4, 15
27, 13,4, 15
27, 14,4, 15
27, 15,4, 15
27, 16,4, 15
27, 17,4, 15
27, 18,4, 15
27, 19,4, 15
27, 20,4, 15
27, 21,4, 15
27, 22,4, 15
27, 23,4, 15
27, 24,4, 15
27, 25,4, 15
27, 26,4, 15
27, 27,4, 15
27, 28,4, 15
27, 29,4, 15
27, 30,4, 15
27, 31,4, 15
27, 32,4, 15
27, 33,4, 15
27, 34,4, 15
27, 35,4, 15
27, 36,4, 15
27, 37,4, 15
27, 38,4, 15
27, 39,4, 15
28, 0,0, 15
28, 1,0, 15
28, 2,0, 15
28, 3,0, 15
28, 4,0, 15
28, 5,0, 15
28, 6,0, 15
28, 7,0, 15
28, 8,0, 15
28, 9,0, 15
28, 10,0, 15
28, 11,0, 15
28, 12,0, 15
28, 13,0, 15
28, 14,0, 15
28, 15,0, 15
28, 16,0, 15
28, 17,0, 15
28, 18,0, 15
28, 19,0, 15
28, 20,0, 15
28, 21,0, 15
28, 22,0, 15
28, 23,0, 15
28, 24,0, 15
28, 25,0, 15
28, 26,0, 15
28, 27,0, 15
28, 28,0, 15
28, 29,0, 15
28, 30,0, 15
28, 31,0, 15
28, 32,0, 15
28, 33,0, 15
28, 34,0, 15
28, 35,0, 15
28, 36,0, 15
28, 37,0, 15
28, 38,0, 15
28, 39,0, 15
28, 0,1, 15
28, 1,1, 15
28, 2,1, 15
28, 3,1, 15
28, 4,1, 15
28, 5,1, 15
28, 6,1, 15
28, 7,1, 15
28, 8,1, 15
28, 9,1, 15
28, 10,1, 15
28, 11,1, 15
28, 12,1, 15
28, 13,1, 15
28, 14,1, 15
28, 15,1, 15
28, 16,1, 15
28, 17,1, 15
28, 18,1, 15
28, 19,1, 15
28, 20,1, 15
28, 21,1, 15
28, 22,1, 15
28, 23,1, 15
28, 24,1, 15
28, 25,1, 15
28, 26,1, 15
28, 27,1, 15
28, 28,1, 15
28, 29,1, 15
28, 30,1, 15
28, 31,1, 15
28, 32,1, 15
28, 33,1, 15
28, 34,1, 15
28, 35,1, 15
28, 36,1, 15
28, 37,1, 15
28, 38,1, 15
28, 39,1, 15
28, 0,2, 15
28, 1,2, 15
28, 2,2, 15
28, 3,2, 15
28, 4,2, 15
28, 5,2, 15
28, 6,2, 15
28, 7,2, 15
28, 8,2, 15
28, 9,2, 15
28, 10,2, 15
28, 11,2, 15
28, 12,2, 15
28, 13,2, 15
28, 14,2, 15
28, 15,2, 15
28, 16,2, 15
28, 17,2, 15
28, 18,2, 15
28, 19,2, 15
28, 20,2, 15
28, 21,2, 15
28, 22,2, 15
28, 23,2, 15
28, 24,2, 15
28, 25,2, 15
28, 26,2, 15
28, 27,2, 15
28, 28,2, 15
28, 29,2, 15
28, 30,2, 15
28, 31,2, 15
28, 32,2, 15
28, 33,2, 15
28, 34,2, 15
28, 35,2, 15
28, 36,2, 15
28, 37,2, 15
28, 38,2, 15
28, 39,2, 15
28, 0,3, 15
28, 1,3, 15
28, 2,3, 15
28, 3,3, 15
28, 4,3, 15
28, 5,3, 15
28, 6,3, 15
28, 7,3, 15
28, 8,3, 15
28, 9,3, 15
28, 10,3, 15
28, 11,3, 15
28, 12,3, 15
28, 13,3, 15
28, 14,3, 15
28, 15,3, 15
28, 16,3, 15
28, 17,3, 15
28, 18,3, 15
28, 19,3, 15
28, 20,3, 15
28, 21,3, 15
28, 22,3, 15
28, 23,3, 15
28, 24,3, 15
28, 25,3, 15
28, 26,3, 15
28, 27,3, 15
28, 28,3, 15
28, 29,3, 15
28, 30,3, 15
28, 31,3, 15
28, 32,3, 15
28, 33,3, 15
28, 34,3, 15
28, 35,3, 15
28, 36,3, 15
28, 37,3, 15
28, 38,3, 15
28, 39,3, 15
28, 0,4, 15
28, 1,4, 15
28, 2,4, 15
28, 3,4, 15
28, 4,4, 15
28, 5,4, 15
28, 6,4, 15
28, 7,4, 15
28, 8,4, 15
28, 9,4, 15
28, 10,4, 15
28, 11,4, 15
28, 12,4, 15
28, 13,4, 15
28, 14,4, 15
28, 15,4, 15
28, 16,4, 15
28, 17,4, 15
28, 18,4, 15
28, 19,4, 15
28, 20,4, 15
28, 21,4, 15
28, 22,4, 15
28, 23,4, 15
28, 24,4, 15
28, 25,4, 15
28, 26,4, 15
28, 27,4, 15
28, 28,4, 15
28, 29,4, 15
28, 30,4, 15
28, 31,4, 15
28, 32,4, 15
28, 33,4, 15
28, 34,4, 15
28, 35,4, 15
28, 36,4, 15
28, 37,4, 15
28, 38,4, 15
28, 39,4, 15
29, 0,0, 15
29, 1,0, 15
29, 2,0, 15
29, 3,0, 15
29, 4,0, 15
29, 5,0, 15
29, 6,0, 15
29, 7,0, 15
29, 8,0, 15
29, 9,0, 15
29, 10,0, 15
29, 11,0, 15
29, 12,0, 15
29, 13,0, 15
29, 14,0, 15
29, 15,0, 15
29, 16,0, 15
29, 17,0, 15
29, 18,0, 15
29, 19,0, 15
29, 20,0, 15
29, 21,0, 15
29, 22,0, 15
29, 23,0, 15
29, 24,0, 15
29, 25,0, 15
29, 26,0, 15
29, 27,0, 15
29, 28,0, 15
29, 29,0, 15
29, 30,0, 15
29, 31,0, 15
29, 32,0, 15
29, 33,0, 15
29, 34,0, 15
29, 35,0, 15
29, 36,0, 15
29, 37,0, 15
29, 38,0, 15
29, 39,0, 15
29, 0,1, 15
29, 1,1, 15
29, 2,1, 15
29, 3,1, 15
29, 4,1, 15
29, 5,1, 15
29, 6,1, 15
29, 7,1, 15
29, 8,1, 15
29, 9,1, 15
29, 10,1, 15
29, 11,1, 15
29, 12,1, 15
29, 13,1, 15
29, 14,1, 15
29, 15,1, 15
29, 16,1, 15
29, 17,1, 15
29, 18,1, 15
29, 19,1, 15
29, 20,1, 15
29, 21,1, 15
29, 22,1, 15
29, 23,1, 15
29, 24,1, 15
29, 25,1, 15
29, 26,1, 15
29, 27,1, 15
29, 28,1, 15
29, 29,1, 15
29, 30,1, 15
29, 31,1, 15
29, 32,1, 15
29, 33,1, 15
29, 34,1, 15
29, 35,1, 15
29, 36,1, 15
29, 37,1, 15
29, 38,1, 15
29, 39,1, 15
29, 0,2, 15
29, 1,2, 15
29, 2,2, 15
29, 3,2, 15
29, 4,2, 15
29, 5,2, 15
29, 6,2, 15
29, 7,2, 15
29, 8,2, 15
29, 9,2, 15
29, 10,2, 15
29, 11,2, 15
29, 12,2, 15
29, 13,2, 15
29, 14,2, 15
29, 15,2, 15
29, 16,2, 15
29, 17,2, 15
29, 18,2, 15
29, 19,2, 15
29, 20,2, 15
29, 21,2, 15
29, 22,2, 15
29, 23,2, 15
29, 24,2, 15
29, 25,2, 15
29, 26,2, 15
29, 27,2, 15
29, 28,2, 15
29, 29,2, 15
29, 30,2, 15
29, 31,2, 15
29, 32,2, 15
29, 33,2, 15
29, 34,2, 15
29, 35,2, 15
29, 36,2, 15
29, 37,2, 15
29, 38,2, 15
29, 39,2, 15
29, 0,3, 15
29, 1,3, 15
29, 2,3, 15
29, 3,3, 15
29, 4,3, 15
29, 5,3, 15
29, 6,3, 15
29, 7,3, 15
29, 8,3, 15
29, 9,3, 15
29, 10,3, 15
29, 11,3, 15
29, 12,3, 15
29, 13,3, 15
29, 14,3, 15
29, 15,3, 15
29, 16,3, 15
29, 17,3, 15
29, 18,3, 15
29, 19,3, 15
29, 20,3, 15
29, 21,3, 15
29, 22,3, 15
29, 23,3, 15
29, 24,3, 15
29, 25,3, 15
29, 26,3, 15
29, 27,3, 15
29, 28,3, 15
29, 29,3, 15
29, 30,3, 15
29, 31,3, 15
29, 32,3, 15
29, 33,3, 15
29, 34,3, 15
29, 35,3, 15
29, 36,3, 15
29, 37,3, 15
29, 38,3, 15
29, 39,3, 15
29, 0,4, 15
29, 1,4, 15
29, 2,4, 15
29, 3,4, 15
29, 4,4, 15
29, 5,4, 15
29, 6,4, 15
29, 7,4, 15
29, 8,4, 15
29, 9,4, 15
29, 10,4, 15
29, 11,4, 15
29, 12,4, 15
29, 13,4, 15
29, 14,4, 15
29, 15,4, 15
29, 16,4, 15
29, 17,4, 15
29, 18,4, 15
29, 19,4, 15
29, 20,4, 15
29, 21,4, 15
29, 22,4, 15
29, 23,4, 15
29, 24,4, 15
29, 25,4, 15
29, 26,4, 15
29, 27,4, 15
29, 28,4, 15
29, 29,4, 15
29, 30,4, 15
29, 31,4, 15
29, 32,4, 15
29, 33,4, 15
29, 34,4, 15
29, 35,4, 15
29, 36,4, 15
29, 37,4, 15
29, 38,4, 15
29, 39,4, 15
30, 0,0, 15
30, 1,0, 15
30, 2,0, 15
30, 3,0, 15
30, 4,0, 15
30, 5,0, 15
30, 6,0, 15
30, 7,0, 15
30, 8,0, 15
30, 9,0, 15
30, 10,0, 15
30, 11,0, 15
30, 12,0, 15
30, 13,0, 15
30, 14,0, 15
30, 15,0, 15
30, 16,0, 15
30, 17,0, 15
30, 18,0, 15
30, 19,0, 15
30, 20,0, 15
30, 21,0, 15
30, 22,0, 15
30, 23,0, 15
30, 24,0, 15
30, 25,0, 15
30, 26,0, 15
30, 27,0, 15
30, 28,0, 15
30, 29,0, 15
30, 30,0, 15
30, 31,0, 15
30, 32,0, 15
30, 33,0, 15
30, 34,0, 15
30, 35,0, 15
30, 36,0, 15
30, 37,0, 15
30, 38,0, 15
30, 39,0, 15
30, 0,1, 15
30, 1,1, 15
30, 2,1, 15
30, 3,1, 15
30, 4,1, 15
30, 5,1, 15
30, 6,1, 15
30, 7,1, 15
30, 8,1, 15
30, 9,1, 15
30, 10,1, 15
30, 11,1, 15
30, 12,1, 15
30, 13,1, 15
30, 14,1, 15
30, 15,1, 15
30, 16,1, 15
30, 17,1, 15
30, 18,1, 15
30, 19,1, 15
30, 20,1, 15
30, 21,1, 15
30, 22,1, 15
30, 23,1, 15
30, 24,1, 15
30, 25,1, 15
30, 26,1, 15
30, 27,1, 15
30, 28,1, 15
30, 29,1, 15
30, 30,1, 15
30, 31,1, 15
30, 32,1, 15
30, 33,1, 15
30, 34,1, 15
30, 35,1, 15
30, 36,1, 15
30, 37,1, 15
30, 38,1, 15
30, 39,1, 15
30, 0,2, 15
30, 1,2, 15
30, 2,2, 15
30, 3,2, 15
30, 4,2, 15
30, 5,2, 15
30, 6,2, 15
30, 7,2, 15
30, 8,2, 15
30, 9,2, 15
30, 10,2, 15
30, 11,2, 15
30, 12,2, 15
30, 13,2, 15
30, 14,2, 15
30, 15,2, 15
30, 16,2, 15
30, 17,2, 15
30, 18,2, 15
30, 19,2, 15
30, 20,2, 15
30, 21,2, 15
30, 22,2, 15
30, 23,2, 15
30, 24,2, 15
30, 25,2, 15
30, 26,2, 15
30, 27,2, 15
30, 28,2, 15
30, 29,2, 15
30, 30,2, 15
30, 31,2, 15
30, 32,2, 15
30, 33,2, 15
30, 34,2, 15
30, 35,2, 15
30, 36,2, 15
30, 37,2, 15
30, 38,2, 15
30, 39,2, 15
30, 0,3, 15
30, 1,3, 15
30, 2,3, 15
30, 3,3, 15
30, 4,3, 15
30, 5,3, 15
30, 6,3, 15
30, 7,3, 15
30, 8,3, 15
30, 9,3, 15
30, 10,3, 15
30, 11,3, 15
30, 12,3, 15
30, 13,3, 15
30, 14,3, 15
30, 15,3, 15
30, 16,3, 15
30, 17,3, 15
30, 18,3, 15
30, 19,3, 15
30, 20,3, 15
30, 21,3, 15
30, 22,3, 15
30, 23,3, 15
30, 24,3, 15
30, 25,3, 15
30, 26,3, 15
30, 27,3, 15
30, 28,3, 15
30, 29,3, 15
30, 30,3, 15
30, 31,3, 15
30, 32,3, 15
30, 33,3, 15
30, 34,3, 15
30, 35,3, 15
30, 36,3, 15
30, 37,3, 15
30, 38,3, 15
30, 39,3, 15
30, 0,4, 15
30, 1,4, 15
30, 2,4, 15
30, 3,4, 15
30, 4,4, 15
30, 5,4, 15
30, 6,4, 15
30, 7,4, 15
30, 8,4, 15
30, 9,4, 15
30, 10,4, 15
30, 11,4, 15
30, 12,4, 15
30, 13,4, 15
30, 14,4, 15
30, 15,4, 15
30, 16,4, 15
30, 17,4, 15
30, 18,4, 15
30, 19,4, 15
30, 20,4, 15
30, 21,4, 15
30, 22,4, 15
30, 23,4, 15
30, 24,4, 15
30, 25,4, 15
30, 26,4, 15
30, 27,4, 15
30, 28,4, 15
30, 29,4, 15
30, 30,4, 15
30, 31,4, 15
30, 32,4, 15
30, 33,4, 15
30, 34,4, 15
30, 35,4, 15
30, 36,4, 15
30, 37,4, 15
30, 38,4, 15
30, 39,4, 15
31, 0,0, 15
31, 1,0, 15
31, 2,0, 15
31, 3,0, 15
31, 4,0, 15
31, 5,0, 15
31, 6,0, 15
31, 7,0, 15
31, 8,0, 15
31, 9,0, 15
31, 10,0, 15
31, 11,0, 15
31, 12,0, 15
31, 13,0, 15
31, 14,0, 15
31, 15,0, 15
31, 16,0, 15
31, 17,0, 15
31, 18,0, 15
31, 19,0, 15
31, 20,0, 15
31, 21,0, 15
31, 22,0, 15
31, 23,0, 15
31, 24,0, 15
31, 25,0, 15
31, 26,0, 15
31, 27,0, 15
31, 28,0, 15
31, 29,0, 15
31, 30,0, 15
31, 31,0, 15
31, 32,0, 15
31, 33,0, 15
31, 34,0, 15
31, 35,0, 15
31, 36,0, 15
31, 37,0, 15
31, 38,0, 15
31, 39,0, 15
31, 0,1, 15
31, 1,1, 15
31, 2,1, 15
31, 3,1, 15
31, 4,1, 15
31, 5,1, 15
31, 6,1, 15
31, 7,1, 15
31, 8,1, 15
31, 9,1, 15
31, 10,1, 15
31, 11,1, 15
31, 12,1, 15
31, 13,1, 15
31, 14,1, 15
31, 15,1, 15
31, 16,1, 15
31, 17,1, 15
31, 18,1, 15
31, 19,1, 15
31, 20,1, 15
31, 21,1, 15
31, 22,1, 15
31, 23,1, 15
31, 24,1, 15
31, 25,1, 15
31, 26,1, 15
31, 27,1, 15
31, 28,1, 15
31, 29,1, 15
31, 30,1, 15
31, 31,1, 15
31, 32,1, 15
31, 33,1, 15
31, 34,1, 15
31, 35,1, 15
31, 36,1, 15
31, 37,1, 15
31, 38,1, 15
31, 39,1, 15
31, 0,2, 15
31, 1,2, 15
31, 2,2, 15
31, 3,2, 15
31, 4,2, 15
31, 5,2, 15
31, 6,2, 15
31, 7,2, 15
31, 8,2, 15
31, 9,2, 15
31, 10,2, 15
31, 11,2, 15
31, 12,2, 15
31, 13,2, 15
31, 14,2, 15
31, 15,2, 15
31, 16,2, 15
31, 17,2, 15
31, 18,2, 15
31, 19,2, 15
31, 20,2, 15
31, 21,2, 15
31, 22,2, 15
31, 23,2, 15
31, 24,2, 15
31, 25,2, 15
31, 26,2, 15
31, 27,2, 15
31, 28,2, 15
31, 29,2, 15
31, 30,2, 15
31, 31,2, 15
31, 32,2, 15
31, 33,2, 15
31, 34,2, 15
31, 35,2, 15
31, 36,2, 15
31, 37,2, 15
31, 38,2, 15
31, 39,2, 15
31, 0,3, 15
31, 1,3, 15
31, 2,3, 15
31, 3,3, 15
31, 4,3, 15
31, 5,3, 15
31, 6,3, 15
31, 7,3, 15
31, 8,3, 15
31, 9,3, 15
31, 10,3, 15
31, 11,3, 15
31, 12,3, 15
31, 13,3, 15
31, 14,3, 15
31, 15,3, 15
31, 16,3, 15
31, 17,3, 15
31, 18,3, 15
31, 19,3, 15
31, 20,3, 15
31, 21,3, 15
31, 22,3, 15
31, 23,3, 15
31, 24,3, 15
31, 25,3, 15
31, 26,3, 15
31, 27,3, 15
31, 28,3, 15
31, 29,3, 15
31, 30,3, 15
31, 31,3, 15
31, 32,3, 15
31, 33,3, 15
31, 34,3, 15
31, 35,3, 15
31, 36,3, 15
31, 37,3, 15
31, 38,3, 15
31, 39,3, 15
31, 0,4, 15
31, 1,4, 15
31, 2,4, 15
31, 3,4, 15
31, 4,4, 15
31, 5,4, 15
31, 6,4, 15
31, 7,4, 15
31, 8,4, 15
31, 9,4, 15
31, 10,4, 15
31, 11,4, 15
31, 12,4, 15
31, 13,4, 15
31, 14,4, 15
31, 15,4, 15
31, 16,4, 15
31, 17,4, 15
31, 18,4, 15
31, 19,4, 15
31, 20,4, 15
31, 21,4, 15
31, 22,4, 15
31, 23,4, 15
31, 24,4, 15
31, 25,4, 15
31, 26,4, 15
31, 27,4, 15
31, 28,4, 15
31, 29,4, 15
31, 30,4, 15
31, 31,4, 15
31, 32,4, 15
31, 33,4, 15
31, 34,4, 15
31, 35,4, 15
31, 36,4, 15
31, 37,4, 15
31, 38,4, 15
31, 39,4, 15
32, 0,0, 15
32, 1,0, 15
32, 2,0, 15
32, 3,0, 15
32, 4,0, 15
32, 5,0, 15
32, 6,0, 15
32, 7,0, 15
32, 8,0, 15
32, 9,0, 15
32, 10,0, 15
32, 11,0, 15
32, 12,0, 15
32, 13,0, 15
32, 14,0, 15
32, 15,0, 15
32, 16,0, 15
32, 17,0, 15
32, 18,0, 15
32, 19,0, 15
32, 20,0, 15
32, 21,0, 15
32, 22,0, 15
32, 23,0, 15
32, 24,0, 15
32, 25,0, 15
32, 26,0, 15
32, 27,0, 15
32, 28,0, 15
32, 29,0, 15
32, 30,0, 15
32, 31,0, 15
32, 32,0, 15
32, 33,0, 15
32, 34,0, 15
32, 35,0, 15
32, 36,0, 15
32, 37,0, 15
32, 38,0, 15
32, 39,0, 15
32, 0,1, 15
32, 1,1, 15
32, 2,1, 15
32, 3,1, 15
32, 4,1, 15
32, 5,1, 15
32, 6,1, 15
32, 7,1, 15
32, 8,1, 15
32, 9,1, 15
32, 10,1, 15
32, 11,1, 15
32, 12,1, 15
32, 13,1, 15
32, 14,1, 15
32, 15,1, 15
32, 16,1, 15
32, 17,1, 15
32, 18,1, 15
32, 19,1, 15
32, 20,1, 15
32, 21,1, 15
32, 22,1, 15
32, 23,1, 15
32, 24,1, 15
32, 25,1, 15
32, 26,1, 15
32, 27,1, 15
32, 28,1, 15
32, 29,1, 15
32, 30,1, 15
32, 31,1, 15
32, 32,1, 15
32, 33,1, 15
32, 34,1, 15
32, 35,1, 15
32, 36,1, 15
32, 37,1, 15
32, 38,1, 15
32, 39,1, 15
32, 0,2, 15
32, 1,2, 15
32, 2,2, 15
32, 3,2, 15
32, 4,2, 15
32, 5,2, 15
32, 6,2, 15
32, 7,2, 15
32, 8,2, 15
32, 9,2, 15
32, 10,2, 15
32, 11,2, 15
32, 12,2, 15
32, 13,2, 15
32, 14,2, 15
32, 15,2, 15
32, 16,2, 15
32, 17,2, 15
32, 18,2, 15
32, 19,2, 15
32, 20,2, 15
32, 21,2, 15
32, 22,2, 15
32, 23,2, 15
32, 24,2, 15
32, 25,2, 15
32, 26,2, 15
32, 27,2, 15
32, 28,2, 15
32, 29,2, 15
32, 30,2, 15
32, 31,2, 15
32, 32,2, 15
32, 33,2, 15
32, 34,2, 15
32, 35,2, 15
32, 36,2, 15
32, 37,2, 15
32, 38,2, 15
32, 39,2, 15
32, 0,3, 15
32, 1,3, 15
32, 2,3, 15
32, 3,3, 15
32, 4,3, 15
32, 5,3, 15
32, 6,3, 15
32, 7,3, 15
32, 8,3, 15
32, 9,3, 15
32, 10,3, 15
32, 11,3, 15
32, 12,3, 15
32, 13,3, 15
32, 14,3, 15
32, 15,3, 15
32, 16,3, 15
32, 17,3, 15
32, 18,3, 15
32, 19,3, 15
32, 20,3, 15
32, 21,3, 15
32, 22,3, 15
32, 23,3, 15
32, 24,3, 15
32, 25,3, 15
32, 26,3, 15
32, 27,3, 15
32, 28,3, 15
32, 29,3, 15
32, 30,3, 15
32, 31,3, 15
32, 32,3, 15
32, 33,3, 15
32, 34,3, 15
32, 35,3, 15
32, 36,3, 15
32, 37,3, 15
32, 38,3, 15
32, 39,3, 15
32, 0,4, 15
32, 1,4, 15
32, 2,4, 15
32, 3,4, 15
32, 4,4, 15
32, 5,4, 15
32, 6,4, 15
32, 7,4, 15
32, 8,4, 15
32, 9,4, 15
32, 10,4, 15
32, 11,4, 15
32, 12,4, 15
32, 13,4, 15
32, 14,4, 15
32, 15,4, 15
32, 16,4, 15
32, 17,4, 15
32, 18,4, 15
32, 19,4, 15
32, 20,4, 15
32, 21,4, 15
32, 22,4, 15
32, 23,4, 15
32, 24,4, 15
32, 25,4, 15
32, 26,4, 15
32, 27,4, 15
32, 28,4, 15
32, 29,4, 15
32, 30,4, 15
32, 31,4, 15
32, 32,4, 15
32, 33,4, 15
32, 34,4, 15
32, 35,4, 15
32, 36,4, 15
32, 37,4, 15
32, 38,4, 15
32, 39,4, 15
33, 0,0, 15
33, 1,0, 15
33, 2,0, 15
33, 3,0, 15
33, 4,0, 15
33, 5,0, 15
33, 6,0, 15
33, 7,0, 15
33, 8,0, 15
33, 9,0, 15
33, 10,0, 15
33, 11,0, 15
33, 12,0, 15
33, 13,0, 15
33, 14,0, 15
33, 15,0, 15
33, 16,0, 15
33, 17,0, 15
33, 18,0, 15
33, 19,0, 15
33, 20,0, 15
33, 21,0, 15
33, 22,0, 15
33, 23,0, 15
33, 24,0, 15
33, 25,0, 15
33, 26,0, 15
33, 27,0, 15
33, 28,0, 15
33, 29,0, 15
33, 30,0, 15
33, 31,0, 15
33, 32,0, 15
33, 33,0, 15
33, 34,0, 15
33, 35,0, 15
33, 36,0, 15
33, 37,0, 15
33, 38,0, 15
33, 39,0, 15
33, 0,1, 15
33, 1,1, 15
33, 2,1, 15
33, 3,1, 15
33, 4,1, 15
33, 5,1, 15
33, 6,1, 15
33, 7,1, 15
33, 8,1, 15
33, 9,1, 15
33, 10,1, 15
33, 11,1, 15
33, 12,1, 15
33, 13,1, 15
33, 14,1, 15
33, 15,1, 15
33, 16,1, 15
33, 17,1, 15
33, 18,1, 15
33, 19,1, 15
33, 20,1, 15
33, 21,1, 15
33, 22,1, 15
33, 23,1, 15
33, 24,1, 15
33, 25,1, 15
33, 26,1, 15
33, 27,1, 15
33, 28,1, 15
33, 29,1, 15
33, 30,1, 15
33, 31,1, 15
33, 32,1, 15
33, 33,1, 15
33, 34,1, 15
33, 35,1, 15
33, 36,1, 15
33, 37,1, 15
33, 38,1, 15
33, 39,1, 15
33, 0,2, 15
33, 1,2, 15
33, 2,2, 15
33, 3,2, 15
33, 4,2, 15
33, 5,2, 15
33, 6,2, 15
33, 7,2, 15
33, 8,2, 15
33, 9,2, 15
33, 10,2, 15
33, 11,2, 15
33, 12,2, 15
33, 13,2, 15
33, 14,2, 15
33, 15,2, 15
33, 16,2, 15
33, 17,2, 15
33, 18,2, 15
33, 19,2, 15
33, 20,2, 15
33, 21,2, 15
33, 22,2, 15
33, 23,2, 15
33, 24,2, 15
33, 25,2, 15
33, 26,2, 15
33, 27,2, 15
33, 28,2, 15
33, 29,2, 15
33, 30,2, 15
33, 31,2, 15
33, 32,2, 15
33, 33,2, 15
33, 34,2, 15
33, 35,2, 15
33, 36,2, 15
33, 37,2, 15
33, 38,2, 15
33, 39,2, 15
33, 0,3, 15
33, 1,3, 15
33, 2,3, 15
33, 3,3, 15
33, 4,3, 15
33, 5,3, 15
33, 6,3, 15
33, 7,3, 15
33, 8,3, 15
33, 9,3, 15
33, 10,3, 15
33, 11,3, 15
33, 12,3, 15
33, 13,3, 15
33, 14,3, 15
33, 15,3, 15
33, 16,3, 15
33, 17,3, 15
33, 18,3, 15
33, 19,3, 15
33, 20,3, 15
33, 21,3, 15
33, 22,3, 15
33, 23,3, 15
33, 24,3, 15
33, 25,3, 15
33, 26,3, 15
33, 27,3, 15
33, 28,3, 15
33, 29,3, 15
33, 30,3, 15
33, 31,3, 15
33, 32,3, 15
33, 33,3, 15
33, 34,3, 15
33, 35,3, 15
33, 36,3, 15
33, 37,3, 15
33, 38,3, 15
33, 39,3, 15
33, 0,4, 15
33, 1,4, 15
33, 2,4, 15
33, 3,4, 15
33, 4,4, 15
33, 5,4, 15
33, 6,4, 15
33, 7,4, 15
33, 8,4, 15
33, 9,4, 15
33, 10,4, 15
33, 11,4, 15
33, 12,4, 15
33, 13,4, 15
33, 14,4, 15
33, 15,4, 15
33, 16,4, 15
33, 17,4, 15
33, 18,4, 15
33, 19,4, 15
33, 20,4, 15
33, 21,4, 15
33, 22,4, 15
33, 23,4, 15
33, 24,4, 15
33, 25,4, 15
33, 26,4, 15
33, 27,4, 15
33, 28,4, 15
33, 29,4, 15
33, 30,4, 15
33, 31,4, 15
33, 32,4, 15
33, 33,4, 15
33, 34,4, 15
33, 35,4, 15
33, 36,4, 15
33, 37,4, 15
33, 38,4, 15
33, 39,4, 15
34, 0,0, 15
34, 1,0, 15
34, 2,0, 15
34, 3,0, 15
34, 4,0, 15
34, 5,0, 15
34, 6,0, 15
34, 7,0, 15
34, 8,0, 15
34, 9,0, 15
34, 10,0, 15
34, 11,0, 15
34, 12,0, 15
34, 13,0, 15
34, 14,0, 15
34, 15,0, 15
34, 16,0, 15
34, 17,0, 15
34, 18,0, 15
34, 19,0, 15
34, 20,0, 15
34, 21,0, 15
34, 22,0, 15
34, 23,0, 15
34, 24,0, 15
34, 25,0, 15
34, 26,0, 15
34, 27,0, 15
34, 28,0, 15
34, 29,0, 15
34, 30,0, 15
34, 31,0, 15
34, 32,0, 15
34, 33,0, 15
34, 34,0, 15
34, 35,0, 15
34, 36,0, 15
34, 37,0, 15
34, 38,0, 15
34, 39,0, 15
34, 0,1, 15
34, 1,1, 15
34, 2,1, 15
34, 3,1, 15
34, 4,1, 15
34, 5,1, 15
34, 6,1, 15
34, 7,1, 15
34, 8,1, 15
34, 9,1, 15
34, 10,1, 15
34, 11,1, 15
34, 12,1, 15
34, 13,1, 15
34, 14,1, 15
34, 15,1, 15
34, 16,1, 15
34, 17,1, 15
34, 18,1, 15
34, 19,1, 15
34, 20,1, 15
34, 21,1, 15
34, 22,1, 15
34, 23,1, 15
34, 24,1, 15
34, 25,1, 15
34, 26,1, 15
34, 27,1, 15
34, 28,1, 15
34, 29,1, 15
34, 30,1, 15
34, 31,1, 15
34, 32,1, 15
34, 33,1, 15
34, 34,1, 15
34, 35,1, 15
34, 36,1, 15
34, 37,1, 15
34, 38,1, 15
34, 39,1, 15
34, 0,2, 15
34, 1,2, 15
34, 2,2, 15
34, 3,2, 15
34, 4,2, 15
34, 5,2, 15
34, 6,2, 15
34, 7,2, 15
34, 8,2, 15
34, 9,2, 15
34, 10,2, 15
34, 11,2, 15
34, 12,2, 15
34, 13,2, 15
34, 14,2, 15
34, 15,2, 15
34, 16,2, 15
34, 17,2, 15
34, 18,2, 15
34, 19,2, 15
34, 20,2, 15
34, 21,2, 15
34, 22,2, 15
34, 23,2, 15
34, 24,2, 15
34, 25,2, 15
34, 26,2, 15
34, 27,2, 15
34, 28,2, 15
34, 29,2, 15
34, 30,2, 15
34, 31,2, 15
34, 32,2, 15
34, 33,2, 15
34, 34,2, 15
34, 35,2, 15
34, 36,2, 15
34, 37,2, 15
34, 38,2, 15
34, 39,2, 15
34, 0,3, 15
34, 1,3, 15
34, 2,3, 15
34, 3,3, 15
34, 4,3, 15
34, 5,3, 15
34, 6,3, 15
34, 7,3, 15
34, 8,3, 15
34, 9,3, 15
34, 10,3, 15
34, 11,3, 15
34, 12,3, 15
34, 13,3, 15
34, 14,3, 15
34, 15,3, 15
34, 16,3, 15
34, 17,3, 15
34, 18,3, 15
34, 19,3, 15
34, 20,3, 15
34, 21,3, 15
34, 22,3, 15
34, 23,3, 15
34, 24,3, 15
34, 25,3, 15
34, 26,3, 15
34, 27,3, 15
34, 28,3, 15
34, 29,3, 15
34, 30,3, 15
34, 31,3, 15
34, 32,3, 15
34, 33,3, 15
34, 34,3, 15
34, 35,3, 15
34, 36,3, 15
34, 37,3, 15
34, 38,3, 15
34, 39,3, 15
34, 0,4, 15
34, 1,4, 15
34, 2,4, 15
34, 3,4, 15
34, 4,4, 15
34, 5,4, 15
34, 6,4, 15
34, 7,4, 15
34, 8,4, 15
34, 9,4, 15
34, 10,4, 15
34, 11,4, 15
34, 12,4, 15
34, 13,4, 15
34, 14,4, 15
34, 15,4, 15
34, 16,4, 15
34, 17,4, 15
34, 18,4, 15
34, 19,4, 15
34, 20,4, 15
34, 21,4, 15
34, 22,4, 15
34, 23,4, 15
34, 24,4, 15
34, 25,4, 15
34, 26,4, 15
34, 27,4, 15
34, 28,4, 15
34, 29,4, 15
34, 30,4, 15
34, 31,4, 15
34, 32,4, 15
34, 33,4, 15
34, 34,4, 15
34, 35,4, 15
34, 36,4, 15
34, 37,4, 15
34, 38,4, 15
34, 39,4, 15
35, 0,0, 15
35, 1,0, 15
35, 2,0, 15
35, 3,0, 15
35, 4,0, 15
35, 5,0, 15
35, 6,0, 15
35, 7,0, 15
35, 8,0, 15
35, 9,0, 15
35, 10,0, 15
35, 11,0, 15
35, 12,0, 15
35, 13,0, 15
35, 14,0, 15
35, 15,0, 15
35, 16,0, 15
35, 17,0, 15
35, 18,0, 15
35, 19,0, 15
35, 20,0, 15
35, 21,0, 15
35, 22,0, 15
35, 23,0, 15
35, 24,0, 15
35, 25,0, 15
35, 26,0, 15
35, 27,0, 15
35, 28,0, 15
35, 29,0, 15
35, 30,0, 15
35, 31,0, 15
35, 32,0, 15
35, 33,0, 15
35, 34,0, 15
35, 35,0, 15
35, 36,0, 15
35, 37,0, 15
35, 38,0, 15
35, 39,0, 15
35, 0,1, 15
35, 1,1, 15
35, 2,1, 15
35, 3,1, 15
35, 4,1, 15
35, 5,1, 15
35, 6,1, 15
35, 7,1, 15
35, 8,1, 15
35, 9,1, 15
35, 10,1, 15
35, 11,1, 15
35, 12,1, 15
35, 13,1, 15
35, 14,1, 15
35, 15,1, 15
35, 16,1, 15
35, 17,1, 15
35, 18,1, 15
35, 19,1, 15
35, 20,1, 15
35, 21,1, 15
35, 22,1, 15
35, 23,1, 15
35, 24,1, 15
35, 25,1, 15
35, 26,1, 15
35, 27,1, 15
35, 28,1, 15
35, 29,1, 15
35, 30,1, 15
35, 31,1, 15
35, 32,1, 15
35, 33,1, 15
35, 34,1, 15
35, 35,1, 15
35, 36,1, 15
35, 37,1, 15
35, 38,1, 15
35, 39,1, 15
35, 0,2, 15
35, 1,2, 15
35, 2,2, 15
35, 3,2, 15
35, 4,2, 15
35, 5,2, 15
35, 6,2, 15
35, 7,2, 15
35, 8,2, 15
35, 9,2, 15
35, 10,2, 15
35, 11,2, 15
35, 12,2, 15
35, 13,2, 15
35, 14,2, 15
35, 15,2, 15
35, 16,2, 15
35, 17,2, 15
35, 18,2, 15
35, 19,2, 15
35, 20,2, 15
35, 21,2, 15
35, 22,2, 15
35, 23,2, 15
35, 24,2, 15
35, 25,2, 15
35, 26,2, 15
35, 27,2, 15
35, 28,2, 15
35, 29,2, 15
35, 30,2, 15
35, 31,2, 15
35, 32,2, 15
35, 33,2, 15
35, 34,2, 15
35, 35,2, 15
35, 36,2, 15
35, 37,2, 15
35, 38,2, 15
35, 39,2, 15
35, 0,3, 15
35, 1,3, 15
35, 2,3, 15
35, 3,3, 15
35, 4,3, 15
35, 5,3, 15
35, 6,3, 15
35, 7,3, 15
35, 8,3, 15
35, 9,3, 15
35, 10,3, 15
35, 11,3, 15
35, 12,3, 15
35, 13,3, 15
35, 14,3, 15
35, 15,3, 15
35, 16,3, 15
35, 17,3, 15
35, 18,3, 15
35, 19,3, 15
35, 20,3, 15
35, 21,3, 15
35, 22,3, 15
35, 23,3, 15
35, 24,3, 15
35, 25,3, 15
35, 26,3, 15
35, 27,3, 15
35, 28,3, 15
35, 29,3, 15
35, 30,3, 15
35, 31,3, 15
35, 32,3, 15
35, 33,3, 15
35, 34,3, 15
35, 35,3, 15
35, 36,3, 15
35, 37,3, 15
35, 38,3, 15
35, 39,3, 15
35, 0,4, 15
35, 1,4, 15
35, 2,4, 15
35, 3,4, 15
35, 4,4, 15
35, 5,4, 15
35, 6,4, 15
35, 7,4, 15
35, 8,4, 15
35, 9,4, 15
35, 10,4, 15
35, 11,4, 15
35, 12,4, 15
35, 13,4, 15
35, 14,4, 15
35, 15,4, 15
35, 16,4, 15
35, 17,4, 15
35, 18,4, 15
35, 19,4, 15
35, 20,4, 15
35, 21,4, 15
35, 22,4, 15
35, 23,4, 15
35, 24,4, 15
35, 25,4, 15
35, 26,4, 15
35, 27,4, 15
35, 28,4, 15
35, 29,4, 15
35, 30,4, 15
35, 31,4, 15
35, 32,4, 15
35, 33,4, 15
35, 34,4, 15
35, 35,4, 15
35, 36,4, 15
35, 37,4, 15
35, 38,4, 15
35, 39,4, 15
36, 0,0, 15
36, 1,0, 15
36, 2,0, 15
36, 3,0, 15
36, 4,0, 15
36, 5,0, 15
36, 6,0, 15
36, 7,0, 15
36, 8,0, 15
36, 9,0, 15
36, 10,0, 15
36, 11,0, 15
36, 12,0, 15
36, 13,0, 15
36, 14,0, 15
36, 15,0, 15
36, 16,0, 15
36, 17,0, 15
36, 18,0, 15
36, 19,0, 15
36, 20,0, 15
36, 21,0, 15
36, 22,0, 15
36, 23,0, 15
36, 24,0, 15
36, 25,0, 15
36, 26,0, 15
36, 27,0, 15
36, 28,0, 15
36, 29,0, 15
36, 30,0, 15
36, 31,0, 15
36, 32,0, 15
36, 33,0, 15
36, 34,0, 15
36, 35,0, 15
36, 36,0, 15
36, 37,0, 15
36, 38,0, 15
36, 39,0, 15
36, 0,1, 15
36, 1,1, 15
36, 2,1, 15
36, 3,1, 15
36, 4,1, 15
36, 5,1, 15
36, 6,1, 15
36, 7,1, 15
36, 8,1, 15
36, 9,1, 15
36, 10,1, 15
36, 11,1, 15
36, 12,1, 15
36, 13,1, 15
36, 14,1, 15
36, 15,1, 15
36, 16,1, 15
36, 17,1, 15
36, 18,1, 15
36, 19,1, 15
36, 20,1, 15
36, 21,1, 15
36, 22,1, 15
36, 23,1, 15
36, 24,1, 15
36, 25,1, 15
36, 26,1, 15
36, 27,1, 15
36, 28,1, 15
36, 29,1, 15
36, 30,1, 15
36, 31,1, 15
36, 32,1, 15
36, 33,1, 15
36, 34,1, 15
36, 35,1, 15
36, 36,1, 15
36, 37,1, 15
36, 38,1, 15
36, 39,1, 15
36, 0,2, 15
36, 1,2, 15
36, 2,2, 15
36, 3,2, 15
36, 4,2, 15
36, 5,2, 15
36, 6,2, 15
36, 7,2, 15
36, 8,2, 15
36, 9,2, 15
36, 10,2, 15
36, 11,2, 15
36, 12,2, 15
36, 13,2, 15
36, 14,2, 15
36, 15,2, 15
36, 16,2, 15
36, 17,2, 15
36, 18,2, 15
36, 19,2, 15
36, 20,2, 15
36, 21,2, 15
36, 22,2, 15
36, 23,2, 15
36, 24,2, 15
36, 25,2, 15
36, 26,2, 15
36, 27,2, 15
36, 28,2, 15
36, 29,2, 15
36, 30,2, 15
36, 31,2, 15
36, 32,2, 15
36, 33,2, 15
36, 34,2, 15
36, 35,2, 15
36, 36,2, 15
36, 37,2, 15
36, 38,2, 15
36, 39,2, 15
36, 0,3, 15
36, 1,3, 15
36, 2,3, 15
36, 3,3, 15
36, 4,3, 15
36, 5,3, 15
36, 6,3, 15
36, 7,3, 15
36, 8,3, 15
36, 9,3, 15
36, 10,3, 15
36, 11,3, 15
36, 12,3, 15
36, 13,3, 15
36, 14,3, 15
36, 15,3, 15
36, 16,3, 15
36, 17,3, 15
36, 18,3, 15
36, 19,3, 15
36, 20,3, 15
36, 21,3, 15
36, 22,3, 15
36, 23,3, 15
36, 24,3, 15
36, 25,3, 15
36, 26,3, 15
36, 27,3, 15
36, 28,3, 15
36, 29,3, 15
36, 30,3, 15
36, 31,3, 15
36, 32,3, 15
36, 33,3, 15
36, 34,3, 15
36, 35,3, 15
36, 36,3, 15
36, 37,3, 15
36, 38,3, 15
36, 39,3, 15
36, 0,4, 15
36, 1,4, 15
36, 2,4, 15
36, 3,4, 15
36, 4,4, 15
36, 5,4, 15
36, 6,4, 15
36, 7,4, 15
36, 8,4, 15
36, 9,4, 15
36, 10,4, 15
36, 11,4, 15
36, 12,4, 15
36, 13,4, 15
36, 14,4, 15
36, 15,4, 15
36, 16,4, 15
36, 17,4, 15
36, 18,4, 15
36, 19,4, 15
36, 20,4, 15
36, 21,4, 15
36, 22,4, 15
36, 23,4, 15
36, 24,4, 15
36, 25,4, 15
36, 26,4, 15
36, 27,4, 15
36, 28,4, 15
36, 29,4, 15
36, 30,4, 15
36, 31,4, 15
36, 32,4, 15
36, 33,4, 15
36, 34,4, 15
36, 35,4, 15
36, 36,4, 15
36, 37,4, 15
36, 38,4, 15
36, 39,4, 15
37, 0,0, 15
37, 1,0, 15
37, 2,0, 15
37, 3,0, 15
37, 4,0, 15
37, 5,0, 15
37, 6,0, 15
37, 7,0, 15
37, 8,0, 15
37, 9,0, 15
37, 10,0, 15
37, 11,0, 15
37, 12,0, 15
37, 13,0, 15
37, 14,0, 15
37, 15,0, 15
37, 16,0, 15
37, 17,0, 15
37, 18,0, 15
37, 19,0, 15
37, 20,0, 15
37, 21,0, 15
37, 22,0, 15
37, 23,0, 15
37, 24,0, 15
37, 25,0, 15
37, 26,0, 15
37, 27,0, 15
37, 28,0, 15
37, 29,0, 15
37, 30,0, 15
37, 31,0, 15
37, 32,0, 15
37, 33,0, 15
37, 34,0, 15
37, 35,0, 15
37, 36,0, 15
37, 37,0, 15
37, 38,0, 15
37, 39,0, 15
37, 0,1, 15
37, 1,1, 15
37, 2,1, 15
37, 3,1, 15
37, 4,1, 15
37, 5,1, 15
37, 6,1, 15
37, 7,1, 15
37, 8,1, 15
37, 9,1, 15
37, 10,1, 15
37, 11,1, 15
37, 12,1, 15
37, 13,1, 15
37, 14,1, 15
37, 15,1, 15
37, 16,1, 15
37, 17,1, 15
37, 18,1, 15
37, 19,1, 15
37, 20,1, 15
37, 21,1, 15
37, 22,1, 15
37, 23,1, 15
37, 24,1, 15
37, 25,1, 15
37, 26,1, 15
37, 27,1, 15
37, 28,1, 15
37, 29,1, 15
37, 30,1, 15
37, 31,1, 15
37, 32,1, 15
37, 33,1, 15
37, 34,1, 15
37, 35,1, 15
37, 36,1, 15
37, 37,1, 15
37, 38,1, 15
37, 39,1, 15
37, 0,2, 15
37, 1,2, 15
37, 2,2, 15
37, 3,2, 15
37, 4,2, 15
37, 5,2, 15
37, 6,2, 15
37, 7,2, 15
37, 8,2, 15
37, 9,2, 15
37, 10,2, 15
37, 11,2, 15
37, 12,2, 15
37, 13,2, 15
37, 14,2, 15
37, 15,2, 15
37, 16,2, 15
37, 17,2, 15
37, 18,2, 15
37, 19,2, 15
37, 20,2, 15
37, 21,2, 15
37, 22,2, 15
37, 23,2, 15
37, 24,2, 15
37, 25,2, 15
37, 26,2, 15
37, 27,2, 15
37, 28,2, 15
37, 29,2, 15
37, 30,2, 15
37, 31,2, 15
37, 32,2, 15
37, 33,2, 15
37, 34,2, 15
37, 35,2, 15
37, 36,2, 15
37, 37,2, 15
37, 38,2, 15
37, 39,2, 15
37, 0,3, 15
37, 1,3, 15
37, 2,3, 15
37, 3,3, 15
37, 4,3, 15
37, 5,3, 15
37, 6,3, 15
37, 7,3, 15
37, 8,3, 15
37, 9,3, 15
37, 10,3, 15
37, 11,3, 15
37, 12,3, 15
37, 13,3, 15
37, 14,3, 15
37, 15,3, 15
37, 16,3, 15
37, 17,3, 15
37, 18,3, 15
37, 19,3, 15
37, 20,3, 15
37, 21,3, 15
37, 22,3, 15
37, 23,3, 15
37, 24,3, 15
37, 25,3, 15
37, 26,3, 15
37, 27,3, 15
37, 28,3, 15
37, 29,3, 15
37, 30,3, 15
37, 31,3, 15
37, 32,3, 15
37, 33,3, 15
37, 34,3, 15
37, 35,3, 15
37, 36,3, 15
37, 37,3, 15
37, 38,3, 15
37, 39,3, 15
37, 0,4, 15
37, 1,4, 15
37, 2,4, 15
37, 3,4, 15
37, 4,4, 15
37, 5,4, 15
37, 6,4, 15
37, 7,4, 15
37, 8,4, 15
37, 9,4, 15
37, 10,4, 15
37, 11,4, 15
37, 12,4, 15
37, 13,4, 15
37, 14,4, 15
37, 15,4, 15
37, 16,4, 15
37, 17,4, 15
37, 18,4, 15
37, 19,4, 15
37, 20,4, 15
37, 21,4, 15
37, 22,4, 15
37, 23,4, 15
37, 24,4, 15
37, 25,4, 15
37, 26,4, 15
37, 27,4, 15
37, 28,4, 15
37, 29,4, 15
37, 30,4, 15
37, 31,4, 15
37, 32,4, 15
37, 33,4, 15
37, 34,4, 15
37, 35,4, 15
37, 36,4, 15
37, 37,4, 15
37, 38,4, 15
37, 39,4, 15
38, 0,0, 15
38, 1,0, 15
38, 2,0, 15
38, 3,0, 15
38, 4,0, 15
38, 5,0, 15
38, 6,0, 15
38, 7,0, 15
38, 8,0, 15
38, 9,0, 15
38, 10,0, 15
38, 11,0, 15
38, 12,0, 15
38, 13,0, 15
38, 14,0, 15
38, 15,0, 15
38, 16,0, 15
38, 17,0, 15
38, 18,0, 15
38, 19,0, 15
38, 20,0, 15
38, 21,0, 15
38, 22,0, 15
38, 23,0, 15
38, 24,0, 15
38, 25,0, 15
38, 26,0, 15
38, 27,0, 15
38, 28,0, 15
38, 29,0, 15
38, 30,0, 15
38, 31,0, 15
38, 32,0, 15
38, 33,0, 15
38, 34,0, 15
38, 35,0, 15
38, 36,0, 15
38, 37,0, 15
38, 38,0, 15
38, 39,0, 15
38, 0,1, 15
38, 1,1, 15
38, 2,1, 15
38, 3,1, 15
38, 4,1, 15
38, 5,1, 15
38, 6,1, 15
38, 7,1, 15
38, 8,1, 15
38, 9,1, 15
38, 10,1, 15
38, 11,1, 15
38, 12,1, 15
38, 13,1, 15
38, 14,1, 15
38, 15,1, 15
38, 16,1, 15
38, 17,1, 15
38, 18,1, 15
38, 19,1, 15
38, 20,1, 15
38, 21,1, 15
38, 22,1, 15
38, 23,1, 15
38, 24,1, 15
38, 25,1, 15
38, 26,1, 15
38, 27,1, 15
38, 28,1, 15
38, 29,1, 15
38, 30,1, 15
38, 31,1, 15
38, 32,1, 15
38, 33,1, 15
38, 34,1, 15
38, 35,1, 15
38, 36,1, 15
38, 37,1, 15
38, 38,1, 15
38, 39,1, 15
38, 0,2, 15
38, 1,2, 15
38, 2,2, 15
38, 3,2, 15
38, 4,2, 15
38, 5,2, 15
38, 6,2, 15
38, 7,2, 15
38, 8,2, 15
38, 9,2, 15
38, 10,2, 15
38, 11,2, 15
38, 12,2, 15
38, 13,2, 15
38, 14,2, 15
38, 15,2, 15
38, 16,2, 15
38, 17,2, 15
38, 18,2, 15
38, 19,2, 15
38, 20,2, 15
38, 21,2, 15
38, 22,2, 15
38, 23,2, 15
38, 24,2, 15
38, 25,2, 15
38, 26,2, 15
38, 27,2, 15
38, 28,2, 15
38, 29,2, 15
38, 30,2, 15
38, 31,2, 15
38, 32,2, 15
38, 33,2, 15
38, 34,2, 15
38, 35,2, 15
38, 36,2, 15
38, 37,2, 15
38, 38,2, 15
38, 39,2, 15
38, 0,3, 15
38, 1,3, 15
38, 2,3, 15
38, 3,3, 15
38, 4,3, 15
38, 5,3, 15
38, 6,3, 15
38, 7,3, 15
38, 8,3, 15
38, 9,3, 15
38, 10,3, 15
38, 11,3, 15
38, 12,3, 15
38, 13,3, 15
38, 14,3, 15
38, 15,3, 15
38, 16,3, 15
38, 17,3, 15
38, 18,3, 15
38, 19,3, 15
38, 20,3, 15
38, 21,3, 15
38, 22,3, 15
38, 23,3, 15
38, 24,3, 15
38, 25,3, 15
38, 26,3, 15
38, 27,3, 15
38, 28,3, 15
38, 29,3, 15
38, 30,3, 15
38, 31,3, 15
38, 32,3, 15
38, 33,3, 15
38, 34,3, 15
38, 35,3, 15
38, 36,3, 15
38, 37,3, 15
38, 38,3, 15
38, 39,3, 15
38, 0,4, 15
38, 1,4, 15
38, 2,4, 15
38, 3,4, 15
38, 4,4, 15
38, 5,4, 15
38, 6,4, 15
38, 7,4, 15
38, 8,4, 15
38, 9,4, 15
38, 10,4, 15
38, 11,4, 15
38, 12,4, 15
38, 13,4, 15
38, 14,4, 15
38, 15,4, 15
38, 16,4, 15
38, 17,4, 15
38, 18,4, 15
38, 19,4, 15
38, 20,4, 15
38, 21,4, 15
38, 22,4, 15
38, 23,4, 15
38, 24,4, 15
38, 25,4, 15
38, 26,4, 15
38, 27,4, 15
38, 28,4, 15
38, 29,4, 15
38, 30,4, 15
38, 31,4, 15
38, 32,4, 15
38, 33,4, 15
38, 34,4, 15
38, 35,4, 15
38, 36,4, 15
38, 37,4, 15
38, 38,4, 15
38, 39,4, 15
39, 0,0, 15
39, 1,0, 15
39, 2,0, 15
39, 3,0, 15
39, 4,0, 15
39, 5,0, 15
39, 6,0, 15
39, 7,0, 15
39, 8,0, 15
39, 9,0, 15
39, 10,0, 15
39, 11,0, 15
39, 12,0, 15
39, 13,0, 15
39, 14,0, 15
39, 15,0, 15
39, 16,0, 15
39, 17,0, 15
39, 18,0, 15
39, 19,0, 15
39, 20,0, 15
39, 21,0, 15
39, 22,0, 15
39, 23,0, 15
39, 24,0, 15
39, 25,0, 15
39, 26,0, 15
39, 27,0, 15
39, 28,0, 15
39, 29,0, 15
39, 30,0, 15
39, 31,0, 15
39, 32,0, 15
39, 33,0, 15
39, 34,0, 15
39, 35,0, 15
39, 36,0, 15
39, 37,0, 15
39, 38,0, 15
39, 39,0, 15
39, 0,1, 15
39, 1,1, 15
39, 2,1, 15
39, 3,1, 15
39, 4,1, 15
39, 5,1, 15
39, 6,1, 15
39, 7,1, 15
39, 8,1, 15
39, 9,1, 15
39, 10,1, 15
39, 11,1, 15
39, 12,1, 15
39, 13,1, 15
39, 14,1, 15
39, 15,1, 15
39, 16,1, 15
39, 17,1, 15
39, 18,1, 15
39, 19,1, 15
39, 20,1, 15
39, 21,1, 15
39, 22,1, 15
39, 23,1, 15
39, 24,1, 15
39, 25,1, 15
39, 26,1, 15
39, 27,1, 15
39, 28,1, 15
39, 29,1, 15
39, 30,1, 15
39, 31,1, 15
39, 32,1, 15
39, 33,1, 15
39, 34,1, 15
39, 35,1, 15
39, 36,1, 15
39, 37,1, 15
39, 38,1, 15
39, 39,1, 15
39, 0,2, 15
39, 1,2, 15
39, 2,2, 15
39, 3,2, 15
39, 4,2, 15
39, 5,2, 15
39, 6,2, 15
39, 7,2, 15
39, 8,2, 15
39, 9,2, 15
39, 10,2, 15
39, 11,2, 15
39, 12,2, 15
39, 13,2, 15
39, 14,2, 15
39, 15,2, 15
39, 16,2, 15
39, 17,2, 15
39, 18,2, 15
39, 19,2, 15
39, 20,2, 15
39, 21,2, 15
39, 22,2, 15
39, 23,2, 15
39, 24,2, 15
39, 25,2, 15
39, 26,2, 15
39, 27,2, 15
39, 28,2, 15
39, 29,2, 15
39, 30,2, 15
39, 31,2, 15
39, 32,2, 15
39, 33,2, 15
39, 34,2, 15
39, 35,2, 15
39, 36,2, 15
39, 37,2, 15
39, 38,2, 15
39, 39,2, 15
39, 0,3, 15
39, 1,3, 15
39, 2,3, 15
39, 3,3, 15
39, 4,3, 15
39, 5,3, 15
39, 6,3, 15
39, 7,3, 15
39, 8,3, 15
39, 9,3, 15
39, 10,3, 15
39, 11,3, 15
39, 12,3, 15
39, 13,3, 15
39, 14,3, 15
39, 15,3, 15
39, 16,3, 15
39, 17,3, 15
39, 18,3, 15
39, 19,3, 15
39, 20,3, 15
39, 21,3, 15
39, 22,3, 15
39, 23,3, 15
39, 24,3, 15
39, 25,3, 15
39, 26,3, 15
39, 27,3, 15
39, 28,3, 15
39, 29,3, 15
39, 30,3, 15
39, 31,3, 15
39, 32,3, 15
39, 33,3, 15
39, 34,3, 15
39, 35,3, 15
39, 36,3, 15
39, 37,3, 15
39, 38,3, 15
39, 39,3, 15
39, 0,4, 15
39, 1,4, 15
39, 2,4, 15
39, 3,4, 15
39, 4,4, 15
39, 5,4, 15
39, 6,4, 15
39, 7,4, 15
39, 8,4, 15
39, 9,4, 15
39, 10,4, 15
39, 11,4, 15
39, 12,4, 15
39, 13,4, 15
39, 14,4, 15
39, 15,4, 15
39, 16,4, 15
39, 17,4, 15
39, 18,4, 15
39, 19,4, 15
39, 20,4, 15
39, 21,4, 15
39, 22,4, 15
39, 23,4, 15
39, 24,4, 15
39, 25,4, 15
39, 26,4, 15
39, 27,4, 15
39, 28,4, 15
39, 29,4, 15
39, 30,4, 15
39, 31,4, 15
39, 32,4, 15
39, 33,4, 15
39, 34,4, 15
39, 35,4, 15
39, 36,4, 15
39, 37,4, 15
39, 38,4, 15
39, 39,4, 15
40, 0,0, 15
40, 1,0, 15
40, 2,0, 15
40, 3,0, 15
40, 4,0, 15
40, 5,0, 15
40, 6,0, 15
40, 7,0, 15
40, 8,0, 15
40, 9,0, 15
40, 10,0, 15
40, 11,0, 15
40, 12,0, 15
40, 13,0, 15
40, 14,0, 15
40, 15,0, 15
40, 16,0, 15
40, 17,0, 15
40, 18,0, 15
40, 19,0, 15
40, 20,0, 15
40, 21,0, 15
40, 22,0, 15
40, 23,0, 15
40, 24,0, 15
40, 25,0, 15
40, 26,0, 15
40, 27,0, 15
40, 28,0, 15
40, 29,0, 15
40, 30,0, 15
40, 31,0, 15
40, 32,0, 15
40, 33,0, 15
40, 34,0, 15
40, 35,0, 15
40, 36,0, 15
40, 37,0, 15
40, 38,0, 15
40, 39,0, 15
40, 0,1, 15
40, 1,1, 15
40, 2,1, 15
40, 3,1, 15
40, 4,1, 15
40, 5,1, 15
40, 6,1, 15
40, 7,1, 15
40, 8,1, 15
40, 9,1, 15
40, 10,1, 15
40, 11,1, 15
40, 12,1, 15
40, 13,1, 15
40, 14,1, 15
40, 15,1, 15
40, 16,1, 15
40, 17,1, 15
40, 18,1, 15
40, 19,1, 15
40, 20,1, 15
40, 21,1, 15
40, 22,1, 15
40, 23,1, 15
40, 24,1, 15
40, 25,1, 15
40, 26,1, 15
40, 27,1, 15
40, 28,1, 15
40, 29,1, 15
40, 30,1, 15
40, 31,1, 15
40, 32,1, 15
40, 33,1, 15
40, 34,1, 15
40, 35,1, 15
40, 36,1, 15
40, 37,1, 15
40, 38,1, 15
40, 39,1, 15
40, 0,2, 15
40, 1,2, 15
40, 2,2, 15
40, 3,2, 15
40, 4,2, 15
40, 5,2, 15
40, 6,2, 15
40, 7,2, 15
40, 8,2, 15
40, 9,2, 15
40, 10,2, 15
40, 11,2, 15
40, 12,2, 15
40, 13,2, 15
40, 14,2, 15
40, 15,2, 15
40, 16,2, 15
40, 17,2, 15
40, 18,2, 15
40, 19,2, 15
40, 20,2, 15
40, 21,2, 15
40, 22,2, 15
40, 23,2, 15
40, 24,2, 15
40, 25,2, 15
40, 26,2, 15
40, 27,2, 15
40, 28,2, 15
40, 29,2, 15
40, 30,2, 15
40, 31,2, 15
40, 32,2, 15
40, 33,2, 15
40, 34,2, 15
40, 35,2, 15
40, 36,2, 15
40, 37,2, 15
40, 38,2, 15
40, 39,2, 15
40, 0,3, 15
40, 1,3, 15
40, 2,3, 15
40, 3,3, 15
40, 4,3, 15
40, 5,3, 15
40, 6,3, 15
40, 7,3, 15
40, 8,3, 15
40, 9,3, 15
40, 10,3, 15
40, 11,3, 15
40, 12,3, 15
40, 13,3, 15
40, 14,3, 15
40, 15,3, 15
40, 16,3, 15
40, 17,3, 15
40, 18,3, 15
40, 19,3, 15
40, 20,3, 15
40, 21,3, 15
40, 22,3, 15
40, 23,3, 15
40, 24,3, 15
40, 25,3, 15
40, 26,3, 15
40, 27,3, 15
40, 28,3, 15
40, 29,3, 15
40, 30,3, 15
40, 31,3, 15
40, 32,3, 15
40, 33,3, 15
40, 34,3, 15
40, 35,3, 15
40, 36,3, 15
40, 37,3, 15
40, 38,3, 15
40, 39,3, 15
40, 0,4, 15
40, 1,4, 15
40, 2,4, 15
40, 3,4, 15
40, 4,4, 15
40, 5,4, 15
40, 6,4, 15
40, 7,4, 15
40, 8,4, 15
40, 9,4, 15
40, 10,4, 15
40, 11,4, 15
40, 12,4, 15
40, 13,4, 15
40, 14,4, 15
40, 15,4, 15
40, 16,4, 15
40, 17,4, 15
40, 18,4, 15
40, 19,4, 15
40, 20,4, 15
40, 21,4, 15
40, 22,4, 15
40, 23,4, 15
40, 24,4, 15
40, 25,4, 15
40, 26,4, 15
40, 27,4, 15
40, 28,4, 15
40, 29,4, 15
40, 30,4, 15
40, 31,4, 15
40, 32,4, 15
40, 33,4, 15
40, 34,4, 15
40, 35,4, 15
40, 36,4, 15
40, 37,4, 15
40, 38,4, 15
40, 39,4, 15
41, 0,0, 15
41, 1,0, 15
41, 2,0, 15
41, 3,0, 15
41, 4,0, 15
41, 5,0, 15
41, 6,0, 15
41, 7,0, 15
41, 8,0, 15
41, 9,0, 15
41, 10,0, 15
41, 11,0, 15
41, 12,0, 15
41, 13,0, 15
41, 14,0, 15
41, 15,0, 15
41, 16,0, 15
41, 17,0, 15
41, 18,0, 15
41, 19,0, 15
41, 20,0, 15
41, 21,0, 15
41, 22,0, 15
41, 23,0, 15
41, 24,0, 15
41, 25,0, 15
41, 26,0, 15
41, 27,0, 15
41, 28,0, 15
41, 29,0, 15
41, 30,0, 15
41, 31,0, 15
41, 32,0, 15
41, 33,0, 15
41, 34,0, 15
41, 35,0, 15
41, 36,0, 15
41, 37,0, 15
41, 38,0, 15
41, 39,0, 15
41, 0,1, 15
41, 1,1, 15
41, 2,1, 15
41, 3,1, 15
41, 4,1, 15
41, 5,1, 15
41, 6,1, 15
41, 7,1, 15
41, 8,1, 15
41, 9,1, 15
41, 10,1, 15
41, 11,1, 15
41, 12,1, 15
41, 13,1, 15
41, 14,1, 15
41, 15,1, 15
41, 16,1, 15
41, 17,1, 15
41, 18,1, 15
41, 19,1, 15
41, 20,1, 15
41, 21,1, 15
41, 22,1, 15
41, 23,1, 15
41, 24,1, 15
41, 25,1, 15
41, 26,1, 15
41, 27,1, 15
41, 28,1, 15
41, 29,1, 15
41, 30,1, 15
41, 31,1, 15
41, 32,1, 15
41, 33,1, 15
41, 34,1, 15
41, 35,1, 15
41, 36,1, 15
41, 37,1, 15
41, 38,1, 15
41, 39,1, 15
41, 0,2, 15
41, 1,2, 15
41, 2,2, 15
41, 3,2, 15
41, 4,2, 15
41, 5,2, 15
41, 6,2, 15
41, 7,2, 15
41, 8,2, 15
41, 9,2, 15
41, 10,2, 15
41, 11,2, 15
41, 12,2, 15
41, 13,2, 15
41, 14,2, 15
41, 15,2, 15
41, 16,2, 15
41, 17,2, 15
41, 18,2, 15
41, 19,2, 15
41, 20,2, 15
41, 21,2, 15
41, 22,2, 15
41, 23,2, 15
41, 24,2, 15
41, 25,2, 15
41, 26,2, 15
41, 27,2, 15
41, 28,2, 15
41, 29,2, 15
41, 30,2, 15
41, 31,2, 15
41, 32,2, 15
41, 33,2, 15
41, 34,2, 15
41, 35,2, 15
41, 36,2, 15
41, 37,2, 15
41, 38,2, 15
41, 39,2, 15
41, 0,3, 15
41, 1,3, 15
41, 2,3, 15
41, 3,3, 15
41, 4,3, 15
41, 5,3, 15
41, 6,3, 15
41, 7,3, 15
41, 8,3, 15
41, 9,3, 15
41, 10,3, 15
41, 11,3, 15
41, 12,3, 15
41, 13,3, 15
41, 14,3, 15
41, 15,3, 15
41, 16,3, 15
41, 17,3, 15
41, 18,3, 15
41, 19,3, 15
41, 20,3, 15
41, 21,3, 15
41, 22,3, 15
41, 23,3, 15
41, 24,3, 15
41, 25,3, 15
41, 26,3, 15
41, 27,3, 15
41, 28,3, 15
41, 29,3, 15
41, 30,3, 15
41, 31,3, 15
41, 32,3, 15
41, 33,3, 15
41, 34,3, 15
41, 35,3, 15
41, 36,3, 15
41, 37,3, 15
41, 38,3, 15
41, 39,3, 15
41, 0,4, 15
41, 1,4, 15
41, 2,4, 15
41, 3,4, 15
41, 4,4, 15
41, 5,4, 15
41, 6,4, 15
41, 7,4, 15
41, 8,4, 15
41, 9,4, 15
41, 10,4, 15
41, 11,4, 15
41, 12,4, 15
41, 13,4, 15
41, 14,4, 15
41, 15,4, 15
41, 16,4, 15
41, 17,4, 15
41, 18,4, 15
41, 19,4, 15
41, 20,4, 15
41, 21,4, 15
41, 22,4, 15
41, 23,4, 15
41, 24,4, 15
41, 25,4, 15
41, 26,4, 15
41, 27,4, 15
41, 28,4, 15
41, 29,4, 15
41, 30,4, 15
41, 31,4, 15
41, 32,4, 15
41, 33,4, 15
41, 34,4, 15
41, 35,4, 15
41, 36,4, 15
41, 37,4, 15
41, 38,4, 15
41, 39,4, 15
42, 0,0, 15
42, 1,0, 15
42, 2,0, 15
42, 3,0, 15
42, 4,0, 15
42, 5,0, 15
42, 6,0, 15
42, 7,0, 15
42, 8,0, 15
42, 9,0, 15
42, 10,0, 15
42, 11,0, 15
42, 12,0, 15
42, 13,0, 15
42, 14,0, 15
42, 15,0, 15
42, 16,0, 15
42, 17,0, 15
42, 18,0, 15
42, 19,0, 15
42, 20,0, 15
42, 21,0, 15
42, 22,0, 15
42, 23,0, 15
42, 24,0, 15
42, 25,0, 15
42, 26,0, 15
42, 27,0, 15
42, 28,0, 15
42, 29,0, 15
42, 30,0, 15
42, 31,0, 15
42, 32,0, 15
42, 33,0, 15
42, 34,0, 15
42, 35,0, 15
42, 36,0, 15
42, 37,0, 15
42, 38,0, 15
42, 39,0, 15
42, 0,1, 15
42, 1,1, 15
42, 2,1, 15
42, 3,1, 15
42, 4,1, 15
42, 5,1, 15
42, 6,1, 15
42, 7,1, 15
42, 8,1, 15
42, 9,1, 15
42, 10,1, 15
42, 11,1, 15
42, 12,1, 15
42, 13,1, 15
42, 14,1, 15
42, 15,1, 15
42, 16,1, 15
42, 17,1, 15
42, 18,1, 15
42, 19,1, 15
42, 20,1, 15
42, 21,1, 15
42, 22,1, 15
42, 23,1, 15
42, 24,1, 15
42, 25,1, 15
42, 26,1, 15
42, 27,1, 15
42, 28,1, 15
42, 29,1, 15
42, 30,1, 15
42, 31,1, 15
42, 32,1, 15
42, 33,1, 15
42, 34,1, 15
42, 35,1, 15
42, 36,1, 15
42, 37,1, 15
42, 38,1, 15
42, 39,1, 15
42, 0,2, 15
42, 1,2, 15
42, 2,2, 15
42, 3,2, 15
42, 4,2, 15
42, 5,2, 15
42, 6,2, 15
42, 7,2, 15
42, 8,2, 15
42, 9,2, 15
42, 10,2, 15
42, 11,2, 15
42, 12,2, 15
42, 13,2, 15
42, 14,2, 15
42, 15,2, 15
42, 16,2, 15
42, 17,2, 15
42, 18,2, 15
42, 19,2, 15
42, 20,2, 15
42, 21,2, 15
42, 22,2, 15
42, 23,2, 15
42, 24,2, 15
42, 25,2, 15
42, 26,2, 15
42, 27,2, 15
42, 28,2, 15
42, 29,2, 15
42, 30,2, 15
42, 31,2, 15
42, 32,2, 15
42, 33,2, 15
42, 34,2, 15
42, 35,2, 15
42, 36,2, 15
42, 37,2, 15
42, 38,2, 15
42, 39,2, 15
42, 0,3, 15
42, 1,3, 15
42, 2,3, 15
42, 3,3, 15
42, 4,3, 15
42, 5,3, 15
42, 6,3, 15
42, 7,3, 15
42, 8,3, 15
42, 9,3, 15
42, 10,3, 15
42, 11,3, 15
42, 12,3, 15
42, 13,3, 15
42, 14,3, 15
42, 15,3, 15
42, 16,3, 15
42, 17,3, 15
42, 18,3, 15
42, 19,3, 15
42, 20,3, 15
42, 21,3, 15
42, 22,3, 15
42, 23,3, 15
42, 24,3, 15
42, 25,3, 15
42, 26,3, 15
42, 27,3, 15
42, 28,3, 15
42, 29,3, 15
42, 30,3, 15
42, 31,3, 15
42, 32,3, 15
42, 33,3, 15
42, 34,3, 15
42, 35,3, 15
42, 36,3, 15
42, 37,3, 15
42, 38,3, 15
42, 39,3, 15
42, 0,4, 15
42, 1,4, 15
42, 2,4, 15
42, 3,4, 15
42, 4,4, 15
42, 5,4, 15
42, 6,4, 15
42, 7,4, 15
42, 8,4, 15
42, 9,4, 15
42, 10,4, 15
42, 11,4, 15
42, 12,4, 15
42, 13,4, 15
42, 14,4, 15
42, 15,4, 15
42, 16,4, 15
42, 17,4, 15
42, 18,4, 15
42, 19,4, 15
42, 20,4, 15
42, 21,4, 15
42, 22,4, 15
42, 23,4, 15
42, 24,4, 15
42, 25,4, 15
42, 26,4, 15
42, 27,4, 15
42, 28,4, 15
42, 29,4, 15
42, 30,4, 15
42, 31,4, 15
42, 32,4, 15
42, 33,4, 15
42, 34,4, 15
42, 35,4, 15
42, 36,4, 15
42, 37,4, 15
42, 38,4, 15
42, 39,4, 15
43, 0,0, 15
43, 1,0, 15
43, 2,0, 15
43, 3,0, 15
43, 4,0, 15
43, 5,0, 15
43, 6,0, 15
43, 7,0, 15
43, 8,0, 15
43, 9,0, 15
43, 10,0, 15
43, 11,0, 15
43, 12,0, 15
43, 13,0, 15
43, 14,0, 15
43, 15,0, 15
43, 16,0, 15
43, 17,0, 15
43, 18,0, 15
43, 19,0, 15
43, 20,0, 15
43, 21,0, 15
43, 22,0, 15
43, 23,0, 15
43, 24,0, 15
43, 25,0, 15
43, 26,0, 15
43, 27,0, 15
43, 28,0, 15
43, 29,0, 15
43, 30,0, 15
43, 31,0, 15
43, 32,0, 15
43, 33,0, 15
43, 34,0, 15
43, 35,0, 15
43, 36,0, 15
43, 37,0, 15
43, 38,0, 15
43, 39,0, 15
43, 0,1, 15
43, 1,1, 15
43, 2,1, 15
43, 3,1, 15
43, 4,1, 15
43, 5,1, 15
43, 6,1, 15
43, 7,1, 15
43, 8,1, 15
43, 9,1, 15
43, 10,1, 15
43, 11,1, 15
43, 12,1, 15
43, 13,1, 15
43, 14,1, 15
43, 15,1, 15
43, 16,1, 15
43, 17,1, 15
43, 18,1, 15
43, 19,1, 15
43, 20,1, 15
43, 21,1, 15
43, 22,1, 15
43, 23,1, 15
43, 24,1, 15
43, 25,1, 15
43, 26,1, 15
43, 27,1, 15
43, 28,1, 15
43, 29,1, 15
43, 30,1, 15
43, 31,1, 15
43, 32,1, 15
43, 33,1, 15
43, 34,1, 15
43, 35,1, 15
43, 36,1, 15
43, 37,1, 15
43, 38,1, 15
43, 39,1, 15
43, 0,2, 15
43, 1,2, 15
43, 2,2, 15
43, 3,2, 15
43, 4,2, 15
43, 5,2, 15
43, 6,2, 15
43, 7,2, 15
43, 8,2, 15
43, 9,2, 15
43, 10,2, 15
43, 11,2, 15
43, 12,2, 15
43, 13,2, 15
43, 14,2, 15
43, 15,2, 15
43, 16,2, 15
43, 17,2, 15
43, 18,2, 15
43, 19,2, 15
43, 20,2, 15
43, 21,2, 15
43, 22,2, 15
43, 23,2, 15
43, 24,2, 15
43, 25,2, 15
43, 26,2, 15
43, 27,2, 15
43, 28,2, 15
43, 29,2, 15
43, 30,2, 15
43, 31,2, 15
43, 32,2, 15
43, 33,2, 15
43, 34,2, 15
43, 35,2, 15
43, 36,2, 15
43, 37,2, 15
43, 38,2, 15
43, 39,2, 15
43, 0,3, 15
43, 1,3, 15
43, 2,3, 15
43, 3,3, 15
43, 4,3, 15
43, 5,3, 15
43, 6,3, 15
43, 7,3, 15
43, 8,3, 15
43, 9,3, 15
43, 10,3, 15
43, 11,3, 15
43, 12,3, 15
43, 13,3, 15
43, 14,3, 15
43, 15,3, 15
43, 16,3, 15
43, 17,3, 15
43, 18,3, 15
43, 19,3, 15
43, 20,3, 15
43, 21,3, 15
43, 22,3, 15
43, 23,3, 15
43, 24,3, 15
43, 25,3, 15
43, 26,3, 15
43, 27,3, 15
43, 28,3, 15
43, 29,3, 15
43, 30,3, 15
43, 31,3, 15
43, 32,3, 15
43, 33,3, 15
43, 34,3, 15
43, 35,3, 15
43, 36,3, 15
43, 37,3, 15
43, 38,3, 15
43, 39,3, 15
43, 0,4, 15
43, 1,4, 15
43, 2,4, 15
43, 3,4, 15
43, 4,4, 15
43, 5,4, 15
43, 6,4, 15
43, 7,4, 15
43, 8,4, 15
43, 9,4, 15
43, 10,4, 15
43, 11,4, 15
43, 12,4, 15
43, 13,4, 15
43, 14,4, 15
43, 15,4, 15
43, 16,4, 15
43, 17,4, 15
43, 18,4, 15
43, 19,4, 15
43, 20,4, 15
43, 21,4, 15
43, 22,4, 15
43, 23,4, 15
43, 24,4, 15
43, 25,4, 15
43, 26,4, 15
43, 27,4, 15
43, 28,4, 15
43, 29,4, 15
43, 30,4, 15
43, 31,4, 15
43, 32,4, 15
43, 33,4, 15
43, 34,4, 15
43, 35,4, 15
43, 36,4, 15
43, 37,4, 15
43, 38,4, 15
43, 39,4, 15
44, 0,0, 15
44, 1,0, 15
44, 2,0, 15
44, 3,0, 15
44, 4,0, 15
44, 5,0, 15
44, 6,0, 15
44, 7,0, 15
44, 8,0, 15
44, 9,0, 15
44, 10,0, 15
44, 11,0, 15
44, 12,0, 15
44, 13,0, 15
44, 14,0, 15
44, 15,0, 15
44, 16,0, 15
44, 17,0, 15
44, 18,0, 15
44, 19,0, 15
44, 20,0, 15
44, 21,0, 15
44, 22,0, 15
44, 23,0, 15
44, 24,0, 15
44, 25,0, 15
44, 26,0, 15
44, 27,0, 15
44, 28,0, 15
44, 29,0, 15
44, 30,0, 15
44, 31,0, 15
44, 32,0, 15
44, 33,0, 15
44, 34,0, 15
44, 35,0, 15
44, 36,0, 15
44, 37,0, 15
44, 38,0, 15
44, 39,0, 15
44, 0,1, 15
44, 1,1, 15
44, 2,1, 15
44, 3,1, 15
44, 4,1, 15
44, 5,1, 15
44, 6,1, 15
44, 7,1, 15
44, 8,1, 15
44, 9,1, 15
44, 10,1, 15
44, 11,1, 15
44, 12,1, 15
44, 13,1, 15
44, 14,1, 15
44, 15,1, 15
44, 16,1, 15
44, 17,1, 15
44, 18,1, 15
44, 19,1, 15
44, 20,1, 15
44, 21,1, 15
44, 22,1, 15
44, 23,1, 15
44, 24,1, 15
44, 25,1, 15
44, 26,1, 15
44, 27,1, 15
44, 28,1, 15
44, 29,1, 15
44, 30,1, 15
44, 31,1, 15
44, 32,1, 15
44, 33,1, 15
44, 34,1, 15
44, 35,1, 15
44, 36,1, 15
44, 37,1, 15
44, 38,1, 15
44, 39,1, 15
44, 0,2, 15
44, 1,2, 15
44, 2,2, 15
44, 3,2, 15
44, 4,2, 15
44, 5,2, 15
44, 6,2, 15
44, 7,2, 15
44, 8,2, 15
44, 9,2, 15
44, 10,2, 15
44, 11,2, 15
44, 12,2, 15
44, 13,2, 15
44, 14,2, 15
44, 15,2, 15
44, 16,2, 15
44, 17,2, 15
44, 18,2, 15
44, 19,2, 15
44, 20,2, 15
44, 21,2, 15
44, 22,2, 15
44, 23,2, 15
44, 24,2, 15
44, 25,2, 15
44, 26,2, 15
44, 27,2, 15
44, 28,2, 15
44, 29,2, 15
44, 30,2, 15
44, 31,2, 15
44, 32,2, 15
44, 33,2, 15
44, 34,2, 15
44, 35,2, 15
44, 36,2, 15
44, 37,2, 15
44, 38,2, 15
44, 39,2, 15
44, 0,3, 15
44, 1,3, 15
44, 2,3, 15
44, 3,3, 15
44, 4,3, 15
44, 5,3, 15
44, 6,3, 15
44, 7,3, 15
44, 8,3, 15
44, 9,3, 15
44, 10,3, 15
44, 11,3, 15
44, 12,3, 15
44, 13,3, 15
44, 14,3, 15
44, 15,3, 15
44, 16,3, 15
44, 17,3, 15
44, 18,3, 15
44, 19,3, 15
44, 20,3, 15
44, 21,3, 15
44, 22,3, 15
44, 23,3, 15
44, 24,3, 15
44, 25,3, 15
44, 26,3, 15
44, 27,3, 15
44, 28,3, 15
44, 29,3, 15
44, 30,3, 15
44, 31,3, 15
44, 32,3, 15
44, 33,3, 15
44, 34,3, 15
44, 35,3, 15
44, 36,3, 15
44, 37,3, 15
44, 38,3, 15
44, 39,3, 15
44, 0,4, 15
44, 1,4, 15
44, 2,4, 15
44, 3,4, 15
44, 4,4, 15
44, 5,4, 15
44, 6,4, 15
44, 7,4, 15
44, 8,4, 15
44, 9,4, 15
44, 10,4, 15
44, 11,4, 15
44, 12,4, 15
44, 13,4, 15
44, 14,4, 15
44, 15,4, 15
44, 16,4, 15
44, 17,4, 15
44, 18,4, 15
44, 19,4, 15
44, 20,4, 15
44, 21,4, 15
44, 22,4, 15
44, 23,4, 15
44, 24,4, 15
44, 25,4, 15
44, 26,4, 15
44, 27,4, 15
44, 28,4, 15
44, 29,4, 15
44, 30,4, 15
44, 31,4, 15
44, 32,4, 15
44, 33,4, 15
44, 34,4, 15
44, 35,4, 15
44, 36,4, 15
44, 37,4, 15
44, 38,4, 15
44, 39,4, 15
45, 0,0, 15
45, 1,0, 15
45, 2,0, 15
45, 3,0, 15
45, 4,0, 15
45, 5,0, 15
45, 6,0, 15
45, 7,0, 15
45, 8,0, 15
45, 9,0, 15
45, 10,0, 15
45, 11,0, 15
45, 12,0, 15
45, 13,0, 15
45, 14,0, 15
45, 15,0, 15
45, 16,0, 15
45, 17,0, 15
45, 18,0, 15
45, 19,0, 15
45, 20,0, 15
45, 21,0, 15
45, 22,0, 15
45, 23,0, 15
45, 24,0, 15
45, 25,0, 15
45, 26,0, 15
45, 27,0, 15
45, 28,0, 15
45, 29,0, 15
45, 30,0, 15
45, 31,0, 15
45, 32,0, 15
45, 33,0, 15
45, 34,0, 15
45, 35,0, 15
45, 36,0, 15
45, 37,0, 15
45, 38,0, 15
45, 39,0, 15
45, 0,1, 15
45, 1,1, 15
45, 2,1, 15
45, 3,1, 15
45, 4,1, 15
45, 5,1, 15
45, 6,1, 15
45, 7,1, 15
45, 8,1, 15
45, 9,1, 15
45, 10,1, 15
45, 11,1, 15
45, 12,1, 15
45, 13,1, 15
45, 14,1, 15
45, 15,1, 15
45, 16,1, 15
45, 17,1, 15
45, 18,1, 15
45, 19,1, 15
45, 20,1, 15
45, 21,1, 15
45, 22,1, 15
45, 23,1, 15
45, 24,1, 15
45, 25,1, 15
45, 26,1, 15
45, 27,1, 15
45, 28,1, 15
45, 29,1, 15
45, 30,1, 15
45, 31,1, 15
45, 32,1, 15
45, 33,1, 15
45, 34,1, 15
45, 35,1, 15
45, 36,1, 15
45, 37,1, 15
45, 38,1, 15
45, 39,1, 15
45, 0,2, 15
45, 1,2, 15
45, 2,2, 15
45, 3,2, 15
45, 4,2, 15
45, 5,2, 15
45, 6,2, 15
45, 7,2, 15
45, 8,2, 15
45, 9,2, 15
45, 10,2, 15
45, 11,2, 15
45, 12,2, 15
45, 13,2, 15
45, 14,2, 15
45, 15,2, 15
45, 16,2, 15
45, 17,2, 15
45, 18,2, 15
45, 19,2, 15
45, 20,2, 15
45, 21,2, 15
45, 22,2, 15
45, 23,2, 15
45, 24,2, 15
45, 25,2, 15
45, 26,2, 15
45, 27,2, 15
45, 28,2, 15
45, 29,2, 15
45, 30,2, 15
45, 31,2, 15
45, 32,2, 15
45, 33,2, 15
45, 34,2, 15
45, 35,2, 15
45, 36,2, 15
45, 37,2, 15
45, 38,2, 15
45, 39,2, 15
45, 0,3, 15
45, 1,3, 15
45, 2,3, 15
45, 3,3, 15
45, 4,3, 15
45, 5,3, 15
45, 6,3, 15
45, 7,3, 15
45, 8,3, 15
45, 9,3, 15
45, 10,3, 15
45, 11,3, 15
45, 12,3, 15
45, 13,3, 15
45, 14,3, 15
45, 15,3, 15
45, 16,3, 15
45, 17,3, 15
45, 18,3, 15
45, 19,3, 15
45, 20,3, 15
45, 21,3, 15
45, 22,3, 15
45, 23,3, 15
45, 24,3, 15
45, 25,3, 15
45, 26,3, 15
45, 27,3, 15
45, 28,3, 15
45, 29,3, 15
45, 30,3, 15
45, 31,3, 15
45, 32,3, 15
45, 33,3, 15
45, 34,3, 15
45, 35,3, 15
45, 36,3, 15
45, 37,3, 15
45, 38,3, 15
45, 39,3, 15
45, 0,4, 15
45, 1,4, 15
45, 2,4, 15
45, 3,4, 15
45, 4,4, 15
45, 5,4, 15
45, 6,4, 15
45, 7,4, 15
45, 8,4, 15
45, 9,4, 15
45, 10,4, 15
45, 11,4, 15
45, 12,4, 15
45, 13,4, 15
45, 14,4, 15
45, 15,4, 15
45, 16,4, 15
45, 17,4, 15
45, 18,4, 15
45, 19,4, 15
45, 20,4, 15
45, 21,4, 15
45, 22,4, 15
45, 23,4, 15
45, 24,4, 15
45, 25,4, 15
45, 26,4, 15
45, 27,4, 15
45, 28,4, 15
45, 29,4, 15
45, 30,4, 15
45, 31,4, 15
45, 32,4, 15
45, 33,4, 15
45, 34,4, 15
45, 35,4, 15
45, 36,4, 15
45, 37,4, 15
45, 38,4, 15
45, 39,4, 15
46, 0,0, 15
46, 1,0, 15
46, 2,0, 15
46, 3,0, 15
46, 4,0, 15
46, 5,0, 15
46, 6,0, 15
46, 7,0, 15
46, 8,0, 15
46, 9,0, 15
46, 10,0, 15
46, 11,0, 15
46, 12,0, 15
46, 13,0, 15
46, 14,0, 15
46, 15,0, 15
46, 16,0, 15
46, 17,0, 15
46, 18,0, 15
46, 19,0, 15
46, 20,0, 15
46, 21,0, 15
46, 22,0, 15
46, 23,0, 15
46, 24,0, 15
46, 25,0, 15
46, 26,0, 15
46, 27,0, 15
46, 28,0, 15
46, 29,0, 15
46, 30,0, 15
46, 31,0, 15
46, 32,0, 15
46, 33,0, 15
46, 34,0, 15
46, 35,0, 15
46, 36,0, 15
46, 37,0, 15
46, 38,0, 15
46, 39,0, 15
46, 0,1, 15
46, 1,1, 15
46, 2,1, 15
46, 3,1, 15
46, 4,1, 15
46, 5,1, 15
46, 6,1, 15
46, 7,1, 15
46, 8,1, 15
46, 9,1, 15
46, 10,1, 15
46, 11,1, 15
46, 12,1, 15
46, 13,1, 15
46, 14,1, 15
46, 15,1, 15
46, 16,1, 15
46, 17,1, 15
46, 18,1, 15
46, 19,1, 15
46, 20,1, 15
46, 21,1, 15
46, 22,1, 15
46, 23,1, 15
46, 24,1, 15
46, 25,1, 15
46, 26,1, 15
46, 27,1, 15
46, 28,1, 15
46, 29,1, 15
46, 30,1, 15
46, 31,1, 15
46, 32,1, 15
46, 33,1, 15
46, 34,1, 15
46, 35,1, 15
46, 36,1, 15
46, 37,1, 15
46, 38,1, 15
46, 39,1, 15
46, 0,2, 15
46, 1,2, 15
46, 2,2, 15
46, 3,2, 15
46, 4,2, 15
46, 5,2, 15
46, 6,2, 15
46, 7,2, 15
46, 8,2, 15
46, 9,2, 15
46, 10,2, 15
46, 11,2, 15
46, 12,2, 15
46, 13,2, 15
46, 14,2, 15
46, 15,2, 15
46, 16,2, 15
46, 17,2, 15
46, 18,2, 15
46, 19,2, 15
46, 20,2, 15
46, 21,2, 15
46, 22,2, 15
46, 23,2, 15
46, 24,2, 15
46, 25,2, 15
46, 26,2, 15
46, 27,2, 15
46, 28,2, 15
46, 29,2, 15
46, 30,2, 15
46, 31,2, 15
46, 32,2, 15
46, 33,2, 15
46, 34,2, 15
46, 35,2, 15
46, 36,2, 15
46, 37,2, 15
46, 38,2, 15
46, 39,2, 15
46, 0,3, 15
46, 1,3, 15
46, 2,3, 15
46, 3,3, 15
46, 4,3, 15
46, 5,3, 15
46, 6,3, 15
46, 7,3, 15
46, 8,3, 15
46, 9,3, 15
46, 10,3, 15
46, 11,3, 15
46, 12,3, 15
46, 13,3, 15
46, 14,3, 15
46, 15,3, 15
46, 16,3, 15
46, 17,3, 15
46, 18,3, 15
46, 19,3, 15
46, 20,3, 15
46, 21,3, 15
46, 22,3, 15
46, 23,3, 15
46, 24,3, 15
46, 25,3, 15
46, 26,3, 15
46, 27,3, 15
46, 28,3, 15
46, 29,3, 15
46, 30,3, 15
46, 31,3, 15
46, 32,3, 15
46, 33,3, 15
46, 34,3, 15
46, 35,3, 15
46, 36,3, 15
46, 37,3, 15
46, 38,3, 15
46, 39,3, 15
46, 0,4, 15
46, 1,4, 15
46, 2,4, 15
46, 3,4, 15
46, 4,4, 15
46, 5,4, 15
46, 6,4, 15
46, 7,4, 15
46, 8,4, 15
46, 9,4, 15
46, 10,4, 15
46, 11,4, 15
46, 12,4, 15
46, 13,4, 15
46, 14,4, 15
46, 15,4, 15
46, 16,4, 15
46, 17,4, 15
46, 18,4, 15
46, 19,4, 15
46, 20,4, 15
46, 21,4, 15
46, 22,4, 15
46, 23,4, 15
46, 24,4, 15
46, 25,4, 15
46, 26,4, 15
46, 27,4, 15
46, 28,4, 15
46, 29,4, 15
46, 30,4, 15
46, 31,4, 15
46, 32,4, 15
46, 33,4, 15
46, 34,4, 15
46, 35,4, 15
46, 36,4, 15
46, 37,4, 15
46, 38,4, 15
46, 39,4, 15
47, 0,0, 15
47, 1,0, 15
47, 2,0, 15
47, 3,0, 15
47, 4,0, 15
47, 5,0, 15
47, 6,0, 15
47, 7,0, 15
47, 8,0, 15
47, 9,0, 15
47, 10,0, 15
47, 11,0, 15
47, 12,0, 15
47, 13,0, 15
47, 14,0, 15
47, 15,0, 15
47, 16,0, 15
47, 17,0, 15
47, 18,0, 15
47, 19,0, 15
47, 20,0, 15
47, 21,0, 15
47, 22,0, 15
47, 23,0, 15
47, 24,0, 15
47, 25,0, 15
47, 26,0, 15
47, 27,0, 15
47, 28,0, 15
47, 29,0, 15
47, 30,0, 15
47, 31,0, 15
47, 32,0, 15
47, 33,0, 15
47, 34,0, 15
47, 35,0, 15
47, 36,0, 15
47, 37,0, 15
47, 38,0, 15
47, 39,0, 15
47, 0,1, 15
47, 1,1, 15
47, 2,1, 15
47, 3,1, 15
47, 4,1, 15
47, 5,1, 15
47, 6,1, 15
47, 7,1, 15
47, 8,1, 15
47, 9,1, 15
47, 10,1, 15
47, 11,1, 15
47, 12,1, 15
47, 13,1, 15
47, 14,1, 15
47, 15,1, 15
47, 16,1, 15
47, 17,1, 15
47, 18,1, 15
47, 19,1, 15
47, 20,1, 15
47, 21,1, 15
47, 22,1, 15
47, 23,1, 15
47, 24,1, 15
47, 25,1, 15
47, 26,1, 15
47, 27,1, 15
47, 28,1, 15
47, 29,1, 15
47, 30,1, 15
47, 31,1, 15
47, 32,1, 15
47, 33,1, 15
47, 34,1, 15
47, 35,1, 15
47, 36,1, 15
47, 37,1, 15
47, 38,1, 15
47, 39,1, 15
47, 0,2, 15
47, 1,2, 15
47, 2,2, 15
47, 3,2, 15
47, 4,2, 15
47, 5,2, 15
47, 6,2, 15
47, 7,2, 15
47, 8,2, 15
47, 9,2, 15
47, 10,2, 15
47, 11,2, 15
47, 12,2, 15
47, 13,2, 15
47, 14,2, 15
47, 15,2, 15
47, 16,2, 15
47, 17,2, 15
47, 18,2, 15
47, 19,2, 15
47, 20,2, 15
47, 21,2, 15
47, 22,2, 15
47, 23,2, 15
47, 24,2, 15
47, 25,2, 15
47, 26,2, 15
47, 27,2, 15
47, 28,2, 15
47, 29,2, 15
47, 30,2, 15
47, 31,2, 15
47, 32,2, 15
47, 33,2, 15
47, 34,2, 15
47, 35,2, 15
47, 36,2, 15
47, 37,2, 15
47, 38,2, 15
47, 39,2, 15
47, 0,3, 15
47, 1,3, 15
47, 2,3, 15
47, 3,3, 15
47, 4,3, 15
47, 5,3, 15
47, 6,3, 15
47, 7,3, 15
47, 8,3, 15
47, 9,3, 15
47, 10,3, 15
47, 11,3, 15
47, 12,3, 15
47, 13,3, 15
47, 14,3, 15
47, 15,3, 15
47, 16,3, 15
47, 17,3, 15
47, 18,3, 15
47, 19,3, 15
47, 20,3, 15
47, 21,3, 15
47, 22,3, 15
47, 23,3, 15
47, 24,3, 15
47, 25,3, 15
47, 26,3, 15
47, 27,3, 15
47, 28,3, 15
47, 29,3, 15
47, 30,3, 15
47, 31,3, 15
47, 32,3, 15
47, 33,3, 15
47, 34,3, 15
47, 35,3, 15
47, 36,3, 15
47, 37,3, 15
47, 38,3, 15
47, 39,3, 15
47, 0,4, 15
47, 1,4, 15
47, 2,4, 15
47, 3,4, 15
47, 4,4, 15
47, 5,4, 15
47, 6,4, 15
47, 7,4, 15
47, 8,4, 15
47, 9,4, 15
47, 10,4, 15
47, 11,4, 15
47, 12,4, 15
47, 13,4, 15
47, 14,4, 15
47, 15,4, 15
47, 16,4, 15
47, 17,4, 15
47, 18,4, 15
47, 19,4, 15
47, 20,4, 15
47, 21,4, 15
47, 22,4, 15
47, 23,4, 15
47, 24,4, 15
47, 25,4, 15
47, 26,4, 15
47, 27,4, 15
47, 28,4, 15
47, 29,4, 15
47, 30,4, 15
47, 31,4, 15
47, 32,4, 15
47, 33,4, 15
47, 34,4, 15
47, 35,4, 15
47, 36,4, 15
47, 37,4, 15
47, 38,4, 15
47, 39,4, 15
48, 0,0, 15
48, 1,0, 15
48, 2,0, 15
48, 3,0, 15
48, 4,0, 15
48, 5,0, 15
48, 6,0, 15
48, 7,0, 15
48, 8,0, 15
48, 9,0, 15
48, 10,0, 15
48, 11,0, 15
48, 12,0, 15
48, 13,0, 15
48, 14,0, 15
48, 15,0, 15
48, 16,0, 15
48, 17,0, 15
48, 18,0, 15
48, 19,0, 15
48, 20,0, 15
48, 21,0, 15
48, 22,0, 15
48, 23,0, 15
48, 24,0, 15
48, 25,0, 15
48, 26,0, 15
48, 27,0, 15
48, 28,0, 15
48, 29,0, 15
48, 30,0, 15
48, 31,0, 15
48, 32,0, 15
48, 33,0, 15
48, 34,0, 15
48, 35,0, 15
48, 36,0, 15
48, 37,0, 15
48, 38,0, 15
48, 39,0, 15
48, 0,1, 15
48, 1,1, 15
48, 2,1, 15
48, 3,1, 15
48, 4,1, 15
48, 5,1, 15
48, 6,1, 15
48, 7,1, 15
48, 8,1, 15
48, 9,1, 15
48, 10,1, 15
48, 11,1, 15
48, 12,1, 15
48, 13,1, 15
48, 14,1, 15
48, 15,1, 15
48, 16,1, 15
48, 17,1, 15
48, 18,1, 15
48, 19,1, 15
48, 20,1, 15
48, 21,1, 15
48, 22,1, 15
48, 23,1, 15
48, 24,1, 15
48, 25,1, 15
48, 26,1, 15
48, 27,1, 15
48, 28,1, 15
48, 29,1, 15
48, 30,1, 15
48, 31,1, 15
48, 32,1, 15
48, 33,1, 15
48, 34,1, 15
48, 35,1, 15
48, 36,1, 15
48, 37,1, 15
48, 38,1, 15
48, 39,1, 15
48, 0,2, 15
48, 1,2, 15
48, 2,2, 15
48, 3,2, 15
48, 4,2, 15
48, 5,2, 15
48, 6,2, 15
48, 7,2, 15
48, 8,2, 15
48, 9,2, 15
48, 10,2, 15
48, 11,2, 15
48, 12,2, 15
48, 13,2, 15
48, 14,2, 15
48, 15,2, 15
48, 16,2, 15
48, 17,2, 15
48, 18,2, 15
48, 19,2, 15
48, 20,2, 15
48, 21,2, 15
48, 22,2, 15
48, 23,2, 15
48, 24,2, 15
48, 25,2, 15
48, 26,2, 15
48, 27,2, 15
48, 28,2, 15
48, 29,2, 15
48, 30,2, 15
48, 31,2, 15
48, 32,2, 15
48, 33,2, 15
48, 34,2, 15
48, 35,2, 15
48, 36,2, 15
48, 37,2, 15
48, 38,2, 15
48, 39,2, 15
48, 0,3, 15
48, 1,3, 15
48, 2,3, 15
48, 3,3, 15
48, 4,3, 15
48, 5,3, 15
48, 6,3, 15
48, 7,3, 15
48, 8,3, 15
48, 9,3, 15
48, 10,3, 15
48, 11,3, 15
48, 12,3, 15
48, 13,3, 15
48, 14,3, 15
48, 15,3, 15
48, 16,3, 15
48, 17,3, 15
48, 18,3, 15
48, 19,3, 15
48, 20,3, 15
48, 21,3, 15
48, 22,3, 15
48, 23,3, 15
48, 24,3, 15
48, 25,3, 15
48, 26,3, 15
48, 27,3, 15
48, 28,3, 15
48, 29,3, 15
48, 30,3, 15
48, 31,3, 15
48, 32,3, 15
48, 33,3, 15
48, 34,3, 15
48, 35,3, 15
48, 36,3, 15
48, 37,3, 15
48, 38,3, 15
48, 39,3, 15
48, 0,4, 15
48, 1,4, 15
48, 2,4, 15
48, 3,4, 15
48, 4,4, 15
48, 5,4, 15
48, 6,4, 15
48, 7,4, 15
48, 8,4, 15
48, 9,4, 15
48, 10,4, 15
48, 11,4, 15
48, 12,4, 15
48, 13,4, 15
48, 14,4, 15
48, 15,4, 15
48, 16,4, 15
48, 17,4, 15
48, 18,4, 15
48, 19,4, 15
48, 20,4, 15
48, 21,4, 15
48, 22,4, 15
48, 23,4, 15
48, 24,4, 15
48, 25,4, 15
48, 26,4, 15
48, 27,4, 15
48, 28,4, 15
48, 29,4, 15
48, 30,4, 15
48, 31,4, 15
48, 32,4, 15
48, 33,4, 15
48, 34,4, 15
48, 35,4, 15
48, 36,4, 15
48, 37,4, 15
48, 38,4, 15
48, 39,4, 15
49, 0,0, 15
49, 1,0, 15
49, 2,0, 15
49, 3,0, 15
49, 4,0, 15
49, 5,0, 15
49, 6,0, 15
49, 7,0, 15
49, 8,0, 15
49, 9,0, 15
49, 10,0, 15
49, 11,0, 15
49, 12,0, 15
49, 13,0, 15
49, 14,0, 15
49, 15,0, 15
49, 16,0, 15
49, 17,0, 15
49, 18,0, 15
49, 19,0, 15
49, 20,0, 15
49, 21,0, 15
49, 22,0, 15
49, 23,0, 15
49, 24,0, 15
49, 25,0, 15
49, 26,0, 15
49, 27,0, 15
49, 28,0, 15
49, 29,0, 15
49, 30,0, 15
49, 31,0, 15
49, 32,0, 15
49, 33,0, 15
49, 34,0, 15
49, 35,0, 15
49, 36,0, 15
49, 37,0, 15
49, 38,0, 15
49, 39,0, 15
49, 0,1, 15
49, 1,1, 15
49, 2,1, 15
49, 3,1, 15
49, 4,1, 15
49, 5,1, 15
49, 6,1, 15
49, 7,1, 15
49, 8,1, 15
49, 9,1, 15
49, 10,1, 15
49, 11,1, 15
49, 12,1, 15
49, 13,1, 15
49, 14,1, 15
49, 15,1, 15
49, 16,1, 15
49, 17,1, 15
49, 18,1, 15
49, 19,1, 15
49, 20,1, 15
49, 21,1, 15
49, 22,1, 15
49, 23,1, 15
49, 24,1, 15
49, 25,1, 15
49, 26,1, 15
49, 27,1, 15
49, 28,1, 15
49, 29,1, 15
49, 30,1, 15
49, 31,1, 15
49, 32,1, 15
49, 33,1, 15
49, 34,1, 15
49, 35,1, 15
49, 36,1, 15
49, 37,1, 15
49, 38,1, 15
49, 39,1, 15
49, 0,2, 15
49, 1,2, 15
49, 2,2, 15
49, 3,2, 15
49, 4,2, 15
49, 5,2, 15
49, 6,2, 15
49, 7,2, 15
49, 8,2, 15
49, 9,2, 15
49, 10,2, 15
49, 11,2, 15
49, 12,2, 15
49, 13,2, 15
49, 14,2, 15
49, 15,2, 15
49, 16,2, 15
49, 17,2, 15
49, 18,2, 15
49, 19,2, 15
49, 20,2, 15
49, 21,2, 15
49, 22,2, 15
49, 23,2, 15
49, 24,2, 15
49, 25,2, 15
49, 26,2, 15
49, 27,2, 15
49, 28,2, 15
49, 29,2, 15
49, 30,2, 15
49, 31,2, 15
49, 32,2, 15
49, 33,2, 15
49, 34,2, 15
49, 35,2, 15
49, 36,2, 15
49, 37,2, 15
49, 38,2, 15
49, 39,2, 15
49, 0,3, 15
49, 1,3, 15
49, 2,3, 15
49, 3,3, 15
49, 4,3, 15
49, 5,3, 15
49, 6,3, 15
49, 7,3, 15
49, 8,3, 15
49, 9,3, 15
49, 10,3, 15
49, 11,3, 15
49, 12,3, 15
49, 13,3, 15
49, 14,3, 15
49, 15,3, 15
49, 16,3, 15
49, 17,3, 15
49, 18,3, 15
49, 19,3, 15
49, 20,3, 15
49, 21,3, 15
49, 22,3, 15
49, 23,3, 15
49, 24,3, 15
49, 25,3, 15
49, 26,3, 15
49, 27,3, 15
49, 28,3, 15
49, 29,3, 15
49, 30,3, 15
49, 31,3, 15
49, 32,3, 15
49, 33,3, 15
49, 34,3, 15
49, 35,3, 15
49, 36,3, 15
49, 37,3, 15
49, 38,3, 15
49, 39,3, 15
49, 0,4, 15
49, 1,4, 15
49, 2,4, 15
49, 3,4, 15
49, 4,4, 15
49, 5,4, 15
49, 6,4, 15
49, 7,4, 15
49, 8,4, 15
49, 9,4, 15
49, 10,4, 15
49, 11,4, 15
49, 12,4, 15
49, 13,4, 15
49, 14,4, 15
49, 15,4, 15
49, 16,4, 15
49, 17,4, 15
49, 18,4, 15
49, 19,4, 15
49, 20,4, 15
49, 21,4, 15
49, 22,4, 15
49, 23,4, 15
49, 24,4, 15
49, 25,4, 15
49, 26,4, 15
49, 27,4, 15
49, 28,4, 15
49, 29,4, 15
49, 30,4, 15
49, 31,4, 15
49, 32,4, 15
49, 33,4, 15
49, 34,4, 15
49, 35,4, 15
49, 36,4, 15
49, 37,4, 15
49, 38,4, 15
49, 39,4, 15
50, 0,0, 15
50, 1,0, 15
50, 2,0, 15
50, 3,0, 15
50, 4,0, 15
50, 5,0, 15
50, 6,0, 15
50, 7,0, 15
50, 8,0, 15
50, 9,0, 15
50, 10,0, 15
50, 11,0, 15
50, 12,0, 15
50, 13,0, 15
50, 14,0, 15
50, 15,0, 15
50, 16,0, 15
50, 17,0, 15
50, 18,0, 15
50, 19,0, 15
50, 20,0, 15
50, 21,0, 15
50, 22,0, 15
50, 23,0, 15
50, 24,0, 15
50, 25,0, 15
50, 26,0, 15
50, 27,0, 15
50, 28,0, 15
50, 29,0, 15
50, 30,0, 15
50, 31,0, 15
50, 32,0, 15
50, 33,0, 15
50, 34,0, 15
50, 35,0, 15
50, 36,0, 15
50, 37,0, 15
50, 38,0, 15
50, 39,0, 15
50, 0,1, 15
50, 1,1, 15
50, 2,1, 15
50, 3,1, 15
50, 4,1, 15
50, 5,1, 15
50, 6,1, 15
50, 7,1, 15
50, 8,1, 15
50, 9,1, 15
50, 10,1, 15
50, 11,1, 15
50, 12,1, 15
50, 13,1, 15
50, 14,1, 15
50, 15,1, 15
50, 16,1, 15
50, 17,1, 15
50, 18,1, 15
50, 19,1, 15
50, 20,1, 15
50, 21,1, 15
50, 22,1, 15
50, 23,1, 15
50, 24,1, 15
50, 25,1, 15
50, 26,1, 15
50, 27,1, 15
50, 28,1, 15
50, 29,1, 15
50, 30,1, 15
50, 31,1, 15
50, 32,1, 15
50, 33,1, 15
50, 34,1, 15
50, 35,1, 15
50, 36,1, 15
50, 37,1, 15
50, 38,1, 15
50, 39,1, 15
50, 0,2, 15
50, 1,2, 15
50, 2,2, 15
50, 3,2, 15
50, 4,2, 15
50, 5,2, 15
50, 6,2, 15
50, 7,2, 15
50, 8,2, 15
50, 9,2, 15
50, 10,2, 15
50, 11,2, 15
50, 12,2, 15
50, 13,2, 15
50, 14,2, 15
50, 15,2, 15
50, 16,2, 15
50, 17,2, 15
50, 18,2, 15
50, 19,2, 15
50, 20,2, 15
50, 21,2, 15
50, 22,2, 15
50, 23,2, 15
50, 24,2, 15
50, 25,2, 15
50, 26,2, 15
50, 27,2, 15
50, 28,2, 15
50, 29,2, 15
50, 30,2, 15
50, 31,2, 15
50, 32,2, 15
50, 33,2, 15
50, 34,2, 15
50, 35,2, 15
50, 36,2, 15
50, 37,2, 15
50, 38,2, 15
50, 39,2, 15
50, 0,3, 15
50, 1,3, 15
50, 2,3, 15
50, 3,3, 15
50, 4,3, 15
50, 5,3, 15
50, 6,3, 15
50, 7,3, 15
50, 8,3, 15
50, 9,3, 15
50, 10,3, 15
50, 11,3, 15
50, 12,3, 15
50, 13,3, 15
50, 14,3, 15
50, 15,3, 15
50, 16,3, 15
50, 17,3, 15
50, 18,3, 15
50, 19,3, 15
50, 20,3, 15
50, 21,3, 15
50, 22,3, 15
50, 23,3, 15
50, 24,3, 15
50, 25,3, 15
50, 26,3, 15
50, 27,3, 15
50, 28,3, 15
50, 29,3, 15
50, 30,3, 15
50, 31,3, 15
50, 32,3, 15
50, 33,3, 15
50, 34,3, 15
50, 35,3, 15
50, 36,3, 15
50, 37,3, 15
50, 38,3, 15
50, 39,3, 15
50, 0,4, 15
50, 1,4, 15
50, 2,4, 15
50, 3,4, 15
50, 4,4, 15
50, 5,4, 15
50, 6,4, 15
50, 7,4, 15
50, 8,4, 15
50, 9,4, 15
50, 10,4, 15
50, 11,4, 15
50, 12,4, 15
50, 13,4, 15
50, 14,4, 15
50, 15,4, 15
50, 16,4, 15
50, 17,4, 15
50, 18,4, 15
50, 19,4, 15
50, 20,4, 15
50, 21,4, 15
50, 22,4, 15
50, 23,4, 15
50, 24,4, 15
50, 25,4, 15
50, 26,4, 15
50, 27,4, 15
50, 28,4, 15
50, 29,4, 15
50, 30,4, 15
50, 31,4, 15
50, 32,4, 15
50, 33,4, 15
50, 34,4, 15
50, 35,4, 15
50, 36,4, 15
50, 37,4, 15
50, 38,4, 15
50, 39,4, 15
51, 0,0, 15
51, 1,0, 15
51, 2,0, 15
51, 3,0, 15
51, 4,0, 15
51, 5,0, 15
51, 6,0, 15
51, 7,0, 15
51, 8,0, 15
51, 9,0, 15
51, 10,0, 15
51, 11,0, 15
51, 12,0, 15
51, 13,0, 15
51, 14,0, 15
51, 15,0, 15
51, 16,0, 15
51, 17,0, 15
51, 18,0, 15
51, 19,0, 15
51, 20,0, 15
51, 21,0, 15
51, 22,0, 15
51, 23,0, 15
51, 24,0, 15
51, 25,0, 15
51, 26,0, 15
51, 27,0, 15
51, 28,0, 15
51, 29,0, 15
51, 30,0, 15
51, 31,0, 15
51, 32,0, 15
51, 33,0, 15
51, 34,0, 15
51, 35,0, 15
51, 36,0, 15
51, 37,0, 15
51, 38,0, 15
51, 39,0, 15
51, 0,1, 15
51, 1,1, 15
51, 2,1, 15
51, 3,1, 15
51, 4,1, 15
51, 5,1, 15
51, 6,1, 15
51, 7,1, 15
51, 8,1, 15
51, 9,1, 15
51, 10,1, 15
51, 11,1, 15
51, 12,1, 15
51, 13,1, 15
51, 14,1, 15
51, 15,1, 15
51, 16,1, 15
51, 17,1, 15
51, 18,1, 15
51, 19,1, 15
51, 20,1, 15
51, 21,1, 15
51, 22,1, 15
51, 23,1, 15
51, 24,1, 15
51, 25,1, 15
51, 26,1, 15
51, 27,1, 15
51, 28,1, 15
51, 29,1, 15
51, 30,1, 15
51, 31,1, 15
51, 32,1, 15
51, 33,1, 15
51, 34,1, 15
51, 35,1, 15
51, 36,1, 15
51, 37,1, 15
51, 38,1, 15
51, 39,1, 15
51, 0,2, 15
51, 1,2, 15
51, 2,2, 15
51, 3,2, 15
51, 4,2, 15
51, 5,2, 15
51, 6,2, 15
51, 7,2, 15
51, 8,2, 15
51, 9,2, 15
51, 10,2, 15
51, 11,2, 15
51, 12,2, 15
51, 13,2, 15
51, 14,2, 15
51, 15,2, 15
51, 16,2, 15
51, 17,2, 15
51, 18,2, 15
51, 19,2, 15
51, 20,2, 15
51, 21,2, 15
51, 22,2, 15
51, 23,2, 15
51, 24,2, 15
51, 25,2, 15
51, 26,2, 15
51, 27,2, 15
51, 28,2, 15
51, 29,2, 15
51, 30,2, 15
51, 31,2, 15
51, 32,2, 15
51, 33,2, 15
51, 34,2, 15
51, 35,2, 15
51, 36,2, 15
51, 37,2, 15
51, 38,2, 15
51, 39,2, 15
51, 0,3, 15
51, 1,3, 15
51, 2,3, 15
51, 3,3, 15
51, 4,3, 15
51, 5,3, 15
51, 6,3, 15
51, 7,3, 15
51, 8,3, 15
51, 9,3, 15
51, 10,3, 15
51, 11,3, 15
51, 12,3, 15
51, 13,3, 15
51, 14,3, 15
51, 15,3, 15
51, 16,3, 15
51, 17,3, 15
51, 18,3, 15
51, 19,3, 15
51, 20,3, 15
51, 21,3, 15
51, 22,3, 15
51, 23,3, 15
51, 24,3, 15
51, 25,3, 15
51, 26,3, 15
51, 27,3, 15
51, 28,3, 15
51, 29,3, 15
51, 30,3, 15
51, 31,3, 15
51, 32,3, 15
51, 33,3, 15
51, 34,3, 15
51, 35,3, 15
51, 36,3, 15
51, 37,3, 15
51, 38,3, 15
51, 39,3, 15
51, 0,4, 15
51, 1,4, 15
51, 2,4, 15
51, 3,4, 15
51, 4,4, 15
51, 5,4, 15
51, 6,4, 15
51, 7,4, 15
51, 8,4, 15
51, 9,4, 15
51, 10,4, 15
51, 11,4, 15
51, 12,4, 15
51, 13,4, 15
51, 14,4, 15
51, 15,4, 15
51, 16,4, 15
51, 17,4, 15
51, 18,4, 15
51, 19,4, 15
51, 20,4, 15
51, 21,4, 15
51, 22,4, 15
51, 23,4, 15
51, 24,4, 15
51, 25,4, 15
51, 26,4, 15
51, 27,4, 15
51, 28,4, 15
51, 29,4, 15
51, 30,4, 15
51, 31,4, 15
51, 32,4, 15
51, 33,4, 15
51, 34,4, 15
51, 35,4, 15
51, 36,4, 15
51, 37,4, 15
51, 38,4, 15
51, 39,4, 15
52, 0,0, 15
52, 1,0, 15
52, 2,0, 15
52, 3,0, 15
52, 4,0, 15
52, 5,0, 15
52, 6,0, 15
52, 7,0, 15
52, 8,0, 15
52, 9,0, 15
52, 10,0, 15
52, 11,0, 15
52, 12,0, 15
52, 13,0, 15
52, 14,0, 15
52, 15,0, 15
52, 16,0, 15
52, 17,0, 15
52, 18,0, 15
52, 19,0, 15
52, 20,0, 15
52, 21,0, 15
52, 22,0, 15
52, 23,0, 15
52, 24,0, 15
52, 25,0, 15
52, 26,0, 15
52, 27,0, 15
52, 28,0, 15
52, 29,0, 15
52, 30,0, 15
52, 31,0, 15
52, 32,0, 15
52, 33,0, 15
52, 34,0, 15
52, 35,0, 15
52, 36,0, 15
52, 37,0, 15
52, 38,0, 15
52, 39,0, 15
52, 0,1, 15
52, 1,1, 15
52, 2,1, 15
52, 3,1, 15
52, 4,1, 15
52, 5,1, 15
52, 6,1, 15
52, 7,1, 15
52, 8,1, 15
52, 9,1, 15
52, 10,1, 15
52, 11,1, 15
52, 12,1, 15
52, 13,1, 15
52, 14,1, 15
52, 15,1, 15
52, 16,1, 15
52, 17,1, 15
52, 18,1, 15
52, 19,1, 15
52, 20,1, 15
52, 21,1, 15
52, 22,1, 15
52, 23,1, 15
52, 24,1, 15
52, 25,1, 15
52, 26,1, 15
52, 27,1, 15
52, 28,1, 15
52, 29,1, 15
52, 30,1, 15
52, 31,1, 15
52, 32,1, 15
52, 33,1, 15
52, 34,1, 15
52, 35,1, 15
52, 36,1, 15
52, 37,1, 15
52, 38,1, 15
52, 39,1, 15
52, 0,2, 15
52, 1,2, 15
52, 2,2, 15
52, 3,2, 15
52, 4,2, 15
52, 5,2, 15
52, 6,2, 15
52, 7,2, 15
52, 8,2, 15
52, 9,2, 15
52, 10,2, 15
52, 11,2, 15
52, 12,2, 15
52, 13,2, 15
52, 14,2, 15
52, 15,2, 15
52, 16,2, 15
52, 17,2, 15
52, 18,2, 15
52, 19,2, 15
52, 20,2, 15
52, 21,2, 15
52, 22,2, 15
52, 23,2, 15
52, 24,2, 15
52, 25,2, 15
52, 26,2, 15
52, 27,2, 15
52, 28,2, 15
52, 29,2, 15
52, 30,2, 15
52, 31,2, 15
52, 32,2, 15
52, 33,2, 15
52, 34,2, 15
52, 35,2, 15
52, 36,2, 15
52, 37,2, 15
52, 38,2, 15
52, 39,2, 15
52, 0,3, 15
52, 1,3, 15
52, 2,3, 15
52, 3,3, 15
52, 4,3, 15
52, 5,3, 15
52, 6,3, 15
52, 7,3, 15
52, 8,3, 15
52, 9,3, 15
52, 10,3, 15
52, 11,3, 15
52, 12,3, 15
52, 13,3, 15
52, 14,3, 15
52, 15,3, 15
52, 16,3, 15
52, 17,3, 15
52, 18,3, 15
52, 19,3, 15
52, 20,3, 15
52, 21,3, 15
52, 22,3, 15
52, 23,3, 15
52, 24,3, 15
52, 25,3, 15
52, 26,3, 15
52, 27,3, 15
52, 28,3, 15
52, 29,3, 15
52, 30,3, 15
52, 31,3, 15
52, 32,3, 15
52, 33,3, 15
52, 34,3, 15
52, 35,3, 15
52, 36,3, 15
52, 37,3, 15
52, 38,3, 15
52, 39,3, 15
52, 0,4, 15
52, 1,4, 15
52, 2,4, 15
52, 3,4, 15
52, 4,4, 15
52, 5,4, 15
52, 6,4, 15
52, 7,4, 15
52, 8,4, 15
52, 9,4, 15
52, 10,4, 15
52, 11,4, 15
52, 12,4, 15
52, 13,4, 15
52, 14,4, 15
52, 15,4, 15
52, 16,4, 15
52, 17,4, 15
52, 18,4, 15
52, 19,4, 15
52, 20,4, 15
52, 21,4, 15
52, 22,4, 15
52, 23,4, 15
52, 24,4, 15
52, 25,4, 15
52, 26,4, 15
52, 27,4, 15
52, 28,4, 15
52, 29,4, 15
52, 30,4, 15
52, 31,4, 15
52, 32,4, 15
52, 33,4, 15
52, 34,4, 15
52, 35,4, 15
52, 36,4, 15
52, 37,4, 15
52, 38,4, 15
52, 39,4, 15
53, 0,0, 15
53, 1,0, 15
53, 2,0, 15
53, 3,0, 15
53, 4,0, 15
53, 5,0, 15
53, 6,0, 15
53, 7,0, 15
53, 8,0, 15
53, 9,0, 15
53, 10,0, 15
53, 11,0, 15
53, 12,0, 15
53, 13,0, 15
53, 14,0, 15
53, 15,0, 15
53, 16,0, 15
53, 17,0, 15
53, 18,0, 15
53, 19,0, 15
53, 20,0, 15
53, 21,0, 15
53, 22,0, 15
53, 23,0, 15
53, 24,0, 15
53, 25,0, 15
53, 26,0, 15
53, 27,0, 15
53, 28,0, 15
53, 29,0, 15
53, 30,0, 15
53, 31,0, 15
53, 32,0, 15
53, 33,0, 15
53, 34,0, 15
53, 35,0, 15
53, 36,0, 15
53, 37,0, 15
53, 38,0, 15
53, 39,0, 15
53, 0,1, 15
53, 1,1, 15
53, 2,1, 15
53, 3,1, 15
53, 4,1, 15
53, 5,1, 15
53, 6,1, 15
53, 7,1, 15
53, 8,1, 15
53, 9,1, 15
53, 10,1, 15
53, 11,1, 15
53, 12,1, 15
53, 13,1, 15
53, 14,1, 15
53, 15,1, 15
53, 16,1, 15
53, 17,1, 15
53, 18,1, 15
53, 19,1, 15
53, 20,1, 15
53, 21,1, 15
53, 22,1, 15
53, 23,1, 15
53, 24,1, 15
53, 25,1, 15
53, 26,1, 15
53, 27,1, 15
53, 28,1, 15
53, 29,1, 15
53, 30,1, 15
53, 31,1, 15
53, 32,1, 15
53, 33,1, 15
53, 34,1, 15
53, 35,1, 15
53, 36,1, 15
53, 37,1, 15
53, 38,1, 15
53, 39,1, 15
53, 0,2, 15
53, 1,2, 15
53, 2,2, 15
53, 3,2, 15
53, 4,2, 15
53, 5,2, 15
53, 6,2, 15
53, 7,2, 15
53, 8,2, 15
53, 9,2, 15
53, 10,2, 15
53, 11,2, 15
53, 12,2, 15
53, 13,2, 15
53, 14,2, 15
53, 15,2, 15
53, 16,2, 15
53, 17,2, 15
53, 18,2, 15
53, 19,2, 15
53, 20,2, 15
53, 21,2, 15
53, 22,2, 15
53, 23,2, 15
53, 24,2, 15
53, 25,2, 15
53, 26,2, 15
53, 27,2, 15
53, 28,2, 15
53, 29,2, 15
53, 30,2, 15
53, 31,2, 15
53, 32,2, 15
53, 33,2, 15
53, 34,2, 15
53, 35,2, 15
53, 36,2, 15
53, 37,2, 15
53, 38,2, 15
53, 39,2, 15
53, 0,3, 15
53, 1,3, 15
53, 2,3, 15
53, 3,3, 15
53, 4,3, 15
53, 5,3, 15
53, 6,3, 15
53, 7,3, 15
53, 8,3, 15
53, 9,3, 15
53, 10,3, 15
53, 11,3, 15
53, 12,3, 15
53, 13,3, 15
53, 14,3, 15
53, 15,3, 15
53, 16,3, 15
53, 17,3, 15
53, 18,3, 15
53, 19,3, 15
53, 20,3, 15
53, 21,3, 15
53, 22,3, 15
53, 23,3, 15
53, 24,3, 15
53, 25,3, 15
53, 26,3, 15
53, 27,3, 15
53, 28,3, 15
53, 29,3, 15
53, 30,3, 15
53, 31,3, 15
53, 32,3, 15
53, 33,3, 15
53, 34,3, 15
53, 35,3, 15
53, 36,3, 15
53, 37,3, 15
53, 38,3, 15
53, 39,3, 15
53, 0,4, 15
53, 1,4, 15
53, 2,4, 15
53, 3,4, 15
53, 4,4, 15
53, 5,4, 15
53, 6,4, 15
53, 7,4, 15
53, 8,4, 15
53, 9,4, 15
53, 10,4, 15
53, 11,4, 15
53, 12,4, 15
53, 13,4, 15
53, 14,4, 15
53, 15,4, 15
53, 16,4, 15
53, 17,4, 15
53, 18,4, 15
53, 19,4, 15
53, 20,4, 15
53, 21,4, 15
53, 22,4, 15
53, 23,4, 15
53, 24,4, 15
53, 25,4, 15
53, 26,4, 15
53, 27,4, 15
53, 28,4, 15
53, 29,4, 15
53, 30,4, 15
53, 31,4, 15
53, 32,4, 15
53, 33,4, 15
53, 34,4, 15
53, 35,4, 15
53, 36,4, 15
53, 37,4, 15
53, 38,4, 15
53, 39,4, 15
54, 0,0, 15
54, 1,0, 15
54, 2,0, 15
54, 3,0, 15
54, 4,0, 15
54, 5,0, 15
54, 6,0, 15
54, 7,0, 15
54, 8,0, 15
54, 9,0, 15
54, 10,0, 15
54, 11,0, 15
54, 12,0, 15
54, 13,0, 15
54, 14,0, 15
54, 15,0, 15
54, 16,0, 15
54, 17,0, 15
54, 18,0, 15
54, 19,0, 15
54, 20,0, 15
54, 21,0, 15
54, 22,0, 15
54, 23,0, 15
54, 24,0, 15
54, 25,0, 15
54, 26,0, 15
54, 27,0, 15
54, 28,0, 15
54, 29,0, 15
54, 30,0, 15
54, 31,0, 15
54, 32,0, 15
54, 33,0, 15
54, 34,0, 15
54, 35,0, 15
54, 36,0, 15
54, 37,0, 15
54, 38,0, 15
54, 39,0, 15
54, 0,1, 15
54, 1,1, 15
54, 2,1, 15
54, 3,1, 15
54, 4,1, 15
54, 5,1, 15
54, 6,1, 15
54, 7,1, 15
54, 8,1, 15
54, 9,1, 15
54, 10,1, 15
54, 11,1, 15
54, 12,1, 15
54, 13,1, 15
54, 14,1, 15
54, 15,1, 15
54, 16,1, 15
54, 17,1, 15
54, 18,1, 15
54, 19,1, 15
54, 20,1, 15
54, 21,1, 15
54, 22,1, 15
54, 23,1, 15
54, 24,1, 15
54, 25,1, 15
54, 26,1, 15
54, 27,1, 15
54, 28,1, 15
54, 29,1, 15
54, 30,1, 15
54, 31,1, 15
54, 32,1, 15
54, 33,1, 15
54, 34,1, 15
54, 35,1, 15
54, 36,1, 15
54, 37,1, 15
54, 38,1, 15
54, 39,1, 15
54, 0,2, 15
54, 1,2, 15
54, 2,2, 15
54, 3,2, 15
54, 4,2, 15
54, 5,2, 15
54, 6,2, 15
54, 7,2, 15
54, 8,2, 15
54, 9,2, 15
54, 10,2, 15
54, 11,2, 15
54, 12,2, 15
54, 13,2, 15
54, 14,2, 15
54, 15,2, 15
54, 16,2, 15
54, 17,2, 15
54, 18,2, 15
54, 19,2, 15
54, 20,2, 15
54, 21,2, 15
54, 22,2, 15
54, 23,2, 15
54, 24,2, 15
54, 25,2, 15
54, 26,2, 15
54, 27,2, 15
54, 28,2, 15
54, 29,2, 15
54, 30,2, 15
54, 31,2, 15
54, 32,2, 15
54, 33,2, 15
54, 34,2, 15
54, 35,2, 15
54, 36,2, 15
54, 37,2, 15
54, 38,2, 15
54, 39,2, 15
54, 0,3, 15
54, 1,3, 15
54, 2,3, 15
54, 3,3, 15
54, 4,3, 15
54, 5,3, 15
54, 6,3, 15
54, 7,3, 15
54, 8,3, 15
54, 9,3, 15
54, 10,3, 15
54, 11,3, 15
54, 12,3, 15
54, 13,3, 15
54, 14,3, 15
54, 15,3, 15
54, 16,3, 15
54, 17,3, 15
54, 18,3, 15
54, 19,3, 15
54, 20,3, 15
54, 21,3, 15
54, 22,3, 15
54, 23,3, 15
54, 24,3, 15
54, 25,3, 15
54, 26,3, 15
54, 27,3, 15
54, 28,3, 15
54, 29,3, 15
54, 30,3, 15
54, 31,3, 15
54, 32,3, 15
54, 33,3, 15
54, 34,3, 15
54, 35,3, 15
54, 36,3, 15
54, 37,3, 15
54, 38,3, 15
54, 39,3, 15
54, 0,4, 15
54, 1,4, 15
54, 2,4, 15
54, 3,4, 15
54, 4,4, 15
54, 5,4, 15
54, 6,4, 15
54, 7,4, 15
54, 8,4, 15
54, 9,4, 15
54, 10,4, 15
54, 11,4, 15
54, 12,4, 15
54, 13,4, 15
54, 14,4, 15
54, 15,4, 15
54, 16,4, 15
54, 17,4, 15
54, 18,4, 15
54, 19,4, 15
54, 20,4, 15
54, 21,4, 15
54, 22,4, 15
54, 23,4, 15
54, 24,4, 15
54, 25,4, 15
54, 26,4, 15
54, 27,4, 15
54, 28,4, 15
54, 29,4, 15
54, 30,4, 15
54, 31,4, 15
54, 32,4, 15
54, 33,4, 15
54, 34,4, 15
54, 35,4, 15
54, 36,4, 15
54, 37,4, 15
54, 38,4, 15
54, 39,4, 15
55, 0,0, 15
55, 1,0, 15
55, 2,0, 15
55, 3,0, 15
55, 4,0, 15
55, 5,0, 15
55, 6,0, 15
55, 7,0, 15
55, 8,0, 15
55, 9,0, 15
55, 10,0, 15
55, 11,0, 15
55, 12,0, 15
55, 13,0, 15
55, 14,0, 15
55, 15,0, 15
55, 16,0, 15
55, 17,0, 15
55, 18,0, 15
55, 19,0, 15
55, 20,0, 15
55, 21,0, 15
55, 22,0, 15
55, 23,0, 15
55, 24,0, 15
55, 25,0, 15
55, 26,0, 15
55, 27,0, 15
55, 28,0, 15
55, 29,0, 15
55, 30,0, 15
55, 31,0, 15
55, 32,0, 15
55, 33,0, 15
55, 34,0, 15
55, 35,0, 15
55, 36,0, 15
55, 37,0, 15
55, 38,0, 15
55, 39,0, 15
55, 0,1, 15
55, 1,1, 15
55, 2,1, 15
55, 3,1, 15
55, 4,1, 15
55, 5,1, 15
55, 6,1, 15
55, 7,1, 15
55, 8,1, 15
55, 9,1, 15
55, 10,1, 15
55, 11,1, 15
55, 12,1, 15
55, 13,1, 15
55, 14,1, 15
55, 15,1, 15
55, 16,1, 15
55, 17,1, 15
55, 18,1, 15
55, 19,1, 15
55, 20,1, 15
55, 21,1, 15
55, 22,1, 15
55, 23,1, 15
55, 24,1, 15
55, 25,1, 15
55, 26,1, 15
55, 27,1, 15
55, 28,1, 15
55, 29,1, 15
55, 30,1, 15
55, 31,1, 15
55, 32,1, 15
55, 33,1, 15
55, 34,1, 15
55, 35,1, 15
55, 36,1, 15
55, 37,1, 15
55, 38,1, 15
55, 39,1, 15
55, 0,2, 15
55, 1,2, 15
55, 2,2, 15
55, 3,2, 15
55, 4,2, 15
55, 5,2, 15
55, 6,2, 15
55, 7,2, 15
55, 8,2, 15
55, 9,2, 15
55, 10,2, 15
55, 11,2, 15
55, 12,2, 15
55, 13,2, 15
55, 14,2, 15
55, 15,2, 15
55, 16,2, 15
55, 17,2, 15
55, 18,2, 15
55, 19,2, 15
55, 20,2, 15
55, 21,2, 15
55, 22,2, 15
55, 23,2, 15
55, 24,2, 15
55, 25,2, 15
55, 26,2, 15
55, 27,2, 15
55, 28,2, 15
55, 29,2, 15
55, 30,2, 15
55, 31,2, 15
55, 32,2, 15
55, 33,2, 15
55, 34,2, 15
55, 35,2, 15
55, 36,2, 15
55, 37,2, 15
55, 38,2, 15
55, 39,2, 15
55, 0,3, 15
55, 1,3, 15
55, 2,3, 15
55, 3,3, 15
55, 4,3, 15
55, 5,3, 15
55, 6,3, 15
55, 7,3, 15
55, 8,3, 15
55, 9,3, 15
55, 10,3, 15
55, 11,3, 15
55, 12,3, 15
55, 13,3, 15
55, 14,3, 15
55, 15,3, 15
55, 16,3, 15
55, 17,3, 15
55, 18,3, 15
55, 19,3, 15
55, 20,3, 15
55, 21,3, 15
55, 22,3, 15
55, 23,3, 15
55, 24,3, 15
55, 25,3, 15
55, 26,3, 15
55, 27,3, 15
55, 28,3, 15
55, 29,3, 15
55, 30,3, 15
55, 31,3, 15
55, 32,3, 15
55, 33,3, 15
55, 34,3, 15
55, 35,3, 15
55, 36,3, 15
55, 37,3, 15
55, 38,3, 15
55, 39,3, 15
55, 0,4, 15
55, 1,4, 15
55, 2,4, 15
55, 3,4, 15
55, 4,4, 15
55, 5,4, 15
55, 6,4, 15
55, 7,4, 15
55, 8,4, 15
55, 9,4, 15
55, 10,4, 15
55, 11,4, 15
55, 12,4, 15
55, 13,4, 15
55, 14,4, 15
55, 15,4, 15
55, 16,4, 15
55, 17,4, 15
55, 18,4, 15
55, 19,4, 15
55, 20,4, 15
55, 21,4, 15
55, 22,4, 15
55, 23,4, 15
55, 24,4, 15
55, 25,4, 15
55, 26,4, 15
55, 27,4, 15
55, 28,4, 15
55, 29,4, 15
55, 30,4, 15
55, 31,4, 15
55, 32,4, 15
55, 33,4, 15
55, 34,4, 15
55, 35,4, 15
55, 36,4, 15
55, 37,4, 15
55, 38,4, 15
55, 39,4, 15
56, 0,0, 15
56, 1,0, 15
56, 2,0, 15
56, 3,0, 15
56, 4,0, 15
56, 5,0, 15
56, 6,0, 15
56, 7,0, 15
56, 8,0, 15
56, 9,0, 15
56, 10,0, 15
56, 11,0, 15
56, 12,0, 15
56, 13,0, 15
56, 14,0, 15
56, 15,0, 15
56, 16,0, 15
56, 17,0, 15
56, 18,0, 15
56, 19,0, 15
56, 20,0, 15
56, 21,0, 15
56, 22,0, 15
56, 23,0, 15
56, 24,0, 15
56, 25,0, 15
56, 26,0, 15
56, 27,0, 15
56, 28,0, 15
56, 29,0, 15
56, 30,0, 15
56, 31,0, 15
56, 32,0, 15
56, 33,0, 15
56, 34,0, 15
56, 35,0, 15
56, 36,0, 15
56, 37,0, 15
56, 38,0, 15
56, 39,0, 15
56, 0,1, 15
56, 1,1, 15
56, 2,1, 15
56, 3,1, 15
56, 4,1, 15
56, 5,1, 15
56, 6,1, 15
56, 7,1, 15
56, 8,1, 15
56, 9,1, 15
56, 10,1, 15
56, 11,1, 15
56, 12,1, 15
56, 13,1, 15
56, 14,1, 15
56, 15,1, 15
56, 16,1, 15
56, 17,1, 15
56, 18,1, 15
56, 19,1, 15
56, 20,1, 15
56, 21,1, 15
56, 22,1, 15
56, 23,1, 15
56, 24,1, 15
56, 25,1, 15
56, 26,1, 15
56, 27,1, 15
56, 28,1, 15
56, 29,1, 15
56, 30,1, 15
56, 31,1, 15
56, 32,1, 15
56, 33,1, 15
56, 34,1, 15
56, 35,1, 15
56, 36,1, 15
56, 37,1, 15
56, 38,1, 15
56, 39,1, 15
56, 0,2, 15
56, 1,2, 15
56, 2,2, 15
56, 3,2, 15
56, 4,2, 15
56, 5,2, 15
56, 6,2, 15
56, 7,2, 15
56, 8,2, 15
56, 9,2, 15
56, 10,2, 15
56, 11,2, 15
56, 12,2, 15
56, 13,2, 15
56, 14,2, 15
56, 15,2, 15
56, 16,2, 15
56, 17,2, 15
56, 18,2, 15
56, 19,2, 15
56, 20,2, 15
56, 21,2, 15
56, 22,2, 15
56, 23,2, 15
56, 24,2, 15
56, 25,2, 15
56, 26,2, 15
56, 27,2, 15
56, 28,2, 15
56, 29,2, 15
56, 30,2, 15
56, 31,2, 15
56, 32,2, 15
56, 33,2, 15
56, 34,2, 15
56, 35,2, 15
56, 36,2, 15
56, 37,2, 15
56, 38,2, 15
56, 39,2, 15
56, 0,3, 15
56, 1,3, 15
56, 2,3, 15
56, 3,3, 15
56, 4,3, 15
56, 5,3, 15
56, 6,3, 15
56, 7,3, 15
56, 8,3, 15
56, 9,3, 15
56, 10,3, 15
56, 11,3, 15
56, 12,3, 15
56, 13,3, 15
56, 14,3, 15
56, 15,3, 15
56, 16,3, 15
56, 17,3, 15
56, 18,3, 15
56, 19,3, 15
56, 20,3, 15
56, 21,3, 15
56, 22,3, 15
56, 23,3, 15
56, 24,3, 15
56, 25,3, 15
56, 26,3, 15
56, 27,3, 15
56, 28,3, 15
56, 29,3, 15
56, 30,3, 15
56, 31,3, 15
56, 32,3, 15
56, 33,3, 15
56, 34,3, 15
56, 35,3, 15
56, 36,3, 15
56, 37,3, 15
56, 38,3, 15
56, 39,3, 15
56, 0,4, 15
56, 1,4, 15
56, 2,4, 15
56, 3,4, 15
56, 4,4, 15
56, 5,4, 15
56, 6,4, 15
56, 7,4, 15
56, 8,4, 15
56, 9,4, 15
56, 10,4, 15
56, 11,4, 15
56, 12,4, 15
56, 13,4, 15
56, 14,4, 15
56, 15,4, 15
56, 16,4, 15
56, 17,4, 15
56, 18,4, 15
56, 19,4, 15
56, 20,4, 15
56, 21,4, 15
56, 22,4, 15
56, 23,4, 15
56, 24,4, 15
56, 25,4, 15
56, 26,4, 15
56, 27,4, 15
56, 28,4, 15
56, 29,4, 15
56, 30,4, 15
56, 31,4, 15
56, 32,4, 15
56, 33,4, 15
56, 34,4, 15
56, 35,4, 15
56, 36,4, 15
56, 37,4, 15
56, 38,4, 15
56, 39,4, 15
57, 0,0, 15
57, 1,0, 15
57, 2,0, 15
57, 3,0, 15
57, 4,0, 15
57, 5,0, 15
57, 6,0, 15
57, 7,0, 15
57, 8,0, 15
57, 9,0, 15
57, 10,0, 15
57, 11,0, 15
57, 12,0, 15
57, 13,0, 15
57, 14,0, 15
57, 15,0, 15
57, 16,0, 15
57, 17,0, 15
57, 18,0, 15
57, 19,0, 15
57, 20,0, 15
57, 21,0, 15
57, 22,0, 15
57, 23,0, 15
57, 24,0, 15
57, 25,0, 15
57, 26,0, 15
57, 27,0, 15
57, 28,0, 15
57, 29,0, 15
57, 30,0, 15
57, 31,0, 15
57, 32,0, 15
57, 33,0, 15
57, 34,0, 15
57, 35,0, 15
57, 36,0, 15
57, 37,0, 15
57, 38,0, 15
57, 39,0, 15
57, 0,1, 15
57, 1,1, 15
57, 2,1, 15
57, 3,1, 15
57, 4,1, 15
57, 5,1, 15
57, 6,1, 15
57, 7,1, 15
57, 8,1, 15
57, 9,1, 15
57, 10,1, 15
57, 11,1, 15
57, 12,1, 15
57, 13,1, 15
57, 14,1, 15
57, 15,1, 15
57, 16,1, 15
57, 17,1, 15
57, 18,1, 15
57, 19,1, 15
57, 20,1, 15
57, 21,1, 15
57, 22,1, 15
57, 23,1, 15
57, 24,1, 15
57, 25,1, 15
57, 26,1, 15
57, 27,1, 15
57, 28,1, 15
57, 29,1, 15
57, 30,1, 15
57, 31,1, 15
57, 32,1, 15
57, 33,1, 15
57, 34,1, 15
57, 35,1, 15
57, 36,1, 15
57, 37,1, 15
57, 38,1, 15
57, 39,1, 15
57, 0,2, 15
57, 1,2, 15
57, 2,2, 15
57, 3,2, 15
57, 4,2, 15
57, 5,2, 15
57, 6,2, 15
57, 7,2, 15
57, 8,2, 15
57, 9,2, 15
57, 10,2, 15
57, 11,2, 15
57, 12,2, 15
57, 13,2, 15
57, 14,2, 15
57, 15,2, 15
57, 16,2, 15
57, 17,2, 15
57, 18,2, 15
57, 19,2, 15
57, 20,2, 15
57, 21,2, 15
57, 22,2, 15
57, 23,2, 15
57, 24,2, 15
57, 25,2, 15
57, 26,2, 15
57, 27,2, 15
57, 28,2, 15
57, 29,2, 15
57, 30,2, 15
57, 31,2, 15
57, 32,2, 15
57, 33,2, 15
57, 34,2, 15
57, 35,2, 15
57, 36,2, 15
57, 37,2, 15
57, 38,2, 15
57, 39,2, 15
57, 0,3, 15
57, 1,3, 15
57, 2,3, 15
57, 3,3, 15
57, 4,3, 15
57, 5,3, 15
57, 6,3, 15
57, 7,3, 15
57, 8,3, 15
57, 9,3, 15
57, 10,3, 15
57, 11,3, 15
57, 12,3, 15
57, 13,3, 15
57, 14,3, 15
57, 15,3, 15
57, 16,3, 15
57, 17,3, 15
57, 18,3, 15
57, 19,3, 15
57, 20,3, 15
57, 21,3, 15
57, 22,3, 15
57, 23,3, 15
57, 24,3, 15
57, 25,3, 15
57, 26,3, 15
57, 27,3, 15
57, 28,3, 15
57, 29,3, 15
57, 30,3, 15
57, 31,3, 15
57, 32,3, 15
57, 33,3, 15
57, 34,3, 15
57, 35,3, 15
57, 36,3, 15
57, 37,3, 15
57, 38,3, 15
57, 39,3, 15
57, 0,4, 15
57, 1,4, 15
57, 2,4, 15
57, 3,4, 15
57, 4,4, 15
57, 5,4, 15
57, 6,4, 15
57, 7,4, 15
57, 8,4, 15
57, 9,4, 15
57, 10,4, 15
57, 11,4, 15
57, 12,4, 15
57, 13,4, 15
57, 14,4, 15
57, 15,4, 15
57, 16,4, 15
57, 17,4, 15
57, 18,4, 15
57, 19,4, 15
57, 20,4, 15
57, 21,4, 15
57, 22,4, 15
57, 23,4, 15
57, 24,4, 15
57, 25,4, 15
57, 26,4, 15
57, 27,4, 15
57, 28,4, 15
57, 29,4, 15
57, 30,4, 15
57, 31,4, 15
57, 32,4, 15
57, 33,4, 15
57, 34,4, 15
57, 35,4, 15
57, 36,4, 15
57, 37,4, 15
57, 38,4, 15
57, 39,4, 15
58, 0,0, 15
58, 1,0, 15
58, 2,0, 15
58, 3,0, 15
58, 4,0, 15
58, 5,0, 15
58, 6,0, 15
58, 7,0, 15
58, 8,0, 15
58, 9,0, 15
58, 10,0, 15
58, 11,0, 15
58, 12,0, 15
58, 13,0, 15
58, 14,0, 15
58, 15,0, 15
58, 16,0, 15
58, 17,0, 15
58, 18,0, 15
58, 19,0, 15
58, 20,0, 15
58, 21,0, 15
58, 22,0, 15
58, 23,0, 15
58, 24,0, 15
58, 25,0, 15
58, 26,0, 15
58, 27,0, 15
58, 28,0, 15
58, 29,0, 15
58, 30,0, 15
58, 31,0, 15
58, 32,0, 15
58, 33,0, 15
58, 34,0, 15
58, 35,0, 15
58, 36,0, 15
58, 37,0, 15
58, 38,0, 15
58, 39,0, 15
58, 0,1, 15
58, 1,1, 15
58, 2,1, 15
58, 3,1, 15
58, 4,1, 15
58, 5,1, 15
58, 6,1, 15
58, 7,1, 15
58, 8,1, 15
58, 9,1, 15
58, 10,1, 15
58, 11,1, 15
58, 12,1, 15
58, 13,1, 15
58, 14,1, 15
58, 15,1, 15
58, 16,1, 15
58, 17,1, 15
58, 18,1, 15
58, 19,1, 15
58, 20,1, 15
58, 21,1, 15
58, 22,1, 15
58, 23,1, 15
58, 24,1, 15
58, 25,1, 15
58, 26,1, 15
58, 27,1, 15
58, 28,1, 15
58, 29,1, 15
58, 30,1, 15
58, 31,1, 15
58, 32,1, 15
58, 33,1, 15
58, 34,1, 15
58, 35,1, 15
58, 36,1, 15
58, 37,1, 15
58, 38,1, 15
58, 39,1, 15
58, 0,2, 15
58, 1,2, 15
58, 2,2, 15
58, 3,2, 15
58, 4,2, 15
58, 5,2, 15
58, 6,2, 15
58, 7,2, 15
58, 8,2, 15
58, 9,2, 15
58, 10,2, 15
58, 11,2, 15
58, 12,2, 15
58, 13,2, 15
58, 14,2, 15
58, 15,2, 15
58, 16,2, 15
58, 17,2, 15
58, 18,2, 15
58, 19,2, 15
58, 20,2, 15
58, 21,2, 15
58, 22,2, 15
58, 23,2, 15
58, 24,2, 15
58, 25,2, 15
58, 26,2, 15
58, 27,2, 15
58, 28,2, 15
58, 29,2, 15
58, 30,2, 15
58, 31,2, 15
58, 32,2, 15
58, 33,2, 15
58, 34,2, 15
58, 35,2, 15
58, 36,2, 15
58, 37,2, 15
58, 38,2, 15
58, 39,2, 15
58, 0,3, 15
58, 1,3, 15
58, 2,3, 15
58, 3,3, 15
58, 4,3, 15
58, 5,3, 15
58, 6,3, 15
58, 7,3, 15
58, 8,3, 15
58, 9,3, 15
58, 10,3, 15
58, 11,3, 15
58, 12,3, 15
58, 13,3, 15
58, 14,3, 15
58, 15,3, 15
58, 16,3, 15
58, 17,3, 15
58, 18,3, 15
58, 19,3, 15
58, 20,3, 15
58, 21,3, 15
58, 22,3, 15
58, 23,3, 15
58, 24,3, 15
58, 25,3, 15
58, 26,3, 15
58, 27,3, 15
58, 28,3, 15
58, 29,3, 15
58, 30,3, 15
58, 31,3, 15
58, 32,3, 15
58, 33,3, 15
58, 34,3, 15
58, 35,3, 15
58, 36,3, 15
58, 37,3, 15
58, 38,3, 15
58, 39,3, 15
58, 0,4, 15
58, 1,4, 15
58, 2,4, 15
58, 3,4, 15
58, 4,4, 15
58, 5,4, 15
58, 6,4, 15
58, 7,4, 15
58, 8,4, 15
58, 9,4, 15
58, 10,4, 15
58, 11,4, 15
58, 12,4, 15
58, 13,4, 15
58, 14,4, 15
58, 15,4, 15
58, 16,4, 15
58, 17,4, 15
58, 18,4, 15
58, 19,4, 15
58, 20,4, 15
58, 21,4, 15
58, 22,4, 15
58, 23,4, 15
58, 24,4, 15
58, 25,4, 15
58, 26,4, 15
58, 27,4, 15
58, 28,4, 15
58, 29,4, 15
58, 30,4, 15
58, 31,4, 15
58, 32,4, 15
58, 33,4, 15
58, 34,4, 15
58, 35,4, 15
58, 36,4, 15
58, 37,4, 15
58, 38,4, 15
58, 39,4, 15
59, 0,0, 15
59, 1,0, 15
59, 2,0, 15
59, 3,0, 15
59, 4,0, 15
59, 5,0, 15
59, 6,0, 15
59, 7,0, 15
59, 8,0, 15
59, 9,0, 15
59, 10,0, 15
59, 11,0, 15
59, 12,0, 15
59, 13,0, 15
59, 14,0, 15
59, 15,0, 15
59, 16,0, 15
59, 17,0, 15
59, 18,0, 15
59, 19,0, 15
59, 20,0, 15
59, 21,0, 15
59, 22,0, 15
59, 23,0, 15
59, 24,0, 15
59, 25,0, 15
59, 26,0, 15
59, 27,0, 15
59, 28,0, 15
59, 29,0, 15
59, 30,0, 15
59, 31,0, 15
59, 32,0, 15
59, 33,0, 15
59, 34,0, 15
59, 35,0, 15
59, 36,0, 15
59, 37,0, 15
59, 38,0, 15
59, 39,0, 15
59, 0,1, 15
59, 1,1, 15
59, 2,1, 15
59, 3,1, 15
59, 4,1, 15
59, 5,1, 15
59, 6,1, 15
59, 7,1, 15
59, 8,1, 15
59, 9,1, 15
59, 10,1, 15
59, 11,1, 15
59, 12,1, 15
59, 13,1, 15
59, 14,1, 15
59, 15,1, 15
59, 16,1, 15
59, 17,1, 15
59, 18,1, 15
59, 19,1, 15
59, 20,1, 15
59, 21,1, 15
59, 22,1, 15
59, 23,1, 15
59, 24,1, 15
59, 25,1, 15
59, 26,1, 15
59, 27,1, 15
59, 28,1, 15
59, 29,1, 15
59, 30,1, 15
59, 31,1, 15
59, 32,1, 15
59, 33,1, 15
59, 34,1, 15
59, 35,1, 15
59, 36,1, 15
59, 37,1, 15
59, 38,1, 15
59, 39,1, 15
59, 0,2, 15
59, 1,2, 15
59, 2,2, 15
59, 3,2, 15
59, 4,2, 15
59, 5,2, 15
59, 6,2, 15
59, 7,2, 15
59, 8,2, 15
59, 9,2, 15
59, 10,2, 15
59, 11,2, 15
59, 12,2, 15
59, 13,2, 15
59, 14,2, 15
59, 15,2, 15
59, 16,2, 15
59, 17,2, 15
59, 18,2, 15
59, 19,2, 15
59, 20,2, 15
59, 21,2, 15
59, 22,2, 15
59, 23,2, 15
59, 24,2, 15
59, 25,2, 15
59, 26,2, 15
59, 27,2, 15
59, 28,2, 15
59, 29,2, 15
59, 30,2, 15
59, 31,2, 15
59, 32,2, 15
59, 33,2, 15
59, 34,2, 15
59, 35,2, 15
59, 36,2, 15
59, 37,2, 15
59, 38,2, 15
59, 39,2, 15
59, 0,3, 15
59, 1,3, 15
59, 2,3, 15
59, 3,3, 15
59, 4,3, 15
59, 5,3, 15
59, 6,3, 15
59, 7,3, 15
59, 8,3, 15
59, 9,3, 15
59, 10,3, 15
59, 11,3, 15
59, 12,3, 15
59, 13,3, 15
59, 14,3, 15
59, 15,3, 15
59, 16,3, 15
59, 17,3, 15
59, 18,3, 15
59, 19,3, 15
59, 20,3, 15
59, 21,3, 15
59, 22,3, 15
59, 23,3, 15
59, 24,3, 15
59, 25,3, 15
59, 26,3, 15
59, 27,3, 15
59, 28,3, 15
59, 29,3, 15
59, 30,3, 15
59, 31,3, 15
59, 32,3, 15
59, 33,3, 15
59, 34,3, 15
59, 35,3, 15
59, 36,3, 15
59, 37,3, 15
59, 38,3, 15
59, 39,3, 15
59, 0,4, 15
59, 1,4, 15
59, 2,4, 15
59, 3,4, 15
59, 4,4, 15
59, 5,4, 15
59, 6,4, 15
59, 7,4, 15
59, 8,4, 15
59, 9,4, 15
59, 10,4, 15
59, 11,4, 15
59, 12,4, 15
59, 13,4, 15
59, 14,4, 15
59, 15,4, 15
59, 16,4, 15
59, 17,4, 15
59, 18,4, 15
59, 19,4, 15
59, 20,4, 15
59, 21,4, 15
59, 22,4, 15
59, 23,4, 15
59, 24,4, 15
59, 25,4, 15
59, 26,4, 15
59, 27,4, 15
59, 28,4, 15
59, 29,4, 15
59, 30,4, 15
59, 31,4, 15
59, 32,4, 15
59, 33,4, 15
59, 34,4, 15
59, 35,4, 15
59, 36,4, 15
59, 37,4, 15
59, 38,4, 15
59, 39,4, 15
60, 0,0, 15
60, 1,0, 15
60, 2,0, 15
60, 3,0, 15
60, 4,0, 15
60, 5,0, 15
60, 6,0, 15
60, 7,0, 15
60, 8,0, 15
60, 9,0, 15
60, 10,0, 15
60, 11,0, 15
60, 12,0, 15
60, 13,0, 15
60, 14,0, 15
60, 15,0, 15
60, 16,0, 15
60, 17,0, 15
60, 18,0, 15
60, 19,0, 15
60, 20,0, 15
60, 21,0, 15
60, 22,0, 15
60, 23,0, 15
60, 24,0, 15
60, 25,0, 15
60, 26,0, 15
60, 27,0, 15
60, 28,0, 15
60, 29,0, 15
60, 30,0, 15
60, 31,0, 15
60, 32,0, 15
60, 33,0, 15
60, 34,0, 15
60, 35,0, 15
60, 36,0, 15
60, 37,0, 15
60, 38,0, 15
60, 39,0, 15
60, 0,1, 15
60, 1,1, 15
60, 2,1, 15
60, 3,1, 15
60, 4,1, 15
60, 5,1, 15
60, 6,1, 15
60, 7,1, 15
60, 8,1, 15
60, 9,1, 15
60, 10,1, 15
60, 11,1, 15
60, 12,1, 15
60, 13,1, 15
60, 14,1, 15
60, 15,1, 15
60, 16,1, 15
60, 17,1, 15
60, 18,1, 15
60, 19,1, 15
60, 20,1, 15
60, 21,1, 15
60, 22,1, 15
60, 23,1, 15
60, 24,1, 15
60, 25,1, 15
60, 26,1, 15
60, 27,1, 15
60, 28,1, 15
60, 29,1, 15
60, 30,1, 15
60, 31,1, 15
60, 32,1, 15
60, 33,1, 15
60, 34,1, 15
60, 35,1, 15
60, 36,1, 15
60, 37,1, 15
60, 38,1, 15
60, 39,1, 15
60, 0,2, 15
60, 1,2, 15
60, 2,2, 15
60, 3,2, 15
60, 4,2, 15
60, 5,2, 15
60, 6,2, 15
60, 7,2, 15
60, 8,2, 15
60, 9,2, 15
60, 10,2, 15
60, 11,2, 15
60, 12,2, 15
60, 13,2, 15
60, 14,2, 15
60, 15,2, 15
60, 16,2, 15
60, 17,2, 15
60, 18,2, 15
60, 19,2, 15
60, 20,2, 15
60, 21,2, 15
60, 22,2, 15
60, 23,2, 15
60, 24,2, 15
60, 25,2, 15
60, 26,2, 15
60, 27,2, 15
60, 28,2, 15
60, 29,2, 15
60, 30,2, 15
60, 31,2, 15
60, 32,2, 15
60, 33,2, 15
60, 34,2, 15
60, 35,2, 15
60, 36,2, 15
60, 37,2, 15
60, 38,2, 15
60, 39,2, 15
60, 0,3, 15
60, 1,3, 15
60, 2,3, 15
60, 3,3, 15
60, 4,3, 15
60, 5,3, 15
60, 6,3, 15
60, 7,3, 15
60, 8,3, 15
60, 9,3, 15
60, 10,3, 15
60, 11,3, 15
60, 12,3, 15
60, 13,3, 15
60, 14,3, 15
60, 15,3, 15
60, 16,3, 15
60, 17,3, 15
60, 18,3, 15
60, 19,3, 15
60, 20,3, 15
60, 21,3, 15
60, 22,3, 15
60, 23,3, 15
60, 24,3, 15
60, 25,3, 15
60, 26,3, 15
60, 27,3, 15
60, 28,3, 15
60, 29,3, 15
60, 30,3, 15
60, 31,3, 15
60, 32,3, 15
60, 33,3, 15
60, 34,3, 15
60, 35,3, 15
60, 36,3, 15
60, 37,3, 15
60, 38,3, 15
60, 39,3, 15
60, 0,4, 15
60, 1,4, 15
60, 2,4, 15
60, 3,4, 15
60, 4,4, 15
60, 5,4, 15
60, 6,4, 15
60, 7,4, 15
60, 8,4, 15
60, 9,4, 15
60, 10,4, 15
60, 11,4, 15
60, 12,4, 15
60, 13,4, 15
60, 14,4, 15
60, 15,4, 15
60, 16,4, 15
60, 17,4, 15
60, 18,4, 15
60, 19,4, 15
60, 20,4, 15
60, 21,4, 15
60, 22,4, 15
60, 23,4, 15
60, 24,4, 15
60, 25,4, 15
60, 26,4, 15
60, 27,4, 15
60, 28,4, 15
60, 29,4, 15
60, 30,4, 15
60, 31,4, 15
60, 32,4, 15
60, 33,4, 15
60, 34,4, 15
60, 35,4, 15
60, 36,4, 15
60, 37,4, 15
60, 38,4, 15
60, 39,4, 15
61, 0,0, 15
61, 1,0, 15
61, 2,0, 15
61, 3,0, 15
61, 4,0, 15
61, 5,0, 15
61, 6,0, 15
61, 7,0, 15
61, 8,0, 15
61, 9,0, 15
61, 10,0, 15
61, 11,0, 15
61, 12,0, 15
61, 13,0, 15
61, 14,0, 15
61, 15,0, 15
61, 16,0, 15
61, 17,0, 15
61, 18,0, 15
61, 19,0, 15
61, 20,0, 15
61, 21,0, 15
61, 22,0, 15
61, 23,0, 15
61, 24,0, 15
61, 25,0, 15
61, 26,0, 15
61, 27,0, 15
61, 28,0, 15
61, 29,0, 15
61, 30,0, 15
61, 31,0, 15
61, 32,0, 15
61, 33,0, 15
61, 34,0, 15
61, 35,0, 15
61, 36,0, 15
61, 37,0, 15
61, 38,0, 15
61, 39,0, 15
61, 0,1, 15
61, 1,1, 15
61, 2,1, 15
61, 3,1, 15
61, 4,1, 15
61, 5,1, 15
61, 6,1, 15
61, 7,1, 15
61, 8,1, 15
61, 9,1, 15
61, 10,1, 15
61, 11,1, 15
61, 12,1, 15
61, 13,1, 15
61, 14,1, 15
61, 15,1, 15
61, 16,1, 15
61, 17,1, 15
61, 18,1, 15
61, 19,1, 15
61, 20,1, 15
61, 21,1, 15
61, 22,1, 15
61, 23,1, 15
61, 24,1, 15
61, 25,1, 15
61, 26,1, 15
61, 27,1, 15
61, 28,1, 15
61, 29,1, 15
61, 30,1, 15
61, 31,1, 15
61, 32,1, 15
61, 33,1, 15
61, 34,1, 15
61, 35,1, 15
61, 36,1, 15
61, 37,1, 15
61, 38,1, 15
61, 39,1, 15
61, 0,2, 15
61, 1,2, 15
61, 2,2, 15
61, 3,2, 15
61, 4,2, 15
61, 5,2, 15
61, 6,2, 15
61, 7,2, 15
61, 8,2, 15
61, 9,2, 15
61, 10,2, 15
61, 11,2, 15
61, 12,2, 15
61, 13,2, 15
61, 14,2, 15
61, 15,2, 15
61, 16,2, 15
61, 17,2, 15
61, 18,2, 15
61, 19,2, 15
61, 20,2, 15
61, 21,2, 15
61, 22,2, 15
61, 23,2, 15
61, 24,2, 15
61, 25,2, 15
61, 26,2, 15
61, 27,2, 15
61, 28,2, 15
61, 29,2, 15
61, 30,2, 15
61, 31,2, 15
61, 32,2, 15
61, 33,2, 15
61, 34,2, 15
61, 35,2, 15
61, 36,2, 15
61, 37,2, 15
61, 38,2, 15
61, 39,2, 15
61, 0,3, 15
61, 1,3, 15
61, 2,3, 15
61, 3,3, 15
61, 4,3, 15
61, 5,3, 15
61, 6,3, 15
61, 7,3, 15
61, 8,3, 15
61, 9,3, 15
61, 10,3, 15
61, 11,3, 15
61, 12,3, 15
61, 13,3, 15
61, 14,3, 15
61, 15,3, 15
61, 16,3, 15
61, 17,3, 15
61, 18,3, 15
61, 19,3, 15
61, 20,3, 15
61, 21,3, 15
61, 22,3, 15
61, 23,3, 15
61, 24,3, 15
61, 25,3, 15
61, 26,3, 15
61, 27,3, 15
61, 28,3, 15
61, 29,3, 15
61, 30,3, 15
61, 31,3, 15
61, 32,3, 15
61, 33,3, 15
61, 34,3, 15
61, 35,3, 15
61, 36,3, 15
61, 37,3, 15
61, 38,3, 15
61, 39,3, 15
61, 0,4, 15
61, 1,4, 15
61, 2,4, 15
61, 3,4, 15
61, 4,4, 15
61, 5,4, 15
61, 6,4, 15
61, 7,4, 15
61, 8,4, 15
61, 9,4, 15
61, 10,4, 15
61, 11,4, 15
61, 12,4, 15
61, 13,4, 15
61, 14,4, 15
61, 15,4, 15
61, 16,4, 15
61, 17,4, 15
61, 18,4, 15
61, 19,4, 15
61, 20,4, 15
61, 21,4, 15
61, 22,4, 15
61, 23,4, 15
61, 24,4, 15
61, 25,4, 15
61, 26,4, 15
61, 27,4, 15
61, 28,4, 15
61, 29,4, 15
61, 30,4, 15
61, 31,4, 15
61, 32,4, 15
61, 33,4, 15
61, 34,4, 15
61, 35,4, 15
61, 36,4, 15
61, 37,4, 15
61, 38,4, 15
61, 39,4, 15
62, 0,0, 15
62, 1,0, 15
62, 2,0, 15
62, 3,0, 15
62, 4,0, 15
62, 5,0, 15
62, 6,0, 15
62, 7,0, 15
62, 8,0, 15
62, 9,0, 15
62, 10,0, 15
62, 11,0, 15
62, 12,0, 15
62, 13,0, 15
62, 14,0, 15
62, 15,0, 15
62, 16,0, 15
62, 17,0, 15
62, 18,0, 15
62, 19,0, 15
62, 20,0, 15
62, 21,0, 15
62, 22,0, 15
62, 23,0, 15
62, 24,0, 15
62, 25,0, 15
62, 26,0, 15
62, 27,0, 15
62, 28,0, 15
62, 29,0, 15
62, 30,0, 15
62, 31,0, 15
62, 32,0, 15
62, 33,0, 15
62, 34,0, 15
62, 35,0, 15
62, 36,0, 15
62, 37,0, 15
62, 38,0, 15
62, 39,0, 15
62, 0,1, 15
62, 1,1, 15
62, 2,1, 15
62, 3,1, 15
62, 4,1, 15
62, 5,1, 15
62, 6,1, 15
62, 7,1, 15
62, 8,1, 15
62, 9,1, 15
62, 10,1, 15
62, 11,1, 15
62, 12,1, 15
62, 13,1, 15
62, 14,1, 15
62, 15,1, 15
62, 16,1, 15
62, 17,1, 15
62, 18,1, 15
62, 19,1, 15
62, 20,1, 15
62, 21,1, 15
62, 22,1, 15
62, 23,1, 15
62, 24,1, 15
62, 25,1, 15
62, 26,1, 15
62, 27,1, 15
62, 28,1, 15
62, 29,1, 15
62, 30,1, 15
62, 31,1, 15
62, 32,1, 15
62, 33,1, 15
62, 34,1, 15
62, 35,1, 15
62, 36,1, 15
62, 37,1, 15
62, 38,1, 15
62, 39,1, 15
62, 0,2, 15
62, 1,2, 15
62, 2,2, 15
62, 3,2, 15
62, 4,2, 15
62, 5,2, 15
62, 6,2, 15
62, 7,2, 15
62, 8,2, 15
62, 9,2, 15
62, 10,2, 15
62, 11,2, 15
62, 12,2, 15
62, 13,2, 15
62, 14,2, 15
62, 15,2, 15
62, 16,2, 15
62, 17,2, 15
62, 18,2, 15
62, 19,2, 15
62, 20,2, 15
62, 21,2, 15
62, 22,2, 15
62, 23,2, 15
62, 24,2, 15
62, 25,2, 15
62, 26,2, 15
62, 27,2, 15
62, 28,2, 15
62, 29,2, 15
62, 30,2, 15
62, 31,2, 15
62, 32,2, 15
62, 33,2, 15
62, 34,2, 15
62, 35,2, 15
62, 36,2, 15
62, 37,2, 15
62, 38,2, 15
62, 39,2, 15
62, 0,3, 15
62, 1,3, 15
62, 2,3, 15
62, 3,3, 15
62, 4,3, 15
62, 5,3, 15
62, 6,3, 15
62, 7,3, 15
62, 8,3, 15
62, 9,3, 15
62, 10,3, 15
62, 11,3, 15
62, 12,3, 15
62, 13,3, 15
62, 14,3, 15
62, 15,3, 15
62, 16,3, 15
62, 17,3, 15
62, 18,3, 15
62, 19,3, 15
62, 20,3, 15
62, 21,3, 15
62, 22,3, 15
62, 23,3, 15
62, 24,3, 15
62, 25,3, 15
62, 26,3, 15
62, 27,3, 15
62, 28,3, 15
62, 29,3, 15
62, 30,3, 15
62, 31,3, 15
62, 32,3, 15
62, 33,3, 15
62, 34,3, 15
62, 35,3, 15
62, 36,3, 15
62, 37,3, 15
62, 38,3, 15
62, 39,3, 15
62, 0,4, 15
62, 1,4, 15
62, 2,4, 15
62, 3,4, 15
62, 4,4, 15
62, 5,4, 15
62, 6,4, 15
62, 7,4, 15
62, 8,4, 15
62, 9,4, 15
62, 10,4, 15
62, 11,4, 15
62, 12,4, 15
62, 13,4, 15
62, 14,4, 15
62, 15,4, 15
62, 16,4, 15
62, 17,4, 15
62, 18,4, 15
62, 19,4, 15
62, 20,4, 15
62, 21,4, 15
62, 22,4, 15
62, 23,4, 15
62, 24,4, 15
62, 25,4, 15
62, 26,4, 15
62, 27,4, 15
62, 28,4, 15
62, 29,4, 15
62, 30,4, 15
62, 31,4, 15
62, 32,4, 15
62, 33,4, 15
62, 34,4, 15
62, 35,4, 15
62, 36,4, 15
62, 37,4, 15
62, 38,4, 15
62, 39,4, 15
63, 0,0, 15
63, 1,0, 15
63, 2,0, 15
63, 3,0, 15
63, 4,0, 15
63, 5,0, 15
63, 6,0, 15
63, 7,0, 15
63, 8,0, 15
63, 9,0, 15
63, 10,0, 15
63, 11,0, 15
63, 12,0, 15
63, 13,0, 15
63, 14,0, 15
63, 15,0, 15
63, 16,0, 15
63, 17,0, 15
63, 18,0, 15
63, 19,0, 15
63, 20,0, 15
63, 21,0, 15
63, 22,0, 15
63, 23,0, 15
63, 24,0, 15
63, 25,0, 15
63, 26,0, 15
63, 27,0, 15
63, 28,0, 15
63, 29,0, 15
63, 30,0, 15
63, 31,0, 15
63, 32,0, 15
63, 33,0, 15
63, 34,0, 15
63, 35,0, 15
63, 36,0, 15
63, 37,0, 15
63, 38,0, 15
63, 39,0, 15
63, 0,1, 15
63, 1,1, 15
63, 2,1, 15
63, 3,1, 15
63, 4,1, 15
63, 5,1, 15
63, 6,1, 15
63, 7,1, 15
63, 8,1, 15
63, 9,1, 15
63, 10,1, 15
63, 11,1, 15
63, 12,1, 15
63, 13,1, 15
63, 14,1, 15
63, 15,1, 15
63, 16,1, 15
63, 17,1, 15
63, 18,1, 15
63, 19,1, 15
63, 20,1, 15
63, 21,1, 15
63, 22,1, 15
63, 23,1, 15
63, 24,1, 15
63, 25,1, 15
63, 26,1, 15
63, 27,1, 15
63, 28,1, 15
63, 29,1, 15
63, 30,1, 15
63, 31,1, 15
63, 32,1, 15
63, 33,1, 15
63, 34,1, 15
63, 35,1, 15
63, 36,1, 15
63, 37,1, 15
63, 38,1, 15
63, 39,1, 15
63, 0,2, 15
63, 1,2, 15
63, 2,2, 15
63, 3,2, 15
63, 4,2, 15
63, 5,2, 15
63, 6,2, 15
63, 7,2, 15
63, 8,2, 15
63, 9,2, 15
63, 10,2, 15
63, 11,2, 15
63, 12,2, 15
63, 13,2, 15
63, 14,2, 15
63, 15,2, 15
63, 16,2, 15
63, 17,2, 15
63, 18,2, 15
63, 19,2, 15
63, 20,2, 15
63, 21,2, 15
63, 22,2, 15
63, 23,2, 15
63, 24,2, 15
63, 25,2, 15
63, 26,2, 15
63, 27,2, 15
63, 28,2, 15
63, 29,2, 15
63, 30,2, 15
63, 31,2, 15
63, 32,2, 15
63, 33,2, 15
63, 34,2, 15
63, 35,2, 15
63, 36,2, 15
63, 37,2, 15
63, 38,2, 15
63, 39,2, 15
63, 0,3, 15
63, 1,3, 15
63, 2,3, 15
63, 3,3, 15
63, 4,3, 15
63, 5,3, 15
63, 6,3, 15
63, 7,3, 15
63, 8,3, 15
63, 9,3, 15
63, 10,3, 15
63, 11,3, 15
63, 12,3, 15
63, 13,3, 15
63, 14,3, 15
63, 15,3, 15
63, 16,3, 15
63, 17,3, 15
63, 18,3, 15
63, 19,3, 15
63, 20,3, 15
63, 21,3, 15
63, 22,3, 15
63, 23,3, 15
63, 24,3, 15
63, 25,3, 15
63, 26,3, 15
63, 27,3, 15
63, 28,3, 15
63, 29,3, 15
63, 30,3, 15
63, 31,3, 15
63, 32,3, 15
63, 33,3, 15
63, 34,3, 15
63, 35,3, 15
63, 36,3, 15
63, 37,3, 15
63, 38,3, 15
63, 39,3, 15
63, 0,4, 15
63, 1,4, 15
63, 2,4, 15
63, 3,4, 15
63, 4,4, 15
63, 5,4, 15
63, 6,4, 15
63, 7,4, 15
63, 8,4, 15
63, 9,4, 15
63, 10,4, 15
63, 11,4, 15
63, 12,4, 15
63, 13,4, 15
63, 14,4, 15
63, 15,4, 15
63, 16,4, 15
63, 17,4, 15
63, 18,4, 15
63, 19,4, 15
63, 20,4, 15
63, 21,4, 15
63, 22,4, 15
63, 23,4, 15
63, 24,4, 15
63, 25,4, 15
63, 26,4, 15
63, 27,4, 15
63, 28,4, 15
63, 29,4, 15
63, 30,4, 15
63, 31,4, 15
63, 32,4, 15
63, 33,4, 15
63, 34,4, 15
63, 35,4, 15
63, 36,4, 15
63, 37,4, 15
63, 38,4, 15
63, 39,4, 15
64, 0,0, 15
64, 1,0, 15
64, 2,0, 15
64, 3,0, 15
64, 4,0, 15
64, 5,0, 15
64, 6,0, 15
64, 7,0, 15
64, 8,0, 15
64, 9,0, 15
64, 10,0, 15
64, 11,0, 15
64, 12,0, 15
64, 13,0, 15
64, 14,0, 15
64, 15,0, 15
64, 16,0, 15
64, 17,0, 15
64, 18,0, 15
64, 19,0, 15
64, 20,0, 15
64, 21,0, 15
64, 22,0, 15
64, 23,0, 15
64, 24,0, 15
64, 25,0, 15
64, 26,0, 15
64, 27,0, 15
64, 28,0, 15
64, 29,0, 15
64, 30,0, 15
64, 31,0, 15
64, 32,0, 15
64, 33,0, 15
64, 34,0, 15
64, 35,0, 15
64, 36,0, 15
64, 37,0, 15
64, 38,0, 15
64, 39,0, 15
64, 0,1, 15
64, 1,1, 15
64, 2,1, 15
64, 3,1, 15
64, 4,1, 15
64, 5,1, 15
64, 6,1, 15
64, 7,1, 15
64, 8,1, 15
64, 9,1, 15
64, 10,1, 15
64, 11,1, 15
64, 12,1, 15
64, 13,1, 15
64, 14,1, 15
64, 15,1, 15
64, 16,1, 15
64, 17,1, 15
64, 18,1, 15
64, 19,1, 15
64, 20,1, 15
64, 21,1, 15
64, 22,1, 15
64, 23,1, 15
64, 24,1, 15
64, 25,1, 15
64, 26,1, 15
64, 27,1, 15
64, 28,1, 15
64, 29,1, 15
64, 30,1, 15
64, 31,1, 15
64, 32,1, 15
64, 33,1, 15
64, 34,1, 15
64, 35,1, 15
64, 36,1, 15
64, 37,1, 15
64, 38,1, 15
64, 39,1, 15
64, 0,2, 15
64, 1,2, 15
64, 2,2, 15
64, 3,2, 15
64, 4,2, 15
64, 5,2, 15
64, 6,2, 15
64, 7,2, 15
64, 8,2, 15
64, 9,2, 15
64, 10,2, 15
64, 11,2, 15
64, 12,2, 15
64, 13,2, 15
64, 14,2, 15
64, 15,2, 15
64, 16,2, 15
64, 17,2, 15
64, 18,2, 15
64, 19,2, 15
64, 20,2, 15
64, 21,2, 15
64, 22,2, 15
64, 23,2, 15
64, 24,2, 15
64, 25,2, 15
64, 26,2, 15
64, 27,2, 15
64, 28,2, 15
64, 29,2, 15
64, 30,2, 15
64, 31,2, 15
64, 32,2, 15
64, 33,2, 15
64, 34,2, 15
64, 35,2, 15
64, 36,2, 15
64, 37,2, 15
64, 38,2, 15
64, 39,2, 15
64, 0,3, 15
64, 1,3, 15
64, 2,3, 15
64, 3,3, 15
64, 4,3, 15
64, 5,3, 15
64, 6,3, 15
64, 7,3, 15
64, 8,3, 15
64, 9,3, 15
64, 10,3, 15
64, 11,3, 15
64, 12,3, 15
64, 13,3, 15
64, 14,3, 15
64, 15,3, 15
64, 16,3, 15
64, 17,3, 15
64, 18,3, 15
64, 19,3, 15
64, 20,3, 15
64, 21,3, 15
64, 22,3, 15
64, 23,3, 15
64, 24,3, 15
64, 25,3, 15
64, 26,3, 15
64, 27,3, 15
64, 28,3, 15
64, 29,3, 15
64, 30,3, 15
64, 31,3, 15
64, 32,3, 15
64, 33,3, 15
64, 34,3, 15
64, 35,3, 15
64, 36,3, 15
64, 37,3, 15
64, 38,3, 15
64, 39,3, 15
64, 0,4, 15
64, 1,4, 15
64, 2,4, 15
64, 3,4, 15
64, 4,4, 15
64, 5,4, 15
64, 6,4, 15
64, 7,4, 15
64, 8,4, 15
64, 9,4, 15
64, 10,4, 15
64, 11,4, 15
64, 12,4, 15
64, 13,4, 15
64, 14,4, 15
64, 15,4, 15
64, 16,4, 15
64, 17,4, 15
64, 18,4, 15
64, 19,4, 15
64, 20,4, 15
64, 21,4, 15
64, 22,4, 15
64, 23,4, 15
64, 24,4, 15
64, 25,4, 15
64, 26,4, 15
64, 27,4, 15
64, 28,4, 15
64, 29,4, 15
64, 30,4, 15
64, 31,4, 15
64, 32,4, 15
64, 33,4, 15
64, 34,4, 15
64, 35,4, 15
64, 36,4, 15
64, 37,4, 15
64, 38,4, 15
64, 39,4, 15
65, 0,0, 15
65, 1,0, 15
65, 2,0, 15
65, 3,0, 15
65, 4,0, 15
65, 5,0, 15
65, 6,0, 15
65, 7,0, 15
65, 8,0, 15
65, 9,0, 15
65, 10,0, 15
65, 11,0, 15
65, 12,0, 15
65, 13,0, 15
65, 14,0, 15
65, 15,0, 15
65, 16,0, 15
65, 17,0, 15
65, 18,0, 15
65, 19,0, 15
65, 20,0, 15
65, 21,0, 15
65, 22,0, 15
65, 23,0, 15
65, 24,0, 15
65, 25,0, 15
65, 26,0, 15
65, 27,0, 15
65, 28,0, 15
65, 29,0, 15
65, 30,0, 15
65, 31,0, 15
65, 32,0, 15
65, 33,0, 15
65, 34,0, 15
65, 35,0, 15
65, 36,0, 15
65, 37,0, 15
65, 38,0, 15
65, 39,0, 15
65, 0,1, 15
65, 1,1, 15
65, 2,1, 15
65, 3,1, 15
65, 4,1, 15
65, 5,1, 15
65, 6,1, 15
65, 7,1, 15
65, 8,1, 15
65, 9,1, 15
65, 10,1, 15
65, 11,1, 15
65, 12,1, 15
65, 13,1, 15
65, 14,1, 15
65, 15,1, 15
65, 16,1, 15
65, 17,1, 15
65, 18,1, 15
65, 19,1, 15
65, 20,1, 15
65, 21,1, 15
65, 22,1, 15
65, 23,1, 15
65, 24,1, 15
65, 25,1, 15
65, 26,1, 15
65, 27,1, 15
65, 28,1, 15
65, 29,1, 15
65, 30,1, 15
65, 31,1, 15
65, 32,1, 15
65, 33,1, 15
65, 34,1, 15
65, 35,1, 15
65, 36,1, 15
65, 37,1, 15
65, 38,1, 15
65, 39,1, 15
65, 0,2, 15
65, 1,2, 15
65, 2,2, 15
65, 3,2, 15
65, 4,2, 15
65, 5,2, 15
65, 6,2, 15
65, 7,2, 15
65, 8,2, 15
65, 9,2, 15
65, 10,2, 15
65, 11,2, 15
65, 12,2, 15
65, 13,2, 15
65, 14,2, 15
65, 15,2, 15
65, 16,2, 15
65, 17,2, 15
65, 18,2, 15
65, 19,2, 15
65, 20,2, 15
65, 21,2, 15
65, 22,2, 15
65, 23,2, 15
65, 24,2, 15
65, 25,2, 15
65, 26,2, 15
65, 27,2, 15
65, 28,2, 15
65, 29,2, 15
65, 30,2, 15
65, 31,2, 15
65, 32,2, 15
65, 33,2, 15
65, 34,2, 15
65, 35,2, 15
65, 36,2, 15
65, 37,2, 15
65, 38,2, 15
65, 39,2, 15
65, 0,3, 15
65, 1,3, 15
65, 2,3, 15
65, 3,3, 15
65, 4,3, 15
65, 5,3, 15
65, 6,3, 15
65, 7,3, 15
65, 8,3, 15
65, 9,3, 15
65, 10,3, 15
65, 11,3, 15
65, 12,3, 15
65, 13,3, 15
65, 14,3, 15
65, 15,3, 15
65, 16,3, 15
65, 17,3, 15
65, 18,3, 15
65, 19,3, 15
65, 20,3, 15
65, 21,3, 15
65, 22,3, 15
65, 23,3, 15
65, 24,3, 15
65, 25,3, 15
65, 26,3, 15
65, 27,3, 15
65, 28,3, 15
65, 29,3, 15
65, 30,3, 15
65, 31,3, 15
65, 32,3, 15
65, 33,3, 15
65, 34,3, 15
65, 35,3, 15
65, 36,3, 15
65, 37,3, 15
65, 38,3, 15
65, 39,3, 15
65, 0,4, 15
65, 1,4, 15
65, 2,4, 15
65, 3,4, 15
65, 4,4, 15
65, 5,4, 15
65, 6,4, 15
65, 7,4, 15
65, 8,4, 15
65, 9,4, 15
65, 10,4, 15
65, 11,4, 15
65, 12,4, 15
65, 13,4, 15
65, 14,4, 15
65, 15,4, 15
65, 16,4, 15
65, 17,4, 15
65, 18,4, 15
65, 19,4, 15
65, 20,4, 15
65, 21,4, 15
65, 22,4, 15
65, 23,4, 15
65, 24,4, 15
65, 25,4, 15
65, 26,4, 15
65, 27,4, 15
65, 28,4, 15
65, 29,4, 15
65, 30,4, 15
65, 31,4, 15
65, 32,4, 15
65, 33,4, 15
65, 34,4, 15
65, 35,4, 15
65, 36,4, 15
65, 37,4, 15
65, 38,4, 15
65, 39,4, 15
66, 0,0, 15
66, 1,0, 15
66, 2,0, 15
66, 3,0, 15
66, 4,0, 15
66, 5,0, 15
66, 6,0, 15
66, 7,0, 15
66, 8,0, 15
66, 9,0, 15
66, 10,0, 15
66, 11,0, 15
66, 12,0, 15
66, 13,0, 15
66, 14,0, 15
66, 15,0, 15
66, 16,0, 15
66, 17,0, 15
66, 18,0, 15
66, 19,0, 15
66, 20,0, 15
66, 21,0, 15
66, 22,0, 15
66, 23,0, 15
66, 24,0, 15
66, 25,0, 15
66, 26,0, 15
66, 27,0, 15
66, 28,0, 15
66, 29,0, 15
66, 30,0, 15
66, 31,0, 15
66, 32,0, 15
66, 33,0, 15
66, 34,0, 15
66, 35,0, 15
66, 36,0, 15
66, 37,0, 15
66, 38,0, 15
66, 39,0, 15
66, 0,1, 15
66, 1,1, 15
66, 2,1, 15
66, 3,1, 15
66, 4,1, 15
66, 5,1, 15
66, 6,1, 15
66, 7,1, 15
66, 8,1, 15
66, 9,1, 15
66, 10,1, 15
66, 11,1, 15
66, 12,1, 15
66, 13,1, 15
66, 14,1, 15
66, 15,1, 15
66, 16,1, 15
66, 17,1, 15
66, 18,1, 15
66, 19,1, 15
66, 20,1, 15
66, 21,1, 15
66, 22,1, 15
66, 23,1, 15
66, 24,1, 15
66, 25,1, 15
66, 26,1, 15
66, 27,1, 15
66, 28,1, 15
66, 29,1, 15
66, 30,1, 15
66, 31,1, 15
66, 32,1, 15
66, 33,1, 15
66, 34,1, 15
66, 35,1, 15
66, 36,1, 15
66, 37,1, 15
66, 38,1, 15
66, 39,1, 15
66, 0,2, 15
66, 1,2, 15
66, 2,2, 15
66, 3,2, 15
66, 4,2, 15
66, 5,2, 15
66, 6,2, 15
66, 7,2, 15
66, 8,2, 15
66, 9,2, 15
66, 10,2, 15
66, 11,2, 15
66, 12,2, 15
66, 13,2, 15
66, 14,2, 15
66, 15,2, 15
66, 16,2, 15
66, 17,2, 15
66, 18,2, 15
66, 19,2, 15
66, 20,2, 15
66, 21,2, 15
66, 22,2, 15
66, 23,2, 15
66, 24,2, 15
66, 25,2, 15
66, 26,2, 15
66, 27,2, 15
66, 28,2, 15
66, 29,2, 15
66, 30,2, 15
66, 31,2, 15
66, 32,2, 15
66, 33,2, 15
66, 34,2, 15
66, 35,2, 15
66, 36,2, 15
66, 37,2, 15
66, 38,2, 15
66, 39,2, 15
66, 0,3, 15
66, 1,3, 15
66, 2,3, 15
66, 3,3, 15
66, 4,3, 15
66, 5,3, 15
66, 6,3, 15
66, 7,3, 15
66, 8,3, 15
66, 9,3, 15
66, 10,3, 15
66, 11,3, 15
66, 12,3, 15
66, 13,3, 15
66, 14,3, 15
66, 15,3, 15
66, 16,3, 15
66, 17,3, 15
66, 18,3, 15
66, 19,3, 15
66, 20,3, 15
66, 21,3, 15
66, 22,3, 15
66, 23,3, 15
66, 24,3, 15
66, 25,3, 15
66, 26,3, 15
66, 27,3, 15
66, 28,3, 15
66, 29,3, 15
66, 30,3, 15
66, 31,3, 15
66, 32,3, 15
66, 33,3, 15
66, 34,3, 15
66, 35,3, 15
66, 36,3, 15
66, 37,3, 15
66, 38,3, 15
66, 39,3, 15
66, 0,4, 15
66, 1,4, 15
66, 2,4, 15
66, 3,4, 15
66, 4,4, 15
66, 5,4, 15
66, 6,4, 15
66, 7,4, 15
66, 8,4, 15
66, 9,4, 15
66, 10,4, 15
66, 11,4, 15
66, 12,4, 15
66, 13,4, 15
66, 14,4, 15
66, 15,4, 15
66, 16,4, 15
66, 17,4, 15
66, 18,4, 15
66, 19,4, 15
66, 20,4, 15
66, 21,4, 15
66, 22,4, 15
66, 23,4, 15
66, 24,4, 15
66, 25,4, 15
66, 26,4, 15
66, 27,4, 15
66, 28,4, 15
66, 29,4, 15
66, 30,4, 15
66, 31,4, 15
66, 32,4, 15
66, 33,4, 15
66, 34,4, 15
66, 35,4, 15
66, 36,4, 15
66, 37,4, 15
66, 38,4, 15
66, 39,4, 15
67, 0,0, 15
67, 1,0, 15
67, 2,0, 15
67, 3,0, 15
67, 4,0, 15
67, 5,0, 15
67, 6,0, 15
67, 7,0, 15
67, 8,0, 15
67, 9,0, 15
67, 10,0, 15
67, 11,0, 15
67, 12,0, 15
67, 13,0, 15
67, 14,0, 15
67, 15,0, 15
67, 16,0, 15
67, 17,0, 15
67, 18,0, 15
67, 19,0, 15
67, 20,0, 15
67, 21,0, 15
67, 22,0, 15
67, 23,0, 15
67, 24,0, 15
67, 25,0, 15
67, 26,0, 15
67, 27,0, 15
67, 28,0, 15
67, 29,0, 15
67, 30,0, 15
67, 31,0, 15
67, 32,0, 15
67, 33,0, 15
67, 34,0, 15
67, 35,0, 15
67, 36,0, 15
67, 37,0, 15
67, 38,0, 15
67, 39,0, 15
67, 0,1, 15
67, 1,1, 15
67, 2,1, 15
67, 3,1, 15
67, 4,1, 15
67, 5,1, 15
67, 6,1, 15
67, 7,1, 15
67, 8,1, 15
67, 9,1, 15
67, 10,1, 15
67, 11,1, 15
67, 12,1, 15
67, 13,1, 15
67, 14,1, 15
67, 15,1, 15
67, 16,1, 15
67, 17,1, 15
67, 18,1, 15
67, 19,1, 15
67, 20,1, 15
67, 21,1, 15
67, 22,1, 15
67, 23,1, 15
67, 24,1, 15
67, 25,1, 15
67, 26,1, 15
67, 27,1, 15
67, 28,1, 15
67, 29,1, 15
67, 30,1, 15
67, 31,1, 15
67, 32,1, 15
67, 33,1, 15
67, 34,1, 15
67, 35,1, 15
67, 36,1, 15
67, 37,1, 15
67, 38,1, 15
67, 39,1, 15
67, 0,2, 15
67, 1,2, 15
67, 2,2, 15
67, 3,2, 15
67, 4,2, 15
67, 5,2, 15
67, 6,2, 15
67, 7,2, 15
67, 8,2, 15
67, 9,2, 15
67, 10,2, 15
67, 11,2, 15
67, 12,2, 15
67, 13,2, 15
67, 14,2, 15
67, 15,2, 15
67, 16,2, 15
67, 17,2, 15
67, 18,2, 15
67, 19,2, 15
67, 20,2, 15
67, 21,2, 15
67, 22,2, 15
67, 23,2, 15
67, 24,2, 15
67, 25,2, 15
67, 26,2, 15
67, 27,2, 15
67, 28,2, 15
67, 29,2, 15
67, 30,2, 15
67, 31,2, 15
67, 32,2, 15
67, 33,2, 15
67, 34,2, 15
67, 35,2, 15
67, 36,2, 15
67, 37,2, 15
67, 38,2, 15
67, 39,2, 15
67, 0,3, 15
67, 1,3, 15
67, 2,3, 15
67, 3,3, 15
67, 4,3, 15
67, 5,3, 15
67, 6,3, 15
67, 7,3, 15
67, 8,3, 15
67, 9,3, 15
67, 10,3, 15
67, 11,3, 15
67, 12,3, 15
67, 13,3, 15
67, 14,3, 15
67, 15,3, 15
67, 16,3, 15
67, 17,3, 15
67, 18,3, 15
67, 19,3, 15
67, 20,3, 15
67, 21,3, 15
67, 22,3, 15
67, 23,3, 15
67, 24,3, 15
67, 25,3, 15
67, 26,3, 15
67, 27,3, 15
67, 28,3, 15
67, 29,3, 15
67, 30,3, 15
67, 31,3, 15
67, 32,3, 15
67, 33,3, 15
67, 34,3, 15
67, 35,3, 15
67, 36,3, 15
67, 37,3, 15
67, 38,3, 15
67, 39,3, 15
67, 0,4, 15
67, 1,4, 15
67, 2,4, 15
67, 3,4, 15
67, 4,4, 15
67, 5,4, 15
67, 6,4, 15
67, 7,4, 15
67, 8,4, 15
67, 9,4, 15
67, 10,4, 15
67, 11,4, 15
67, 12,4, 15
67, 13,4, 15
67, 14,4, 15
67, 15,4, 15
67, 16,4, 15
67, 17,4, 15
67, 18,4, 15
67, 19,4, 15
67, 20,4, 15
67, 21,4, 15
67, 22,4, 15
67, 23,4, 15
67, 24,4, 15
67, 25,4, 15
67, 26,4, 15
67, 27,4, 15
67, 28,4, 15
67, 29,4, 15
67, 30,4, 15
67, 31,4, 15
67, 32,4, 15
67, 33,4, 15
67, 34,4, 15
67, 35,4, 15
67, 36,4, 15
67, 37,4, 15
67, 38,4, 15
67, 39,4, 15
68, 0,0, 15
68, 1,0, 15
68, 2,0, 15
68, 3,0, 15
68, 4,0, 15
68, 5,0, 15
68, 6,0, 15
68, 7,0, 15
68, 8,0, 15
68, 9,0, 15
68, 10,0, 15
68, 11,0, 15
68, 12,0, 15
68, 13,0, 15
68, 14,0, 15
68, 15,0, 15
68, 16,0, 15
68, 17,0, 15
68, 18,0, 15
68, 19,0, 15
68, 20,0, 15
68, 21,0, 15
68, 22,0, 15
68, 23,0, 15
68, 24,0, 15
68, 25,0, 15
68, 26,0, 15
68, 27,0, 15
68, 28,0, 15
68, 29,0, 15
68, 30,0, 15
68, 31,0, 15
68, 32,0, 15
68, 33,0, 15
68, 34,0, 15
68, 35,0, 15
68, 36,0, 15
68, 37,0, 15
68, 38,0, 15
68, 39,0, 15
68, 0,1, 15
68, 1,1, 15
68, 2,1, 15
68, 3,1, 15
68, 4,1, 15
68, 5,1, 15
68, 6,1, 15
68, 7,1, 15
68, 8,1, 15
68, 9,1, 15
68, 10,1, 15
68, 11,1, 15
68, 12,1, 15
68, 13,1, 15
68, 14,1, 15
68, 15,1, 15
68, 16,1, 15
68, 17,1, 15
68, 18,1, 15
68, 19,1, 15
68, 20,1, 15
68, 21,1, 15
68, 22,1, 15
68, 23,1, 15
68, 24,1, 15
68, 25,1, 15
68, 26,1, 15
68, 27,1, 15
68, 28,1, 15
68, 29,1, 15
68, 30,1, 15
68, 31,1, 15
68, 32,1, 15
68, 33,1, 15
68, 34,1, 15
68, 35,1, 15
68, 36,1, 15
68, 37,1, 15
68, 38,1, 15
68, 39,1, 15
68, 0,2, 15
68, 1,2, 15
68, 2,2, 15
68, 3,2, 15
68, 4,2, 15
68, 5,2, 15
68, 6,2, 15
68, 7,2, 15
68, 8,2, 15
68, 9,2, 15
68, 10,2, 15
68, 11,2, 15
68, 12,2, 15
68, 13,2, 15
68, 14,2, 15
68, 15,2, 15
68, 16,2, 15
68, 17,2, 15
68, 18,2, 15
68, 19,2, 15
68, 20,2, 15
68, 21,2, 15
68, 22,2, 15
68, 23,2, 15
68, 24,2, 15
68, 25,2, 15
68, 26,2, 15
68, 27,2, 15
68, 28,2, 15
68, 29,2, 15
68, 30,2, 15
68, 31,2, 15
68, 32,2, 15
68, 33,2, 15
68, 34,2, 15
68, 35,2, 15
68, 36,2, 15
68, 37,2, 15
68, 38,2, 15
68, 39,2, 15
68, 0,3, 15
68, 1,3, 15
68, 2,3, 15
68, 3,3, 15
68, 4,3, 15
68, 5,3, 15
68, 6,3, 15
68, 7,3, 15
68, 8,3, 15
68, 9,3, 15
68, 10,3, 15
68, 11,3, 15
68, 12,3, 15
68, 13,3, 15
68, 14,3, 15
68, 15,3, 15
68, 16,3, 15
68, 17,3, 15
68, 18,3, 15
68, 19,3, 15
68, 20,3, 15
68, 21,3, 15
68, 22,3, 15
68, 23,3, 15
68, 24,3, 15
68, 25,3, 15
68, 26,3, 15
68, 27,3, 15
68, 28,3, 15
68, 29,3, 15
68, 30,3, 15
68, 31,3, 15
68, 32,3, 15
68, 33,3, 15
68, 34,3, 15
68, 35,3, 15
68, 36,3, 15
68, 37,3, 15
68, 38,3, 15
68, 39,3, 15
68, 0,4, 15
68, 1,4, 15
68, 2,4, 15
68, 3,4, 15
68, 4,4, 15
68, 5,4, 15
68, 6,4, 15
68, 7,4, 15
68, 8,4, 15
68, 9,4, 15
68, 10,4, 15
68, 11,4, 15
68, 12,4, 15
68, 13,4, 15
68, 14,4, 15
68, 15,4, 15
68, 16,4, 15
68, 17,4, 15
68, 18,4, 15
68, 19,4, 15
68, 20,4, 15
68, 21,4, 15
68, 22,4, 15
68, 23,4, 15
68, 24,4, 15
68, 25,4, 15
68, 26,4, 15
68, 27,4, 15
68, 28,4, 15
68, 29,4, 15
68, 30,4, 15
68, 31,4, 15
68, 32,4, 15
68, 33,4, 15
68, 34,4, 15
68, 35,4, 15
68, 36,4, 15
68, 37,4, 15
68, 38,4, 15
68, 39,4, 15
69, 0,0, 15
69, 1,0, 15
69, 2,0, 15
69, 3,0, 15
69, 4,0, 15
69, 5,0, 15
69, 6,0, 15
69, 7,0, 15
69, 8,0, 15
69, 9,0, 15
69, 10,0, 15
69, 11,0, 15
69, 12,0, 15
69, 13,0, 15
69, 14,0, 15
69, 15,0, 15
69, 16,0, 15
69, 17,0, 15
69, 18,0, 15
69, 19,0, 15
69, 20,0, 15
69, 21,0, 15
69, 22,0, 15
69, 23,0, 15
69, 24,0, 15
69, 25,0, 15
69, 26,0, 15
69, 27,0, 15
69, 28,0, 15
69, 29,0, 15
69, 30,0, 15
69, 31,0, 15
69, 32,0, 15
69, 33,0, 15
69, 34,0, 15
69, 35,0, 15
69, 36,0, 15
69, 37,0, 15
69, 38,0, 15
69, 39,0, 15
69, 0,1, 15
69, 1,1, 15
69, 2,1, 15
69, 3,1, 15
69, 4,1, 15
69, 5,1, 15
69, 6,1, 15
69, 7,1, 15
69, 8,1, 15
69, 9,1, 15
69, 10,1, 15
69, 11,1, 15
69, 12,1, 15
69, 13,1, 15
69, 14,1, 15
69, 15,1, 15
69, 16,1, 15
69, 17,1, 15
69, 18,1, 15
69, 19,1, 15
69, 20,1, 15
69, 21,1, 15
69, 22,1, 15
69, 23,1, 15
69, 24,1, 15
69, 25,1, 15
69, 26,1, 15
69, 27,1, 15
69, 28,1, 15
69, 29,1, 15
69, 30,1, 15
69, 31,1, 15
69, 32,1, 15
69, 33,1, 15
69, 34,1, 15
69, 35,1, 15
69, 36,1, 15
69, 37,1, 15
69, 38,1, 15
69, 39,1, 15
69, 0,2, 15
69, 1,2, 15
69, 2,2, 15
69, 3,2, 15
69, 4,2, 15
69, 5,2, 15
69, 6,2, 15
69, 7,2, 15
69, 8,2, 15
69, 9,2, 15
69, 10,2, 15
69, 11,2, 15
69, 12,2, 15
69, 13,2, 15
69, 14,2, 15
69, 15,2, 15
69, 16,2, 15
69, 17,2, 15
69, 18,2, 15
69, 19,2, 15
69, 20,2, 15
69, 21,2, 15
69, 22,2, 15
69, 23,2, 15
69, 24,2, 15
69, 25,2, 15
69, 26,2, 15
69, 27,2, 15
69, 28,2, 15
69, 29,2, 15
69, 30,2, 15
69, 31,2, 15
69, 32,2, 15
69, 33,2, 15
69, 34,2, 15
69, 35,2, 15
69, 36,2, 15
69, 37,2, 15
69, 38,2, 15
69, 39,2, 15
69, 0,3, 15
69, 1,3, 15
69, 2,3, 15
69, 3,3, 15
69, 4,3, 15
69, 5,3, 15
69, 6,3, 15
69, 7,3, 15
69, 8,3, 15
69, 9,3, 15
69, 10,3, 15
69, 11,3, 15
69, 12,3, 15
69, 13,3, 15
69, 14,3, 15
69, 15,3, 15
69, 16,3, 15
69, 17,3, 15
69, 18,3, 15
69, 19,3, 15
69, 20,3, 15
69, 21,3, 15
69, 22,3, 15
69, 23,3, 15
69, 24,3, 15
69, 25,3, 15
69, 26,3, 15
69, 27,3, 15
69, 28,3, 15
69, 29,3, 15
69, 30,3, 15
69, 31,3, 15
69, 32,3, 15
69, 33,3, 15
69, 34,3, 15
69, 35,3, 15
69, 36,3, 15
69, 37,3, 15
69, 38,3, 15
69, 39,3, 15
69, 0,4, 15
69, 1,4, 15
69, 2,4, 15
69, 3,4, 15
69, 4,4, 15
69, 5,4, 15
69, 6,4, 15
69, 7,4, 15
69, 8,4, 15
69, 9,4, 15
69, 10,4, 15
69, 11,4, 15
69, 12,4, 15
69, 13,4, 15
69, 14,4, 15
69, 15,4, 15
69, 16,4, 15
69, 17,4, 15
69, 18,4, 15
69, 19,4, 15
69, 20,4, 15
69, 21,4, 15
69, 22,4, 15
69, 23,4, 15
69, 24,4, 15
69, 25,4, 15
69, 26,4, 15
69, 27,4, 15
69, 28,4, 15
69, 29,4, 15
69, 30,4, 15
69, 31,4, 15
69, 32,4, 15
69, 33,4, 15
69, 34,4, 15
69, 35,4, 15
69, 36,4, 15
69, 37,4, 15
69, 38,4, 15
69, 39,4, 15
70, 0,0, 15
70, 1,0, 15
70, 2,0, 15
70, 3,0, 15
70, 4,0, 15
70, 5,0, 15
70, 6,0, 15
70, 7,0, 15
70, 8,0, 15
70, 9,0, 15
70, 10,0, 15
70, 11,0, 15
70, 12,0, 15
70, 13,0, 15
70, 14,0, 15
70, 15,0, 15
70, 16,0, 15
70, 17,0, 15
70, 18,0, 15
70, 19,0, 15
70, 20,0, 15
70, 21,0, 15
70, 22,0, 15
70, 23,0, 15
70, 24,0, 15
70, 25,0, 15
70, 26,0, 15
70, 27,0, 15
70, 28,0, 15
70, 29,0, 15
70, 30,0, 15
70, 31,0, 15
70, 32,0, 15
70, 33,0, 15
70, 34,0, 15
70, 35,0, 15
70, 36,0, 15
70, 37,0, 15
70, 38,0, 15
70, 39,0, 15
70, 0,1, 15
70, 1,1, 15
70, 2,1, 15
70, 3,1, 15
70, 4,1, 15
70, 5,1, 15
70, 6,1, 15
70, 7,1, 15
70, 8,1, 15
70, 9,1, 15
70, 10,1, 15
70, 11,1, 15
70, 12,1, 15
70, 13,1, 15
70, 14,1, 15
70, 15,1, 15
70, 16,1, 15
70, 17,1, 15
70, 18,1, 15
70, 19,1, 15
70, 20,1, 15
70, 21,1, 15
70, 22,1, 15
70, 23,1, 15
70, 24,1, 15
70, 25,1, 15
70, 26,1, 15
70, 27,1, 15
70, 28,1, 15
70, 29,1, 15
70, 30,1, 15
70, 31,1, 15
70, 32,1, 15
70, 33,1, 15
70, 34,1, 15
70, 35,1, 15
70, 36,1, 15
70, 37,1, 15
70, 38,1, 15
70, 39,1, 15
70, 0,2, 15
70, 1,2, 15
70, 2,2, 15
70, 3,2, 15
70, 4,2, 15
70, 5,2, 15
70, 6,2, 15
70, 7,2, 15
70, 8,2, 15
70, 9,2, 15
70, 10,2, 15
70, 11,2, 15
70, 12,2, 15
70, 13,2, 15
70, 14,2, 15
70, 15,2, 15
70, 16,2, 15
70, 17,2, 15
70, 18,2, 15
70, 19,2, 15
70, 20,2, 15
70, 21,2, 15
70, 22,2, 15
70, 23,2, 15
70, 24,2, 15
70, 25,2, 15
70, 26,2, 15
70, 27,2, 15
70, 28,2, 15
70, 29,2, 15
70, 30,2, 15
70, 31,2, 15
70, 32,2, 15
70, 33,2, 15
70, 34,2, 15
70, 35,2, 15
70, 36,2, 15
70, 37,2, 15
70, 38,2, 15
70, 39,2, 15
70, 0,3, 15
70, 1,3, 15
70, 2,3, 15
70, 3,3, 15
70, 4,3, 15
70, 5,3, 15
70, 6,3, 15
70, 7,3, 15
70, 8,3, 15
70, 9,3, 15
70, 10,3, 15
70, 11,3, 15
70, 12,3, 15
70, 13,3, 15
70, 14,3, 15
70, 15,3, 15
70, 16,3, 15
70, 17,3, 15
70, 18,3, 15
70, 19,3, 15
70, 20,3, 15
70, 21,3, 15
70, 22,3, 15
70, 23,3, 15
70, 24,3, 15
70, 25,3, 15
70, 26,3, 15
70, 27,3, 15
70, 28,3, 15
70, 29,3, 15
70, 30,3, 15
70, 31,3, 15
70, 32,3, 15
70, 33,3, 15
70, 34,3, 15
70, 35,3, 15
70, 36,3, 15
70, 37,3, 15
70, 38,3, 15
70, 39,3, 15
70, 0,4, 15
70, 1,4, 15
70, 2,4, 15
70, 3,4, 15
70, 4,4, 15
70, 5,4, 15
70, 6,4, 15
70, 7,4, 15
70, 8,4, 15
70, 9,4, 15
70, 10,4, 15
70, 11,4, 15
70, 12,4, 15
70, 13,4, 15
70, 14,4, 15
70, 15,4, 15
70, 16,4, 15
70, 17,4, 15
70, 18,4, 15
70, 19,4, 15
70, 20,4, 15
70, 21,4, 15
70, 22,4, 15
70, 23,4, 15
70, 24,4, 15
70, 25,4, 15
70, 26,4, 15
70, 27,4, 15
70, 28,4, 15
70, 29,4, 15
70, 30,4, 15
70, 31,4, 15
70, 32,4, 15
70, 33,4, 15
70, 34,4, 15
70, 35,4, 15
70, 36,4, 15
70, 37,4, 15
70, 38,4, 15
70, 39,4, 15
71, 0,0, 15
71, 1,0, 15
71, 2,0, 15
71, 3,0, 15
71, 4,0, 15
71, 5,0, 15
71, 6,0, 15
71, 7,0, 15
71, 8,0, 15
71, 9,0, 15
71, 10,0, 15
71, 11,0, 15
71, 12,0, 15
71, 13,0, 15
71, 14,0, 15
71, 15,0, 15
71, 16,0, 15
71, 17,0, 15
71, 18,0, 15
71, 19,0, 15
71, 20,0, 15
71, 21,0, 15
71, 22,0, 15
71, 23,0, 15
71, 24,0, 15
71, 25,0, 15
71, 26,0, 15
71, 27,0, 15
71, 28,0, 15
71, 29,0, 15
71, 30,0, 15
71, 31,0, 15
71, 32,0, 15
71, 33,0, 15
71, 34,0, 15
71, 35,0, 15
71, 36,0, 15
71, 37,0, 15
71, 38,0, 15
71, 39,0, 15
71, 0,1, 15
71, 1,1, 15
71, 2,1, 15
71, 3,1, 15
71, 4,1, 15
71, 5,1, 15
71, 6,1, 15
71, 7,1, 15
71, 8,1, 15
71, 9,1, 15
71, 10,1, 15
71, 11,1, 15
71, 12,1, 15
71, 13,1, 15
71, 14,1, 15
71, 15,1, 15
71, 16,1, 15
71, 17,1, 15
71, 18,1, 15
71, 19,1, 15
71, 20,1, 15
71, 21,1, 15
71, 22,1, 15
71, 23,1, 15
71, 24,1, 15
71, 25,1, 15
71, 26,1, 15
71, 27,1, 15
71, 28,1, 15
71, 29,1, 15
71, 30,1, 15
71, 31,1, 15
71, 32,1, 15
71, 33,1, 15
71, 34,1, 15
71, 35,1, 15
71, 36,1, 15
71, 37,1, 15
71, 38,1, 15
71, 39,1, 15
71, 0,2, 15
71, 1,2, 15
71, 2,2, 15
71, 3,2, 15
71, 4,2, 15
71, 5,2, 15
71, 6,2, 15
71, 7,2, 15
71, 8,2, 15
71, 9,2, 15
71, 10,2, 15
71, 11,2, 15
71, 12,2, 15
71, 13,2, 15
71, 14,2, 15
71, 15,2, 15
71, 16,2, 15
71, 17,2, 15
71, 18,2, 15
71, 19,2, 15
71, 20,2, 15
71, 21,2, 15
71, 22,2, 15
71, 23,2, 15
71, 24,2, 15
71, 25,2, 15
71, 26,2, 15
71, 27,2, 15
71, 28,2, 15
71, 29,2, 15
71, 30,2, 15
71, 31,2, 15
71, 32,2, 15
71, 33,2, 15
71, 34,2, 15
71, 35,2, 15
71, 36,2, 15
71, 37,2, 15
71, 38,2, 15
71, 39,2, 15
71, 0,3, 15
71, 1,3, 15
71, 2,3, 15
71, 3,3, 15
71, 4,3, 15
71, 5,3, 15
71, 6,3, 15
71, 7,3, 15
71, 8,3, 15
71, 9,3, 15
71, 10,3, 15
71, 11,3, 15
71, 12,3, 15
71, 13,3, 15
71, 14,3, 15
71, 15,3, 15
71, 16,3, 15
71, 17,3, 15
71, 18,3, 15
71, 19,3, 15
71, 20,3, 15
71, 21,3, 15
71, 22,3, 15
71, 23,3, 15
71, 24,3, 15
71, 25,3, 15
71, 26,3, 15
71, 27,3, 15
71, 28,3, 15
71, 29,3, 15
71, 30,3, 15
71, 31,3, 15
71, 32,3, 15
71, 33,3, 15
71, 34,3, 15
71, 35,3, 15
71, 36,3, 15
71, 37,3, 15
71, 38,3, 15
71, 39,3, 15
71, 0,4, 15
71, 1,4, 15
71, 2,4, 15
71, 3,4, 15
71, 4,4, 15
71, 5,4, 15
71, 6,4, 15
71, 7,4, 15
71, 8,4, 15
71, 9,4, 15
71, 10,4, 15
71, 11,4, 15
71, 12,4, 15
71, 13,4, 15
71, 14,4, 15
71, 15,4, 15
71, 16,4, 15
71, 17,4, 15
71, 18,4, 15
71, 19,4, 15
71, 20,4, 15
71, 21,4, 15
71, 22,4, 15
71, 23,4, 15
71, 24,4, 15
71, 25,4, 15
71, 26,4, 15
71, 27,4, 15
71, 28,4, 15
71, 29,4, 15
71, 30,4, 15
71, 31,4, 15
71, 32,4, 15
71, 33,4, 15
71, 34,4, 15
71, 35,4, 15
71, 36,4, 15
71, 37,4, 15
71, 38,4, 15
71, 39,4, 15
72, 0,0, 15
72, 1,0, 15
72, 2,0, 15
72, 3,0, 15
72, 4,0, 15
72, 5,0, 15
72, 6,0, 15
72, 7,0, 15
72, 8,0, 15
72, 9,0, 15
72, 10,0, 15
72, 11,0, 15
72, 12,0, 15
72, 13,0, 15
72, 14,0, 15
72, 15,0, 15
72, 16,0, 15
72, 17,0, 15
72, 18,0, 15
72, 19,0, 15
72, 20,0, 15
72, 21,0, 15
72, 22,0, 15
72, 23,0, 15
72, 24,0, 15
72, 25,0, 15
72, 26,0, 15
72, 27,0, 15
72, 28,0, 15
72, 29,0, 15
72, 30,0, 15
72, 31,0, 15
72, 32,0, 15
72, 33,0, 15
72, 34,0, 15
72, 35,0, 15
72, 36,0, 15
72, 37,0, 15
72, 38,0, 15
72, 39,0, 15
72, 0,1, 15
72, 1,1, 15
72, 2,1, 15
72, 3,1, 15
72, 4,1, 15
72, 5,1, 15
72, 6,1, 15
72, 7,1, 15
72, 8,1, 15
72, 9,1, 15
72, 10,1, 15
72, 11,1, 15
72, 12,1, 15
72, 13,1, 15
72, 14,1, 15
72, 15,1, 15
72, 16,1, 15
72, 17,1, 15
72, 18,1, 15
72, 19,1, 15
72, 20,1, 15
72, 21,1, 15
72, 22,1, 15
72, 23,1, 15
72, 24,1, 15
72, 25,1, 15
72, 26,1, 15
72, 27,1, 15
72, 28,1, 15
72, 29,1, 15
72, 30,1, 15
72, 31,1, 15
72, 32,1, 15
72, 33,1, 15
72, 34,1, 15
72, 35,1, 15
72, 36,1, 15
72, 37,1, 15
72, 38,1, 15
72, 39,1, 15
72, 0,2, 15
72, 1,2, 15
72, 2,2, 15
72, 3,2, 15
72, 4,2, 15
72, 5,2, 15
72, 6,2, 15
72, 7,2, 15
72, 8,2, 15
72, 9,2, 15
72, 10,2, 15
72, 11,2, 15
72, 12,2, 15
72, 13,2, 15
72, 14,2, 15
72, 15,2, 15
72, 16,2, 15
72, 17,2, 15
72, 18,2, 15
72, 19,2, 15
72, 20,2, 15
72, 21,2, 15
72, 22,2, 15
72, 23,2, 15
72, 24,2, 15
72, 25,2, 15
72, 26,2, 15
72, 27,2, 15
72, 28,2, 15
72, 29,2, 15
72, 30,2, 15
72, 31,2, 15
72, 32,2, 15
72, 33,2, 15
72, 34,2, 15
72, 35,2, 15
72, 36,2, 15
72, 37,2, 15
72, 38,2, 15
72, 39,2, 15
72, 0,3, 15
72, 1,3, 15
72, 2,3, 15
72, 3,3, 15
72, 4,3, 15
72, 5,3, 15
72, 6,3, 15
72, 7,3, 15
72, 8,3, 15
72, 9,3, 15
72, 10,3, 15
72, 11,3, 15
72, 12,3, 15
72, 13,3, 15
72, 14,3, 15
72, 15,3, 15
72, 16,3, 15
72, 17,3, 15
72, 18,3, 15
72, 19,3, 15
72, 20,3, 15
72, 21,3, 15
72, 22,3, 15
72, 23,3, 15
72, 24,3, 15
72, 25,3, 15
72, 26,3, 15
72, 27,3, 15
72, 28,3, 15
72, 29,3, 15
72, 30,3, 15
72, 31,3, 15
72, 32,3, 15
72, 33,3, 15
72, 34,3, 15
72, 35,3, 15
72, 36,3, 15
72, 37,3, 15
72, 38,3, 15
72, 39,3, 15
72, 0,4, 15
72, 1,4, 15
72, 2,4, 15
72, 3,4, 15
72, 4,4, 15
72, 5,4, 15
72, 6,4, 15
72, 7,4, 15
72, 8,4, 15
72, 9,4, 15
72, 10,4, 15
72, 11,4, 15
72, 12,4, 15
72, 13,4, 15
72, 14,4, 15
72, 15,4, 15
72, 16,4, 15
72, 17,4, 15
72, 18,4, 15
72, 19,4, 15
72, 20,4, 15
72, 21,4, 15
72, 22,4, 15
72, 23,4, 15
72, 24,4, 15
72, 25,4, 15
72, 26,4, 15
72, 27,4, 15
72, 28,4, 15
72, 29,4, 15
72, 30,4, 15
72, 31,4, 15
72, 32,4, 15
72, 33,4, 15
72, 34,4, 15
72, 35,4, 15
72, 36,4, 15
72, 37,4, 15
72, 38,4, 15
72, 39,4, 15
73, 0,0, 15
73, 1,0, 15
73, 2,0, 15
73, 3,0, 15
73, 4,0, 15
73, 5,0, 15
73, 6,0, 15
73, 7,0, 15
73, 8,0, 15
73, 9,0, 15
73, 10,0, 15
73, 11,0, 15
73, 12,0, 15
73, 13,0, 15
73, 14,0, 15
73, 15,0, 15
73, 16,0, 15
73, 17,0, 15
73, 18,0, 15
73, 19,0, 15
73, 20,0, 15
73, 21,0, 15
73, 22,0, 15
73, 23,0, 15
73, 24,0, 15
73, 25,0, 15
73, 26,0, 15
73, 27,0, 15
73, 28,0, 15
73, 29,0, 15
73, 30,0, 15
73, 31,0, 15
73, 32,0, 15
73, 33,0, 15
73, 34,0, 15
73, 35,0, 15
73, 36,0, 15
73, 37,0, 15
73, 38,0, 15
73, 39,0, 15
73, 0,1, 15
73, 1,1, 15
73, 2,1, 15
73, 3,1, 15
73, 4,1, 15
73, 5,1, 15
73, 6,1, 15
73, 7,1, 15
73, 8,1, 15
73, 9,1, 15
73, 10,1, 15
73, 11,1, 15
73, 12,1, 15
73, 13,1, 15
73, 14,1, 15
73, 15,1, 15
73, 16,1, 15
73, 17,1, 15
73, 18,1, 15
73, 19,1, 15
73, 20,1, 15
73, 21,1, 15
73, 22,1, 15
73, 23,1, 15
73, 24,1, 15
73, 25,1, 15
73, 26,1, 15
73, 27,1, 15
73, 28,1, 15
73, 29,1, 15
73, 30,1, 15
73, 31,1, 15
73, 32,1, 15
73, 33,1, 15
73, 34,1, 15
73, 35,1, 15
73, 36,1, 15
73, 37,1, 15
73, 38,1, 15
73, 39,1, 15
73, 0,2, 15
73, 1,2, 15
73, 2,2, 15
73, 3,2, 15
73, 4,2, 15
73, 5,2, 15
73, 6,2, 15
73, 7,2, 15
73, 8,2, 15
73, 9,2, 15
73, 10,2, 15
73, 11,2, 15
73, 12,2, 15
73, 13,2, 15
73, 14,2, 15
73, 15,2, 15
73, 16,2, 15
73, 17,2, 15
73, 18,2, 15
73, 19,2, 15
73, 20,2, 15
73, 21,2, 15
73, 22,2, 15
73, 23,2, 15
73, 24,2, 15
73, 25,2, 15
73, 26,2, 15
73, 27,2, 15
73, 28,2, 15
73, 29,2, 15
73, 30,2, 15
73, 31,2, 15
73, 32,2, 15
73, 33,2, 15
73, 34,2, 15
73, 35,2, 15
73, 36,2, 15
73, 37,2, 15
73, 38,2, 15
73, 39,2, 15
73, 0,3, 15
73, 1,3, 15
73, 2,3, 15
73, 3,3, 15
73, 4,3, 15
73, 5,3, 15
73, 6,3, 15
73, 7,3, 15
73, 8,3, 15
73, 9,3, 15
73, 10,3, 15
73, 11,3, 15
73, 12,3, 15
73, 13,3, 15
73, 14,3, 15
73, 15,3, 15
73, 16,3, 15
73, 17,3, 15
73, 18,3, 15
73, 19,3, 15
73, 20,3, 15
73, 21,3, 15
73, 22,3, 15
73, 23,3, 15
73, 24,3, 15
73, 25,3, 15
73, 26,3, 15
73, 27,3, 15
73, 28,3, 15
73, 29,3, 15
73, 30,3, 15
73, 31,3, 15
73, 32,3, 15
73, 33,3, 15
73, 34,3, 15
73, 35,3, 15
73, 36,3, 15
73, 37,3, 15
73, 38,3, 15
73, 39,3, 15
73, 0,4, 15
73, 1,4, 15
73, 2,4, 15
73, 3,4, 15
73, 4,4, 15
73, 5,4, 15
73, 6,4, 15
73, 7,4, 15
73, 8,4, 15
73, 9,4, 15
73, 10,4, 15
73, 11,4, 15
73, 12,4, 15
73, 13,4, 15
73, 14,4, 15
73, 15,4, 15
73, 16,4, 15
73, 17,4, 15
73, 18,4, 15
73, 19,4, 15
73, 20,4, 15
73, 21,4, 15
73, 22,4, 15
73, 23,4, 15
73, 24,4, 15
73, 25,4, 15
73, 26,4, 15
73, 27,4, 15
73, 28,4, 15
73, 29,4, 15
73, 30,4, 15
73, 31,4, 15
73, 32,4, 15
73, 33,4, 15
73, 34,4, 15
73, 35,4, 15
73, 36,4, 15
73, 37,4, 15
73, 38,4, 15
73, 39,4, 15
74, 0,0, 15
74, 1,0, 15
74, 2,0, 15
74, 3,0, 15
74, 4,0, 15
74, 5,0, 15
74, 6,0, 15
74, 7,0, 15
74, 8,0, 15
74, 9,0, 15
74, 10,0, 15
74, 11,0, 15
74, 12,0, 15
74, 13,0, 15
74, 14,0, 15
74, 15,0, 15
74, 16,0, 15
74, 17,0, 15
74, 18,0, 15
74, 19,0, 15
74, 20,0, 15
74, 21,0, 15
74, 22,0, 15
74, 23,0, 15
74, 24,0, 15
74, 25,0, 15
74, 26,0, 15
74, 27,0, 15
74, 28,0, 15
74, 29,0, 15
74, 30,0, 15
74, 31,0, 15
74, 32,0, 15
74, 33,0, 15
74, 34,0, 15
74, 35,0, 15
74, 36,0, 15
74, 37,0, 15
74, 38,0, 15
74, 39,0, 15
74, 0,1, 15
74, 1,1, 15
74, 2,1, 15
74, 3,1, 15
74, 4,1, 15
74, 5,1, 15
74, 6,1, 15
74, 7,1, 15
74, 8,1, 15
74, 9,1, 15
74, 10,1, 15
74, 11,1, 15
74, 12,1, 15
74, 13,1, 15
74, 14,1, 15
74, 15,1, 15
74, 16,1, 15
74, 17,1, 15
74, 18,1, 15
74, 19,1, 15
74, 20,1, 15
74, 21,1, 15
74, 22,1, 15
74, 23,1, 15
74, 24,1, 15
74, 25,1, 15
74, 26,1, 15
74, 27,1, 15
74, 28,1, 15
74, 29,1, 15
74, 30,1, 15
74, 31,1, 15
74, 32,1, 15
74, 33,1, 15
74, 34,1, 15
74, 35,1, 15
74, 36,1, 15
74, 37,1, 15
74, 38,1, 15
74, 39,1, 15
74, 0,2, 15
74, 1,2, 15
74, 2,2, 15
74, 3,2, 15
74, 4,2, 15
74, 5,2, 15
74, 6,2, 15
74, 7,2, 15
74, 8,2, 15
74, 9,2, 15
74, 10,2, 15
74, 11,2, 15
74, 12,2, 15
74, 13,2, 15
74, 14,2, 15
74, 15,2, 15
74, 16,2, 15
74, 17,2, 15
74, 18,2, 15
74, 19,2, 15
74, 20,2, 15
74, 21,2, 15
74, 22,2, 15
74, 23,2, 15
74, 24,2, 15
74, 25,2, 15
74, 26,2, 15
74, 27,2, 15
74, 28,2, 15
74, 29,2, 15
74, 30,2, 15
74, 31,2, 15
74, 32,2, 15
74, 33,2, 15
74, 34,2, 15
74, 35,2, 15
74, 36,2, 15
74, 37,2, 15
74, 38,2, 15
74, 39,2, 15
74, 0,3, 15
74, 1,3, 15
74, 2,3, 15
74, 3,3, 15
74, 4,3, 15
74, 5,3, 15
74, 6,3, 15
74, 7,3, 15
74, 8,3, 15
74, 9,3, 15
74, 10,3, 15
74, 11,3, 15
74, 12,3, 15
74, 13,3, 15
74, 14,3, 15
74, 15,3, 15
74, 16,3, 15
74, 17,3, 15
74, 18,3, 15
74, 19,3, 15
74, 20,3, 15
74, 21,3, 15
74, 22,3, 15
74, 23,3, 15
74, 24,3, 15
74, 25,3, 15
74, 26,3, 15
74, 27,3, 15
74, 28,3, 15
74, 29,3, 15
74, 30,3, 15
74, 31,3, 15
74, 32,3, 15
74, 33,3, 15
74, 34,3, 15
74, 35,3, 15
74, 36,3, 15
74, 37,3, 15
74, 38,3, 15
74, 39,3, 15
74, 0,4, 15
74, 1,4, 15
74, 2,4, 15
74, 3,4, 15
74, 4,4, 15
74, 5,4, 15
74, 6,4, 15
74, 7,4, 15
74, 8,4, 15
74, 9,4, 15
74, 10,4, 15
74, 11,4, 15
74, 12,4, 15
74, 13,4, 15
74, 14,4, 15
74, 15,4, 15
74, 16,4, 15
74, 17,4, 15
74, 18,4, 15
74, 19,4, 15
74, 20,4, 15
74, 21,4, 15
74, 22,4, 15
74, 23,4, 15
74, 24,4, 15
74, 25,4, 15
74, 26,4, 15
74, 27,4, 15
74, 28,4, 15
74, 29,4, 15
74, 30,4, 15
74, 31,4, 15
74, 32,4, 15
74, 33,4, 15
74, 34,4, 15
74, 35,4, 15
74, 36,4, 15
74, 37,4, 15
74, 38,4, 15
74, 39,4, 15
75, 0,0, 15
75, 1,0, 15
75, 2,0, 15
75, 3,0, 15
75, 4,0, 15
75, 5,0, 15
75, 6,0, 15
75, 7,0, 15
75, 8,0, 15
75, 9,0, 15
75, 10,0, 15
75, 11,0, 15
75, 12,0, 15
75, 13,0, 15
75, 14,0, 15
75, 15,0, 15
75, 16,0, 15
75, 17,0, 15
75, 18,0, 15
75, 19,0, 15
75, 20,0, 15
75, 21,0, 15
75, 22,0, 15
75, 23,0, 15
75, 24,0, 15
75, 25,0, 15
75, 26,0, 15
75, 27,0, 15
75, 28,0, 15
75, 29,0, 15
75, 30,0, 15
75, 31,0, 15
75, 32,0, 15
75, 33,0, 15
75, 34,0, 15
75, 35,0, 15
75, 36,0, 15
75, 37,0, 15
75, 38,0, 15
75, 39,0, 15
75, 0,1, 15
75, 1,1, 15
75, 2,1, 15
75, 3,1, 15
75, 4,1, 15
75, 5,1, 15
75, 6,1, 15
75, 7,1, 15
75, 8,1, 15
75, 9,1, 15
75, 10,1, 15
75, 11,1, 15
75, 12,1, 15
75, 13,1, 15
75, 14,1, 15
75, 15,1, 15
75, 16,1, 15
75, 17,1, 15
75, 18,1, 15
75, 19,1, 15
75, 20,1, 15
75, 21,1, 15
75, 22,1, 15
75, 23,1, 15
75, 24,1, 15
75, 25,1, 15
75, 26,1, 15
75, 27,1, 15
75, 28,1, 15
75, 29,1, 15
75, 30,1, 15
75, 31,1, 15
75, 32,1, 15
75, 33,1, 15
75, 34,1, 15
75, 35,1, 15
75, 36,1, 15
75, 37,1, 15
75, 38,1, 15
75, 39,1, 15
75, 0,2, 15
75, 1,2, 15
75, 2,2, 15
75, 3,2, 15
75, 4,2, 15
75, 5,2, 15
75, 6,2, 15
75, 7,2, 15
75, 8,2, 15
75, 9,2, 15
75, 10,2, 15
75, 11,2, 15
75, 12,2, 15
75, 13,2, 15
75, 14,2, 15
75, 15,2, 15
75, 16,2, 15
75, 17,2, 15
75, 18,2, 15
75, 19,2, 15
75, 20,2, 15
75, 21,2, 15
75, 22,2, 15
75, 23,2, 15
75, 24,2, 15
75, 25,2, 15
75, 26,2, 15
75, 27,2, 15
75, 28,2, 15
75, 29,2, 15
75, 30,2, 15
75, 31,2, 15
75, 32,2, 15
75, 33,2, 15
75, 34,2, 15
75, 35,2, 15
75, 36,2, 15
75, 37,2, 15
75, 38,2, 15
75, 39,2, 15
75, 0,3, 15
75, 1,3, 15
75, 2,3, 15
75, 3,3, 15
75, 4,3, 15
75, 5,3, 15
75, 6,3, 15
75, 7,3, 15
75, 8,3, 15
75, 9,3, 15
75, 10,3, 15
75, 11,3, 15
75, 12,3, 15
75, 13,3, 15
75, 14,3, 15
75, 15,3, 15
75, 16,3, 15
75, 17,3, 15
75, 18,3, 15
75, 19,3, 15
75, 20,3, 15
75, 21,3, 15
75, 22,3, 15
75, 23,3, 15
75, 24,3, 15
75, 25,3, 15
75, 26,3, 15
75, 27,3, 15
75, 28,3, 15
75, 29,3, 15
75, 30,3, 15
75, 31,3, 15
75, 32,3, 15
75, 33,3, 15
75, 34,3, 15
75, 35,3, 15
75, 36,3, 15
75, 37,3, 15
75, 38,3, 15
75, 39,3, 15
75, 0,4, 15
75, 1,4, 15
75, 2,4, 15
75, 3,4, 15
75, 4,4, 15
75, 5,4, 15
75, 6,4, 15
75, 7,4, 15
75, 8,4, 15
75, 9,4, 15
75, 10,4, 15
75, 11,4, 15
75, 12,4, 15
75, 13,4, 15
75, 14,4, 15
75, 15,4, 15
75, 16,4, 15
75, 17,4, 15
75, 18,4, 15
75, 19,4, 15
75, 20,4, 15
75, 21,4, 15
75, 22,4, 15
75, 23,4, 15
75, 24,4, 15
75, 25,4, 15
75, 26,4, 15
75, 27,4, 15
75, 28,4, 15
75, 29,4, 15
75, 30,4, 15
75, 31,4, 15
75, 32,4, 15
75, 33,4, 15
75, 34,4, 15
75, 35,4, 15
75, 36,4, 15
75, 37,4, 15
75, 38,4, 15
75, 39,4, 15
76, 0,0, 15
76, 1,0, 15
76, 2,0, 15
76, 3,0, 15
76, 4,0, 15
76, 5,0, 15
76, 6,0, 15
76, 7,0, 15
76, 8,0, 15
76, 9,0, 15
76, 10,0, 15
76, 11,0, 15
76, 12,0, 15
76, 13,0, 15
76, 14,0, 15
76, 15,0, 15
76, 16,0, 15
76, 17,0, 15
76, 18,0, 15
76, 19,0, 15
76, 20,0, 15
76, 21,0, 15
76, 22,0, 15
76, 23,0, 15
76, 24,0, 15
76, 25,0, 15
76, 26,0, 15
76, 27,0, 15
76, 28,0, 15
76, 29,0, 15
76, 30,0, 15
76, 31,0, 15
76, 32,0, 15
76, 33,0, 15
76, 34,0, 15
76, 35,0, 15
76, 36,0, 15
76, 37,0, 15
76, 38,0, 15
76, 39,0, 15
76, 0,1, 15
76, 1,1, 15
76, 2,1, 15
76, 3,1, 15
76, 4,1, 15
76, 5,1, 15
76, 6,1, 15
76, 7,1, 15
76, 8,1, 15
76, 9,1, 15
76, 10,1, 15
76, 11,1, 15
76, 12,1, 15
76, 13,1, 15
76, 14,1, 15
76, 15,1, 15
76, 16,1, 15
76, 17,1, 15
76, 18,1, 15
76, 19,1, 15
76, 20,1, 15
76, 21,1, 15
76, 22,1, 15
76, 23,1, 15
76, 24,1, 15
76, 25,1, 15
76, 26,1, 15
76, 27,1, 15
76, 28,1, 15
76, 29,1, 15
76, 30,1, 15
76, 31,1, 15
76, 32,1, 15
76, 33,1, 15
76, 34,1, 15
76, 35,1, 15
76, 36,1, 15
76, 37,1, 15
76, 38,1, 15
76, 39,1, 15
76, 0,2, 15
76, 1,2, 15
76, 2,2, 15
76, 3,2, 15
76, 4,2, 15
76, 5,2, 15
76, 6,2, 15
76, 7,2, 15
76, 8,2, 15
76, 9,2, 15
76, 10,2, 15
76, 11,2, 15
76, 12,2, 15
76, 13,2, 15
76, 14,2, 15
76, 15,2, 15
76, 16,2, 15
76, 17,2, 15
76, 18,2, 15
76, 19,2, 15
76, 20,2, 15
76, 21,2, 15
76, 22,2, 15
76, 23,2, 15
76, 24,2, 15
76, 25,2, 15
76, 26,2, 15
76, 27,2, 15
76, 28,2, 15
76, 29,2, 15
76, 30,2, 15
76, 31,2, 15
76, 32,2, 15
76, 33,2, 15
76, 34,2, 15
76, 35,2, 15
76, 36,2, 15
76, 37,2, 15
76, 38,2, 15
76, 39,2, 15
76, 0,3, 15
76, 1,3, 15
76, 2,3, 15
76, 3,3, 15
76, 4,3, 15
76, 5,3, 15
76, 6,3, 15
76, 7,3, 15
76, 8,3, 15
76, 9,3, 15
76, 10,3, 15
76, 11,3, 15
76, 12,3, 15
76, 13,3, 15
76, 14,3, 15
76, 15,3, 15
76, 16,3, 15
76, 17,3, 15
76, 18,3, 15
76, 19,3, 15
76, 20,3, 15
76, 21,3, 15
76, 22,3, 15
76, 23,3, 15
76, 24,3, 15
76, 25,3, 15
76, 26,3, 15
76, 27,3, 15
76, 28,3, 15
76, 29,3, 15
76, 30,3, 15
76, 31,3, 15
76, 32,3, 15
76, 33,3, 15
76, 34,3, 15
76, 35,3, 15
76, 36,3, 15
76, 37,3, 15
76, 38,3, 15
76, 39,3, 15
76, 0,4, 15
76, 1,4, 15
76, 2,4, 15
76, 3,4, 15
76, 4,4, 15
76, 5,4, 15
76, 6,4, 15
76, 7,4, 15
76, 8,4, 15
76, 9,4, 15
76, 10,4, 15
76, 11,4, 15
76, 12,4, 15
76, 13,4, 15
76, 14,4, 15
76, 15,4, 15
76, 16,4, 15
76, 17,4, 15
76, 18,4, 15
76, 19,4, 15
76, 20,4, 15
76, 21,4, 15
76, 22,4, 15
76, 23,4, 15
76, 24,4, 15
76, 25,4, 15
76, 26,4, 15
76, 27,4, 15
76, 28,4, 15
76, 29,4, 15
76, 30,4, 15
76, 31,4, 15
76, 32,4, 15
76, 33,4, 15
76, 34,4, 15
76, 35,4, 15
76, 36,4, 15
76, 37,4, 15
76, 38,4, 15
76, 39,4, 15
77, 0,0, 15
77, 1,0, 15
77, 2,0, 15
77, 3,0, 15
77, 4,0, 15
77, 5,0, 15
77, 6,0, 15
77, 7,0, 15
77, 8,0, 15
77, 9,0, 15
77, 10,0, 15
77, 11,0, 15
77, 12,0, 15
77, 13,0, 15
77, 14,0, 15
77, 15,0, 15
77, 16,0, 15
77, 17,0, 15
77, 18,0, 15
77, 19,0, 15
77, 20,0, 15
77, 21,0, 15
77, 22,0, 15
77, 23,0, 15
77, 24,0, 15
77, 25,0, 15
77, 26,0, 15
77, 27,0, 15
77, 28,0, 15
77, 29,0, 15
77, 30,0, 15
77, 31,0, 15
77, 32,0, 15
77, 33,0, 15
77, 34,0, 15
77, 35,0, 15
77, 36,0, 15
77, 37,0, 15
77, 38,0, 15
77, 39,0, 15
77, 0,1, 15
77, 1,1, 15
77, 2,1, 15
77, 3,1, 15
77, 4,1, 15
77, 5,1, 15
77, 6,1, 15
77, 7,1, 15
77, 8,1, 15
77, 9,1, 15
77, 10,1, 15
77, 11,1, 15
77, 12,1, 15
77, 13,1, 15
77, 14,1, 15
77, 15,1, 15
77, 16,1, 15
77, 17,1, 15
77, 18,1, 15
77, 19,1, 15
77, 20,1, 15
77, 21,1, 15
77, 22,1, 15
77, 23,1, 15
77, 24,1, 15
77, 25,1, 15
77, 26,1, 15
77, 27,1, 15
77, 28,1, 15
77, 29,1, 15
77, 30,1, 15
77, 31,1, 15
77, 32,1, 15
77, 33,1, 15
77, 34,1, 15
77, 35,1, 15
77, 36,1, 15
77, 37,1, 15
77, 38,1, 15
77, 39,1, 15
77, 0,2, 15
77, 1,2, 15
77, 2,2, 15
77, 3,2, 15
77, 4,2, 15
77, 5,2, 15
77, 6,2, 15
77, 7,2, 15
77, 8,2, 15
77, 9,2, 15
77, 10,2, 15
77, 11,2, 15
77, 12,2, 15
77, 13,2, 15
77, 14,2, 15
77, 15,2, 15
77, 16,2, 15
77, 17,2, 15
77, 18,2, 15
77, 19,2, 15
77, 20,2, 15
77, 21,2, 15
77, 22,2, 15
77, 23,2, 15
77, 24,2, 15
77, 25,2, 15
77, 26,2, 15
77, 27,2, 15
77, 28,2, 15
77, 29,2, 15
77, 30,2, 15
77, 31,2, 15
77, 32,2, 15
77, 33,2, 15
77, 34,2, 15
77, 35,2, 15
77, 36,2, 15
77, 37,2, 15
77, 38,2, 15
77, 39,2, 15
77, 0,3, 15
77, 1,3, 15
77, 2,3, 15
77, 3,3, 15
77, 4,3, 15
77, 5,3, 15
77, 6,3, 15
77, 7,3, 15
77, 8,3, 15
77, 9,3, 15
77, 10,3, 15
77, 11,3, 15
77, 12,3, 15
77, 13,3, 15
77, 14,3, 15
77, 15,3, 15
77, 16,3, 15
77, 17,3, 15
77, 18,3, 15
77, 19,3, 15
77, 20,3, 15
77, 21,3, 15
77, 22,3, 15
77, 23,3, 15
77, 24,3, 15
77, 25,3, 15
77, 26,3, 15
77, 27,3, 15
77, 28,3, 15
77, 29,3, 15
77, 30,3, 15
77, 31,3, 15
77, 32,3, 15
77, 33,3, 15
77, 34,3, 15
77, 35,3, 15
77, 36,3, 15
77, 37,3, 15
77, 38,3, 15
77, 39,3, 15
77, 0,4, 15
77, 1,4, 15
77, 2,4, 15
77, 3,4, 15
77, 4,4, 15
77, 5,4, 15
77, 6,4, 15
77, 7,4, 15
77, 8,4, 15
77, 9,4, 15
77, 10,4, 15
77, 11,4, 15
77, 12,4, 15
77, 13,4, 15
77, 14,4, 15
77, 15,4, 15
77, 16,4, 15
77, 17,4, 15
77, 18,4, 15
77, 19,4, 15
77, 20,4, 15
77, 21,4, 15
77, 22,4, 15
77, 23,4, 15
77, 24,4, 15
77, 25,4, 15
77, 26,4, 15
77, 27,4, 15
77, 28,4, 15
77, 29,4, 15
77, 30,4, 15
77, 31,4, 15
77, 32,4, 15
77, 33,4, 15
77, 34,4, 15
77, 35,4, 15
77, 36,4, 15
77, 37,4, 15
77, 38,4, 15
77, 39,4, 15
78, 0,0, 15
78, 1,0, 15
78, 2,0, 15
78, 3,0, 15
78, 4,0, 15
78, 5,0, 15
78, 6,0, 15
78, 7,0, 15
78, 8,0, 15
78, 9,0, 15
78, 10,0, 15
78, 11,0, 15
78, 12,0, 15
78, 13,0, 15
78, 14,0, 15
78, 15,0, 15
78, 16,0, 15
78, 17,0, 15
78, 18,0, 15
78, 19,0, 15
78, 20,0, 15
78, 21,0, 15
78, 22,0, 15
78, 23,0, 15
78, 24,0, 15
78, 25,0, 15
78, 26,0, 15
78, 27,0, 15
78, 28,0, 15
78, 29,0, 15
78, 30,0, 15
78, 31,0, 15
78, 32,0, 15
78, 33,0, 15
78, 34,0, 15
78, 35,0, 15
78, 36,0, 15
78, 37,0, 15
78, 38,0, 15
78, 39,0, 15
78, 0,1, 15
78, 1,1, 15
78, 2,1, 15
78, 3,1, 15
78, 4,1, 15
78, 5,1, 15
78, 6,1, 15
78, 7,1, 15
78, 8,1, 15
78, 9,1, 15
78, 10,1, 15
78, 11,1, 15
78, 12,1, 15
78, 13,1, 15
78, 14,1, 15
78, 15,1, 15
78, 16,1, 15
78, 17,1, 15
78, 18,1, 15
78, 19,1, 15
78, 20,1, 15
78, 21,1, 15
78, 22,1, 15
78, 23,1, 15
78, 24,1, 15
78, 25,1, 15
78, 26,1, 15
78, 27,1, 15
78, 28,1, 15
78, 29,1, 15
78, 30,1, 15
78, 31,1, 15
78, 32,1, 15
78, 33,1, 15
78, 34,1, 15
78, 35,1, 15
78, 36,1, 15
78, 37,1, 15
78, 38,1, 15
78, 39,1, 15
78, 0,2, 15
78, 1,2, 15
78, 2,2, 15
78, 3,2, 15
78, 4,2, 15
78, 5,2, 15
78, 6,2, 15
78, 7,2, 15
78, 8,2, 15
78, 9,2, 15
78, 10,2, 15
78, 11,2, 15
78, 12,2, 15
78, 13,2, 15
78, 14,2, 15
78, 15,2, 15
78, 16,2, 15
78, 17,2, 15
78, 18,2, 15
78, 19,2, 15
78, 20,2, 15
78, 21,2, 15
78, 22,2, 15
78, 23,2, 15
78, 24,2, 15
78, 25,2, 15
78, 26,2, 15
78, 27,2, 15
78, 28,2, 15
78, 29,2, 15
78, 30,2, 15
78, 31,2, 15
78, 32,2, 15
78, 33,2, 15
78, 34,2, 15
78, 35,2, 15
78, 36,2, 15
78, 37,2, 15
78, 38,2, 15
78, 39,2, 15
78, 0,3, 15
78, 1,3, 15
78, 2,3, 15
78, 3,3, 15
78, 4,3, 15
78, 5,3, 15
78, 6,3, 15
78, 7,3, 15
78, 8,3, 15
78, 9,3, 15
78, 10,3, 15
78, 11,3, 15
78, 12,3, 15
78, 13,3, 15
78, 14,3, 15
78, 15,3, 15
78, 16,3, 15
78, 17,3, 15
78, 18,3, 15
78, 19,3, 15
78, 20,3, 15
78, 21,3, 15
78, 22,3, 15
78, 23,3, 15
78, 24,3, 15
78, 25,3, 15
78, 26,3, 15
78, 27,3, 15
78, 28,3, 15
78, 29,3, 15
78, 30,3, 15
78, 31,3, 15
78, 32,3, 15
78, 33,3, 15
78, 34,3, 15
78, 35,3, 15
78, 36,3, 15
78, 37,3, 15
78, 38,3, 15
78, 39,3, 15
78, 0,4, 15
78, 1,4, 15
78, 2,4, 15
78, 3,4, 15
78, 4,4, 15
78, 5,4, 15
78, 6,4, 15
78, 7,4, 15
78, 8,4, 15
78, 9,4, 15
78, 10,4, 15
78, 11,4, 15
78, 12,4, 15
78, 13,4, 15
78, 14,4, 15
78, 15,4, 15
78, 16,4, 15
78, 17,4, 15
78, 18,4, 15
78, 19,4, 15
78, 20,4, 15
78, 21,4, 15
78, 22,4, 15
78, 23,4, 15
78, 24,4, 15
78, 25,4, 15
78, 26,4, 15
78, 27,4, 15
78, 28,4, 15
78, 29,4, 15
78, 30,4, 15
78, 31,4, 15
78, 32,4, 15
78, 33,4, 15
78, 34,4, 15
78, 35,4, 15
78, 36,4, 15
78, 37,4, 15
78, 38,4, 15
78, 39,4, 15
79, 0,0, 15
79, 1,0, 15
79, 2,0, 15
79, 3,0, 15
79, 4,0, 15
79, 5,0, 15
79, 6,0, 15
79, 7,0, 15
79, 8,0, 15
79, 9,0, 15
79, 10,0, 15
79, 11,0, 15
79, 12,0, 15
79, 13,0, 15
79, 14,0, 15
79, 15,0, 15
79, 16,0, 15
79, 17,0, 15
79, 18,0, 15
79, 19,0, 15
79, 20,0, 15
79, 21,0, 15
79, 22,0, 15
79, 23,0, 15
79, 24,0, 15
79, 25,0, 15
79, 26,0, 15
79, 27,0, 15
79, 28,0, 15
79, 29,0, 15
79, 30,0, 15
79, 31,0, 15
79, 32,0, 15
79, 33,0, 15
79, 34,0, 15
79, 35,0, 15
79, 36,0, 15
79, 37,0, 15
79, 38,0, 15
79, 39,0, 15
79, 0,1, 15
79, 1,1, 15
79, 2,1, 15
79, 3,1, 15
79, 4,1, 15
79, 5,1, 15
79, 6,1, 15
79, 7,1, 15
79, 8,1, 15
79, 9,1, 15
79, 10,1, 15
79, 11,1, 15
79, 12,1, 15
79, 13,1, 15
79, 14,1, 15
79, 15,1, 15
79, 16,1, 15
79, 17,1, 15
79, 18,1, 15
79, 19,1, 15
79, 20,1, 15
79, 21,1, 15
79, 22,1, 15
79, 23,1, 15
79, 24,1, 15
79, 25,1, 15
79, 26,1, 15
79, 27,1, 15
79, 28,1, 15
79, 29,1, 15
79, 30,1, 15
79, 31,1, 15
79, 32,1, 15
79, 33,1, 15
79, 34,1, 15
79, 35,1, 15
79, 36,1, 15
79, 37,1, 15
79, 38,1, 15
79, 39,1, 15
79, 0,2, 15
79, 1,2, 15
79, 2,2, 15
79, 3,2, 15
79, 4,2, 15
79, 5,2, 15
79, 6,2, 15
79, 7,2, 15
79, 8,2, 15
79, 9,2, 15
79, 10,2, 15
79, 11,2, 15
79, 12,2, 15
79, 13,2, 15
79, 14,2, 15
79, 15,2, 15
79, 16,2, 15
79, 17,2, 15
79, 18,2, 15
79, 19,2, 15
79, 20,2, 15
79, 21,2, 15
79, 22,2, 15
79, 23,2, 15
79, 24,2, 15
79, 25,2, 15
79, 26,2, 15
79, 27,2, 15
79, 28,2, 15
79, 29,2, 15
79, 30,2, 15
79, 31,2, 15
79, 32,2, 15
79, 33,2, 15
79, 34,2, 15
79, 35,2, 15
79, 36,2, 15
79, 37,2, 15
79, 38,2, 15
79, 39,2, 15
79, 0,3, 15
79, 1,3, 15
79, 2,3, 15
79, 3,3, 15
79, 4,3, 15
79, 5,3, 15
79, 6,3, 15
79, 7,3, 15
79, 8,3, 15
79, 9,3, 15
79, 10,3, 15
79, 11,3, 15
79, 12,3, 15
79, 13,3, 15
79, 14,3, 15
79, 15,3, 15
79, 16,3, 15
79, 17,3, 15
79, 18,3, 15
79, 19,3, 15
79, 20,3, 15
79, 21,3, 15
79, 22,3, 15
79, 23,3, 15
79, 24,3, 15
79, 25,3, 15
79, 26,3, 15
79, 27,3, 15
79, 28,3, 15
79, 29,3, 15
79, 30,3, 15
79, 31,3, 15
79, 32,3, 15
79, 33,3, 15
79, 34,3, 15
79, 35,3, 15
79, 36,3, 15
79, 37,3, 15
79, 38,3, 15
79, 39,3, 15
79, 0,4, 15
79, 1,4, 15
79, 2,4, 15
79, 3,4, 15
79, 4,4, 15
79, 5,4, 15
79, 6,4, 15
79, 7,4, 15
79, 8,4, 15
79, 9,4, 15
79, 10,4, 15
79, 11,4, 15
79, 12,4, 15
79, 13,4, 15
79, 14,4, 15
79, 15,4, 15
79, 16,4, 15
79, 17,4, 15
79, 18,4, 15
79, 19,4, 15
79, 20,4, 15
79, 21,4, 15
79, 22,4, 15
79, 23,4, 15
79, 24,4, 15
79, 25,4, 15
79, 26,4, 15
79, 27,4, 15
79, 28,4, 15
79, 29,4, 15
79, 30,4, 15
79, 31,4, 15
79, 32,4, 15
79, 33,4, 15
79, 34,4, 15
79, 35,4, 15
79, 36,4, 15
79, 37,4, 15
79, 38,4, 15
79, 39,4, 15
80, 0,0, 15
80, 1,0, 15
80, 2,0, 15
80, 3,0, 15
80, 4,0, 15
80, 5,0, 15
80, 6,0, 15
80, 7,0, 15
80, 8,0, 15
80, 9,0, 15
80, 10,0, 15
80, 11,0, 15
80, 12,0, 15
80, 13,0, 15
80, 14,0, 15
80, 15,0, 15
80, 16,0, 15
80, 17,0, 15
80, 18,0, 15
80, 19,0, 15
80, 20,0, 15
80, 21,0, 15
80, 22,0, 15
80, 23,0, 15
80, 24,0, 15
80, 25,0, 15
80, 26,0, 15
80, 27,0, 15
80, 28,0, 15
80, 29,0, 15
80, 30,0, 15
80, 31,0, 15
80, 32,0, 15
80, 33,0, 15
80, 34,0, 15
80, 35,0, 15
80, 36,0, 15
80, 37,0, 15
80, 38,0, 15
80, 39,0, 15
80, 0,1, 15
80, 1,1, 15
80, 2,1, 15
80, 3,1, 15
80, 4,1, 15
80, 5,1, 15
80, 6,1, 15
80, 7,1, 15
80, 8,1, 15
80, 9,1, 15
80, 10,1, 15
80, 11,1, 15
80, 12,1, 15
80, 13,1, 15
80, 14,1, 15
80, 15,1, 15
80, 16,1, 15
80, 17,1, 15
80, 18,1, 15
80, 19,1, 15
80, 20,1, 15
80, 21,1, 15
80, 22,1, 15
80, 23,1, 15
80, 24,1, 15
80, 25,1, 15
80, 26,1, 15
80, 27,1, 15
80, 28,1, 15
80, 29,1, 15
80, 30,1, 15
80, 31,1, 15
80, 32,1, 15
80, 33,1, 15
80, 34,1, 15
80, 35,1, 15
80, 36,1, 15
80, 37,1, 15
80, 38,1, 15
80, 39,1, 15
80, 0,2, 15
80, 1,2, 15
80, 2,2, 15
80, 3,2, 15
80, 4,2, 15
80, 5,2, 15
80, 6,2, 15
80, 7,2, 15
80, 8,2, 15
80, 9,2, 15
80, 10,2, 15
80, 11,2, 15
80, 12,2, 15
80, 13,2, 15
80, 14,2, 15
80, 15,2, 15
80, 16,2, 15
80, 17,2, 15
80, 18,2, 15
80, 19,2, 15
80, 20,2, 15
80, 21,2, 15
80, 22,2, 15
80, 23,2, 15
80, 24,2, 15
80, 25,2, 15
80, 26,2, 15
80, 27,2, 15
80, 28,2, 15
80, 29,2, 15
80, 30,2, 15
80, 31,2, 15
80, 32,2, 15
80, 33,2, 15
80, 34,2, 15
80, 35,2, 15
80, 36,2, 15
80, 37,2, 15
80, 38,2, 15
80, 39,2, 15
80, 0,3, 15
80, 1,3, 15
80, 2,3, 15
80, 3,3, 15
80, 4,3, 15
80, 5,3, 15
80, 6,3, 15
80, 7,3, 15
80, 8,3, 15
80, 9,3, 15
80, 10,3, 15
80, 11,3, 15
80, 12,3, 15
80, 13,3, 15
80, 14,3, 15
80, 15,3, 15
80, 16,3, 15
80, 17,3, 15
80, 18,3, 15
80, 19,3, 15
80, 20,3, 15
80, 21,3, 15
80, 22,3, 15
80, 23,3, 15
80, 24,3, 15
80, 25,3, 15
80, 26,3, 15
80, 27,3, 15
80, 28,3, 15
80, 29,3, 15
80, 30,3, 15
80, 31,3, 15
80, 32,3, 15
80, 33,3, 15
80, 34,3, 15
80, 35,3, 15
80, 36,3, 15
80, 37,3, 15
80, 38,3, 15
80, 39,3, 15
80, 0,4, 15
80, 1,4, 15
80, 2,4, 15
80, 3,4, 15
80, 4,4, 15
80, 5,4, 15
80, 6,4, 15
80, 7,4, 15
80, 8,4, 15
80, 9,4, 15
80, 10,4, 15
80, 11,4, 15
80, 12,4, 15
80, 13,4, 15
80, 14,4, 15
80, 15,4, 15
80, 16,4, 15
80, 17,4, 15
80, 18,4, 15
80, 19,4, 15
80, 20,4, 15
80, 21,4, 15
80, 22,4, 15
80, 23,4, 15
80, 24,4, 15
80, 25,4, 15
80, 26,4, 15
80, 27,4, 15
80, 28,4, 15
80, 29,4, 15
80, 30,4, 15
80, 31,4, 15
80, 32,4, 15
80, 33,4, 15
80, 34,4, 15
80, 35,4, 15
80, 36,4, 15
80, 37,4, 15
80, 38,4, 15
80, 39,4, 15
81, 0,0, 15
81, 1,0, 15
81, 2,0, 15
81, 3,0, 15
81, 4,0, 15
81, 5,0, 15
81, 6,0, 15
81, 7,0, 15
81, 8,0, 15
81, 9,0, 15
81, 10,0, 15
81, 11,0, 15
81, 12,0, 15
81, 13,0, 15
81, 14,0, 15
81, 15,0, 15
81, 16,0, 15
81, 17,0, 15
81, 18,0, 15
81, 19,0, 15
81, 20,0, 15
81, 21,0, 15
81, 22,0, 15
81, 23,0, 15
81, 24,0, 15
81, 25,0, 15
81, 26,0, 15
81, 27,0, 15
81, 28,0, 15
81, 29,0, 15
81, 30,0, 15
81, 31,0, 15
81, 32,0, 15
81, 33,0, 15
81, 34,0, 15
81, 35,0, 15
81, 36,0, 15
81, 37,0, 15
81, 38,0, 15
81, 39,0, 15
81, 0,1, 15
81, 1,1, 15
81, 2,1, 15
81, 3,1, 15
81, 4,1, 15
81, 5,1, 15
81, 6,1, 15
81, 7,1, 15
81, 8,1, 15
81, 9,1, 15
81, 10,1, 15
81, 11,1, 15
81, 12,1, 15
81, 13,1, 15
81, 14,1, 15
81, 15,1, 15
81, 16,1, 15
81, 17,1, 15
81, 18,1, 15
81, 19,1, 15
81, 20,1, 15
81, 21,1, 15
81, 22,1, 15
81, 23,1, 15
81, 24,1, 15
81, 25,1, 15
81, 26,1, 15
81, 27,1, 15
81, 28,1, 15
81, 29,1, 15
81, 30,1, 15
81, 31,1, 15
81, 32,1, 15
81, 33,1, 15
81, 34,1, 15
81, 35,1, 15
81, 36,1, 15
81, 37,1, 15
81, 38,1, 15
81, 39,1, 15
81, 0,2, 15
81, 1,2, 15
81, 2,2, 15
81, 3,2, 15
81, 4,2, 15
81, 5,2, 15
81, 6,2, 15
81, 7,2, 15
81, 8,2, 15
81, 9,2, 15
81, 10,2, 15
81, 11,2, 15
81, 12,2, 15
81, 13,2, 15
81, 14,2, 15
81, 15,2, 15
81, 16,2, 15
81, 17,2, 15
81, 18,2, 15
81, 19,2, 15
81, 20,2, 15
81, 21,2, 15
81, 22,2, 15
81, 23,2, 15
81, 24,2, 15
81, 25,2, 15
81, 26,2, 15
81, 27,2, 15
81, 28,2, 15
81, 29,2, 15
81, 30,2, 15
81, 31,2, 15
81, 32,2, 15
81, 33,2, 15
81, 34,2, 15
81, 35,2, 15
81, 36,2, 15
81, 37,2, 15
81, 38,2, 15
81, 39,2, 15
81, 0,3, 15
81, 1,3, 15
81, 2,3, 15
81, 3,3, 15
81, 4,3, 15
81, 5,3, 15
81, 6,3, 15
81, 7,3, 15
81, 8,3, 15
81, 9,3, 15
81, 10,3, 15
81, 11,3, 15
81, 12,3, 15
81, 13,3, 15
81, 14,3, 15
81, 15,3, 15
81, 16,3, 15
81, 17,3, 15
81, 18,3, 15
81, 19,3, 15
81, 20,3, 15
81, 21,3, 15
81, 22,3, 15
81, 23,3, 15
81, 24,3, 15
81, 25,3, 15
81, 26,3, 15
81, 27,3, 15
81, 28,3, 15
81, 29,3, 15
81, 30,3, 15
81, 31,3, 15
81, 32,3, 15
81, 33,3, 15
81, 34,3, 15
81, 35,3, 15
81, 36,3, 15
81, 37,3, 15
81, 38,3, 15
81, 39,3, 15
81, 0,4, 15
81, 1,4, 15
81, 2,4, 15
81, 3,4, 15
81, 4,4, 15
81, 5,4, 15
81, 6,4, 15
81, 7,4, 15
81, 8,4, 15
81, 9,4, 15
81, 10,4, 15
81, 11,4, 15
81, 12,4, 15
81, 13,4, 15
81, 14,4, 15
81, 15,4, 15
81, 16,4, 15
81, 17,4, 15
81, 18,4, 15
81, 19,4, 15
81, 20,4, 15
81, 21,4, 15
81, 22,4, 15
81, 23,4, 15
81, 24,4, 15
81, 25,4, 15
81, 26,4, 15
81, 27,4, 15
81, 28,4, 15
81, 29,4, 15
81, 30,4, 15
81, 31,4, 15
81, 32,4, 15
81, 33,4, 15
81, 34,4, 15
81, 35,4, 15
81, 36,4, 15
81, 37,4, 15
81, 38,4, 15
81, 39,4, 15
82, 0,0, 15
82, 1,0, 15
82, 2,0, 15
82, 3,0, 15
82, 4,0, 15
82, 5,0, 15
82, 6,0, 15
82, 7,0, 15
82, 8,0, 15
82, 9,0, 15
82, 10,0, 15
82, 11,0, 15
82, 12,0, 15
82, 13,0, 15
82, 14,0, 15
82, 15,0, 15
82, 16,0, 15
82, 17,0, 15
82, 18,0, 15
82, 19,0, 15
82, 20,0, 15
82, 21,0, 15
82, 22,0, 15
82, 23,0, 15
82, 24,0, 15
82, 25,0, 15
82, 26,0, 15
82, 27,0, 15
82, 28,0, 15
82, 29,0, 15
82, 30,0, 15
82, 31,0, 15
82, 32,0, 15
82, 33,0, 15
82, 34,0, 15
82, 35,0, 15
82, 36,0, 15
82, 37,0, 15
82, 38,0, 15
82, 39,0, 15
82, 0,1, 15
82, 1,1, 15
82, 2,1, 15
82, 3,1, 15
82, 4,1, 15
82, 5,1, 15
82, 6,1, 15
82, 7,1, 15
82, 8,1, 15
82, 9,1, 15
82, 10,1, 15
82, 11,1, 15
82, 12,1, 15
82, 13,1, 15
82, 14,1, 15
82, 15,1, 15
82, 16,1, 15
82, 17,1, 15
82, 18,1, 15
82, 19,1, 15
82, 20,1, 15
82, 21,1, 15
82, 22,1, 15
82, 23,1, 15
82, 24,1, 15
82, 25,1, 15
82, 26,1, 15
82, 27,1, 15
82, 28,1, 15
82, 29,1, 15
82, 30,1, 15
82, 31,1, 15
82, 32,1, 15
82, 33,1, 15
82, 34,1, 15
82, 35,1, 15
82, 36,1, 15
82, 37,1, 15
82, 38,1, 15
82, 39,1, 15
82, 0,2, 15
82, 1,2, 15
82, 2,2, 15
82, 3,2, 15
82, 4,2, 15
82, 5,2, 15
82, 6,2, 15
82, 7,2, 15
82, 8,2, 15
82, 9,2, 15
82, 10,2, 15
82, 11,2, 15
82, 12,2, 15
82, 13,2, 15
82, 14,2, 15
82, 15,2, 15
82, 16,2, 15
82, 17,2, 15
82, 18,2, 15
82, 19,2, 15
82, 20,2, 15
82, 21,2, 15
82, 22,2, 15
82, 23,2, 15
82, 24,2, 15
82, 25,2, 15
82, 26,2, 15
82, 27,2, 15
82, 28,2, 15
82, 29,2, 15
82, 30,2, 15
82, 31,2, 15
82, 32,2, 15
82, 33,2, 15
82, 34,2, 15
82, 35,2, 15
82, 36,2, 15
82, 37,2, 15
82, 38,2, 15
82, 39,2, 15
82, 0,3, 15
82, 1,3, 15
82, 2,3, 15
82, 3,3, 15
82, 4,3, 15
82, 5,3, 15
82, 6,3, 15
82, 7,3, 15
82, 8,3, 15
82, 9,3, 15
82, 10,3, 15
82, 11,3, 15
82, 12,3, 15
82, 13,3, 15
82, 14,3, 15
82, 15,3, 15
82, 16,3, 15
82, 17,3, 15
82, 18,3, 15
82, 19,3, 15
82, 20,3, 15
82, 21,3, 15
82, 22,3, 15
82, 23,3, 15
82, 24,3, 15
82, 25,3, 15
82, 26,3, 15
82, 27,3, 15
82, 28,3, 15
82, 29,3, 15
82, 30,3, 15
82, 31,3, 15
82, 32,3, 15
82, 33,3, 15
82, 34,3, 15
82, 35,3, 15
82, 36,3, 15
82, 37,3, 15
82, 38,3, 15
82, 39,3, 15
82, 0,4, 15
82, 1,4, 15
82, 2,4, 15
82, 3,4, 15
82, 4,4, 15
82, 5,4, 15
82, 6,4, 15
82, 7,4, 15
82, 8,4, 15
82, 9,4, 15
82, 10,4, 15
82, 11,4, 15
82, 12,4, 15
82, 13,4, 15
82, 14,4, 15
82, 15,4, 15
82, 16,4, 15
82, 17,4, 15
82, 18,4, 15
82, 19,4, 15
82, 20,4, 15
82, 21,4, 15
82, 22,4, 15
82, 23,4, 15
82, 24,4, 15
82, 25,4, 15
82, 26,4, 15
82, 27,4, 15
82, 28,4, 15
82, 29,4, 15
82, 30,4, 15
82, 31,4, 15
82, 32,4, 15
82, 33,4, 15
82, 34,4, 15
82, 35,4, 15
82, 36,4, 15
82, 37,4, 15
82, 38,4, 15
82, 39,4, 15
83, 0,0, 15
83, 1,0, 15
83, 2,0, 15
83, 3,0, 15
83, 4,0, 15
83, 5,0, 15
83, 6,0, 15
83, 7,0, 15
83, 8,0, 15
83, 9,0, 15
83, 10,0, 15
83, 11,0, 15
83, 12,0, 15
83, 13,0, 15
83, 14,0, 15
83, 15,0, 15
83, 16,0, 15
83, 17,0, 15
83, 18,0, 15
83, 19,0, 15
83, 20,0, 15
83, 21,0, 15
83, 22,0, 15
83, 23,0, 15
83, 24,0, 15
83, 25,0, 15
83, 26,0, 15
83, 27,0, 15
83, 28,0, 15
83, 29,0, 15
83, 30,0, 15
83, 31,0, 15
83, 32,0, 15
83, 33,0, 15
83, 34,0, 15
83, 35,0, 15
83, 36,0, 15
83, 37,0, 15
83, 38,0, 15
83, 39,0, 15
83, 0,1, 15
83, 1,1, 15
83, 2,1, 15
83, 3,1, 15
83, 4,1, 15
83, 5,1, 15
83, 6,1, 15
83, 7,1, 15
83, 8,1, 15
83, 9,1, 15
83, 10,1, 15
83, 11,1, 15
83, 12,1, 15
83, 13,1, 15
83, 14,1, 15
83, 15,1, 15
83, 16,1, 15
83, 17,1, 15
83, 18,1, 15
83, 19,1, 15
83, 20,1, 15
83, 21,1, 15
83, 22,1, 15
83, 23,1, 15
83, 24,1, 15
83, 25,1, 15
83, 26,1, 15
83, 27,1, 15
83, 28,1, 15
83, 29,1, 15
83, 30,1, 15
83, 31,1, 15
83, 32,1, 15
83, 33,1, 15
83, 34,1, 15
83, 35,1, 15
83, 36,1, 15
83, 37,1, 15
83, 38,1, 15
83, 39,1, 15
83, 0,2, 15
83, 1,2, 15
83, 2,2, 15
83, 3,2, 15
83, 4,2, 15
83, 5,2, 15
83, 6,2, 15
83, 7,2, 15
83, 8,2, 15
83, 9,2, 15
83, 10,2, 15
83, 11,2, 15
83, 12,2, 15
83, 13,2, 15
83, 14,2, 15
83, 15,2, 15
83, 16,2, 15
83, 17,2, 15
83, 18,2, 15
83, 19,2, 15
83, 20,2, 15
83, 21,2, 15
83, 22,2, 15
83, 23,2, 15
83, 24,2, 15
83, 25,2, 15
83, 26,2, 15
83, 27,2, 15
83, 28,2, 15
83, 29,2, 15
83, 30,2, 15
83, 31,2, 15
83, 32,2, 15
83, 33,2, 15
83, 34,2, 15
83, 35,2, 15
83, 36,2, 15
83, 37,2, 15
83, 38,2, 15
83, 39,2, 15
83, 0,3, 15
83, 1,3, 15
83, 2,3, 15
83, 3,3, 15
83, 4,3, 15
83, 5,3, 15
83, 6,3, 15
83, 7,3, 15
83, 8,3, 15
83, 9,3, 15
83, 10,3, 15
83, 11,3, 15
83, 12,3, 15
83, 13,3, 15
83, 14,3, 15
83, 15,3, 15
83, 16,3, 15
83, 17,3, 15
83, 18,3, 15
83, 19,3, 15
83, 20,3, 15
83, 21,3, 15
83, 22,3, 15
83, 23,3, 15
83, 24,3, 15
83, 25,3, 15
83, 26,3, 15
83, 27,3, 15
83, 28,3, 15
83, 29,3, 15
83, 30,3, 15
83, 31,3, 15
83, 32,3, 15
83, 33,3, 15
83, 34,3, 15
83, 35,3, 15
83, 36,3, 15
83, 37,3, 15
83, 38,3, 15
83, 39,3, 15
83, 0,4, 15
83, 1,4, 15
83, 2,4, 15
83, 3,4, 15
83, 4,4, 15
83, 5,4, 15
83, 6,4, 15
83, 7,4, 15
83, 8,4, 15
83, 9,4, 15
83, 10,4, 15
83, 11,4, 15
83, 12,4, 15
83, 13,4, 15
83, 14,4, 15
83, 15,4, 15
83, 16,4, 15
83, 17,4, 15
83, 18,4, 15
83, 19,4, 15
83, 20,4, 15
83, 21,4, 15
83, 22,4, 15
83, 23,4, 15
83, 24,4, 15
83, 25,4, 15
83, 26,4, 15
83, 27,4, 15
83, 28,4, 15
83, 29,4, 15
83, 30,4, 15
83, 31,4, 15
83, 32,4, 15
83, 33,4, 15
83, 34,4, 15
83, 35,4, 15
83, 36,4, 15
83, 37,4, 15
83, 38,4, 15
83, 39,4, 15
84, 0,0, 15
84, 1,0, 15
84, 2,0, 15
84, 3,0, 15
84, 4,0, 15
84, 5,0, 15
84, 6,0, 15
84, 7,0, 15
84, 8,0, 15
84, 9,0, 15
84, 10,0, 15
84, 11,0, 15
84, 12,0, 15
84, 13,0, 15
84, 14,0, 15
84, 15,0, 15
84, 16,0, 15
84, 17,0, 15
84, 18,0, 15
84, 19,0, 15
84, 20,0, 15
84, 21,0, 15
84, 22,0, 15
84, 23,0, 15
84, 24,0, 15
84, 25,0, 15
84, 26,0, 15
84, 27,0, 15
84, 28,0, 15
84, 29,0, 15
84, 30,0, 15
84, 31,0, 15
84, 32,0, 15
84, 33,0, 15
84, 34,0, 15
84, 35,0, 15
84, 36,0, 15
84, 37,0, 15
84, 38,0, 15
84, 39,0, 15
84, 0,1, 15
84, 1,1, 15
84, 2,1, 15
84, 3,1, 15
84, 4,1, 15
84, 5,1, 15
84, 6,1, 15
84, 7,1, 15
84, 8,1, 15
84, 9,1, 15
84, 10,1, 15
84, 11,1, 15
84, 12,1, 15
84, 13,1, 15
84, 14,1, 15
84, 15,1, 15
84, 16,1, 15
84, 17,1, 15
84, 18,1, 15
84, 19,1, 15
84, 20,1, 15
84, 21,1, 15
84, 22,1, 15
84, 23,1, 15
84, 24,1, 15
84, 25,1, 15
84, 26,1, 15
84, 27,1, 15
84, 28,1, 15
84, 29,1, 15
84, 30,1, 15
84, 31,1, 15
84, 32,1, 15
84, 33,1, 15
84, 34,1, 15
84, 35,1, 15
84, 36,1, 15
84, 37,1, 15
84, 38,1, 15
84, 39,1, 15
84, 0,2, 15
84, 1,2, 15
84, 2,2, 15
84, 3,2, 15
84, 4,2, 15
84, 5,2, 15
84, 6,2, 15
84, 7,2, 15
84, 8,2, 15
84, 9,2, 15
84, 10,2, 15
84, 11,2, 15
84, 12,2, 15
84, 13,2, 15
84, 14,2, 15
84, 15,2, 15
84, 16,2, 15
84, 17,2, 15
84, 18,2, 15
84, 19,2, 15
84, 20,2, 15
84, 21,2, 15
84, 22,2, 15
84, 23,2, 15
84, 24,2, 15
84, 25,2, 15
84, 26,2, 15
84, 27,2, 15
84, 28,2, 15
84, 29,2, 15
84, 30,2, 15
84, 31,2, 15
84, 32,2, 15
84, 33,2, 15
84, 34,2, 15
84, 35,2, 15
84, 36,2, 15
84, 37,2, 15
84, 38,2, 15
84, 39,2, 15
84, 0,3, 15
84, 1,3, 15
84, 2,3, 15
84, 3,3, 15
84, 4,3, 15
84, 5,3, 15
84, 6,3, 15
84, 7,3, 15
84, 8,3, 15
84, 9,3, 15
84, 10,3, 15
84, 11,3, 15
84, 12,3, 15
84, 13,3, 15
84, 14,3, 15
84, 15,3, 15
84, 16,3, 15
84, 17,3, 15
84, 18,3, 15
84, 19,3, 15
84, 20,3, 15
84, 21,3, 15
84, 22,3, 15
84, 23,3, 15
84, 24,3, 15
84, 25,3, 15
84, 26,3, 15
84, 27,3, 15
84, 28,3, 15
84, 29,3, 15
84, 30,3, 15
84, 31,3, 15
84, 32,3, 15
84, 33,3, 15
84, 34,3, 15
84, 35,3, 15
84, 36,3, 15
84, 37,3, 15
84, 38,3, 15
84, 39,3, 15
84, 0,4, 15
84, 1,4, 15
84, 2,4, 15
84, 3,4, 15
84, 4,4, 15
84, 5,4, 15
84, 6,4, 15
84, 7,4, 15
84, 8,4, 15
84, 9,4, 15
84, 10,4, 15
84, 11,4, 15
84, 12,4, 15
84, 13,4, 15
84, 14,4, 15
84, 15,4, 15
84, 16,4, 15
84, 17,4, 15
84, 18,4, 15
84, 19,4, 15
84, 20,4, 15
84, 21,4, 15
84, 22,4, 15
84, 23,4, 15
84, 24,4, 15
84, 25,4, 15
84, 26,4, 15
84, 27,4, 15
84, 28,4, 15
84, 29,4, 15
84, 30,4, 15
84, 31,4, 15
84, 32,4, 15
84, 33,4, 15
84, 34,4, 15
84, 35,4, 15
84, 36,4, 15
84, 37,4, 15
84, 38,4, 15
84, 39,4, 15
85, 0,0, 15
85, 1,0, 15
85, 2,0, 15
85, 3,0, 15
85, 4,0, 15
85, 5,0, 15
85, 6,0, 15
85, 7,0, 15
85, 8,0, 15
85, 9,0, 15
85, 10,0, 15
85, 11,0, 15
85, 12,0, 15
85, 13,0, 15
85, 14,0, 15
85, 15,0, 15
85, 16,0, 15
85, 17,0, 15
85, 18,0, 15
85, 19,0, 15
85, 20,0, 15
85, 21,0, 15
85, 22,0, 15
85, 23,0, 15
85, 24,0, 15
85, 25,0, 15
85, 26,0, 15
85, 27,0, 15
85, 28,0, 15
85, 29,0, 15
85, 30,0, 15
85, 31,0, 15
85, 32,0, 15
85, 33,0, 15
85, 34,0, 15
85, 35,0, 15
85, 36,0, 15
85, 37,0, 15
85, 38,0, 15
85, 39,0, 15
85, 0,1, 15
85, 1,1, 15
85, 2,1, 15
85, 3,1, 15
85, 4,1, 15
85, 5,1, 15
85, 6,1, 15
85, 7,1, 15
85, 8,1, 15
85, 9,1, 15
85, 10,1, 15
85, 11,1, 15
85, 12,1, 15
85, 13,1, 15
85, 14,1, 15
85, 15,1, 15
85, 16,1, 15
85, 17,1, 15
85, 18,1, 15
85, 19,1, 15
85, 20,1, 15
85, 21,1, 15
85, 22,1, 15
85, 23,1, 15
85, 24,1, 15
85, 25,1, 15
85, 26,1, 15
85, 27,1, 15
85, 28,1, 15
85, 29,1, 15
85, 30,1, 15
85, 31,1, 15
85, 32,1, 15
85, 33,1, 15
85, 34,1, 15
85, 35,1, 15
85, 36,1, 15
85, 37,1, 15
85, 38,1, 15
85, 39,1, 15
85, 0,2, 15
85, 1,2, 15
85, 2,2, 15
85, 3,2, 15
85, 4,2, 15
85, 5,2, 15
85, 6,2, 15
85, 7,2, 15
85, 8,2, 15
85, 9,2, 15
85, 10,2, 15
85, 11,2, 15
85, 12,2, 15
85, 13,2, 15
85, 14,2, 15
85, 15,2, 15
85, 16,2, 15
85, 17,2, 15
85, 18,2, 15
85, 19,2, 15
85, 20,2, 15
85, 21,2, 15
85, 22,2, 15
85, 23,2, 15
85, 24,2, 15
85, 25,2, 15
85, 26,2, 15
85, 27,2, 15
85, 28,2, 15
85, 29,2, 15
85, 30,2, 15
85, 31,2, 15
85, 32,2, 15
85, 33,2, 15
85, 34,2, 15
85, 35,2, 15
85, 36,2, 15
85, 37,2, 15
85, 38,2, 15
85, 39,2, 15
85, 0,3, 15
85, 1,3, 15
85, 2,3, 15
85, 3,3, 15
85, 4,3, 15
85, 5,3, 15
85, 6,3, 15
85, 7,3, 15
85, 8,3, 15
85, 9,3, 15
85, 10,3, 15
85, 11,3, 15
85, 12,3, 15
85, 13,3, 15
85, 14,3, 15
85, 15,3, 15
85, 16,3, 15
85, 17,3, 15
85, 18,3, 15
85, 19,3, 15
85, 20,3, 15
85, 21,3, 15
85, 22,3, 15
85, 23,3, 15
85, 24,3, 15
85, 25,3, 15
85, 26,3, 15
85, 27,3, 15
85, 28,3, 15
85, 29,3, 15
85, 30,3, 15
85, 31,3, 15
85, 32,3, 15
85, 33,3, 15
85, 34,3, 15
85, 35,3, 15
85, 36,3, 15
85, 37,3, 15
85, 38,3, 15
85, 39,3, 15
85, 0,4, 15
85, 1,4, 15
85, 2,4, 15
85, 3,4, 15
85, 4,4, 15
85, 5,4, 15
85, 6,4, 15
85, 7,4, 15
85, 8,4, 15
85, 9,4, 15
85, 10,4, 15
85, 11,4, 15
85, 12,4, 15
85, 13,4, 15
85, 14,4, 15
85, 15,4, 15
85, 16,4, 15
85, 17,4, 15
85, 18,4, 15
85, 19,4, 15
85, 20,4, 15
85, 21,4, 15
85, 22,4, 15
85, 23,4, 15
85, 24,4, 15
85, 25,4, 15
85, 26,4, 15
85, 27,4, 15
85, 28,4, 15
85, 29,4, 15
85, 30,4, 15
85, 31,4, 15
85, 32,4, 15
85, 33,4, 15
85, 34,4, 15
85, 35,4, 15
85, 36,4, 15
85, 37,4, 15
85, 38,4, 15
85, 39,4, 15
86, 0,0, 15
86, 1,0, 15
86, 2,0, 15
86, 3,0, 15
86, 4,0, 15
86, 5,0, 15
86, 6,0, 15
86, 7,0, 15
86, 8,0, 15
86, 9,0, 15
86, 10,0, 15
86, 11,0, 15
86, 12,0, 15
86, 13,0, 15
86, 14,0, 15
86, 15,0, 15
86, 16,0, 15
86, 17,0, 15
86, 18,0, 15
86, 19,0, 15
86, 20,0, 15
86, 21,0, 15
86, 22,0, 15
86, 23,0, 15
86, 24,0, 15
86, 25,0, 15
86, 26,0, 15
86, 27,0, 15
86, 28,0, 15
86, 29,0, 15
86, 30,0, 15
86, 31,0, 15
86, 32,0, 15
86, 33,0, 15
86, 34,0, 15
86, 35,0, 15
86, 36,0, 15
86, 37,0, 15
86, 38,0, 15
86, 39,0, 15
86, 0,1, 15
86, 1,1, 15
86, 2,1, 15
86, 3,1, 15
86, 4,1, 15
86, 5,1, 15
86, 6,1, 15
86, 7,1, 15
86, 8,1, 15
86, 9,1, 15
86, 10,1, 15
86, 11,1, 15
86, 12,1, 15
86, 13,1, 15
86, 14,1, 15
86, 15,1, 15
86, 16,1, 15
86, 17,1, 15
86, 18,1, 15
86, 19,1, 15
86, 20,1, 15
86, 21,1, 15
86, 22,1, 15
86, 23,1, 15
86, 24,1, 15
86, 25,1, 15
86, 26,1, 15
86, 27,1, 15
86, 28,1, 15
86, 29,1, 15
86, 30,1, 15
86, 31,1, 15
86, 32,1, 15
86, 33,1, 15
86, 34,1, 15
86, 35,1, 15
86, 36,1, 15
86, 37,1, 15
86, 38,1, 15
86, 39,1, 15
86, 0,2, 15
86, 1,2, 15
86, 2,2, 15
86, 3,2, 15
86, 4,2, 15
86, 5,2, 15
86, 6,2, 15
86, 7,2, 15
86, 8,2, 15
86, 9,2, 15
86, 10,2, 15
86, 11,2, 15
86, 12,2, 15
86, 13,2, 15
86, 14,2, 15
86, 15,2, 15
86, 16,2, 15
86, 17,2, 15
86, 18,2, 15
86, 19,2, 15
86, 20,2, 15
86, 21,2, 15
86, 22,2, 15
86, 23,2, 15
86, 24,2, 15
86, 25,2, 15
86, 26,2, 15
86, 27,2, 15
86, 28,2, 15
86, 29,2, 15
86, 30,2, 15
86, 31,2, 15
86, 32,2, 15
86, 33,2, 15
86, 34,2, 15
86, 35,2, 15
86, 36,2, 15
86, 37,2, 15
86, 38,2, 15
86, 39,2, 15
86, 0,3, 15
86, 1,3, 15
86, 2,3, 15
86, 3,3, 15
86, 4,3, 15
86, 5,3, 15
86, 6,3, 15
86, 7,3, 15
86, 8,3, 15
86, 9,3, 15
86, 10,3, 15
86, 11,3, 15
86, 12,3, 15
86, 13,3, 15
86, 14,3, 15
86, 15,3, 15
86, 16,3, 15
86, 17,3, 15
86, 18,3, 15
86, 19,3, 15
86, 20,3, 15
86, 21,3, 15
86, 22,3, 15
86, 23,3, 15
86, 24,3, 15
86, 25,3, 15
86, 26,3, 15
86, 27,3, 15
86, 28,3, 15
86, 29,3, 15
86, 30,3, 15
86, 31,3, 15
86, 32,3, 15
86, 33,3, 15
86, 34,3, 15
86, 35,3, 15
86, 36,3, 15
86, 37,3, 15
86, 38,3, 15
86, 39,3, 15
86, 0,4, 15
86, 1,4, 15
86, 2,4, 15
86, 3,4, 15
86, 4,4, 15
86, 5,4, 15
86, 6,4, 15
86, 7,4, 15
86, 8,4, 15
86, 9,4, 15
86, 10,4, 15
86, 11,4, 15
86, 12,4, 15
86, 13,4, 15
86, 14,4, 15
86, 15,4, 15
86, 16,4, 15
86, 17,4, 15
86, 18,4, 15
86, 19,4, 15
86, 20,4, 15
86, 21,4, 15
86, 22,4, 15
86, 23,4, 15
86, 24,4, 15
86, 25,4, 15
86, 26,4, 15
86, 27,4, 15
86, 28,4, 15
86, 29,4, 15
86, 30,4, 15
86, 31,4, 15
86, 32,4, 15
86, 33,4, 15
86, 34,4, 15
86, 35,4, 15
86, 36,4, 15
86, 37,4, 15
86, 38,4, 15
86, 39,4, 15
87, 0,0, 15
87, 1,0, 15
87, 2,0, 15
87, 3,0, 15
87, 4,0, 15
87, 5,0, 15
87, 6,0, 15
87, 7,0, 15
87, 8,0, 15
87, 9,0, 15
87, 10,0, 15
87, 11,0, 15
87, 12,0, 15
87, 13,0, 15
87, 14,0, 15
87, 15,0, 15
87, 16,0, 15
87, 17,0, 15
87, 18,0, 15
87, 19,0, 15
87, 20,0, 15
87, 21,0, 15
87, 22,0, 15
87, 23,0, 15
87, 24,0, 15
87, 25,0, 15
87, 26,0, 15
87, 27,0, 15
87, 28,0, 15
87, 29,0, 15
87, 30,0, 15
87, 31,0, 15
87, 32,0, 15
87, 33,0, 15
87, 34,0, 15
87, 35,0, 15
87, 36,0, 15
87, 37,0, 15
87, 38,0, 15
87, 39,0, 15
87, 0,1, 15
87, 1,1, 15
87, 2,1, 15
87, 3,1, 15
87, 4,1, 15
87, 5,1, 15
87, 6,1, 15
87, 7,1, 15
87, 8,1, 15
87, 9,1, 15
87, 10,1, 15
87, 11,1, 15
87, 12,1, 15
87, 13,1, 15
87, 14,1, 15
87, 15,1, 15
87, 16,1, 15
87, 17,1, 15
87, 18,1, 15
87, 19,1, 15
87, 20,1, 15
87, 21,1, 15
87, 22,1, 15
87, 23,1, 15
87, 24,1, 15
87, 25,1, 15
87, 26,1, 15
87, 27,1, 15
87, 28,1, 15
87, 29,1, 15
87, 30,1, 15
87, 31,1, 15
87, 32,1, 15
87, 33,1, 15
87, 34,1, 15
87, 35,1, 15
87, 36,1, 15
87, 37,1, 15
87, 38,1, 15
87, 39,1, 15
87, 0,2, 15
87, 1,2, 15
87, 2,2, 15
87, 3,2, 15
87, 4,2, 15
87, 5,2, 15
87, 6,2, 15
87, 7,2, 15
87, 8,2, 15
87, 9,2, 15
87, 10,2, 15
87, 11,2, 15
87, 12,2, 15
87, 13,2, 15
87, 14,2, 15
87, 15,2, 15
87, 16,2, 15
87, 17,2, 15
87, 18,2, 15
87, 19,2, 15
87, 20,2, 15
87, 21,2, 15
87, 22,2, 15
87, 23,2, 15
87, 24,2, 15
87, 25,2, 15
87, 26,2, 15
87, 27,2, 15
87, 28,2, 15
87, 29,2, 15
87, 30,2, 15
87, 31,2, 15
87, 32,2, 15
87, 33,2, 15
87, 34,2, 15
87, 35,2, 15
87, 36,2, 15
87, 37,2, 15
87, 38,2, 15
87, 39,2, 15
87, 0,3, 15
87, 1,3, 15
87, 2,3, 15
87, 3,3, 15
87, 4,3, 15
87, 5,3, 15
87, 6,3, 15
87, 7,3, 15
87, 8,3, 15
87, 9,3, 15
87, 10,3, 15
87, 11,3, 15
87, 12,3, 15
87, 13,3, 15
87, 14,3, 15
87, 15,3, 15
87, 16,3, 15
87, 17,3, 15
87, 18,3, 15
87, 19,3, 15
87, 20,3, 15
87, 21,3, 15
87, 22,3, 15
87, 23,3, 15
87, 24,3, 15
87, 25,3, 15
87, 26,3, 15
87, 27,3, 15
87, 28,3, 15
87, 29,3, 15
87, 30,3, 15
87, 31,3, 15
87, 32,3, 15
87, 33,3, 15
87, 34,3, 15
87, 35,3, 15
87, 36,3, 15
87, 37,3, 15
87, 38,3, 15
87, 39,3, 15
87, 0,4, 15
87, 1,4, 15
87, 2,4, 15
87, 3,4, 15
87, 4,4, 15
87, 5,4, 15
87, 6,4, 15
87, 7,4, 15
87, 8,4, 15
87, 9,4, 15
87, 10,4, 15
87, 11,4, 15
87, 12,4, 15
87, 13,4, 15
87, 14,4, 15
87, 15,4, 15
87, 16,4, 15
87, 17,4, 15
87, 18,4, 15
87, 19,4, 15
87, 20,4, 15
87, 21,4, 15
87, 22,4, 15
87, 23,4, 15
87, 24,4, 15
87, 25,4, 15
87, 26,4, 15
87, 27,4, 15
87, 28,4, 15
87, 29,4, 15
87, 30,4, 15
87, 31,4, 15
87, 32,4, 15
87, 33,4, 15
87, 34,4, 15
87, 35,4, 15
87, 36,4, 15
87, 37,4, 15
87, 38,4, 15
87, 39,4, 15
88, 0,0, 15
88, 1,0, 15
88, 2,0, 15
88, 3,0, 15
88, 4,0, 15
88, 5,0, 15
88, 6,0, 15
88, 7,0, 15
88, 8,0, 15
88, 9,0, 15
88, 10,0, 15
88, 11,0, 15
88, 12,0, 15
88, 13,0, 15
88, 14,0, 15
88, 15,0, 15
88, 16,0, 15
88, 17,0, 15
88, 18,0, 15
88, 19,0, 15
88, 20,0, 15
88, 21,0, 15
88, 22,0, 15
88, 23,0, 15
88, 24,0, 15
88, 25,0, 15
88, 26,0, 15
88, 27,0, 15
88, 28,0, 15
88, 29,0, 15
88, 30,0, 15
88, 31,0, 15
88, 32,0, 15
88, 33,0, 15
88, 34,0, 15
88, 35,0, 15
88, 36,0, 15
88, 37,0, 15
88, 38,0, 15
88, 39,0, 15
88, 0,1, 15
88, 1,1, 15
88, 2,1, 15
88, 3,1, 15
88, 4,1, 15
88, 5,1, 15
88, 6,1, 15
88, 7,1, 15
88, 8,1, 15
88, 9,1, 15
88, 10,1, 15
88, 11,1, 15
88, 12,1, 15
88, 13,1, 15
88, 14,1, 15
88, 15,1, 15
88, 16,1, 15
88, 17,1, 15
88, 18,1, 15
88, 19,1, 15
88, 20,1, 15
88, 21,1, 15
88, 22,1, 15
88, 23,1, 15
88, 24,1, 15
88, 25,1, 15
88, 26,1, 15
88, 27,1, 15
88, 28,1, 15
88, 29,1, 15
88, 30,1, 15
88, 31,1, 15
88, 32,1, 15
88, 33,1, 15
88, 34,1, 15
88, 35,1, 15
88, 36,1, 15
88, 37,1, 15
88, 38,1, 15
88, 39,1, 15
88, 0,2, 15
88, 1,2, 15
88, 2,2, 15
88, 3,2, 15
88, 4,2, 15
88, 5,2, 15
88, 6,2, 15
88, 7,2, 15
88, 8,2, 15
88, 9,2, 15
88, 10,2, 15
88, 11,2, 15
88, 12,2, 15
88, 13,2, 15
88, 14,2, 15
88, 15,2, 15
88, 16,2, 15
88, 17,2, 15
88, 18,2, 15
88, 19,2, 15
88, 20,2, 15
88, 21,2, 15
88, 22,2, 15
88, 23,2, 15
88, 24,2, 15
88, 25,2, 15
88, 26,2, 15
88, 27,2, 15
88, 28,2, 15
88, 29,2, 15
88, 30,2, 15
88, 31,2, 15
88, 32,2, 15
88, 33,2, 15
88, 34,2, 15
88, 35,2, 15
88, 36,2, 15
88, 37,2, 15
88, 38,2, 15
88, 39,2, 15
88, 0,3, 15
88, 1,3, 15
88, 2,3, 15
88, 3,3, 15
88, 4,3, 15
88, 5,3, 15
88, 6,3, 15
88, 7,3, 15
88, 8,3, 15
88, 9,3, 15
88, 10,3, 15
88, 11,3, 15
88, 12,3, 15
88, 13,3, 15
88, 14,3, 15
88, 15,3, 15
88, 16,3, 15
88, 17,3, 15
88, 18,3, 15
88, 19,3, 15
88, 20,3, 15
88, 21,3, 15
88, 22,3, 15
88, 23,3, 15
88, 24,3, 15
88, 25,3, 15
88, 26,3, 15
88, 27,3, 15
88, 28,3, 15
88, 29,3, 15
88, 30,3, 15
88, 31,3, 15
88, 32,3, 15
88, 33,3, 15
88, 34,3, 15
88, 35,3, 15
88, 36,3, 15
88, 37,3, 15
88, 38,3, 15
88, 39,3, 15
88, 0,4, 15
88, 1,4, 15
88, 2,4, 15
88, 3,4, 15
88, 4,4, 15
88, 5,4, 15
88, 6,4, 15
88, 7,4, 15
88, 8,4, 15
88, 9,4, 15
88, 10,4, 15
88, 11,4, 15
88, 12,4, 15
88, 13,4, 15
88, 14,4, 15
88, 15,4, 15
88, 16,4, 15
88, 17,4, 15
88, 18,4, 15
88, 19,4, 15
88, 20,4, 15
88, 21,4, 15
88, 22,4, 15
88, 23,4, 15
88, 24,4, 15
88, 25,4, 15
88, 26,4, 15
88, 27,4, 15
88, 28,4, 15
88, 29,4, 15
88, 30,4, 15
88, 31,4, 15
88, 32,4, 15
88, 33,4, 15
88, 34,4, 15
88, 35,4, 15
88, 36,4, 15
88, 37,4, 15
88, 38,4, 15
88, 39,4, 15
89, 0,0, 15
89, 1,0, 15
89, 2,0, 15
89, 3,0, 15
89, 4,0, 15
89, 5,0, 15
89, 6,0, 15
89, 7,0, 15
89, 8,0, 15
89, 9,0, 15
89, 10,0, 15
89, 11,0, 15
89, 12,0, 15
89, 13,0, 15
89, 14,0, 15
89, 15,0, 15
89, 16,0, 15
89, 17,0, 15
89, 18,0, 15
89, 19,0, 15
89, 20,0, 15
89, 21,0, 15
89, 22,0, 15
89, 23,0, 15
89, 24,0, 15
89, 25,0, 15
89, 26,0, 15
89, 27,0, 15
89, 28,0, 15
89, 29,0, 15
89, 30,0, 15
89, 31,0, 15
89, 32,0, 15
89, 33,0, 15
89, 34,0, 15
89, 35,0, 15
89, 36,0, 15
89, 37,0, 15
89, 38,0, 15
89, 39,0, 15
89, 0,1, 15
89, 1,1, 15
89, 2,1, 15
89, 3,1, 15
89, 4,1, 15
89, 5,1, 15
89, 6,1, 15
89, 7,1, 15
89, 8,1, 15
89, 9,1, 15
89, 10,1, 15
89, 11,1, 15
89, 12,1, 15
89, 13,1, 15
89, 14,1, 15
89, 15,1, 15
89, 16,1, 15
89, 17,1, 15
89, 18,1, 15
89, 19,1, 15
89, 20,1, 15
89, 21,1, 15
89, 22,1, 15
89, 23,1, 15
89, 24,1, 15
89, 25,1, 15
89, 26,1, 15
89, 27,1, 15
89, 28,1, 15
89, 29,1, 15
89, 30,1, 15
89, 31,1, 15
89, 32,1, 15
89, 33,1, 15
89, 34,1, 15
89, 35,1, 15
89, 36,1, 15
89, 37,1, 15
89, 38,1, 15
89, 39,1, 15
89, 0,2, 15
89, 1,2, 15
89, 2,2, 15
89, 3,2, 15
89, 4,2, 15
89, 5,2, 15
89, 6,2, 15
89, 7,2, 15
89, 8,2, 15
89, 9,2, 15
89, 10,2, 15
89, 11,2, 15
89, 12,2, 15
89, 13,2, 15
89, 14,2, 15
89, 15,2, 15
89, 16,2, 15
89, 17,2, 15
89, 18,2, 15
89, 19,2, 15
89, 20,2, 15
89, 21,2, 15
89, 22,2, 15
89, 23,2, 15
89, 24,2, 15
89, 25,2, 15
89, 26,2, 15
89, 27,2, 15
89, 28,2, 15
89, 29,2, 15
89, 30,2, 15
89, 31,2, 15
89, 32,2, 15
89, 33,2, 15
89, 34,2, 15
89, 35,2, 15
89, 36,2, 15
89, 37,2, 15
89, 38,2, 15
89, 39,2, 15
89, 0,3, 15
89, 1,3, 15
89, 2,3, 15
89, 3,3, 15
89, 4,3, 15
89, 5,3, 15
89, 6,3, 15
89, 7,3, 15
89, 8,3, 15
89, 9,3, 15
89, 10,3, 15
89, 11,3, 15
89, 12,3, 15
89, 13,3, 15
89, 14,3, 15
89, 15,3, 15
89, 16,3, 15
89, 17,3, 15
89, 18,3, 15
89, 19,3, 15
89, 20,3, 15
89, 21,3, 15
89, 22,3, 15
89, 23,3, 15
89, 24,3, 15
89, 25,3, 15
89, 26,3, 15
89, 27,3, 15
89, 28,3, 15
89, 29,3, 15
89, 30,3, 15
89, 31,3, 15
89, 32,3, 15
89, 33,3, 15
89, 34,3, 15
89, 35,3, 15
89, 36,3, 15
89, 37,3, 15
89, 38,3, 15
89, 39,3, 15
89, 0,4, 15
89, 1,4, 15
89, 2,4, 15
89, 3,4, 15
89, 4,4, 15
89, 5,4, 15
89, 6,4, 15
89, 7,4, 15
89, 8,4, 15
89, 9,4, 15
89, 10,4, 15
89, 11,4, 15
89, 12,4, 15
89, 13,4, 15
89, 14,4, 15
89, 15,4, 15
89, 16,4, 15
89, 17,4, 15
89, 18,4, 15
89, 19,4, 15
89, 20,4, 15
89, 21,4, 15
89, 22,4, 15
89, 23,4, 15
89, 24,4, 15
89, 25,4, 15
89, 26,4, 15
89, 27,4, 15
89, 28,4, 15
89, 29,4, 15
89, 30,4, 15
89, 31,4, 15
89, 32,4, 15
89, 33,4, 15
89, 34,4, 15
89, 35,4, 15
89, 36,4, 15
89, 37,4, 15
89, 38,4, 15
89, 39,4, 15
90, 0,0, 15
90, 1,0, 15
90, 2,0, 15
90, 3,0, 15
90, 4,0, 15
90, 5,0, 15
90, 6,0, 15
90, 7,0, 15
90, 8,0, 15
90, 9,0, 15
90, 10,0, 15
90, 11,0, 15
90, 12,0, 15
90, 13,0, 15
90, 14,0, 15
90, 15,0, 15
90, 16,0, 15
90, 17,0, 15
90, 18,0, 15
90, 19,0, 15
90, 20,0, 15
90, 21,0, 15
90, 22,0, 15
90, 23,0, 15
90, 24,0, 15
90, 25,0, 15
90, 26,0, 15
90, 27,0, 15
90, 28,0, 15
90, 29,0, 15
90, 30,0, 15
90, 31,0, 15
90, 32,0, 15
90, 33,0, 15
90, 34,0, 15
90, 35,0, 15
90, 36,0, 15
90, 37,0, 15
90, 38,0, 15
90, 39,0, 15
90, 0,1, 15
90, 1,1, 15
90, 2,1, 15
90, 3,1, 15
90, 4,1, 15
90, 5,1, 15
90, 6,1, 15
90, 7,1, 15
90, 8,1, 15
90, 9,1, 15
90, 10,1, 15
90, 11,1, 15
90, 12,1, 15
90, 13,1, 15
90, 14,1, 15
90, 15,1, 15
90, 16,1, 15
90, 17,1, 15
90, 18,1, 15
90, 19,1, 15
90, 20,1, 15
90, 21,1, 15
90, 22,1, 15
90, 23,1, 15
90, 24,1, 15
90, 25,1, 15
90, 26,1, 15
90, 27,1, 15
90, 28,1, 15
90, 29,1, 15
90, 30,1, 15
90, 31,1, 15
90, 32,1, 15
90, 33,1, 15
90, 34,1, 15
90, 35,1, 15
90, 36,1, 15
90, 37,1, 15
90, 38,1, 15
90, 39,1, 15
90, 0,2, 15
90, 1,2, 15
90, 2,2, 15
90, 3,2, 15
90, 4,2, 15
90, 5,2, 15
90, 6,2, 15
90, 7,2, 15
90, 8,2, 15
90, 9,2, 15
90, 10,2, 15
90, 11,2, 15
90, 12,2, 15
90, 13,2, 15
90, 14,2, 15
90, 15,2, 15
90, 16,2, 15
90, 17,2, 15
90, 18,2, 15
90, 19,2, 15
90, 20,2, 15
90, 21,2, 15
90, 22,2, 15
90, 23,2, 15
90, 24,2, 15
90, 25,2, 15
90, 26,2, 15
90, 27,2, 15
90, 28,2, 15
90, 29,2, 15
90, 30,2, 15
90, 31,2, 15
90, 32,2, 15
90, 33,2, 15
90, 34,2, 15
90, 35,2, 15
90, 36,2, 15
90, 37,2, 15
90, 38,2, 15
90, 39,2, 15
90, 0,3, 15
90, 1,3, 15
90, 2,3, 15
90, 3,3, 15
90, 4,3, 15
90, 5,3, 15
90, 6,3, 15
90, 7,3, 15
90, 8,3, 15
90, 9,3, 15
90, 10,3, 15
90, 11,3, 15
90, 12,3, 15
90, 13,3, 15
90, 14,3, 15
90, 15,3, 15
90, 16,3, 15
90, 17,3, 15
90, 18,3, 15
90, 19,3, 15
90, 20,3, 15
90, 21,3, 15
90, 22,3, 15
90, 23,3, 15
90, 24,3, 15
90, 25,3, 15
90, 26,3, 15
90, 27,3, 15
90, 28,3, 15
90, 29,3, 15
90, 30,3, 15
90, 31,3, 15
90, 32,3, 15
90, 33,3, 15
90, 34,3, 15
90, 35,3, 15
90, 36,3, 15
90, 37,3, 15
90, 38,3, 15
90, 39,3, 15
90, 0,4, 15
90, 1,4, 15
90, 2,4, 15
90, 3,4, 15
90, 4,4, 15
90, 5,4, 15
90, 6,4, 15
90, 7,4, 15
90, 8,4, 15
90, 9,4, 15
90, 10,4, 15
90, 11,4, 15
90, 12,4, 15
90, 13,4, 15
90, 14,4, 15
90, 15,4, 15
90, 16,4, 15
90, 17,4, 15
90, 18,4, 15
90, 19,4, 15
90, 20,4, 15
90, 21,4, 15
90, 22,4, 15
90, 23,4, 15
90, 24,4, 15
90, 25,4, 15
90, 26,4, 15
90, 27,4, 15
90, 28,4, 15
90, 29,4, 15
90, 30,4, 15
90, 31,4, 15
90, 32,4, 15
90, 33,4, 15
90, 34,4, 15
90, 35,4, 15
90, 36,4, 15
90, 37,4, 15
90, 38,4, 15
90, 39,4, 15
91, 0,0, 15
91, 1,0, 15
91, 2,0, 15
91, 3,0, 15
91, 4,0, 15
91, 5,0, 15
91, 6,0, 15
91, 7,0, 15
91, 8,0, 15
91, 9,0, 15
91, 10,0, 15
91, 11,0, 15
91, 12,0, 15
91, 13,0, 15
91, 14,0, 15
91, 15,0, 15
91, 16,0, 15
91, 17,0, 15
91, 18,0, 15
91, 19,0, 15
91, 20,0, 15
91, 21,0, 15
91, 22,0, 15
91, 23,0, 15
91, 24,0, 15
91, 25,0, 15
91, 26,0, 15
91, 27,0, 15
91, 28,0, 15
91, 29,0, 15
91, 30,0, 15
91, 31,0, 15
91, 32,0, 15
91, 33,0, 15
91, 34,0, 15
91, 35,0, 15
91, 36,0, 15
91, 37,0, 15
91, 38,0, 15
91, 39,0, 15
91, 0,1, 15
91, 1,1, 15
91, 2,1, 15
91, 3,1, 15
91, 4,1, 15
91, 5,1, 15
91, 6,1, 15
91, 7,1, 15
91, 8,1, 15
91, 9,1, 15
91, 10,1, 15
91, 11,1, 15
91, 12,1, 15
91, 13,1, 15
91, 14,1, 15
91, 15,1, 15
91, 16,1, 15
91, 17,1, 15
91, 18,1, 15
91, 19,1, 15
91, 20,1, 15
91, 21,1, 15
91, 22,1, 15
91, 23,1, 15
91, 24,1, 15
91, 25,1, 15
91, 26,1, 15
91, 27,1, 15
91, 28,1, 15
91, 29,1, 15
91, 30,1, 15
91, 31,1, 15
91, 32,1, 15
91, 33,1, 15
91, 34,1, 15
91, 35,1, 15
91, 36,1, 15
91, 37,1, 15
91, 38,1, 15
91, 39,1, 15
91, 0,2, 15
91, 1,2, 15
91, 2,2, 15
91, 3,2, 15
91, 4,2, 15
91, 5,2, 15
91, 6,2, 15
91, 7,2, 15
91, 8,2, 15
91, 9,2, 15
91, 10,2, 15
91, 11,2, 15
91, 12,2, 15
91, 13,2, 15
91, 14,2, 15
91, 15,2, 15
91, 16,2, 15
91, 17,2, 15
91, 18,2, 15
91, 19,2, 15
91, 20,2, 15
91, 21,2, 15
91, 22,2, 15
91, 23,2, 15
91, 24,2, 15
91, 25,2, 15
91, 26,2, 15
91, 27,2, 15
91, 28,2, 15
91, 29,2, 15
91, 30,2, 15
91, 31,2, 15
91, 32,2, 15
91, 33,2, 15
91, 34,2, 15
91, 35,2, 15
91, 36,2, 15
91, 37,2, 15
91, 38,2, 15
91, 39,2, 15
91, 0,3, 15
91, 1,3, 15
91, 2,3, 15
91, 3,3, 15
91, 4,3, 15
91, 5,3, 15
91, 6,3, 15
91, 7,3, 15
91, 8,3, 15
91, 9,3, 15
91, 10,3, 15
91, 11,3, 15
91, 12,3, 15
91, 13,3, 15
91, 14,3, 15
91, 15,3, 15
91, 16,3, 15
91, 17,3, 15
91, 18,3, 15
91, 19,3, 15
91, 20,3, 15
91, 21,3, 15
91, 22,3, 15
91, 23,3, 15
91, 24,3, 15
91, 25,3, 15
91, 26,3, 15
91, 27,3, 15
91, 28,3, 15
91, 29,3, 15
91, 30,3, 15
91, 31,3, 15
91, 32,3, 15
91, 33,3, 15
91, 34,3, 15
91, 35,3, 15
91, 36,3, 15
91, 37,3, 15
91, 38,3, 15
91, 39,3, 15
91, 0,4, 15
91, 1,4, 15
91, 2,4, 15
91, 3,4, 15
91, 4,4, 15
91, 5,4, 15
91, 6,4, 15
91, 7,4, 15
91, 8,4, 15
91, 9,4, 15
91, 10,4, 15
91, 11,4, 15
91, 12,4, 15
91, 13,4, 15
91, 14,4, 15
91, 15,4, 15
91, 16,4, 15
91, 17,4, 15
91, 18,4, 15
91, 19,4, 15
91, 20,4, 15
91, 21,4, 15
91, 22,4, 15
91, 23,4, 15
91, 24,4, 15
91, 25,4, 15
91, 26,4, 15
91, 27,4, 15
91, 28,4, 15
91, 29,4, 15
91, 30,4, 15
91, 31,4, 15
91, 32,4, 15
91, 33,4, 15
91, 34,4, 15
91, 35,4, 15
91, 36,4, 15
91, 37,4, 15
91, 38,4, 15
91, 39,4, 15
92, 0,0, 15
92, 1,0, 15
92, 2,0, 15
92, 3,0, 15
92, 4,0, 15
92, 5,0, 15
92, 6,0, 15
92, 7,0, 15
92, 8,0, 15
92, 9,0, 15
92, 10,0, 15
92, 11,0, 15
92, 12,0, 15
92, 13,0, 15
92, 14,0, 15
92, 15,0, 15
92, 16,0, 15
92, 17,0, 15
92, 18,0, 15
92, 19,0, 15
92, 20,0, 15
92, 21,0, 15
92, 22,0, 15
92, 23,0, 15
92, 24,0, 15
92, 25,0, 15
92, 26,0, 15
92, 27,0, 15
92, 28,0, 15
92, 29,0, 15
92, 30,0, 15
92, 31,0, 15
92, 32,0, 15
92, 33,0, 15
92, 34,0, 15
92, 35,0, 15
92, 36,0, 15
92, 37,0, 15
92, 38,0, 15
92, 39,0, 15
92, 0,1, 15
92, 1,1, 15
92, 2,1, 15
92, 3,1, 15
92, 4,1, 15
92, 5,1, 15
92, 6,1, 15
92, 7,1, 15
92, 8,1, 15
92, 9,1, 15
92, 10,1, 15
92, 11,1, 15
92, 12,1, 15
92, 13,1, 15
92, 14,1, 15
92, 15,1, 15
92, 16,1, 15
92, 17,1, 15
92, 18,1, 15
92, 19,1, 15
92, 20,1, 15
92, 21,1, 15
92, 22,1, 15
92, 23,1, 15
92, 24,1, 15
92, 25,1, 15
92, 26,1, 15
92, 27,1, 15
92, 28,1, 15
92, 29,1, 15
92, 30,1, 15
92, 31,1, 15
92, 32,1, 15
92, 33,1, 15
92, 34,1, 15
92, 35,1, 15
92, 36,1, 15
92, 37,1, 15
92, 38,1, 15
92, 39,1, 15
92, 0,2, 15
92, 1,2, 15
92, 2,2, 15
92, 3,2, 15
92, 4,2, 15
92, 5,2, 15
92, 6,2, 15
92, 7,2, 15
92, 8,2, 15
92, 9,2, 15
92, 10,2, 15
92, 11,2, 15
92, 12,2, 15
92, 13,2, 15
92, 14,2, 15
92, 15,2, 15
92, 16,2, 15
92, 17,2, 15
92, 18,2, 15
92, 19,2, 15
92, 20,2, 15
92, 21,2, 15
92, 22,2, 15
92, 23,2, 15
92, 24,2, 15
92, 25,2, 15
92, 26,2, 15
92, 27,2, 15
92, 28,2, 15
92, 29,2, 15
92, 30,2, 15
92, 31,2, 15
92, 32,2, 15
92, 33,2, 15
92, 34,2, 15
92, 35,2, 15
92, 36,2, 15
92, 37,2, 15
92, 38,2, 15
92, 39,2, 15
92, 0,3, 15
92, 1,3, 15
92, 2,3, 15
92, 3,3, 15
92, 4,3, 15
92, 5,3, 15
92, 6,3, 15
92, 7,3, 15
92, 8,3, 15
92, 9,3, 15
92, 10,3, 15
92, 11,3, 15
92, 12,3, 15
92, 13,3, 15
92, 14,3, 15
92, 15,3, 15
92, 16,3, 15
92, 17,3, 15
92, 18,3, 15
92, 19,3, 15
92, 20,3, 15
92, 21,3, 15
92, 22,3, 15
92, 23,3, 15
92, 24,3, 15
92, 25,3, 15
92, 26,3, 15
92, 27,3, 15
92, 28,3, 15
92, 29,3, 15
92, 30,3, 15
92, 31,3, 15
92, 32,3, 15
92, 33,3, 15
92, 34,3, 15
92, 35,3, 15
92, 36,3, 15
92, 37,3, 15
92, 38,3, 15
92, 39,3, 15
92, 0,4, 15
92, 1,4, 15
92, 2,4, 15
92, 3,4, 15
92, 4,4, 15
92, 5,4, 15
92, 6,4, 15
92, 7,4, 15
92, 8,4, 15
92, 9,4, 15
92, 10,4, 15
92, 11,4, 15
92, 12,4, 15
92, 13,4, 15
92, 14,4, 15
92, 15,4, 15
92, 16,4, 15
92, 17,4, 15
92, 18,4, 15
92, 19,4, 15
92, 20,4, 15
92, 21,4, 15
92, 22,4, 15
92, 23,4, 15
92, 24,4, 15
92, 25,4, 15
92, 26,4, 15
92, 27,4, 15
92, 28,4, 15
92, 29,4, 15
92, 30,4, 15
92, 31,4, 15
92, 32,4, 15
92, 33,4, 15
92, 34,4, 15
92, 35,4, 15
92, 36,4, 15
92, 37,4, 15
92, 38,4, 15
92, 39,4, 15
93, 0,0, 15
93, 1,0, 15
93, 2,0, 15
93, 3,0, 15
93, 4,0, 15
93, 5,0, 15
93, 6,0, 15
93, 7,0, 15
93, 8,0, 15
93, 9,0, 15
93, 10,0, 15
93, 11,0, 15
93, 12,0, 15
93, 13,0, 15
93, 14,0, 15
93, 15,0, 15
93, 16,0, 15
93, 17,0, 15
93, 18,0, 15
93, 19,0, 15
93, 20,0, 15
93, 21,0, 15
93, 22,0, 15
93, 23,0, 15
93, 24,0, 15
93, 25,0, 15
93, 26,0, 15
93, 27,0, 15
93, 28,0, 15
93, 29,0, 15
93, 30,0, 15
93, 31,0, 15
93, 32,0, 15
93, 33,0, 15
93, 34,0, 15
93, 35,0, 15
93, 36,0, 15
93, 37,0, 15
93, 38,0, 15
93, 39,0, 15
93, 0,1, 15
93, 1,1, 15
93, 2,1, 15
93, 3,1, 15
93, 4,1, 15
93, 5,1, 15
93, 6,1, 15
93, 7,1, 15
93, 8,1, 15
93, 9,1, 15
93, 10,1, 15
93, 11,1, 15
93, 12,1, 15
93, 13,1, 15
93, 14,1, 15
93, 15,1, 15
93, 16,1, 15
93, 17,1, 15
93, 18,1, 15
93, 19,1, 15
93, 20,1, 15
93, 21,1, 15
93, 22,1, 15
93, 23,1, 15
93, 24,1, 15
93, 25,1, 15
93, 26,1, 15
93, 27,1, 15
93, 28,1, 15
93, 29,1, 15
93, 30,1, 15
93, 31,1, 15
93, 32,1, 15
93, 33,1, 15
93, 34,1, 15
93, 35,1, 15
93, 36,1, 15
93, 37,1, 15
93, 38,1, 15
93, 39,1, 15
93, 0,2, 15
93, 1,2, 15
93, 2,2, 15
93, 3,2, 15
93, 4,2, 15
93, 5,2, 15
93, 6,2, 15
93, 7,2, 15
93, 8,2, 15
93, 9,2, 15
93, 10,2, 15
93, 11,2, 15
93, 12,2, 15
93, 13,2, 15
93, 14,2, 15
93, 15,2, 15
93, 16,2, 15
93, 17,2, 15
93, 18,2, 15
93, 19,2, 15
93, 20,2, 15
93, 21,2, 15
93, 22,2, 15
93, 23,2, 15
93, 24,2, 15
93, 25,2, 15
93, 26,2, 15
93, 27,2, 15
93, 28,2, 15
93, 29,2, 15
93, 30,2, 15
93, 31,2, 15
93, 32,2, 15
93, 33,2, 15
93, 34,2, 15
93, 35,2, 15
93, 36,2, 15
93, 37,2, 15
93, 38,2, 15
93, 39,2, 15
93, 0,3, 15
93, 1,3, 15
93, 2,3, 15
93, 3,3, 15
93, 4,3, 15
93, 5,3, 15
93, 6,3, 15
93, 7,3, 15
93, 8,3, 15
93, 9,3, 15
93, 10,3, 15
93, 11,3, 15
93, 12,3, 15
93, 13,3, 15
93, 14,3, 15
93, 15,3, 15
93, 16,3, 15
93, 17,3, 15
93, 18,3, 15
93, 19,3, 15
93, 20,3, 15
93, 21,3, 15
93, 22,3, 15
93, 23,3, 15
93, 24,3, 15
93, 25,3, 15
93, 26,3, 15
93, 27,3, 15
93, 28,3, 15
93, 29,3, 15
93, 30,3, 15
93, 31,3, 15
93, 32,3, 15
93, 33,3, 15
93, 34,3, 15
93, 35,3, 15
93, 36,3, 15
93, 37,3, 15
93, 38,3, 15
93, 39,3, 15
93, 0,4, 15
93, 1,4, 15
93, 2,4, 15
93, 3,4, 15
93, 4,4, 15
93, 5,4, 15
93, 6,4, 15
93, 7,4, 15
93, 8,4, 15
93, 9,4, 15
93, 10,4, 15
93, 11,4, 15
93, 12,4, 15
93, 13,4, 15
93, 14,4, 15
93, 15,4, 15
93, 16,4, 15
93, 17,4, 15
93, 18,4, 15
93, 19,4, 15
93, 20,4, 15
93, 21,4, 15
93, 22,4, 15
93, 23,4, 15
93, 24,4, 15
93, 25,4, 15
93, 26,4, 15
93, 27,4, 15
93, 28,4, 15
93, 29,4, 15
93, 30,4, 15
93, 31,4, 15
93, 32,4, 15
93, 33,4, 15
93, 34,4, 15
93, 35,4, 15
93, 36,4, 15
93, 37,4, 15
93, 38,4, 15
93, 39,4, 15
94, 0,0, 15
94, 1,0, 15
94, 2,0, 15
94, 3,0, 15
94, 4,0, 15
94, 5,0, 15
94, 6,0, 15
94, 7,0, 15
94, 8,0, 15
94, 9,0, 15
94, 10,0, 15
94, 11,0, 15
94, 12,0, 15
94, 13,0, 15
94, 14,0, 15
94, 15,0, 15
94, 16,0, 15
94, 17,0, 15
94, 18,0, 15
94, 19,0, 15
94, 20,0, 15
94, 21,0, 15
94, 22,0, 15
94, 23,0, 15
94, 24,0, 15
94, 25,0, 15
94, 26,0, 15
94, 27,0, 15
94, 28,0, 15
94, 29,0, 15
94, 30,0, 15
94, 31,0, 15
94, 32,0, 15
94, 33,0, 15
94, 34,0, 15
94, 35,0, 15
94, 36,0, 15
94, 37,0, 15
94, 38,0, 15
94, 39,0, 15
94, 0,1, 15
94, 1,1, 15
94, 2,1, 15
94, 3,1, 15
94, 4,1, 15
94, 5,1, 15
94, 6,1, 15
94, 7,1, 15
94, 8,1, 15
94, 9,1, 15
94, 10,1, 15
94, 11,1, 15
94, 12,1, 15
94, 13,1, 15
94, 14,1, 15
94, 15,1, 15
94, 16,1, 15
94, 17,1, 15
94, 18,1, 15
94, 19,1, 15
94, 20,1, 15
94, 21,1, 15
94, 22,1, 15
94, 23,1, 15
94, 24,1, 15
94, 25,1, 15
94, 26,1, 15
94, 27,1, 15
94, 28,1, 15
94, 29,1, 15
94, 30,1, 15
94, 31,1, 15
94, 32,1, 15
94, 33,1, 15
94, 34,1, 15
94, 35,1, 15
94, 36,1, 15
94, 37,1, 15
94, 38,1, 15
94, 39,1, 15
94, 0,2, 15
94, 1,2, 15
94, 2,2, 15
94, 3,2, 15
94, 4,2, 15
94, 5,2, 15
94, 6,2, 15
94, 7,2, 15
94, 8,2, 15
94, 9,2, 15
94, 10,2, 15
94, 11,2, 15
94, 12,2, 15
94, 13,2, 15
94, 14,2, 15
94, 15,2, 15
94, 16,2, 15
94, 17,2, 15
94, 18,2, 15
94, 19,2, 15
94, 20,2, 15
94, 21,2, 15
94, 22,2, 15
94, 23,2, 15
94, 24,2, 15
94, 25,2, 15
94, 26,2, 15
94, 27,2, 15
94, 28,2, 15
94, 29,2, 15
94, 30,2, 15
94, 31,2, 15
94, 32,2, 15
94, 33,2, 15
94, 34,2, 15
94, 35,2, 15
94, 36,2, 15
94, 37,2, 15
94, 38,2, 15
94, 39,2, 15
94, 0,3, 15
94, 1,3, 15
94, 2,3, 15
94, 3,3, 15
94, 4,3, 15
94, 5,3, 15
94, 6,3, 15
94, 7,3, 15
94, 8,3, 15
94, 9,3, 15
94, 10,3, 15
94, 11,3, 15
94, 12,3, 15
94, 13,3, 15
94, 14,3, 15
94, 15,3, 15
94, 16,3, 15
94, 17,3, 15
94, 18,3, 15
94, 19,3, 15
94, 20,3, 15
94, 21,3, 15
94, 22,3, 15
94, 23,3, 15
94, 24,3, 15
94, 25,3, 15
94, 26,3, 15
94, 27,3, 15
94, 28,3, 15
94, 29,3, 15
94, 30,3, 15
94, 31,3, 15
94, 32,3, 15
94, 33,3, 15
94, 34,3, 15
94, 35,3, 15
94, 36,3, 15
94, 37,3, 15
94, 38,3, 15
94, 39,3, 15
94, 0,4, 15
94, 1,4, 15
94, 2,4, 15
94, 3,4, 15
94, 4,4, 15
94, 5,4, 15
94, 6,4, 15
94, 7,4, 15
94, 8,4, 15
94, 9,4, 15
94, 10,4, 15
94, 11,4, 15
94, 12,4, 15
94, 13,4, 15
94, 14,4, 15
94, 15,4, 15
94, 16,4, 15
94, 17,4, 15
94, 18,4, 15
94, 19,4, 15
94, 20,4, 15
94, 21,4, 15
94, 22,4, 15
94, 23,4, 15
94, 24,4, 15
94, 25,4, 15
94, 26,4, 15
94, 27,4, 15
94, 28,4, 15
94, 29,4, 15
94, 30,4, 15
94, 31,4, 15
94, 32,4, 15
94, 33,4, 15
94, 34,4, 15
94, 35,4, 15
94, 36,4, 15
94, 37,4, 15
94, 38,4, 15
94, 39,4, 15
95, 0,0, 15
95, 1,0, 15
95, 2,0, 15
95, 3,0, 15
95, 4,0, 15
95, 5,0, 15
95, 6,0, 15
95, 7,0, 15
95, 8,0, 15
95, 9,0, 15
95, 10,0, 15
95, 11,0, 15
95, 12,0, 15
95, 13,0, 15
95, 14,0, 15
95, 15,0, 15
95, 16,0, 15
95, 17,0, 15
95, 18,0, 15
95, 19,0, 15
95, 20,0, 15
95, 21,0, 15
95, 22,0, 15
95, 23,0, 15
95, 24,0, 15
95, 25,0, 15
95, 26,0, 15
95, 27,0, 15
95, 28,0, 15
95, 29,0, 15
95, 30,0, 15
95, 31,0, 15
95, 32,0, 15
95, 33,0, 15
95, 34,0, 15
95, 35,0, 15
95, 36,0, 15
95, 37,0, 15
95, 38,0, 15
95, 39,0, 15
95, 0,1, 15
95, 1,1, 15
95, 2,1, 15
95, 3,1, 15
95, 4,1, 15
95, 5,1, 15
95, 6,1, 15
95, 7,1, 15
95, 8,1, 15
95, 9,1, 15
95, 10,1, 15
95, 11,1, 15
95, 12,1, 15
95, 13,1, 15
95, 14,1, 15
95, 15,1, 15
95, 16,1, 15
95, 17,1, 15
95, 18,1, 15
95, 19,1, 15
95, 20,1, 15
95, 21,1, 15
95, 22,1, 15
95, 23,1, 15
95, 24,1, 15
95, 25,1, 15
95, 26,1, 15
95, 27,1, 15
95, 28,1, 15
95, 29,1, 15
95, 30,1, 15
95, 31,1, 15
95, 32,1, 15
95, 33,1, 15
95, 34,1, 15
95, 35,1, 15
95, 36,1, 15
95, 37,1, 15
95, 38,1, 15
95, 39,1, 15
95, 0,2, 15
95, 1,2, 15
95, 2,2, 15
95, 3,2, 15
95, 4,2, 15
95, 5,2, 15
95, 6,2, 15
95, 7,2, 15
95, 8,2, 15
95, 9,2, 15
95, 10,2, 15
95, 11,2, 15
95, 12,2, 15
95, 13,2, 15
95, 14,2, 15
95, 15,2, 15
95, 16,2, 15
95, 17,2, 15
95, 18,2, 15
95, 19,2, 15
95, 20,2, 15
95, 21,2, 15
95, 22,2, 15
95, 23,2, 15
95, 24,2, 15
95, 25,2, 15
95, 26,2, 15
95, 27,2, 15
95, 28,2, 15
95, 29,2, 15
95, 30,2, 15
95, 31,2, 15
95, 32,2, 15
95, 33,2, 15
95, 34,2, 15
95, 35,2, 15
95, 36,2, 15
95, 37,2, 15
95, 38,2, 15
95, 39,2, 15
95, 0,3, 15
95, 1,3, 15
95, 2,3, 15
95, 3,3, 15
95, 4,3, 15
95, 5,3, 15
95, 6,3, 15
95, 7,3, 15
95, 8,3, 15
95, 9,3, 15
95, 10,3, 15
95, 11,3, 15
95, 12,3, 15
95, 13,3, 15
95, 14,3, 15
95, 15,3, 15
95, 16,3, 15
95, 17,3, 15
95, 18,3, 15
95, 19,3, 15
95, 20,3, 15
95, 21,3, 15
95, 22,3, 15
95, 23,3, 15
95, 24,3, 15
95, 25,3, 15
95, 26,3, 15
95, 27,3, 15
95, 28,3, 15
95, 29,3, 15
95, 30,3, 15
95, 31,3, 15
95, 32,3, 15
95, 33,3, 15
95, 34,3, 15
95, 35,3, 15
95, 36,3, 15
95, 37,3, 15
95, 38,3, 15
95, 39,3, 15
95, 0,4, 15
95, 1,4, 15
95, 2,4, 15
95, 3,4, 15
95, 4,4, 15
95, 5,4, 15
95, 6,4, 15
95, 7,4, 15
95, 8,4, 15
95, 9,4, 15
95, 10,4, 15
95, 11,4, 15
95, 12,4, 15
95, 13,4, 15
95, 14,4, 15
95, 15,4, 15
95, 16,4, 15
95, 17,4, 15
95, 18,4, 15
95, 19,4, 15
95, 20,4, 15
95, 21,4, 15
95, 22,4, 15
95, 23,4, 15
95, 24,4, 15
95, 25,4, 15
95, 26,4, 15
95, 27,4, 15
95, 28,4, 15
95, 29,4, 15
95, 30,4, 15
95, 31,4, 15
95, 32,4, 15
95, 33,4, 15
95, 34,4, 15
95, 35,4, 15
95, 36,4, 15
95, 37,4, 15
95, 38,4, 15
95, 39,4, 15
96, 0,0, 15
96, 1,0, 15
96, 2,0, 15
96, 3,0, 15
96, 4,0, 15
96, 5,0, 15
96, 6,0, 15
96, 7,0, 15
96, 8,0, 15
96, 9,0, 15
96, 10,0, 15
96, 11,0, 15
96, 12,0, 15
96, 13,0, 15
96, 14,0, 15
96, 15,0, 15
96, 16,0, 15
96, 17,0, 15
96, 18,0, 15
96, 19,0, 15
96, 20,0, 15
96, 21,0, 15
96, 22,0, 15
96, 23,0, 15
96, 24,0, 15
96, 25,0, 15
96, 26,0, 15
96, 27,0, 15
96, 28,0, 15
96, 29,0, 15
96, 30,0, 15
96, 31,0, 15
96, 32,0, 15
96, 33,0, 15
96, 34,0, 15
96, 35,0, 15
96, 36,0, 15
96, 37,0, 15
96, 38,0, 15
96, 39,0, 15
96, 0,1, 15
96, 1,1, 15
96, 2,1, 15
96, 3,1, 15
96, 4,1, 15
96, 5,1, 15
96, 6,1, 15
96, 7,1, 15
96, 8,1, 15
96, 9,1, 15
96, 10,1, 15
96, 11,1, 15
96, 12,1, 15
96, 13,1, 15
96, 14,1, 15
96, 15,1, 15
96, 16,1, 15
96, 17,1, 15
96, 18,1, 15
96, 19,1, 15
96, 20,1, 15
96, 21,1, 15
96, 22,1, 15
96, 23,1, 15
96, 24,1, 15
96, 25,1, 15
96, 26,1, 15
96, 27,1, 15
96, 28,1, 15
96, 29,1, 15
96, 30,1, 15
96, 31,1, 15
96, 32,1, 15
96, 33,1, 15
96, 34,1, 15
96, 35,1, 15
96, 36,1, 15
96, 37,1, 15
96, 38,1, 15
96, 39,1, 15
96, 0,2, 15
96, 1,2, 15
96, 2,2, 15
96, 3,2, 15
96, 4,2, 15
96, 5,2, 15
96, 6,2, 15
96, 7,2, 15
96, 8,2, 15
96, 9,2, 15
96, 10,2, 15
96, 11,2, 15
96, 12,2, 15
96, 13,2, 15
96, 14,2, 15
96, 15,2, 15
96, 16,2, 15
96, 17,2, 15
96, 18,2, 15
96, 19,2, 15
96, 20,2, 15
96, 21,2, 15
96, 22,2, 15
96, 23,2, 15
96, 24,2, 15
96, 25,2, 15
96, 26,2, 15
96, 27,2, 15
96, 28,2, 15
96, 29,2, 15
96, 30,2, 15
96, 31,2, 15
96, 32,2, 15
96, 33,2, 15
96, 34,2, 15
96, 35,2, 15
96, 36,2, 15
96, 37,2, 15
96, 38,2, 15
96, 39,2, 15
96, 0,3, 15
96, 1,3, 15
96, 2,3, 15
96, 3,3, 15
96, 4,3, 15
96, 5,3, 15
96, 6,3, 15
96, 7,3, 15
96, 8,3, 15
96, 9,3, 15
96, 10,3, 15
96, 11,3, 15
96, 12,3, 15
96, 13,3, 15
96, 14,3, 15
96, 15,3, 15
96, 16,3, 15
96, 17,3, 15
96, 18,3, 15
96, 19,3, 15
96, 20,3, 15
96, 21,3, 15
96, 22,3, 15
96, 23,3, 15
96, 24,3, 15
96, 25,3, 15
96, 26,3, 15
96, 27,3, 15
96, 28,3, 15
96, 29,3, 15
96, 30,3, 15
96, 31,3, 15
96, 32,3, 15
96, 33,3, 15
96, 34,3, 15
96, 35,3, 15
96, 36,3, 15
96, 37,3, 15
96, 38,3, 15
96, 39,3, 15
96, 0,4, 15
96, 1,4, 15
96, 2,4, 15
96, 3,4, 15
96, 4,4, 15
96, 5,4, 15
96, 6,4, 15
96, 7,4, 15
96, 8,4, 15
96, 9,4, 15
96, 10,4, 15
96, 11,4, 15
96, 12,4, 15
96, 13,4, 15
96, 14,4, 15
96, 15,4, 15
96, 16,4, 15
96, 17,4, 15
96, 18,4, 15
96, 19,4, 15
96, 20,4, 15
96, 21,4, 15
96, 22,4, 15
96, 23,4, 15
96, 24,4, 15
96, 25,4, 15
96, 26,4, 15
96, 27,4, 15
96, 28,4, 15
96, 29,4, 15
96, 30,4, 15
96, 31,4, 15
96, 32,4, 15
96, 33,4, 15
96, 34,4, 15
96, 35,4, 15
96, 36,4, 15
96, 37,4, 15
96, 38,4, 15
96, 39,4, 15
97, 0,0, 15
97, 1,0, 15
97, 2,0, 15
97, 3,0, 15
97, 4,0, 15
97, 5,0, 15
97, 6,0, 15
97, 7,0, 15
97, 8,0, 15
97, 9,0, 15
97, 10,0, 15
97, 11,0, 15
97, 12,0, 15
97, 13,0, 15
97, 14,0, 15
97, 15,0, 15
97, 16,0, 15
97, 17,0, 15
97, 18,0, 15
97, 19,0, 15
97, 20,0, 15
97, 21,0, 15
97, 22,0, 15
97, 23,0, 15
97, 24,0, 15
97, 25,0, 15
97, 26,0, 15
97, 27,0, 15
97, 28,0, 15
97, 29,0, 15
97, 30,0, 15
97, 31,0, 15
97, 32,0, 15
97, 33,0, 15
97, 34,0, 15
97, 35,0, 15
97, 36,0, 15
97, 37,0, 15
97, 38,0, 15
97, 39,0, 15
97, 0,1, 15
97, 1,1, 15
97, 2,1, 15
97, 3,1, 15
97, 4,1, 15
97, 5,1, 15
97, 6,1, 15
97, 7,1, 15
97, 8,1, 15
97, 9,1, 15
97, 10,1, 15
97, 11,1, 15
97, 12,1, 15
97, 13,1, 15
97, 14,1, 15
97, 15,1, 15
97, 16,1, 15
97, 17,1, 15
97, 18,1, 15
97, 19,1, 15
97, 20,1, 15
97, 21,1, 15
97, 22,1, 15
97, 23,1, 15
97, 24,1, 15
97, 25,1, 15
97, 26,1, 15
97, 27,1, 15
97, 28,1, 15
97, 29,1, 15
97, 30,1, 15
97, 31,1, 15
97, 32,1, 15
97, 33,1, 15
97, 34,1, 15
97, 35,1, 15
97, 36,1, 15
97, 37,1, 15
97, 38,1, 15
97, 39,1, 15
97, 0,2, 15
97, 1,2, 15
97, 2,2, 15
97, 3,2, 15
97, 4,2, 15
97, 5,2, 15
97, 6,2, 15
97, 7,2, 15
97, 8,2, 15
97, 9,2, 15
97, 10,2, 15
97, 11,2, 15
97, 12,2, 15
97, 13,2, 15
97, 14,2, 15
97, 15,2, 15
97, 16,2, 15
97, 17,2, 15
97, 18,2, 15
97, 19,2, 15
97, 20,2, 15
97, 21,2, 15
97, 22,2, 15
97, 23,2, 15
97, 24,2, 15
97, 25,2, 15
97, 26,2, 15
97, 27,2, 15
97, 28,2, 15
97, 29,2, 15
97, 30,2, 15
97, 31,2, 15
97, 32,2, 15
97, 33,2, 15
97, 34,2, 15
97, 35,2, 15
97, 36,2, 15
97, 37,2, 15
97, 38,2, 15
97, 39,2, 15
97, 0,3, 15
97, 1,3, 15
97, 2,3, 15
97, 3,3, 15
97, 4,3, 15
97, 5,3, 15
97, 6,3, 15
97, 7,3, 15
97, 8,3, 15
97, 9,3, 15
97, 10,3, 15
97, 11,3, 15
97, 12,3, 15
97, 13,3, 15
97, 14,3, 15
97, 15,3, 15
97, 16,3, 15
97, 17,3, 15
97, 18,3, 15
97, 19,3, 15
97, 20,3, 15
97, 21,3, 15
97, 22,3, 15
97, 23,3, 15
97, 24,3, 15
97, 25,3, 15
97, 26,3, 15
97, 27,3, 15
97, 28,3, 15
97, 29,3, 15
97, 30,3, 15
97, 31,3, 15
97, 32,3, 15
97, 33,3, 15
97, 34,3, 15
97, 35,3, 15
97, 36,3, 15
97, 37,3, 15
97, 38,3, 15
97, 39,3, 15
97, 0,4, 15
97, 1,4, 15
97, 2,4, 15
97, 3,4, 15
97, 4,4, 15
97, 5,4, 15
97, 6,4, 15
97, 7,4, 15
97, 8,4, 15
97, 9,4, 15
97, 10,4, 15
97, 11,4, 15
97, 12,4, 15
97, 13,4, 15
97, 14,4, 15
97, 15,4, 15
97, 16,4, 15
97, 17,4, 15
97, 18,4, 15
97, 19,4, 15
97, 20,4, 15
97, 21,4, 15
97, 22,4, 15
97, 23,4, 15
97, 24,4, 15
97, 25,4, 15
97, 26,4, 15
97, 27,4, 15
97, 28,4, 15
97, 29,4, 15
97, 30,4, 15
97, 31,4, 15
97, 32,4, 15
97, 33,4, 15
97, 34,4, 15
97, 35,4, 15
97, 36,4, 15
97, 37,4, 15
97, 38,4, 15
97, 39,4, 15
98, 0,0, 15
98, 1,0, 15
98, 2,0, 15
98, 3,0, 15
98, 4,0, 15
98, 5,0, 15
98, 6,0, 15
98, 7,0, 15
98, 8,0, 15
98, 9,0, 15
98, 10,0, 15
98, 11,0, 15
98, 12,0, 15
98, 13,0, 15
98, 14,0, 15
98, 15,0, 15
98, 16,0, 15
98, 17,0, 15
98, 18,0, 15
98, 19,0, 15
98, 20,0, 15
98, 21,0, 15
98, 22,0, 15
98, 23,0, 15
98, 24,0, 15
98, 25,0, 15
98, 26,0, 15
98, 27,0, 15
98, 28,0, 15
98, 29,0, 15
98, 30,0, 15
98, 31,0, 15
98, 32,0, 15
98, 33,0, 15
98, 34,0, 15
98, 35,0, 15
98, 36,0, 15
98, 37,0, 15
98, 38,0, 15
98, 39,0, 15
98, 0,1, 15
98, 1,1, 15
98, 2,1, 15
98, 3,1, 15
98, 4,1, 15
98, 5,1, 15
98, 6,1, 15
98, 7,1, 15
98, 8,1, 15
98, 9,1, 15
98, 10,1, 15
98, 11,1, 15
98, 12,1, 15
98, 13,1, 15
98, 14,1, 15
98, 15,1, 15
98, 16,1, 15
98, 17,1, 15
98, 18,1, 15
98, 19,1, 15
98, 20,1, 15
98, 21,1, 15
98, 22,1, 15
98, 23,1, 15
98, 24,1, 15
98, 25,1, 15
98, 26,1, 15
98, 27,1, 15
98, 28,1, 15
98, 29,1, 15
98, 30,1, 15
98, 31,1, 15
98, 32,1, 15
98, 33,1, 15
98, 34,1, 15
98, 35,1, 15
98, 36,1, 15
98, 37,1, 15
98, 38,1, 15
98, 39,1, 15
98, 0,2, 15
98, 1,2, 15
98, 2,2, 15
98, 3,2, 15
98, 4,2, 15
98, 5,2, 15
98, 6,2, 15
98, 7,2, 15
98, 8,2, 15
98, 9,2, 15
98, 10,2, 15
98, 11,2, 15
98, 12,2, 15
98, 13,2, 15
98, 14,2, 15
98, 15,2, 15
98, 16,2, 15
98, 17,2, 15
98, 18,2, 15
98, 19,2, 15
98, 20,2, 15
98, 21,2, 15
98, 22,2, 15
98, 23,2, 15
98, 24,2, 15
98, 25,2, 15
98, 26,2, 15
98, 27,2, 15
98, 28,2, 15
98, 29,2, 15
98, 30,2, 15
98, 31,2, 15
98, 32,2, 15
98, 33,2, 15
98, 34,2, 15
98, 35,2, 15
98, 36,2, 15
98, 37,2, 15
98, 38,2, 15
98, 39,2, 15
98, 0,3, 15
98, 1,3, 15
98, 2,3, 15
98, 3,3, 15
98, 4,3, 15
98, 5,3, 15
98, 6,3, 15
98, 7,3, 15
98, 8,3, 15
98, 9,3, 15
98, 10,3, 15
98, 11,3, 15
98, 12,3, 15
98, 13,3, 15
98, 14,3, 15
98, 15,3, 15
98, 16,3, 15
98, 17,3, 15
98, 18,3, 15
98, 19,3, 15
98, 20,3, 15
98, 21,3, 15
98, 22,3, 15
98, 23,3, 15
98, 24,3, 15
98, 25,3, 15
98, 26,3, 15
98, 27,3, 15
98, 28,3, 15
98, 29,3, 15
98, 30,3, 15
98, 31,3, 15
98, 32,3, 15
98, 33,3, 15
98, 34,3, 15
98, 35,3, 15
98, 36,3, 15
98, 37,3, 15
98, 38,3, 15
98, 39,3, 15
98, 0,4, 15
98, 1,4, 15
98, 2,4, 15
98, 3,4, 15
98, 4,4, 15
98, 5,4, 15
98, 6,4, 15
98, 7,4, 15
98, 8,4, 15
98, 9,4, 15
98, 10,4, 15
98, 11,4, 15
98, 12,4, 15
98, 13,4, 15
98, 14,4, 15
98, 15,4, 15
98, 16,4, 15
98, 17,4, 15
98, 18,4, 15
98, 19,4, 15
98, 20,4, 15
98, 21,4, 15
98, 22,4, 15
98, 23,4, 15
98, 24,4, 15
98, 25,4, 15
98, 26,4, 15
98, 27,4, 15
98, 28,4, 15
98, 29,4, 15
98, 30,4, 15
98, 31,4, 15
98, 32,4, 15
98, 33,4, 15
98, 34,4, 15
98, 35,4, 15
98, 36,4, 15
98, 37,4, 15
98, 38,4, 15
98, 39,4, 15
99, 0,0, 15
99, 1,0, 15
99, 2,0, 15
99, 3,0, 15
99, 4,0, 15
99, 5,0, 15
99, 6,0, 15
99, 7,0, 15
99, 8,0, 15
99, 9,0, 15
99, 10,0, 15
99, 11,0, 15
99, 12,0, 15
99, 13,0, 15
99, 14,0, 15
99, 15,0, 15
99, 16,0, 15
99, 17,0, 15
99, 18,0, 15
99, 19,0, 15
99, 20,0, 15
99, 21,0, 15
99, 22,0, 15
99, 23,0, 15
99, 24,0, 15
99, 25,0, 15
99, 26,0, 15
99, 27,0, 15
99, 28,0, 15
99, 29,0, 15
99, 30,0, 15
99, 31,0, 15
99, 32,0, 15
99, 33,0, 15
99, 34,0, 15
99, 35,0, 15
99, 36,0, 15
99, 37,0, 15
99, 38,0, 15
99, 39,0, 15
99, 0,1, 15
99, 1,1, 15
99, 2,1, 15
99, 3,1, 15
99, 4,1, 15
99, 5,1, 15
99, 6,1, 15
99, 7,1, 15
99, 8,1, 15
99, 9,1, 15
99, 10,1, 15
99, 11,1, 15
99, 12,1, 15
99, 13,1, 15
99, 14,1, 15
99, 15,1, 15
99, 16,1, 15
99, 17,1, 15
99, 18,1, 15
99, 19,1, 15
99, 20,1, 15
99, 21,1, 15
99, 22,1, 15
99, 23,1, 15
99, 24,1, 15
99, 25,1, 15
99, 26,1, 15
99, 27,1, 15
99, 28,1, 15
99, 29,1, 15
99, 30,1, 15
99, 31,1, 15
99, 32,1, 15
99, 33,1, 15
99, 34,1, 15
99, 35,1, 15
99, 36,1, 15
99, 37,1, 15
99, 38,1, 15
99, 39,1, 15
99, 0,2, 15
99, 1,2, 15
99, 2,2, 15
99, 3,2, 15
99, 4,2, 15
99, 5,2, 15
99, 6,2, 15
99, 7,2, 15
99, 8,2, 15
99, 9,2, 15
99, 10,2, 15
99, 11,2, 15
99, 12,2, 15
99, 13,2, 15
99, 14,2, 15
99, 15,2, 15
99, 16,2, 15
99, 17,2, 15
99, 18,2, 15
99, 19,2, 15
99, 20,2, 15
99, 21,2, 15
99, 22,2, 15
99, 23,2, 15
99, 24,2, 15
99, 25,2, 15
99, 26,2, 15
99, 27,2, 15
99, 28,2, 15
99, 29,2, 15
99, 30,2, 15
99, 31,2, 15
99, 32,2, 15
99, 33,2, 15
99, 34,2, 15
99, 35,2, 15
99, 36,2, 15
99, 37,2, 15
99, 38,2, 15
99, 39,2, 15
99, 0,3, 15
99, 1,3, 15
99, 2,3, 15
99, 3,3, 15
99, 4,3, 15
99, 5,3, 15
99, 6,3, 15
99, 7,3, 15
99, 8,3, 15
99, 9,3, 15
99, 10,3, 15
99, 11,3, 15
99, 12,3, 15
99, 13,3, 15
99, 14,3, 15
99, 15,3, 15
99, 16,3, 15
99, 17,3, 15
99, 18,3, 15
99, 19,3, 15
99, 20,3, 15
99, 21,3, 15
99, 22,3, 15
99, 23,3, 15
99, 24,3, 15
99, 25,3, 15
99, 26,3, 15
99, 27,3, 15
99, 28,3, 15
99, 29,3, 15
99, 30,3, 15
99, 31,3, 15
99, 32,3, 15
99, 33,3, 15
99, 34,3, 15
99, 35,3, 15
99, 36,3, 15
99, 37,3, 15
99, 38,3, 15
99, 39,3, 15
99, 0,4, 15
99, 1,4, 15
99, 2,4, 15
99, 3,4, 15
99, 4,4, 15
99, 5,4, 15
99, 6,4, 15
99, 7,4, 15
99, 8,4, 15
99, 9,4, 15
99, 10,4, 15
99, 11,4, 15
99, 12,4, 15
99, 13,4, 15
99, 14,4, 15
99, 15,4, 15
99, 16,4, 15
99, 17,4, 15
99, 18,4, 15
99, 19,4, 15
99, 20,4, 15
99, 21,4, 15
99, 22,4, 15
99, 23,4, 15
99, 24,4, 15
99, 25,4, 15
99, 26,4, 15
99, 27,4, 15
99, 28,4, 15
99, 29,4, 15
99, 30,4, 15
99, 31,4, 15
99, 32,4, 15
99, 33,4, 15
99, 34,4, 15
99, 35,4, 15
99, 36,4, 15
99, 37,4, 15
99, 38,4, 15
99, 39,4, 15
100, 0,0, 15
100, 1,0, 15
100, 2,0, 15
100, 3,0, 15
100, 4,0, 15
100, 5,0, 15
100, 6,0, 15
100, 7,0, 15
100, 8,0, 15
100, 9,0, 15
100, 10,0, 15
100, 11,0, 15
100, 12,0, 15
100, 13,0, 15
100, 14,0, 15
100, 15,0, 15
100, 16,0, 15
100, 17,0, 15
100, 18,0, 15
100, 19,0, 15
100, 20,0, 15
100, 21,0, 15
100, 22,0, 15
100, 23,0, 15
100, 24,0, 15
100, 25,0, 15
100, 26,0, 15
100, 27,0, 15
100, 28,0, 15
100, 29,0, 15
100, 30,0, 15
100, 31,0, 15
100, 32,0, 15
100, 33,0, 15
100, 34,0, 15
100, 35,0, 15
100, 36,0, 15
100, 37,0, 15
100, 38,0, 15
100, 39,0, 15
100, 0,1, 15
100, 1,1, 15
100, 2,1, 15
100, 3,1, 15
100, 4,1, 15
100, 5,1, 15
100, 6,1, 15
100, 7,1, 15
100, 8,1, 15
100, 9,1, 15
100, 10,1, 15
100, 11,1, 15
100, 12,1, 15
100, 13,1, 15
100, 14,1, 15
100, 15,1, 15
100, 16,1, 15
100, 17,1, 15
100, 18,1, 15
100, 19,1, 15
100, 20,1, 15
100, 21,1, 15
100, 22,1, 15
100, 23,1, 15
100, 24,1, 15
100, 25,1, 15
100, 26,1, 15
100, 27,1, 15
100, 28,1, 15
100, 29,1, 15
100, 30,1, 15
100, 31,1, 15
100, 32,1, 15
100, 33,1, 15
100, 34,1, 15
100, 35,1, 15
100, 36,1, 15
100, 37,1, 15
100, 38,1, 15
100, 39,1, 15
100, 0,2, 15
100, 1,2, 15
100, 2,2, 15
100, 3,2, 15
100, 4,2, 15
100, 5,2, 15
100, 6,2, 15
100, 7,2, 15
100, 8,2, 15
100, 9,2, 15
100, 10,2, 15
100, 11,2, 15
100, 12,2, 15
100, 13,2, 15
100, 14,2, 15
100, 15,2, 15
100, 16,2, 15
100, 17,2, 15
100, 18,2, 15
100, 19,2, 15
100, 20,2, 15
100, 21,2, 15
100, 22,2, 15
100, 23,2, 15
100, 24,2, 15
100, 25,2, 15
100, 26,2, 15
100, 27,2, 15
100, 28,2, 15
100, 29,2, 15
100, 30,2, 15
100, 31,2, 15
100, 32,2, 15
100, 33,2, 15
100, 34,2, 15
100, 35,2, 15
100, 36,2, 15
100, 37,2, 15
100, 38,2, 15
100, 39,2, 15
100, 0,3, 15
100, 1,3, 15
100, 2,3, 15
100, 3,3, 15
100, 4,3, 15
100, 5,3, 15
100, 6,3, 15
100, 7,3, 15
100, 8,3, 15
100, 9,3, 15
100, 10,3, 15
100, 11,3, 15
100, 12,3, 15
100, 13,3, 15
100, 14,3, 15
100, 15,3, 15
100, 16,3, 15
100, 17,3, 15
100, 18,3, 15
100, 19,3, 15
100, 20,3, 15
100, 21,3, 15
100, 22,3, 15
100, 23,3, 15
100, 24,3, 15
100, 25,3, 15
100, 26,3, 15
100, 27,3, 15
100, 28,3, 15
100, 29,3, 15
100, 30,3, 15
100, 31,3, 15
100, 32,3, 15
100, 33,3, 15
100, 34,3, 15
100, 35,3, 15
100, 36,3, 15
100, 37,3, 15
100, 38,3, 15
100, 39,3, 15
100, 0,4, 15
100, 1,4, 15
100, 2,4, 15
100, 3,4, 15
100, 4,4, 15
100, 5,4, 15
100, 6,4, 15
100, 7,4, 15
100, 8,4, 15
100, 9,4, 15
100, 10,4, 15
100, 11,4, 15
100, 12,4, 15
100, 13,4, 15
100, 14,4, 15
100, 15,4, 15
100, 16,4, 15
100, 17,4, 15
100, 18,4, 15
100, 19,4, 15
100, 20,4, 15
100, 21,4, 15
100, 22,4, 15
100, 23,4, 15
100, 24,4, 15
100, 25,4, 15
100, 26,4, 15
100, 27,4, 15
100, 28,4, 15
100, 29,4, 15
100, 30,4, 15
100, 31,4, 15
100, 32,4, 15
100, 33,4, 15
100, 34,4, 15
100, 35,4, 15
100, 36,4, 15
100, 37,4, 15
100, 38,4, 15
100, 39,4, 15
101, 0,0, 15
101, 1,0, 15
101, 2,0, 15
101, 3,0, 15
101, 4,0, 15
101, 5,0, 15
101, 6,0, 15
101, 7,0, 15
101, 8,0, 15
101, 9,0, 15
101, 10,0, 15
101, 11,0, 15
101, 12,0, 15
101, 13,0, 15
101, 14,0, 15
101, 15,0, 15
101, 16,0, 15
101, 17,0, 15
101, 18,0, 15
101, 19,0, 15
101, 20,0, 15
101, 21,0, 15
101, 22,0, 15
101, 23,0, 15
101, 24,0, 15
101, 25,0, 15
101, 26,0, 15
101, 27,0, 15
101, 28,0, 15
101, 29,0, 15
101, 30,0, 15
101, 31,0, 15
101, 32,0, 15
101, 33,0, 15
101, 34,0, 15
101, 35,0, 15
101, 36,0, 15
101, 37,0, 15
101, 38,0, 15
101, 39,0, 15
101, 0,1, 15
101, 1,1, 15
101, 2,1, 15
101, 3,1, 15
101, 4,1, 15
101, 5,1, 15
101, 6,1, 15
101, 7,1, 15
101, 8,1, 15
101, 9,1, 15
101, 10,1, 15
101, 11,1, 15
101, 12,1, 15
101, 13,1, 15
101, 14,1, 15
101, 15,1, 15
101, 16,1, 15
101, 17,1, 15
101, 18,1, 15
101, 19,1, 15
101, 20,1, 15
101, 21,1, 15
101, 22,1, 15
101, 23,1, 15
101, 24,1, 15
101, 25,1, 15
101, 26,1, 15
101, 27,1, 15
101, 28,1, 15
101, 29,1, 15
101, 30,1, 15
101, 31,1, 15
101, 32,1, 15
101, 33,1, 15
101, 34,1, 15
101, 35,1, 15
101, 36,1, 15
101, 37,1, 15
101, 38,1, 15
101, 39,1, 15
101, 0,2, 15
101, 1,2, 15
101, 2,2, 15
101, 3,2, 15
101, 4,2, 15
101, 5,2, 15
101, 6,2, 15
101, 7,2, 15
101, 8,2, 15
101, 9,2, 15
101, 10,2, 15
101, 11,2, 15
101, 12,2, 15
101, 13,2, 15
101, 14,2, 15
101, 15,2, 15
101, 16,2, 15
101, 17,2, 15
101, 18,2, 15
101, 19,2, 15
101, 20,2, 15
101, 21,2, 15
101, 22,2, 15
101, 23,2, 15
101, 24,2, 15
101, 25,2, 15
101, 26,2, 15
101, 27,2, 15
101, 28,2, 15
101, 29,2, 15
101, 30,2, 15
101, 31,2, 15
101, 32,2, 15
101, 33,2, 15
101, 34,2, 15
101, 35,2, 15
101, 36,2, 15
101, 37,2, 15
101, 38,2, 15
101, 39,2, 15
101, 0,3, 15
101, 1,3, 15
101, 2,3, 15
101, 3,3, 15
101, 4,3, 15
101, 5,3, 15
101, 6,3, 15
101, 7,3, 15
101, 8,3, 15
101, 9,3, 15
101, 10,3, 15
101, 11,3, 15
101, 12,3, 15
101, 13,3, 15
101, 14,3, 15
101, 15,3, 15
101, 16,3, 15
101, 17,3, 15
101, 18,3, 15
101, 19,3, 15
101, 20,3, 15
101, 21,3, 15
101, 22,3, 15
101, 23,3, 15
101, 24,3, 15
101, 25,3, 15
101, 26,3, 15
101, 27,3, 15
101, 28,3, 15
101, 29,3, 15
101, 30,3, 15
101, 31,3, 15
101, 32,3, 15
101, 33,3, 15
101, 34,3, 15
101, 35,3, 15
101, 36,3, 15
101, 37,3, 15
101, 38,3, 15
101, 39,3, 15
101, 0,4, 15
101, 1,4, 15
101, 2,4, 15
101, 3,4, 15
101, 4,4, 15
101, 5,4, 15
101, 6,4, 15
101, 7,4, 15
101, 8,4, 15
101, 9,4, 15
101, 10,4, 15
101, 11,4, 15
101, 12,4, 15
101, 13,4, 15
101, 14,4, 15
101, 15,4, 15
101, 16,4, 15
101, 17,4, 15
101, 18,4, 15
101, 19,4, 15
101, 20,4, 15
101, 21,4, 15
101, 22,4, 15
101, 23,4, 15
101, 24,4, 15
101, 25,4, 15
101, 26,4, 15
101, 27,4, 15
101, 28,4, 15
101, 29,4, 15
101, 30,4, 15
101, 31,4, 15
101, 32,4, 15
101, 33,4, 15
101, 34,4, 15
101, 35,4, 15
101, 36,4, 15
101, 37,4, 15
101, 38,4, 15
101, 39,4, 15
102, 0,0, 15
102, 1,0, 15
102, 2,0, 15
102, 3,0, 15
102, 4,0, 15
102, 5,0, 15
102, 6,0, 15
102, 7,0, 15
102, 8,0, 15
102, 9,0, 15
102, 10,0, 15
102, 11,0, 15
102, 12,0, 15
102, 13,0, 15
102, 14,0, 15
102, 15,0, 15
102, 16,0, 15
102, 17,0, 15
102, 18,0, 15
102, 19,0, 15
102, 20,0, 15
102, 21,0, 15
102, 22,0, 15
102, 23,0, 15
102, 24,0, 15
102, 25,0, 15
102, 26,0, 15
102, 27,0, 15
102, 28,0, 15
102, 29,0, 15
102, 30,0, 15
102, 31,0, 15
102, 32,0, 15
102, 33,0, 15
102, 34,0, 15
102, 35,0, 15
102, 36,0, 15
102, 37,0, 15
102, 38,0, 15
102, 39,0, 15
102, 0,1, 15
102, 1,1, 15
102, 2,1, 15
102, 3,1, 15
102, 4,1, 15
102, 5,1, 15
102, 6,1, 15
102, 7,1, 15
102, 8,1, 15
102, 9,1, 15
102, 10,1, 15
102, 11,1, 15
102, 12,1, 15
102, 13,1, 15
102, 14,1, 15
102, 15,1, 15
102, 16,1, 15
102, 17,1, 15
102, 18,1, 15
102, 19,1, 15
102, 20,1, 15
102, 21,1, 15
102, 22,1, 15
102, 23,1, 15
102, 24,1, 15
102, 25,1, 15
102, 26,1, 15
102, 27,1, 15
102, 28,1, 15
102, 29,1, 15
102, 30,1, 15
102, 31,1, 15
102, 32,1, 15
102, 33,1, 15
102, 34,1, 15
102, 35,1, 15
102, 36,1, 15
102, 37,1, 15
102, 38,1, 15
102, 39,1, 15
102, 0,2, 15
102, 1,2, 15
102, 2,2, 15
102, 3,2, 15
102, 4,2, 15
102, 5,2, 15
102, 6,2, 15
102, 7,2, 15
102, 8,2, 15
102, 9,2, 15
102, 10,2, 15
102, 11,2, 15
102, 12,2, 15
102, 13,2, 15
102, 14,2, 15
102, 15,2, 15
102, 16,2, 15
102, 17,2, 15
102, 18,2, 15
102, 19,2, 15
102, 20,2, 15
102, 21,2, 15
102, 22,2, 15
102, 23,2, 15
102, 24,2, 15
102, 25,2, 15
102, 26,2, 15
102, 27,2, 15
102, 28,2, 15
102, 29,2, 15
102, 30,2, 15
102, 31,2, 15
102, 32,2, 15
102, 33,2, 15
102, 34,2, 15
102, 35,2, 15
102, 36,2, 15
102, 37,2, 15
102, 38,2, 15
102, 39,2, 15
102, 0,3, 15
102, 1,3, 15
102, 2,3, 15
102, 3,3, 15
102, 4,3, 15
102, 5,3, 15
102, 6,3, 15
102, 7,3, 15
102, 8,3, 15
102, 9,3, 15
102, 10,3, 15
102, 11,3, 15
102, 12,3, 15
102, 13,3, 15
102, 14,3, 15
102, 15,3, 15
102, 16,3, 15
102, 17,3, 15
102, 18,3, 15
102, 19,3, 15
102, 20,3, 15
102, 21,3, 15
102, 22,3, 15
102, 23,3, 15
102, 24,3, 15
102, 25,3, 15
102, 26,3, 15
102, 27,3, 15
102, 28,3, 15
102, 29,3, 15
102, 30,3, 15
102, 31,3, 15
102, 32,3, 15
102, 33,3, 15
102, 34,3, 15
102, 35,3, 15
102, 36,3, 15
102, 37,3, 15
102, 38,3, 15
102, 39,3, 15
102, 0,4, 15
102, 1,4, 15
102, 2,4, 15
102, 3,4, 15
102, 4,4, 15
102, 5,4, 15
102, 6,4, 15
102, 7,4, 15
102, 8,4, 15
102, 9,4, 15
102, 10,4, 15
102, 11,4, 15
102, 12,4, 15
102, 13,4, 15
102, 14,4, 15
102, 15,4, 15
102, 16,4, 15
102, 17,4, 15
102, 18,4, 15
102, 19,4, 15
102, 20,4, 15
102, 21,4, 15
102, 22,4, 15
102, 23,4, 15
102, 24,4, 15
102, 25,4, 15
102, 26,4, 15
102, 27,4, 15
102, 28,4, 15
102, 29,4, 15
102, 30,4, 15
102, 31,4, 15
102, 32,4, 15
102, 33,4, 15
102, 34,4, 15
102, 35,4, 15
102, 36,4, 15
102, 37,4, 15
102, 38,4, 15
102, 39,4, 15
103, 0,0, 15
103, 1,0, 15
103, 2,0, 15
103, 3,0, 15
103, 4,0, 15
103, 5,0, 15
103, 6,0, 15
103, 7,0, 15
103, 8,0, 15
103, 9,0, 15
103, 10,0, 15
103, 11,0, 15
103, 12,0, 15
103, 13,0, 15
103, 14,0, 15
103, 15,0, 15
103, 16,0, 15
103, 17,0, 15
103, 18,0, 15
103, 19,0, 15
103, 20,0, 15
103, 21,0, 15
103, 22,0, 15
103, 23,0, 15
103, 24,0, 15
103, 25,0, 15
103, 26,0, 15
103, 27,0, 15
103, 28,0, 15
103, 29,0, 15
103, 30,0, 15
103, 31,0, 15
103, 32,0, 15
103, 33,0, 15
103, 34,0, 15
103, 35,0, 15
103, 36,0, 15
103, 37,0, 15
103, 38,0, 15
103, 39,0, 15
103, 0,1, 15
103, 1,1, 15
103, 2,1, 15
103, 3,1, 15
103, 4,1, 15
103, 5,1, 15
103, 6,1, 15
103, 7,1, 15
103, 8,1, 15
103, 9,1, 15
103, 10,1, 15
103, 11,1, 15
103, 12,1, 15
103, 13,1, 15
103, 14,1, 15
103, 15,1, 15
103, 16,1, 15
103, 17,1, 15
103, 18,1, 15
103, 19,1, 15
103, 20,1, 15
103, 21,1, 15
103, 22,1, 15
103, 23,1, 15
103, 24,1, 15
103, 25,1, 15
103, 26,1, 15
103, 27,1, 15
103, 28,1, 15
103, 29,1, 15
103, 30,1, 15
103, 31,1, 15
103, 32,1, 15
103, 33,1, 15
103, 34,1, 15
103, 35,1, 15
103, 36,1, 15
103, 37,1, 15
103, 38,1, 15
103, 39,1, 15
103, 0,2, 15
103, 1,2, 15
103, 2,2, 15
103, 3,2, 15
103, 4,2, 15
103, 5,2, 15
103, 6,2, 15
103, 7,2, 15
103, 8,2, 15
103, 9,2, 15
103, 10,2, 15
103, 11,2, 15
103, 12,2, 15
103, 13,2, 15
103, 14,2, 15
103, 15,2, 15
103, 16,2, 15
103, 17,2, 15
103, 18,2, 15
103, 19,2, 15
103, 20,2, 15
103, 21,2, 15
103, 22,2, 15
103, 23,2, 15
103, 24,2, 15
103, 25,2, 15
103, 26,2, 15
103, 27,2, 15
103, 28,2, 15
103, 29,2, 15
103, 30,2, 15
103, 31,2, 15
103, 32,2, 15
103, 33,2, 15
103, 34,2, 15
103, 35,2, 15
103, 36,2, 15
103, 37,2, 15
103, 38,2, 15
103, 39,2, 15
103, 0,3, 15
103, 1,3, 15
103, 2,3, 15
103, 3,3, 15
103, 4,3, 15
103, 5,3, 15
103, 6,3, 15
103, 7,3, 15
103, 8,3, 15
103, 9,3, 15
103, 10,3, 15
103, 11,3, 15
103, 12,3, 15
103, 13,3, 15
103, 14,3, 15
103, 15,3, 15
103, 16,3, 15
103, 17,3, 15
103, 18,3, 15
103, 19,3, 15
103, 20,3, 15
103, 21,3, 15
103, 22,3, 15
103, 23,3, 15
103, 24,3, 15
103, 25,3, 15
103, 26,3, 15
103, 27,3, 15
103, 28,3, 15
103, 29,3, 15
103, 30,3, 15
103, 31,3, 15
103, 32,3, 15
103, 33,3, 15
103, 34,3, 15
103, 35,3, 15
103, 36,3, 15
103, 37,3, 15
103, 38,3, 15
103, 39,3, 15
103, 0,4, 15
103, 1,4, 15
103, 2,4, 15
103, 3,4, 15
103, 4,4, 15
103, 5,4, 15
103, 6,4, 15
103, 7,4, 15
103, 8,4, 15
103, 9,4, 15
103, 10,4, 15
103, 11,4, 15
103, 12,4, 15
103, 13,4, 15
103, 14,4, 15
103, 15,4, 15
103, 16,4, 15
103, 17,4, 15
103, 18,4, 15
103, 19,4, 15
103, 20,4, 15
103, 21,4, 15
103, 22,4, 15
103, 23,4, 15
103, 24,4, 15
103, 25,4, 15
103, 26,4, 15
103, 27,4, 15
103, 28,4, 15
103, 29,4, 15
103, 30,4, 15
103, 31,4, 15
103, 32,4, 15
103, 33,4, 15
103, 34,4, 15
103, 35,4, 15
103, 36,4, 15
103, 37,4, 15
103, 38,4, 15
103, 39,4, 15
104, 0,0, 15
104, 1,0, 15
104, 2,0, 15
104, 3,0, 15
104, 4,0, 15
104, 5,0, 15
104, 6,0, 15
104, 7,0, 15
104, 8,0, 15
104, 9,0, 15
104, 10,0, 15
104, 11,0, 15
104, 12,0, 15
104, 13,0, 15
104, 14,0, 15
104, 15,0, 15
104, 16,0, 15
104, 17,0, 15
104, 18,0, 15
104, 19,0, 15
104, 20,0, 15
104, 21,0, 15
104, 22,0, 15
104, 23,0, 15
104, 24,0, 15
104, 25,0, 15
104, 26,0, 15
104, 27,0, 15
104, 28,0, 15
104, 29,0, 15
104, 30,0, 15
104, 31,0, 15
104, 32,0, 15
104, 33,0, 15
104, 34,0, 15
104, 35,0, 15
104, 36,0, 15
104, 37,0, 15
104, 38,0, 15
104, 39,0, 15
104, 0,1, 15
104, 1,1, 15
104, 2,1, 15
104, 3,1, 15
104, 4,1, 15
104, 5,1, 15
104, 6,1, 15
104, 7,1, 15
104, 8,1, 15
104, 9,1, 15
104, 10,1, 15
104, 11,1, 15
104, 12,1, 15
104, 13,1, 15
104, 14,1, 15
104, 15,1, 15
104, 16,1, 15
104, 17,1, 15
104, 18,1, 15
104, 19,1, 15
104, 20,1, 15
104, 21,1, 15
104, 22,1, 15
104, 23,1, 15
104, 24,1, 15
104, 25,1, 15
104, 26,1, 15
104, 27,1, 15
104, 28,1, 15
104, 29,1, 15
104, 30,1, 15
104, 31,1, 15
104, 32,1, 15
104, 33,1, 15
104, 34,1, 15
104, 35,1, 15
104, 36,1, 15
104, 37,1, 15
104, 38,1, 15
104, 39,1, 15
104, 0,2, 15
104, 1,2, 15
104, 2,2, 15
104, 3,2, 15
104, 4,2, 15
104, 5,2, 15
104, 6,2, 15
104, 7,2, 15
104, 8,2, 15
104, 9,2, 15
104, 10,2, 15
104, 11,2, 15
104, 12,2, 15
104, 13,2, 15
104, 14,2, 15
104, 15,2, 15
104, 16,2, 15
104, 17,2, 15
104, 18,2, 15
104, 19,2, 15
104, 20,2, 15
104, 21,2, 15
104, 22,2, 15
104, 23,2, 15
104, 24,2, 15
104, 25,2, 15
104, 26,2, 15
104, 27,2, 15
104, 28,2, 15
104, 29,2, 15
104, 30,2, 15
104, 31,2, 15
104, 32,2, 15
104, 33,2, 15
104, 34,2, 15
104, 35,2, 15
104, 36,2, 15
104, 37,2, 15
104, 38,2, 15
104, 39,2, 15
104, 0,3, 15
104, 1,3, 15
104, 2,3, 15
104, 3,3, 15
104, 4,3, 15
104, 5,3, 15
104, 6,3, 15
104, 7,3, 15
104, 8,3, 15
104, 9,3, 15
104, 10,3, 15
104, 11,3, 15
104, 12,3, 15
104, 13,3, 15
104, 14,3, 15
104, 15,3, 15
104, 16,3, 15
104, 17,3, 15
104, 18,3, 15
104, 19,3, 15
104, 20,3, 15
104, 21,3, 15
104, 22,3, 15
104, 23,3, 15
104, 24,3, 15
104, 25,3, 15
104, 26,3, 15
104, 27,3, 15
104, 28,3, 15
104, 29,3, 15
104, 30,3, 15
104, 31,3, 15
104, 32,3, 15
104, 33,3, 15
104, 34,3, 15
104, 35,3, 15
104, 36,3, 15
104, 37,3, 15
104, 38,3, 15
104, 39,3, 15
104, 0,4, 15
104, 1,4, 15
104, 2,4, 15
104, 3,4, 15
104, 4,4, 15
104, 5,4, 15
104, 6,4, 15
104, 7,4, 15
104, 8,4, 15
104, 9,4, 15
104, 10,4, 15
104, 11,4, 15
104, 12,4, 15
104, 13,4, 15
104, 14,4, 15
104, 15,4, 15
104, 16,4, 15
104, 17,4, 15
104, 18,4, 15
104, 19,4, 15
104, 20,4, 15
104, 21,4, 15
104, 22,4, 15
104, 23,4, 15
104, 24,4, 15
104, 25,4, 15
104, 26,4, 15
104, 27,4, 15
104, 28,4, 15
104, 29,4, 15
104, 30,4, 15
104, 31,4, 15
104, 32,4, 15
104, 33,4, 15
104, 34,4, 15
104, 35,4, 15
104, 36,4, 15
104, 37,4, 15
104, 38,4, 15
104, 39,4, 15
105, 0,0, 15
105, 1,0, 15
105, 2,0, 15
105, 3,0, 15
105, 4,0, 15
105, 5,0, 15
105, 6,0, 15
105, 7,0, 15
105, 8,0, 15
105, 9,0, 15
105, 10,0, 15
105, 11,0, 15
105, 12,0, 15
105, 13,0, 15
105, 14,0, 15
105, 15,0, 15
105, 16,0, 15
105, 17,0, 15
105, 18,0, 15
105, 19,0, 15
105, 20,0, 15
105, 21,0, 15
105, 22,0, 15
105, 23,0, 15
105, 24,0, 15
105, 25,0, 15
105, 26,0, 15
105, 27,0, 15
105, 28,0, 15
105, 29,0, 15
105, 30,0, 15
105, 31,0, 15
105, 32,0, 15
105, 33,0, 15
105, 34,0, 15
105, 35,0, 15
105, 36,0, 15
105, 37,0, 15
105, 38,0, 15
105, 39,0, 15
105, 0,1, 15
105, 1,1, 15
105, 2,1, 15
105, 3,1, 15
105, 4,1, 15
105, 5,1, 15
105, 6,1, 15
105, 7,1, 15
105, 8,1, 15
105, 9,1, 15
105, 10,1, 15
105, 11,1, 15
105, 12,1, 15
105, 13,1, 15
105, 14,1, 15
105, 15,1, 15
105, 16,1, 15
105, 17,1, 15
105, 18,1, 15
105, 19,1, 15
105, 20,1, 15
105, 21,1, 15
105, 22,1, 15
105, 23,1, 15
105, 24,1, 15
105, 25,1, 15
105, 26,1, 15
105, 27,1, 15
105, 28,1, 15
105, 29,1, 15
105, 30,1, 15
105, 31,1, 15
105, 32,1, 15
105, 33,1, 15
105, 34,1, 15
105, 35,1, 15
105, 36,1, 15
105, 37,1, 15
105, 38,1, 15
105, 39,1, 15
105, 0,2, 15
105, 1,2, 15
105, 2,2, 15
105, 3,2, 15
105, 4,2, 15
105, 5,2, 15
105, 6,2, 15
105, 7,2, 15
105, 8,2, 15
105, 9,2, 15
105, 10,2, 15
105, 11,2, 15
105, 12,2, 15
105, 13,2, 15
105, 14,2, 15
105, 15,2, 15
105, 16,2, 15
105, 17,2, 15
105, 18,2, 15
105, 19,2, 15
105, 20,2, 15
105, 21,2, 15
105, 22,2, 15
105, 23,2, 15
105, 24,2, 15
105, 25,2, 15
105, 26,2, 15
105, 27,2, 15
105, 28,2, 15
105, 29,2, 15
105, 30,2, 15
105, 31,2, 15
105, 32,2, 15
105, 33,2, 15
105, 34,2, 15
105, 35,2, 15
105, 36,2, 15
105, 37,2, 15
105, 38,2, 15
105, 39,2, 15
105, 0,3, 15
105, 1,3, 15
105, 2,3, 15
105, 3,3, 15
105, 4,3, 15
105, 5,3, 15
105, 6,3, 15
105, 7,3, 15
105, 8,3, 15
105, 9,3, 15
105, 10,3, 15
105, 11,3, 15
105, 12,3, 15
105, 13,3, 15
105, 14,3, 15
105, 15,3, 15
105, 16,3, 15
105, 17,3, 15
105, 18,3, 15
105, 19,3, 15
105, 20,3, 15
105, 21,3, 15
105, 22,3, 15
105, 23,3, 15
105, 24,3, 15
105, 25,3, 15
105, 26,3, 15
105, 27,3, 15
105, 28,3, 15
105, 29,3, 15
105, 30,3, 15
105, 31,3, 15
105, 32,3, 15
105, 33,3, 15
105, 34,3, 15
105, 35,3, 15
105, 36,3, 15
105, 37,3, 15
105, 38,3, 15
105, 39,3, 15
105, 0,4, 15
105, 1,4, 15
105, 2,4, 15
105, 3,4, 15
105, 4,4, 15
105, 5,4, 15
105, 6,4, 15
105, 7,4, 15
105, 8,4, 15
105, 9,4, 15
105, 10,4, 15
105, 11,4, 15
105, 12,4, 15
105, 13,4, 15
105, 14,4, 15
105, 15,4, 15
105, 16,4, 15
105, 17,4, 15
105, 18,4, 15
105, 19,4, 15
105, 20,4, 15
105, 21,4, 15
105, 22,4, 15
105, 23,4, 15
105, 24,4, 15
105, 25,4, 15
105, 26,4, 15
105, 27,4, 15
105, 28,4, 15
105, 29,4, 15
105, 30,4, 15
105, 31,4, 15
105, 32,4, 15
105, 33,4, 15
105, 34,4, 15
105, 35,4, 15
105, 36,4, 15
105, 37,4, 15
105, 38,4, 15
105, 39,4, 15
106, 0,0, 15
106, 1,0, 15
106, 2,0, 15
106, 3,0, 15
106, 4,0, 15
106, 5,0, 15
106, 6,0, 15
106, 7,0, 15
106, 8,0, 15
106, 9,0, 15
106, 10,0, 15
106, 11,0, 15
106, 12,0, 15
106, 13,0, 15
106, 14,0, 15
106, 15,0, 15
106, 16,0, 15
106, 17,0, 15
106, 18,0, 15
106, 19,0, 15
106, 20,0, 15
106, 21,0, 15
106, 22,0, 15
106, 23,0, 15
106, 24,0, 15
106, 25,0, 15
106, 26,0, 15
106, 27,0, 15
106, 28,0, 15
106, 29,0, 15
106, 30,0, 15
106, 31,0, 15
106, 32,0, 15
106, 33,0, 15
106, 34,0, 15
106, 35,0, 15
106, 36,0, 15
106, 37,0, 15
106, 38,0, 15
106, 39,0, 15
106, 0,1, 15
106, 1,1, 15
106, 2,1, 15
106, 3,1, 15
106, 4,1, 15
106, 5,1, 15
106, 6,1, 15
106, 7,1, 15
106, 8,1, 15
106, 9,1, 15
106, 10,1, 15
106, 11,1, 15
106, 12,1, 15
106, 13,1, 15
106, 14,1, 15
106, 15,1, 15
106, 16,1, 15
106, 17,1, 15
106, 18,1, 15
106, 19,1, 15
106, 20,1, 15
106, 21,1, 15
106, 22,1, 15
106, 23,1, 15
106, 24,1, 15
106, 25,1, 15
106, 26,1, 15
106, 27,1, 15
106, 28,1, 15
106, 29,1, 15
106, 30,1, 15
106, 31,1, 15
106, 32,1, 15
106, 33,1, 15
106, 34,1, 15
106, 35,1, 15
106, 36,1, 15
106, 37,1, 15
106, 38,1, 15
106, 39,1, 15
106, 0,2, 15
106, 1,2, 15
106, 2,2, 15
106, 3,2, 15
106, 4,2, 15
106, 5,2, 15
106, 6,2, 15
106, 7,2, 15
106, 8,2, 15
106, 9,2, 15
106, 10,2, 15
106, 11,2, 15
106, 12,2, 15
106, 13,2, 15
106, 14,2, 15
106, 15,2, 15
106, 16,2, 15
106, 17,2, 15
106, 18,2, 15
106, 19,2, 15
106, 20,2, 15
106, 21,2, 15
106, 22,2, 15
106, 23,2, 15
106, 24,2, 15
106, 25,2, 15
106, 26,2, 15
106, 27,2, 15
106, 28,2, 15
106, 29,2, 15
106, 30,2, 15
106, 31,2, 15
106, 32,2, 15
106, 33,2, 15
106, 34,2, 15
106, 35,2, 15
106, 36,2, 15
106, 37,2, 15
106, 38,2, 15
106, 39,2, 15
106, 0,3, 15
106, 1,3, 15
106, 2,3, 15
106, 3,3, 15
106, 4,3, 15
106, 5,3, 15
106, 6,3, 15
106, 7,3, 15
106, 8,3, 15
106, 9,3, 15
106, 10,3, 15
106, 11,3, 15
106, 12,3, 15
106, 13,3, 15
106, 14,3, 15
106, 15,3, 15
106, 16,3, 15
106, 17,3, 15
106, 18,3, 15
106, 19,3, 15
106, 20,3, 15
106, 21,3, 15
106, 22,3, 15
106, 23,3, 15
106, 24,3, 15
106, 25,3, 15
106, 26,3, 15
106, 27,3, 15
106, 28,3, 15
106, 29,3, 15
106, 30,3, 15
106, 31,3, 15
106, 32,3, 15
106, 33,3, 15
106, 34,3, 15
106, 35,3, 15
106, 36,3, 15
106, 37,3, 15
106, 38,3, 15
106, 39,3, 15
106, 0,4, 15
106, 1,4, 15
106, 2,4, 15
106, 3,4, 15
106, 4,4, 15
106, 5,4, 15
106, 6,4, 15
106, 7,4, 15
106, 8,4, 15
106, 9,4, 15
106, 10,4, 15
106, 11,4, 15
106, 12,4, 15
106, 13,4, 15
106, 14,4, 15
106, 15,4, 15
106, 16,4, 15
106, 17,4, 15
106, 18,4, 15
106, 19,4, 15
106, 20,4, 15
106, 21,4, 15
106, 22,4, 15
106, 23,4, 15
106, 24,4, 15
106, 25,4, 15
106, 26,4, 15
106, 27,4, 15
106, 28,4, 15
106, 29,4, 15
106, 30,4, 15
106, 31,4, 15
106, 32,4, 15
106, 33,4, 15
106, 34,4, 15
106, 35,4, 15
106, 36,4, 15
106, 37,4, 15
106, 38,4, 15
106, 39,4, 15
107, 0,0, 15
107, 1,0, 15
107, 2,0, 15
107, 3,0, 15
107, 4,0, 15
107, 5,0, 15
107, 6,0, 15
107, 7,0, 15
107, 8,0, 15
107, 9,0, 15
107, 10,0, 15
107, 11,0, 15
107, 12,0, 15
107, 13,0, 15
107, 14,0, 15
107, 15,0, 15
107, 16,0, 15
107, 17,0, 15
107, 18,0, 15
107, 19,0, 15
107, 20,0, 15
107, 21,0, 15
107, 22,0, 15
107, 23,0, 15
107, 24,0, 15
107, 25,0, 15
107, 26,0, 15
107, 27,0, 15
107, 28,0, 15
107, 29,0, 15
107, 30,0, 15
107, 31,0, 15
107, 32,0, 15
107, 33,0, 15
107, 34,0, 15
107, 35,0, 15
107, 36,0, 15
107, 37,0, 15
107, 38,0, 15
107, 39,0, 15
107, 0,1, 15
107, 1,1, 15
107, 2,1, 15
107, 3,1, 15
107, 4,1, 15
107, 5,1, 15
107, 6,1, 15
107, 7,1, 15
107, 8,1, 15
107, 9,1, 15
107, 10,1, 15
107, 11,1, 15
107, 12,1, 15
107, 13,1, 15
107, 14,1, 15
107, 15,1, 15
107, 16,1, 15
107, 17,1, 15
107, 18,1, 15
107, 19,1, 15
107, 20,1, 15
107, 21,1, 15
107, 22,1, 15
107, 23,1, 15
107, 24,1, 15
107, 25,1, 15
107, 26,1, 15
107, 27,1, 15
107, 28,1, 15
107, 29,1, 15
107, 30,1, 15
107, 31,1, 15
107, 32,1, 15
107, 33,1, 15
107, 34,1, 15
107, 35,1, 15
107, 36,1, 15
107, 37,1, 15
107, 38,1, 15
107, 39,1, 15
107, 0,2, 15
107, 1,2, 15
107, 2,2, 15
107, 3,2, 15
107, 4,2, 15
107, 5,2, 15
107, 6,2, 15
107, 7,2, 15
107, 8,2, 15
107, 9,2, 15
107, 10,2, 15
107, 11,2, 15
107, 12,2, 15
107, 13,2, 15
107, 14,2, 15
107, 15,2, 15
107, 16,2, 15
107, 17,2, 15
107, 18,2, 15
107, 19,2, 15
107, 20,2, 15
107, 21,2, 15
107, 22,2, 15
107, 23,2, 15
107, 24,2, 15
107, 25,2, 15
107, 26,2, 15
107, 27,2, 15
107, 28,2, 15
107, 29,2, 15
107, 30,2, 15
107, 31,2, 15
107, 32,2, 15
107, 33,2, 15
107, 34,2, 15
107, 35,2, 15
107, 36,2, 15
107, 37,2, 15
107, 38,2, 15
107, 39,2, 15
107, 0,3, 15
107, 1,3, 15
107, 2,3, 15
107, 3,3, 15
107, 4,3, 15
107, 5,3, 15
107, 6,3, 15
107, 7,3, 15
107, 8,3, 15
107, 9,3, 15
107, 10,3, 15
107, 11,3, 15
107, 12,3, 15
107, 13,3, 15
107, 14,3, 15
107, 15,3, 15
107, 16,3, 15
107, 17,3, 15
107, 18,3, 15
107, 19,3, 15
107, 20,3, 15
107, 21,3, 15
107, 22,3, 15
107, 23,3, 15
107, 24,3, 15
107, 25,3, 15
107, 26,3, 15
107, 27,3, 15
107, 28,3, 15
107, 29,3, 15
107, 30,3, 15
107, 31,3, 15
107, 32,3, 15
107, 33,3, 15
107, 34,3, 15
107, 35,3, 15
107, 36,3, 15
107, 37,3, 15
107, 38,3, 15
107, 39,3, 15
107, 0,4, 15
107, 1,4, 15
107, 2,4, 15
107, 3,4, 15
107, 4,4, 15
107, 5,4, 15
107, 6,4, 15
107, 7,4, 15
107, 8,4, 15
107, 9,4, 15
107, 10,4, 15
107, 11,4, 15
107, 12,4, 15
107, 13,4, 15
107, 14,4, 15
107, 15,4, 15
107, 16,4, 15
107, 17,4, 15
107, 18,4, 15
107, 19,4, 15
107, 20,4, 15
107, 21,4, 15
107, 22,4, 15
107, 23,4, 15
107, 24,4, 15
107, 25,4, 15
107, 26,4, 15
107, 27,4, 15
107, 28,4, 15
107, 29,4, 15
107, 30,4, 15
107, 31,4, 15
107, 32,4, 15
107, 33,4, 15
107, 34,4, 15
107, 35,4, 15
107, 36,4, 15
107, 37,4, 15
107, 38,4, 15
107, 39,4, 15
108, 0,0, 15
108, 1,0, 15
108, 2,0, 15
108, 3,0, 15
108, 4,0, 15
108, 5,0, 15
108, 6,0, 15
108, 7,0, 15
108, 8,0, 15
108, 9,0, 15
108, 10,0, 15
108, 11,0, 15
108, 12,0, 15
108, 13,0, 15
108, 14,0, 15
108, 15,0, 15
108, 16,0, 15
108, 17,0, 15
108, 18,0, 15
108, 19,0, 15
108, 20,0, 15
108, 21,0, 15
108, 22,0, 15
108, 23,0, 15
108, 24,0, 15
108, 25,0, 15
108, 26,0, 15
108, 27,0, 15
108, 28,0, 15
108, 29,0, 15
108, 30,0, 15
108, 31,0, 15
108, 32,0, 15
108, 33,0, 15
108, 34,0, 15
108, 35,0, 15
108, 36,0, 15
108, 37,0, 15
108, 38,0, 15
108, 39,0, 15
108, 0,1, 15
108, 1,1, 15
108, 2,1, 15
108, 3,1, 15
108, 4,1, 15
108, 5,1, 15
108, 6,1, 15
108, 7,1, 15
108, 8,1, 15
108, 9,1, 15
108, 10,1, 15
108, 11,1, 15
108, 12,1, 15
108, 13,1, 15
108, 14,1, 15
108, 15,1, 15
108, 16,1, 15
108, 17,1, 15
108, 18,1, 15
108, 19,1, 15
108, 20,1, 15
108, 21,1, 15
108, 22,1, 15
108, 23,1, 15
108, 24,1, 15
108, 25,1, 15
108, 26,1, 15
108, 27,1, 15
108, 28,1, 15
108, 29,1, 15
108, 30,1, 15
108, 31,1, 15
108, 32,1, 15
108, 33,1, 15
108, 34,1, 15
108, 35,1, 15
108, 36,1, 15
108, 37,1, 15
108, 38,1, 15
108, 39,1, 15
108, 0,2, 15
108, 1,2, 15
108, 2,2, 15
108, 3,2, 15
108, 4,2, 15
108, 5,2, 15
108, 6,2, 15
108, 7,2, 15
108, 8,2, 15
108, 9,2, 15
108, 10,2, 15
108, 11,2, 15
108, 12,2, 15
108, 13,2, 15
108, 14,2, 15
108, 15,2, 15
108, 16,2, 15
108, 17,2, 15
108, 18,2, 15
108, 19,2, 15
108, 20,2, 15
108, 21,2, 15
108, 22,2, 15
108, 23,2, 15
108, 24,2, 15
108, 25,2, 15
108, 26,2, 15
108, 27,2, 15
108, 28,2, 15
108, 29,2, 15
108, 30,2, 15
108, 31,2, 15
108, 32,2, 15
108, 33,2, 15
108, 34,2, 15
108, 35,2, 15
108, 36,2, 15
108, 37,2, 15
108, 38,2, 15
108, 39,2, 15
108, 0,3, 15
108, 1,3, 15
108, 2,3, 15
108, 3,3, 15
108, 4,3, 15
108, 5,3, 15
108, 6,3, 15
108, 7,3, 15
108, 8,3, 15
108, 9,3, 15
108, 10,3, 15
108, 11,3, 15
108, 12,3, 15
108, 13,3, 15
108, 14,3, 15
108, 15,3, 15
108, 16,3, 15
108, 17,3, 15
108, 18,3, 15
108, 19,3, 15
108, 20,3, 15
108, 21,3, 15
108, 22,3, 15
108, 23,3, 15
108, 24,3, 15
108, 25,3, 15
108, 26,3, 15
108, 27,3, 15
108, 28,3, 15
108, 29,3, 15
108, 30,3, 15
108, 31,3, 15
108, 32,3, 15
108, 33,3, 15
108, 34,3, 15
108, 35,3, 15
108, 36,3, 15
108, 37,3, 15
108, 38,3, 15
108, 39,3, 15
108, 0,4, 15
108, 1,4, 15
108, 2,4, 15
108, 3,4, 15
108, 4,4, 15
108, 5,4, 15
108, 6,4, 15
108, 7,4, 15
108, 8,4, 15
108, 9,4, 15
108, 10,4, 15
108, 11,4, 15
108, 12,4, 15
108, 13,4, 15
108, 14,4, 15
108, 15,4, 15
108, 16,4, 15
108, 17,4, 15
108, 18,4, 15
108, 19,4, 15
108, 20,4, 15
108, 21,4, 15
108, 22,4, 15
108, 23,4, 15
108, 24,4, 15
108, 25,4, 15
108, 26,4, 15
108, 27,4, 15
108, 28,4, 15
108, 29,4, 15
108, 30,4, 15
108, 31,4, 15
108, 32,4, 15
108, 33,4, 15
108, 34,4, 15
108, 35,4, 15
108, 36,4, 15
108, 37,4, 15
108, 38,4, 15
108, 39,4, 15
109, 0,0, 15
109, 1,0, 15
109, 2,0, 15
109, 3,0, 15
109, 4,0, 15
109, 5,0, 15
109, 6,0, 15
109, 7,0, 15
109, 8,0, 15
109, 9,0, 15
109, 10,0, 15
109, 11,0, 15
109, 12,0, 15
109, 13,0, 15
109, 14,0, 15
109, 15,0, 15
109, 16,0, 15
109, 17,0, 15
109, 18,0, 15
109, 19,0, 15
109, 20,0, 15
109, 21,0, 15
109, 22,0, 15
109, 23,0, 15
109, 24,0, 15
109, 25,0, 15
109, 26,0, 15
109, 27,0, 15
109, 28,0, 15
109, 29,0, 15
109, 30,0, 15
109, 31,0, 15
109, 32,0, 15
109, 33,0, 15
109, 34,0, 15
109, 35,0, 15
109, 36,0, 15
109, 37,0, 15
109, 38,0, 15
109, 39,0, 15
109, 0,1, 15
109, 1,1, 15
109, 2,1, 15
109, 3,1, 15
109, 4,1, 15
109, 5,1, 15
109, 6,1, 15
109, 7,1, 15
109, 8,1, 15
109, 9,1, 15
109, 10,1, 15
109, 11,1, 15
109, 12,1, 15
109, 13,1, 15
109, 14,1, 15
109, 15,1, 15
109, 16,1, 15
109, 17,1, 15
109, 18,1, 15
109, 19,1, 15
109, 20,1, 15
109, 21,1, 15
109, 22,1, 15
109, 23,1, 15
109, 24,1, 15
109, 25,1, 15
109, 26,1, 15
109, 27,1, 15
109, 28,1, 15
109, 29,1, 15
109, 30,1, 15
109, 31,1, 15
109, 32,1, 15
109, 33,1, 15
109, 34,1, 15
109, 35,1, 15
109, 36,1, 15
109, 37,1, 15
109, 38,1, 15
109, 39,1, 15
109, 0,2, 15
109, 1,2, 15
109, 2,2, 15
109, 3,2, 15
109, 4,2, 15
109, 5,2, 15
109, 6,2, 15
109, 7,2, 15
109, 8,2, 15
109, 9,2, 15
109, 10,2, 15
109, 11,2, 15
109, 12,2, 15
109, 13,2, 15
109, 14,2, 15
109, 15,2, 15
109, 16,2, 15
109, 17,2, 15
109, 18,2, 15
109, 19,2, 15
109, 20,2, 15
109, 21,2, 15
109, 22,2, 15
109, 23,2, 15
109, 24,2, 15
109, 25,2, 15
109, 26,2, 15
109, 27,2, 15
109, 28,2, 15
109, 29,2, 15
109, 30,2, 15
109, 31,2, 15
109, 32,2, 15
109, 33,2, 15
109, 34,2, 15
109, 35,2, 15
109, 36,2, 15
109, 37,2, 15
109, 38,2, 15
109, 39,2, 15
109, 0,3, 15
109, 1,3, 15
109, 2,3, 15
109, 3,3, 15
109, 4,3, 15
109, 5,3, 15
109, 6,3, 15
109, 7,3, 15
109, 8,3, 15
109, 9,3, 15
109, 10,3, 15
109, 11,3, 15
109, 12,3, 15
109, 13,3, 15
109, 14,3, 15
109, 15,3, 15
109, 16,3, 15
109, 17,3, 15
109, 18,3, 15
109, 19,3, 15
109, 20,3, 15
109, 21,3, 15
109, 22,3, 15
109, 23,3, 15
109, 24,3, 15
109, 25,3, 15
109, 26,3, 15
109, 27,3, 15
109, 28,3, 15
109, 29,3, 15
109, 30,3, 15
109, 31,3, 15
109, 32,3, 15
109, 33,3, 15
109, 34,3, 15
109, 35,3, 15
109, 36,3, 15
109, 37,3, 15
109, 38,3, 15
109, 39,3, 15
109, 0,4, 15
109, 1,4, 15
109, 2,4, 15
109, 3,4, 15
109, 4,4, 15
109, 5,4, 15
109, 6,4, 15
109, 7,4, 15
109, 8,4, 15
109, 9,4, 15
109, 10,4, 15
109, 11,4, 15
109, 12,4, 15
109, 13,4, 15
109, 14,4, 15
109, 15,4, 15
109, 16,4, 15
109, 17,4, 15
109, 18,4, 15
109, 19,4, 15
109, 20,4, 15
109, 21,4, 15
109, 22,4, 15
109, 23,4, 15
109, 24,4, 15
109, 25,4, 15
109, 26,4, 15
109, 27,4, 15
109, 28,4, 15
109, 29,4, 15
109, 30,4, 15
109, 31,4, 15
109, 32,4, 15
109, 33,4, 15
109, 34,4, 15
109, 35,4, 15
109, 36,4, 15
109, 37,4, 15
109, 38,4, 15
109, 39,4, 15
110, 0,0, 15
110, 1,0, 15
110, 2,0, 15
110, 3,0, 15
110, 4,0, 15
110, 5,0, 15
110, 6,0, 15
110, 7,0, 15
110, 8,0, 15
110, 9,0, 15
110, 10,0, 15
110, 11,0, 15
110, 12,0, 15
110, 13,0, 15
110, 14,0, 15
110, 15,0, 15
110, 16,0, 15
110, 17,0, 15
110, 18,0, 15
110, 19,0, 15
110, 20,0, 15
110, 21,0, 15
110, 22,0, 15
110, 23,0, 15
110, 24,0, 15
110, 25,0, 15
110, 26,0, 15
110, 27,0, 15
110, 28,0, 15
110, 29,0, 15
110, 30,0, 15
110, 31,0, 15
110, 32,0, 15
110, 33,0, 15
110, 34,0, 15
110, 35,0, 15
110, 36,0, 15
110, 37,0, 15
110, 38,0, 15
110, 39,0, 15
110, 0,1, 15
110, 1,1, 15
110, 2,1, 15
110, 3,1, 15
110, 4,1, 15
110, 5,1, 15
110, 6,1, 15
110, 7,1, 15
110, 8,1, 15
110, 9,1, 15
110, 10,1, 15
110, 11,1, 15
110, 12,1, 15
110, 13,1, 15
110, 14,1, 15
110, 15,1, 15
110, 16,1, 15
110, 17,1, 15
110, 18,1, 15
110, 19,1, 15
110, 20,1, 15
110, 21,1, 15
110, 22,1, 15
110, 23,1, 15
110, 24,1, 15
110, 25,1, 15
110, 26,1, 15
110, 27,1, 15
110, 28,1, 15
110, 29,1, 15
110, 30,1, 15
110, 31,1, 15
110, 32,1, 15
110, 33,1, 15
110, 34,1, 15
110, 35,1, 15
110, 36,1, 15
110, 37,1, 15
110, 38,1, 15
110, 39,1, 15
110, 0,2, 15
110, 1,2, 15
110, 2,2, 15
110, 3,2, 15
110, 4,2, 15
110, 5,2, 15
110, 6,2, 15
110, 7,2, 15
110, 8,2, 15
110, 9,2, 15
110, 10,2, 15
110, 11,2, 15
110, 12,2, 15
110, 13,2, 15
110, 14,2, 15
110, 15,2, 15
110, 16,2, 15
110, 17,2, 15
110, 18,2, 15
110, 19,2, 15
110, 20,2, 15
110, 21,2, 15
110, 22,2, 15
110, 23,2, 15
110, 24,2, 15
110, 25,2, 15
110, 26,2, 15
110, 27,2, 15
110, 28,2, 15
110, 29,2, 15
110, 30,2, 15
110, 31,2, 15
110, 32,2, 15
110, 33,2, 15
110, 34,2, 15
110, 35,2, 15
110, 36,2, 15
110, 37,2, 15
110, 38,2, 15
110, 39,2, 15
110, 0,3, 15
110, 1,3, 15
110, 2,3, 15
110, 3,3, 15
110, 4,3, 15
110, 5,3, 15
110, 6,3, 15
110, 7,3, 15
110, 8,3, 15
110, 9,3, 15
110, 10,3, 15
110, 11,3, 15
110, 12,3, 15
110, 13,3, 15
110, 14,3, 15
110, 15,3, 15
110, 16,3, 15
110, 17,3, 15
110, 18,3, 15
110, 19,3, 15
110, 20,3, 15
110, 21,3, 15
110, 22,3, 15
110, 23,3, 15
110, 24,3, 15
110, 25,3, 15
110, 26,3, 15
110, 27,3, 15
110, 28,3, 15
110, 29,3, 15
110, 30,3, 15
110, 31,3, 15
110, 32,3, 15
110, 33,3, 15
110, 34,3, 15
110, 35,3, 15
110, 36,3, 15
110, 37,3, 15
110, 38,3, 15
110, 39,3, 15
110, 0,4, 15
110, 1,4, 15
110, 2,4, 15
110, 3,4, 15
110, 4,4, 15
110, 5,4, 15
110, 6,4, 15
110, 7,4, 15
110, 8,4, 15
110, 9,4, 15
110, 10,4, 15
110, 11,4, 15
110, 12,4, 15
110, 13,4, 15
110, 14,4, 15
110, 15,4, 15
110, 16,4, 15
110, 17,4, 15
110, 18,4, 15
110, 19,4, 15
110, 20,4, 15
110, 21,4, 15
110, 22,4, 15
110, 23,4, 15
110, 24,4, 15
110, 25,4, 15
110, 26,4, 15
110, 27,4, 15
110, 28,4, 15
110, 29,4, 15
110, 30,4, 15
110, 31,4, 15
110, 32,4, 15
110, 33,4, 15
110, 34,4, 15
110, 35,4, 15
110, 36,4, 15
110, 37,4, 15
110, 38,4, 15
110, 39,4, 15
111, 0,0, 15
111, 1,0, 15
111, 2,0, 15
111, 3,0, 15
111, 4,0, 15
111, 5,0, 15
111, 6,0, 15
111, 7,0, 15
111, 8,0, 15
111, 9,0, 15
111, 10,0, 15
111, 11,0, 15
111, 12,0, 15
111, 13,0, 15
111, 14,0, 15
111, 15,0, 15
111, 16,0, 15
111, 17,0, 15
111, 18,0, 15
111, 19,0, 15
111, 20,0, 15
111, 21,0, 15
111, 22,0, 15
111, 23,0, 15
111, 24,0, 15
111, 25,0, 15
111, 26,0, 15
111, 27,0, 15
111, 28,0, 15
111, 29,0, 15
111, 30,0, 15
111, 31,0, 15
111, 32,0, 15
111, 33,0, 15
111, 34,0, 15
111, 35,0, 15
111, 36,0, 15
111, 37,0, 15
111, 38,0, 15
111, 39,0, 15
111, 0,1, 15
111, 1,1, 15
111, 2,1, 15
111, 3,1, 15
111, 4,1, 15
111, 5,1, 15
111, 6,1, 15
111, 7,1, 15
111, 8,1, 15
111, 9,1, 15
111, 10,1, 15
111, 11,1, 15
111, 12,1, 15
111, 13,1, 15
111, 14,1, 15
111, 15,1, 15
111, 16,1, 15
111, 17,1, 15
111, 18,1, 15
111, 19,1, 15
111, 20,1, 15
111, 21,1, 15
111, 22,1, 15
111, 23,1, 15
111, 24,1, 15
111, 25,1, 15
111, 26,1, 15
111, 27,1, 15
111, 28,1, 15
111, 29,1, 15
111, 30,1, 15
111, 31,1, 15
111, 32,1, 15
111, 33,1, 15
111, 34,1, 15
111, 35,1, 15
111, 36,1, 15
111, 37,1, 15
111, 38,1, 15
111, 39,1, 15
111, 0,2, 15
111, 1,2, 15
111, 2,2, 15
111, 3,2, 15
111, 4,2, 15
111, 5,2, 15
111, 6,2, 15
111, 7,2, 15
111, 8,2, 15
111, 9,2, 15
111, 10,2, 15
111, 11,2, 15
111, 12,2, 15
111, 13,2, 15
111, 14,2, 15
111, 15,2, 15
111, 16,2, 15
111, 17,2, 15
111, 18,2, 15
111, 19,2, 15
111, 20,2, 15
111, 21,2, 15
111, 22,2, 15
111, 23,2, 15
111, 24,2, 15
111, 25,2, 15
111, 26,2, 15
111, 27,2, 15
111, 28,2, 15
111, 29,2, 15
111, 30,2, 15
111, 31,2, 15
111, 32,2, 15
111, 33,2, 15
111, 34,2, 15
111, 35,2, 15
111, 36,2, 15
111, 37,2, 15
111, 38,2, 15
111, 39,2, 15
111, 0,3, 15
111, 1,3, 15
111, 2,3, 15
111, 3,3, 15
111, 4,3, 15
111, 5,3, 15
111, 6,3, 15
111, 7,3, 15
111, 8,3, 15
111, 9,3, 15
111, 10,3, 15
111, 11,3, 15
111, 12,3, 15
111, 13,3, 15
111, 14,3, 15
111, 15,3, 15
111, 16,3, 15
111, 17,3, 15
111, 18,3, 15
111, 19,3, 15
111, 20,3, 15
111, 21,3, 15
111, 22,3, 15
111, 23,3, 15
111, 24,3, 15
111, 25,3, 15
111, 26,3, 15
111, 27,3, 15
111, 28,3, 15
111, 29,3, 15
111, 30,3, 15
111, 31,3, 15
111, 32,3, 15
111, 33,3, 15
111, 34,3, 15
111, 35,3, 15
111, 36,3, 15
111, 37,3, 15
111, 38,3, 15
111, 39,3, 15
111, 0,4, 15
111, 1,4, 15
111, 2,4, 15
111, 3,4, 15
111, 4,4, 15
111, 5,4, 15
111, 6,4, 15
111, 7,4, 15
111, 8,4, 15
111, 9,4, 15
111, 10,4, 15
111, 11,4, 15
111, 12,4, 15
111, 13,4, 15
111, 14,4, 15
111, 15,4, 15
111, 16,4, 15
111, 17,4, 15
111, 18,4, 15
111, 19,4, 15
111, 20,4, 15
111, 21,4, 15
111, 22,4, 15
111, 23,4, 15
111, 24,4, 15
111, 25,4, 15
111, 26,4, 15
111, 27,4, 15
111, 28,4, 15
111, 29,4, 15
111, 30,4, 15
111, 31,4, 15
111, 32,4, 15
111, 33,4, 15
111, 34,4, 15
111, 35,4, 15
111, 36,4, 15
111, 37,4, 15
111, 38,4, 15
111, 39,4, 15
112, 0,0, 15
112, 1,0, 15
112, 2,0, 15
112, 3,0, 15
112, 4,0, 15
112, 5,0, 15
112, 6,0, 15
112, 7,0, 15
112, 8,0, 15
112, 9,0, 15
112, 10,0, 15
112, 11,0, 15
112, 12,0, 15
112, 13,0, 15
112, 14,0, 15
112, 15,0, 15
112, 16,0, 15
112, 17,0, 15
112, 18,0, 15
112, 19,0, 15
112, 20,0, 15
112, 21,0, 15
112, 22,0, 15
112, 23,0, 15
112, 24,0, 15
112, 25,0, 15
112, 26,0, 15
112, 27,0, 15
112, 28,0, 15
112, 29,0, 15
112, 30,0, 15
112, 31,0, 15
112, 32,0, 15
112, 33,0, 15
112, 34,0, 15
112, 35,0, 15
112, 36,0, 15
112, 37,0, 15
112, 38,0, 15
112, 39,0, 15
112, 0,1, 15
112, 1,1, 15
112, 2,1, 15
112, 3,1, 15
112, 4,1, 15
112, 5,1, 15
112, 6,1, 15
112, 7,1, 15
112, 8,1, 15
112, 9,1, 15
112, 10,1, 15
112, 11,1, 15
112, 12,1, 15
112, 13,1, 15
112, 14,1, 15
112, 15,1, 15
112, 16,1, 15
112, 17,1, 15
112, 18,1, 15
112, 19,1, 15
112, 20,1, 15
112, 21,1, 15
112, 22,1, 15
112, 23,1, 15
112, 24,1, 15
112, 25,1, 15
112, 26,1, 15
112, 27,1, 15
112, 28,1, 15
112, 29,1, 15
112, 30,1, 15
112, 31,1, 15
112, 32,1, 15
112, 33,1, 15
112, 34,1, 15
112, 35,1, 15
112, 36,1, 15
112, 37,1, 15
112, 38,1, 15
112, 39,1, 15
112, 0,2, 15
112, 1,2, 15
112, 2,2, 15
112, 3,2, 15
112, 4,2, 15
112, 5,2, 15
112, 6,2, 15
112, 7,2, 15
112, 8,2, 15
112, 9,2, 15
112, 10,2, 15
112, 11,2, 15
112, 12,2, 15
112, 13,2, 15
112, 14,2, 15
112, 15,2, 15
112, 16,2, 15
112, 17,2, 15
112, 18,2, 15
112, 19,2, 15
112, 20,2, 15
112, 21,2, 15
112, 22,2, 15
112, 23,2, 15
112, 24,2, 15
112, 25,2, 15
112, 26,2, 15
112, 27,2, 15
112, 28,2, 15
112, 29,2, 15
112, 30,2, 15
112, 31,2, 15
112, 32,2, 15
112, 33,2, 15
112, 34,2, 15
112, 35,2, 15
112, 36,2, 15
112, 37,2, 15
112, 38,2, 15
112, 39,2, 15
112, 0,3, 15
112, 1,3, 15
112, 2,3, 15
112, 3,3, 15
112, 4,3, 15
112, 5,3, 15
112, 6,3, 15
112, 7,3, 15
112, 8,3, 15
112, 9,3, 15
112, 10,3, 15
112, 11,3, 15
112, 12,3, 15
112, 13,3, 15
112, 14,3, 15
112, 15,3, 15
112, 16,3, 15
112, 17,3, 15
112, 18,3, 15
112, 19,3, 15
112, 20,3, 15
112, 21,3, 15
112, 22,3, 15
112, 23,3, 15
112, 24,3, 15
112, 25,3, 15
112, 26,3, 15
112, 27,3, 15
112, 28,3, 15
112, 29,3, 15
112, 30,3, 15
112, 31,3, 15
112, 32,3, 15
112, 33,3, 15
112, 34,3, 15
112, 35,3, 15
112, 36,3, 15
112, 37,3, 15
112, 38,3, 15
112, 39,3, 15
112, 0,4, 15
112, 1,4, 15
112, 2,4, 15
112, 3,4, 15
112, 4,4, 15
112, 5,4, 15
112, 6,4, 15
112, 7,4, 15
112, 8,4, 15
112, 9,4, 15
112, 10,4, 15
112, 11,4, 15
112, 12,4, 15
112, 13,4, 15
112, 14,4, 15
112, 15,4, 15
112, 16,4, 15
112, 17,4, 15
112, 18,4, 15
112, 19,4, 15
112, 20,4, 15
112, 21,4, 15
112, 22,4, 15
112, 23,4, 15
112, 24,4, 15
112, 25,4, 15
112, 26,4, 15
112, 27,4, 15
112, 28,4, 15
112, 29,4, 15
112, 30,4, 15
112, 31,4, 15
112, 32,4, 15
112, 33,4, 15
112, 34,4, 15
112, 35,4, 15
112, 36,4, 15
112, 37,4, 15
112, 38,4, 15
112, 39,4, 15
113, 0,0, 15
113, 1,0, 15
113, 2,0, 15
113, 3,0, 15
113, 4,0, 15
113, 5,0, 15
113, 6,0, 15
113, 7,0, 15
113, 8,0, 15
113, 9,0, 15
113, 10,0, 15
113, 11,0, 15
113, 12,0, 15
113, 13,0, 15
113, 14,0, 15
113, 15,0, 15
113, 16,0, 15
113, 17,0, 15
113, 18,0, 15
113, 19,0, 15
113, 20,0, 15
113, 21,0, 15
113, 22,0, 15
113, 23,0, 15
113, 24,0, 15
113, 25,0, 15
113, 26,0, 15
113, 27,0, 15
113, 28,0, 15
113, 29,0, 15
113, 30,0, 15
113, 31,0, 15
113, 32,0, 15
113, 33,0, 15
113, 34,0, 15
113, 35,0, 15
113, 36,0, 15
113, 37,0, 15
113, 38,0, 15
113, 39,0, 15
113, 0,1, 15
113, 1,1, 15
113, 2,1, 15
113, 3,1, 15
113, 4,1, 15
113, 5,1, 15
113, 6,1, 15
113, 7,1, 15
113, 8,1, 15
113, 9,1, 15
113, 10,1, 15
113, 11,1, 15
113, 12,1, 15
113, 13,1, 15
113, 14,1, 15
113, 15,1, 15
113, 16,1, 15
113, 17,1, 15
113, 18,1, 15
113, 19,1, 15
113, 20,1, 15
113, 21,1, 15
113, 22,1, 15
113, 23,1, 15
113, 24,1, 15
113, 25,1, 15
113, 26,1, 15
113, 27,1, 15
113, 28,1, 15
113, 29,1, 15
113, 30,1, 15
113, 31,1, 15
113, 32,1, 15
113, 33,1, 15
113, 34,1, 15
113, 35,1, 15
113, 36,1, 15
113, 37,1, 15
113, 38,1, 15
113, 39,1, 15
113, 0,2, 15
113, 1,2, 15
113, 2,2, 15
113, 3,2, 15
113, 4,2, 15
113, 5,2, 15
113, 6,2, 15
113, 7,2, 15
113, 8,2, 15
113, 9,2, 15
113, 10,2, 15
113, 11,2, 15
113, 12,2, 15
113, 13,2, 15
113, 14,2, 15
113, 15,2, 15
113, 16,2, 15
113, 17,2, 15
113, 18,2, 15
113, 19,2, 15
113, 20,2, 15
113, 21,2, 15
113, 22,2, 15
113, 23,2, 15
113, 24,2, 15
113, 25,2, 15
113, 26,2, 15
113, 27,2, 15
113, 28,2, 15
113, 29,2, 15
113, 30,2, 15
113, 31,2, 15
113, 32,2, 15
113, 33,2, 15
113, 34,2, 15
113, 35,2, 15
113, 36,2, 15
113, 37,2, 15
113, 38,2, 15
113, 39,2, 15
113, 0,3, 15
113, 1,3, 15
113, 2,3, 15
113, 3,3, 15
113, 4,3, 15
113, 5,3, 15
113, 6,3, 15
113, 7,3, 15
113, 8,3, 15
113, 9,3, 15
113, 10,3, 15
113, 11,3, 15
113, 12,3, 15
113, 13,3, 15
113, 14,3, 15
113, 15,3, 15
113, 16,3, 15
113, 17,3, 15
113, 18,3, 15
113, 19,3, 15
113, 20,3, 15
113, 21,3, 15
113, 22,3, 15
113, 23,3, 15
113, 24,3, 15
113, 25,3, 15
113, 26,3, 15
113, 27,3, 15
113, 28,3, 15
113, 29,3, 15
113, 30,3, 15
113, 31,3, 15
113, 32,3, 15
113, 33,3, 15
113, 34,3, 15
113, 35,3, 15
113, 36,3, 15
113, 37,3, 15
113, 38,3, 15
113, 39,3, 15
113, 0,4, 15
113, 1,4, 15
113, 2,4, 15
113, 3,4, 15
113, 4,4, 15
113, 5,4, 15
113, 6,4, 15
113, 7,4, 15
113, 8,4, 15
113, 9,4, 15
113, 10,4, 15
113, 11,4, 15
113, 12,4, 15
113, 13,4, 15
113, 14,4, 15
113, 15,4, 15
113, 16,4, 15
113, 17,4, 15
113, 18,4, 15
113, 19,4, 15
113, 20,4, 15
113, 21,4, 15
113, 22,4, 15
113, 23,4, 15
113, 24,4, 15
113, 25,4, 15
113, 26,4, 15
113, 27,4, 15
113, 28,4, 15
113, 29,4, 15
113, 30,4, 15
113, 31,4, 15
113, 32,4, 15
113, 33,4, 15
113, 34,4, 15
113, 35,4, 15
113, 36,4, 15
113, 37,4, 15
113, 38,4, 15
113, 39,4, 15
114, 0,0, 15
114, 1,0, 15
114, 2,0, 15
114, 3,0, 15
114, 4,0, 15
114, 5,0, 15
114, 6,0, 15
114, 7,0, 15
114, 8,0, 15
114, 9,0, 15
114, 10,0, 15
114, 11,0, 15
114, 12,0, 15
114, 13,0, 15
114, 14,0, 15
114, 15,0, 15
114, 16,0, 15
114, 17,0, 15
114, 18,0, 15
114, 19,0, 15
114, 20,0, 15
114, 21,0, 15
114, 22,0, 15
114, 23,0, 15
114, 24,0, 15
114, 25,0, 15
114, 26,0, 15
114, 27,0, 15
114, 28,0, 15
114, 29,0, 15
114, 30,0, 15
114, 31,0, 15
114, 32,0, 15
114, 33,0, 15
114, 34,0, 15
114, 35,0, 15
114, 36,0, 15
114, 37,0, 15
114, 38,0, 15
114, 39,0, 15
114, 0,1, 15
114, 1,1, 15
114, 2,1, 15
114, 3,1, 15
114, 4,1, 15
114, 5,1, 15
114, 6,1, 15
114, 7,1, 15
114, 8,1, 15
114, 9,1, 15
114, 10,1, 15
114, 11,1, 15
114, 12,1, 15
114, 13,1, 15
114, 14,1, 15
114, 15,1, 15
114, 16,1, 15
114, 17,1, 15
114, 18,1, 15
114, 19,1, 15
114, 20,1, 15
114, 21,1, 15
114, 22,1, 15
114, 23,1, 15
114, 24,1, 15
114, 25,1, 15
114, 26,1, 15
114, 27,1, 15
114, 28,1, 15
114, 29,1, 15
114, 30,1, 15
114, 31,1, 15
114, 32,1, 15
114, 33,1, 15
114, 34,1, 15
114, 35,1, 15
114, 36,1, 15
114, 37,1, 15
114, 38,1, 15
114, 39,1, 15
114, 0,2, 15
114, 1,2, 15
114, 2,2, 15
114, 3,2, 15
114, 4,2, 15
114, 5,2, 15
114, 6,2, 15
114, 7,2, 15
114, 8,2, 15
114, 9,2, 15
114, 10,2, 15
114, 11,2, 15
114, 12,2, 15
114, 13,2, 15
114, 14,2, 15
114, 15,2, 15
114, 16,2, 15
114, 17,2, 15
114, 18,2, 15
114, 19,2, 15
114, 20,2, 15
114, 21,2, 15
114, 22,2, 15
114, 23,2, 15
114, 24,2, 15
114, 25,2, 15
114, 26,2, 15
114, 27,2, 15
114, 28,2, 15
114, 29,2, 15
114, 30,2, 15
114, 31,2, 15
114, 32,2, 15
114, 33,2, 15
114, 34,2, 15
114, 35,2, 15
114, 36,2, 15
114, 37,2, 15
114, 38,2, 15
114, 39,2, 15
114, 0,3, 15
114, 1,3, 15
114, 2,3, 15
114, 3,3, 15
114, 4,3, 15
114, 5,3, 15
114, 6,3, 15
114, 7,3, 15
114, 8,3, 15
114, 9,3, 15
114, 10,3, 15
114, 11,3, 15
114, 12,3, 15
114, 13,3, 15
114, 14,3, 15
114, 15,3, 15
114, 16,3, 15
114, 17,3, 15
114, 18,3, 15
114, 19,3, 15
114, 20,3, 15
114, 21,3, 15
114, 22,3, 15
114, 23,3, 15
114, 24,3, 15
114, 25,3, 15
114, 26,3, 15
114, 27,3, 15
114, 28,3, 15
114, 29,3, 15
114, 30,3, 15
114, 31,3, 15
114, 32,3, 15
114, 33,3, 15
114, 34,3, 15
114, 35,3, 15
114, 36,3, 15
114, 37,3, 15
114, 38,3, 15
114, 39,3, 15
114, 0,4, 15
114, 1,4, 15
114, 2,4, 15
114, 3,4, 15
114, 4,4, 15
114, 5,4, 15
114, 6,4, 15
114, 7,4, 15
114, 8,4, 15
114, 9,4, 15
114, 10,4, 15
114, 11,4, 15
114, 12,4, 15
114, 13,4, 15
114, 14,4, 15
114, 15,4, 15
114, 16,4, 15
114, 17,4, 15
114, 18,4, 15
114, 19,4, 15
114, 20,4, 15
114, 21,4, 15
114, 22,4, 15
114, 23,4, 15
114, 24,4, 15
114, 25,4, 15
114, 26,4, 15
114, 27,4, 15
114, 28,4, 15
114, 29,4, 15
114, 30,4, 15
114, 31,4, 15
114, 32,4, 15
114, 33,4, 15
114, 34,4, 15
114, 35,4, 15
114, 36,4, 15
114, 37,4, 15
114, 38,4, 15
114, 39,4, 15
115, 0,0, 15
115, 1,0, 15
115, 2,0, 15
115, 3,0, 15
115, 4,0, 15
115, 5,0, 15
115, 6,0, 15
115, 7,0, 15
115, 8,0, 15
115, 9,0, 15
115, 10,0, 15
115, 11,0, 15
115, 12,0, 15
115, 13,0, 15
115, 14,0, 15
115, 15,0, 15
115, 16,0, 15
115, 17,0, 15
115, 18,0, 15
115, 19,0, 15
115, 20,0, 15
115, 21,0, 15
115, 22,0, 15
115, 23,0, 15
115, 24,0, 15
115, 25,0, 15
115, 26,0, 15
115, 27,0, 15
115, 28,0, 15
115, 29,0, 15
115, 30,0, 15
115, 31,0, 15
115, 32,0, 15
115, 33,0, 15
115, 34,0, 15
115, 35,0, 15
115, 36,0, 15
115, 37,0, 15
115, 38,0, 15
115, 39,0, 15
115, 0,1, 15
115, 1,1, 15
115, 2,1, 15
115, 3,1, 15
115, 4,1, 15
115, 5,1, 15
115, 6,1, 15
115, 7,1, 15
115, 8,1, 15
115, 9,1, 15
115, 10,1, 15
115, 11,1, 15
115, 12,1, 15
115, 13,1, 15
115, 14,1, 15
115, 15,1, 15
115, 16,1, 15
115, 17,1, 15
115, 18,1, 15
115, 19,1, 15
115, 20,1, 15
115, 21,1, 15
115, 22,1, 15
115, 23,1, 15
115, 24,1, 15
115, 25,1, 15
115, 26,1, 15
115, 27,1, 15
115, 28,1, 15
115, 29,1, 15
115, 30,1, 15
115, 31,1, 15
115, 32,1, 15
115, 33,1, 15
115, 34,1, 15
115, 35,1, 15
115, 36,1, 15
115, 37,1, 15
115, 38,1, 15
115, 39,1, 15
115, 0,2, 15
115, 1,2, 15
115, 2,2, 15
115, 3,2, 15
115, 4,2, 15
115, 5,2, 15
115, 6,2, 15
115, 7,2, 15
115, 8,2, 15
115, 9,2, 15
115, 10,2, 15
115, 11,2, 15
115, 12,2, 15
115, 13,2, 15
115, 14,2, 15
115, 15,2, 15
115, 16,2, 15
115, 17,2, 15
115, 18,2, 15
115, 19,2, 15
115, 20,2, 15
115, 21,2, 15
115, 22,2, 15
115, 23,2, 15
115, 24,2, 15
115, 25,2, 15
115, 26,2, 15
115, 27,2, 15
115, 28,2, 15
115, 29,2, 15
115, 30,2, 15
115, 31,2, 15
115, 32,2, 15
115, 33,2, 15
115, 34,2, 15
115, 35,2, 15
115, 36,2, 15
115, 37,2, 15
115, 38,2, 15
115, 39,2, 15
115, 0,3, 15
115, 1,3, 15
115, 2,3, 15
115, 3,3, 15
115, 4,3, 15
115, 5,3, 15
115, 6,3, 15
115, 7,3, 15
115, 8,3, 15
115, 9,3, 15
115, 10,3, 15
115, 11,3, 15
115, 12,3, 15
115, 13,3, 15
115, 14,3, 15
115, 15,3, 15
115, 16,3, 15
115, 17,3, 15
115, 18,3, 15
115, 19,3, 15
115, 20,3, 15
115, 21,3, 15
115, 22,3, 15
115, 23,3, 15
115, 24,3, 15
115, 25,3, 15
115, 26,3, 15
115, 27,3, 15
115, 28,3, 15
115, 29,3, 15
115, 30,3, 15
115, 31,3, 15
115, 32,3, 15
115, 33,3, 15
115, 34,3, 15
115, 35,3, 15
115, 36,3, 15
115, 37,3, 15
115, 38,3, 15
115, 39,3, 15
115, 0,4, 15
115, 1,4, 15
115, 2,4, 15
115, 3,4, 15
115, 4,4, 15
115, 5,4, 15
115, 6,4, 15
115, 7,4, 15
115, 8,4, 15
115, 9,4, 15
115, 10,4, 15
115, 11,4, 15
115, 12,4, 15
115, 13,4, 15
115, 14,4, 15
115, 15,4, 15
115, 16,4, 15
115, 17,4, 15
115, 18,4, 15
115, 19,4, 15
115, 20,4, 15
115, 21,4, 15
115, 22,4, 15
115, 23,4, 15
115, 24,4, 15
115, 25,4, 15
115, 26,4, 15
115, 27,4, 15
115, 28,4, 15
115, 29,4, 15
115, 30,4, 15
115, 31,4, 15
115, 32,4, 15
115, 33,4, 15
115, 34,4, 15
115, 35,4, 15
115, 36,4, 15
115, 37,4, 15
115, 38,4, 15
115, 39,4, 15
116, 0,0, 15
116, 1,0, 15
116, 2,0, 15
116, 3,0, 15
116, 4,0, 15
116, 5,0, 15
116, 6,0, 15
116, 7,0, 15
116, 8,0, 15
116, 9,0, 15
116, 10,0, 15
116, 11,0, 15
116, 12,0, 15
116, 13,0, 15
116, 14,0, 15
116, 15,0, 15
116, 16,0, 15
116, 17,0, 15
116, 18,0, 15
116, 19,0, 15
116, 20,0, 15
116, 21,0, 15
116, 22,0, 15
116, 23,0, 15
116, 24,0, 15
116, 25,0, 15
116, 26,0, 15
116, 27,0, 15
116, 28,0, 15
116, 29,0, 15
116, 30,0, 15
116, 31,0, 15
116, 32,0, 15
116, 33,0, 15
116, 34,0, 15
116, 35,0, 15
116, 36,0, 15
116, 37,0, 15
116, 38,0, 15
116, 39,0, 15
116, 0,1, 15
116, 1,1, 15
116, 2,1, 15
116, 3,1, 15
116, 4,1, 15
116, 5,1, 15
116, 6,1, 15
116, 7,1, 15
116, 8,1, 15
116, 9,1, 15
116, 10,1, 15
116, 11,1, 15
116, 12,1, 15
116, 13,1, 15
116, 14,1, 15
116, 15,1, 15
116, 16,1, 15
116, 17,1, 15
116, 18,1, 15
116, 19,1, 15
116, 20,1, 15
116, 21,1, 15
116, 22,1, 15
116, 23,1, 15
116, 24,1, 15
116, 25,1, 15
116, 26,1, 15
116, 27,1, 15
116, 28,1, 15
116, 29,1, 15
116, 30,1, 15
116, 31,1, 15
116, 32,1, 15
116, 33,1, 15
116, 34,1, 15
116, 35,1, 15
116, 36,1, 15
116, 37,1, 15
116, 38,1, 15
116, 39,1, 15
116, 0,2, 15
116, 1,2, 15
116, 2,2, 15
116, 3,2, 15
116, 4,2, 15
116, 5,2, 15
116, 6,2, 15
116, 7,2, 15
116, 8,2, 15
116, 9,2, 15
116, 10,2, 15
116, 11,2, 15
116, 12,2, 15
116, 13,2, 15
116, 14,2, 15
116, 15,2, 15
116, 16,2, 15
116, 17,2, 15
116, 18,2, 15
116, 19,2, 15
116, 20,2, 15
116, 21,2, 15
116, 22,2, 15
116, 23,2, 15
116, 24,2, 15
116, 25,2, 15
116, 26,2, 15
116, 27,2, 15
116, 28,2, 15
116, 29,2, 15
116, 30,2, 15
116, 31,2, 15
116, 32,2, 15
116, 33,2, 15
116, 34,2, 15
116, 35,2, 15
116, 36,2, 15
116, 37,2, 15
116, 38,2, 15
116, 39,2, 15
116, 0,3, 15
116, 1,3, 15
116, 2,3, 15
116, 3,3, 15
116, 4,3, 15
116, 5,3, 15
116, 6,3, 15
116, 7,3, 15
116, 8,3, 15
116, 9,3, 15
116, 10,3, 15
116, 11,3, 15
116, 12,3, 15
116, 13,3, 15
116, 14,3, 15
116, 15,3, 15
116, 16,3, 15
116, 17,3, 15
116, 18,3, 15
116, 19,3, 15
116, 20,3, 15
116, 21,3, 15
116, 22,3, 15
116, 23,3, 15
116, 24,3, 15
116, 25,3, 15
116, 26,3, 15
116, 27,3, 15
116, 28,3, 15
116, 29,3, 15
116, 30,3, 15
116, 31,3, 15
116, 32,3, 15
116, 33,3, 15
116, 34,3, 15
116, 35,3, 15
116, 36,3, 15
116, 37,3, 15
116, 38,3, 15
116, 39,3, 15
116, 0,4, 15
116, 1,4, 15
116, 2,4, 15
116, 3,4, 15
116, 4,4, 15
116, 5,4, 15
116, 6,4, 15
116, 7,4, 15
116, 8,4, 15
116, 9,4, 15
116, 10,4, 15
116, 11,4, 15
116, 12,4, 15
116, 13,4, 15
116, 14,4, 15
116, 15,4, 15
116, 16,4, 15
116, 17,4, 15
116, 18,4, 15
116, 19,4, 15
116, 20,4, 15
116, 21,4, 15
116, 22,4, 15
116, 23,4, 15
116, 24,4, 15
116, 25,4, 15
116, 26,4, 15
116, 27,4, 15
116, 28,4, 15
116, 29,4, 15
116, 30,4, 15
116, 31,4, 15
116, 32,4, 15
116, 33,4, 15
116, 34,4, 15
116, 35,4, 15
116, 36,4, 15
116, 37,4, 15
116, 38,4, 15
116, 39,4, 15
117, 0,0, 15
117, 1,0, 15
117, 2,0, 15
117, 3,0, 15
117, 4,0, 15
117, 5,0, 15
117, 6,0, 15
117, 7,0, 15
117, 8,0, 15
117, 9,0, 15
117, 10,0, 15
117, 11,0, 15
117, 12,0, 15
117, 13,0, 15
117, 14,0, 15
117, 15,0, 15
117, 16,0, 15
117, 17,0, 15
117, 18,0, 15
117, 19,0, 15
117, 20,0, 15
117, 21,0, 15
117, 22,0, 15
117, 23,0, 15
117, 24,0, 15
117, 25,0, 15
117, 26,0, 15
117, 27,0, 15
117, 28,0, 15
117, 29,0, 15
117, 30,0, 15
117, 31,0, 15
117, 32,0, 15
117, 33,0, 15
117, 34,0, 15
117, 35,0, 15
117, 36,0, 15
117, 37,0, 15
117, 38,0, 15
117, 39,0, 15
117, 0,1, 15
117, 1,1, 15
117, 2,1, 15
117, 3,1, 15
117, 4,1, 15
117, 5,1, 15
117, 6,1, 15
117, 7,1, 15
117, 8,1, 15
117, 9,1, 15
117, 10,1, 15
117, 11,1, 15
117, 12,1, 15
117, 13,1, 15
117, 14,1, 15
117, 15,1, 15
117, 16,1, 15
117, 17,1, 15
117, 18,1, 15
117, 19,1, 15
117, 20,1, 15
117, 21,1, 15
117, 22,1, 15
117, 23,1, 15
117, 24,1, 15
117, 25,1, 15
117, 26,1, 15
117, 27,1, 15
117, 28,1, 15
117, 29,1, 15
117, 30,1, 15
117, 31,1, 15
117, 32,1, 15
117, 33,1, 15
117, 34,1, 15
117, 35,1, 15
117, 36,1, 15
117, 37,1, 15
117, 38,1, 15
117, 39,1, 15
117, 0,2, 15
117, 1,2, 15
117, 2,2, 15
117, 3,2, 15
117, 4,2, 15
117, 5,2, 15
117, 6,2, 15
117, 7,2, 15
117, 8,2, 15
117, 9,2, 15
117, 10,2, 15
117, 11,2, 15
117, 12,2, 15
117, 13,2, 15
117, 14,2, 15
117, 15,2, 15
117, 16,2, 15
117, 17,2, 15
117, 18,2, 15
117, 19,2, 15
117, 20,2, 15
117, 21,2, 15
117, 22,2, 15
117, 23,2, 15
117, 24,2, 15
117, 25,2, 15
117, 26,2, 15
117, 27,2, 15
117, 28,2, 15
117, 29,2, 15
117, 30,2, 15
117, 31,2, 15
117, 32,2, 15
117, 33,2, 15
117, 34,2, 15
117, 35,2, 15
117, 36,2, 15
117, 37,2, 15
117, 38,2, 15
117, 39,2, 15
117, 0,3, 15
117, 1,3, 15
117, 2,3, 15
117, 3,3, 15
117, 4,3, 15
117, 5,3, 15
117, 6,3, 15
117, 7,3, 15
117, 8,3, 15
117, 9,3, 15
117, 10,3, 15
117, 11,3, 15
117, 12,3, 15
117, 13,3, 15
117, 14,3, 15
117, 15,3, 15
117, 16,3, 15
117, 17,3, 15
117, 18,3, 15
117, 19,3, 15
117, 20,3, 15
117, 21,3, 15
117, 22,3, 15
117, 23,3, 15
117, 24,3, 15
117, 25,3, 15
117, 26,3, 15
117, 27,3, 15
117, 28,3, 15
117, 29,3, 15
117, 30,3, 15
117, 31,3, 15
117, 32,3, 15
117, 33,3, 15
117, 34,3, 15
117, 35,3, 15
117, 36,3, 15
117, 37,3, 15
117, 38,3, 15
117, 39,3, 15
117, 0,4, 15
117, 1,4, 15
117, 2,4, 15
117, 3,4, 15
117, 4,4, 15
117, 5,4, 15
117, 6,4, 15
117, 7,4, 15
117, 8,4, 15
117, 9,4, 15
117, 10,4, 15
117, 11,4, 15
117, 12,4, 15
117, 13,4, 15
117, 14,4, 15
117, 15,4, 15
117, 16,4, 15
117, 17,4, 15
117, 18,4, 15
117, 19,4, 15
117, 20,4, 15
117, 21,4, 15
117, 22,4, 15
117, 23,4, 15
117, 24,4, 15
117, 25,4, 15
117, 26,4, 15
117, 27,4, 15
117, 28,4, 15
117, 29,4, 15
117, 30,4, 15
117, 31,4, 15
117, 32,4, 15
117, 33,4, 15
117, 34,4, 15
117, 35,4, 15
117, 36,4, 15
117, 37,4, 15
117, 38,4, 15
117, 39,4, 15
118, 0,0, 15
118, 1,0, 15
118, 2,0, 15
118, 3,0, 15
118, 4,0, 15
118, 5,0, 15
118, 6,0, 15
118, 7,0, 15
118, 8,0, 15
118, 9,0, 15
118, 10,0, 15
118, 11,0, 15
118, 12,0, 15
118, 13,0, 15
118, 14,0, 15
118, 15,0, 15
118, 16,0, 15
118, 17,0, 15
118, 18,0, 15
118, 19,0, 15
118, 20,0, 15
118, 21,0, 15
118, 22,0, 15
118, 23,0, 15
118, 24,0, 15
118, 25,0, 15
118, 26,0, 15
118, 27,0, 15
118, 28,0, 15
118, 29,0, 15
118, 30,0, 15
118, 31,0, 15
118, 32,0, 15
118, 33,0, 15
118, 34,0, 15
118, 35,0, 15
118, 36,0, 15
118, 37,0, 15
118, 38,0, 15
118, 39,0, 15
118, 0,1, 15
118, 1,1, 15
118, 2,1, 15
118, 3,1, 15
118, 4,1, 15
118, 5,1, 15
118, 6,1, 15
118, 7,1, 15
118, 8,1, 15
118, 9,1, 15
118, 10,1, 15
118, 11,1, 15
118, 12,1, 15
118, 13,1, 15
118, 14,1, 15
118, 15,1, 15
118, 16,1, 15
118, 17,1, 15
118, 18,1, 15
118, 19,1, 15
118, 20,1, 15
118, 21,1, 15
118, 22,1, 15
118, 23,1, 15
118, 24,1, 15
118, 25,1, 15
118, 26,1, 15
118, 27,1, 15
118, 28,1, 15
118, 29,1, 15
118, 30,1, 15
118, 31,1, 15
118, 32,1, 15
118, 33,1, 15
118, 34,1, 15
118, 35,1, 15
118, 36,1, 15
118, 37,1, 15
118, 38,1, 15
118, 39,1, 15
118, 0,2, 15
118, 1,2, 15
118, 2,2, 15
118, 3,2, 15
118, 4,2, 15
118, 5,2, 15
118, 6,2, 15
118, 7,2, 15
118, 8,2, 15
118, 9,2, 15
118, 10,2, 15
118, 11,2, 15
118, 12,2, 15
118, 13,2, 15
118, 14,2, 15
118, 15,2, 15
118, 16,2, 15
118, 17,2, 15
118, 18,2, 15
118, 19,2, 15
118, 20,2, 15
118, 21,2, 15
118, 22,2, 15
118, 23,2, 15
118, 24,2, 15
118, 25,2, 15
118, 26,2, 15
118, 27,2, 15
118, 28,2, 15
118, 29,2, 15
118, 30,2, 15
118, 31,2, 15
118, 32,2, 15
118, 33,2, 15
118, 34,2, 15
118, 35,2, 15
118, 36,2, 15
118, 37,2, 15
118, 38,2, 15
118, 39,2, 15
118, 0,3, 15
118, 1,3, 15
118, 2,3, 15
118, 3,3, 15
118, 4,3, 15
118, 5,3, 15
118, 6,3, 15
118, 7,3, 15
118, 8,3, 15
118, 9,3, 15
118, 10,3, 15
118, 11,3, 15
118, 12,3, 15
118, 13,3, 15
118, 14,3, 15
118, 15,3, 15
118, 16,3, 15
118, 17,3, 15
118, 18,3, 15
118, 19,3, 15
118, 20,3, 15
118, 21,3, 15
118, 22,3, 15
118, 23,3, 15
118, 24,3, 15
118, 25,3, 15
118, 26,3, 15
118, 27,3, 15
118, 28,3, 15
118, 29,3, 15
118, 30,3, 15
118, 31,3, 15
118, 32,3, 15
118, 33,3, 15
118, 34,3, 15
118, 35,3, 15
118, 36,3, 15
118, 37,3, 15
118, 38,3, 15
118, 39,3, 15
118, 0,4, 15
118, 1,4, 15
118, 2,4, 15
118, 3,4, 15
118, 4,4, 15
118, 5,4, 15
118, 6,4, 15
118, 7,4, 15
118, 8,4, 15
118, 9,4, 15
118, 10,4, 15
118, 11,4, 15
118, 12,4, 15
118, 13,4, 15
118, 14,4, 15
118, 15,4, 15
118, 16,4, 15
118, 17,4, 15
118, 18,4, 15
118, 19,4, 15
118, 20,4, 15
118, 21,4, 15
118, 22,4, 15
118, 23,4, 15
118, 24,4, 15
118, 25,4, 15
118, 26,4, 15
118, 27,4, 15
118, 28,4, 15
118, 29,4, 15
118, 30,4, 15
118, 31,4, 15
118, 32,4, 15
118, 33,4, 15
118, 34,4, 15
118, 35,4, 15
118, 36,4, 15
118, 37,4, 15
118, 38,4, 15
118, 39,4, 15
119, 0,0, 15
119, 1,0, 15
119, 2,0, 15
119, 3,0, 15
119, 4,0, 15
119, 5,0, 15
119, 6,0, 15
119, 7,0, 15
119, 8,0, 15
119, 9,0, 15
119, 10,0, 15
119, 11,0, 15
119, 12,0, 15
119, 13,0, 15
119, 14,0, 15
119, 15,0, 15
119, 16,0, 15
119, 17,0, 15
119, 18,0, 15
119, 19,0, 15
119, 20,0, 15
119, 21,0, 15
119, 22,0, 15
119, 23,0, 15
119, 24,0, 15
119, 25,0, 15
119, 26,0, 15
119, 27,0, 15
119, 28,0, 15
119, 29,0, 15
119, 30,0, 15
119, 31,0, 15
119, 32,0, 15
119, 33,0, 15
119, 34,0, 15
119, 35,0, 15
119, 36,0, 15
119, 37,0, 15
119, 38,0, 15
119, 39,0, 15
119, 0,1, 15
119, 1,1, 15
119, 2,1, 15
119, 3,1, 15
119, 4,1, 15
119, 5,1, 15
119, 6,1, 15
119, 7,1, 15
119, 8,1, 15
119, 9,1, 15
119, 10,1, 15
119, 11,1, 15
119, 12,1, 15
119, 13,1, 15
119, 14,1, 15
119, 15,1, 15
119, 16,1, 15
119, 17,1, 15
119, 18,1, 15
119, 19,1, 15
119, 20,1, 15
119, 21,1, 15
119, 22,1, 15
119, 23,1, 15
119, 24,1, 15
119, 25,1, 15
119, 26,1, 15
119, 27,1, 15
119, 28,1, 15
119, 29,1, 15
119, 30,1, 15
119, 31,1, 15
119, 32,1, 15
119, 33,1, 15
119, 34,1, 15
119, 35,1, 15
119, 36,1, 15
119, 37,1, 15
119, 38,1, 15
119, 39,1, 15
119, 0,2, 15
119, 1,2, 15
119, 2,2, 15
119, 3,2, 15
119, 4,2, 15
119, 5,2, 15
119, 6,2, 15
119, 7,2, 15
119, 8,2, 15
119, 9,2, 15
119, 10,2, 15
119, 11,2, 15
119, 12,2, 15
119, 13,2, 15
119, 14,2, 15
119, 15,2, 15
119, 16,2, 15
119, 17,2, 15
119, 18,2, 15
119, 19,2, 15
119, 20,2, 15
119, 21,2, 15
119, 22,2, 15
119, 23,2, 15
119, 24,2, 15
119, 25,2, 15
119, 26,2, 15
119, 27,2, 15
119, 28,2, 15
119, 29,2, 15
119, 30,2, 15
119, 31,2, 15
119, 32,2, 15
119, 33,2, 15
119, 34,2, 15
119, 35,2, 15
119, 36,2, 15
119, 37,2, 15
119, 38,2, 15
119, 39,2, 15
119, 0,3, 15
119, 1,3, 15
119, 2,3, 15
119, 3,3, 15
119, 4,3, 15
119, 5,3, 15
119, 6,3, 15
119, 7,3, 15
119, 8,3, 15
119, 9,3, 15
119, 10,3, 15
119, 11,3, 15
119, 12,3, 15
119, 13,3, 15
119, 14,3, 15
119, 15,3, 15
119, 16,3, 15
119, 17,3, 15
119, 18,3, 15
119, 19,3, 15
119, 20,3, 15
119, 21,3, 15
119, 22,3, 15
119, 23,3, 15
119, 24,3, 15
119, 25,3, 15
119, 26,3, 15
119, 27,3, 15
119, 28,3, 15
119, 29,3, 15
119, 30,3, 15
119, 31,3, 15
119, 32,3, 15
119, 33,3, 15
119, 34,3, 15
119, 35,3, 15
119, 36,3, 15
119, 37,3, 15
119, 38,3, 15
119, 39,3, 15
119, 0,4, 15
119, 1,4, 15
119, 2,4, 15
119, 3,4, 15
119, 4,4, 15
119, 5,4, 15
119, 6,4, 15
119, 7,4, 15
119, 8,4, 15
119, 9,4, 15
119, 10,4, 15
119, 11,4, 15
119, 12,4, 15
119, 13,4, 15
119, 14,4, 15
119, 15,4, 15
119, 16,4, 15
119, 17,4, 15
119, 18,4, 15
119, 19,4, 15
119, 20,4, 15
119, 21,4, 15
119, 22,4, 15
119, 23,4, 15
119, 24,4, 15
119, 25,4, 15
119, 26,4, 15
119, 27,4, 15
119, 28,4, 15
119, 29,4, 15
119, 30,4, 15
119, 31,4, 15
119, 32,4, 15
119, 33,4, 15
119, 34,4, 15
119, 35,4, 15
119, 36,4, 15
119, 37,4, 15
119, 38,4, 15
119, 39,4, 15
120, 0,0, 15
120, 1,0, 15
120, 2,0, 15
120, 3,0, 15
120, 4,0, 15
120, 5,0, 15
120, 6,0, 15
120, 7,0, 15
120, 8,0, 15
120, 9,0, 15
120, 10,0, 15
120, 11,0, 15
120, 12,0, 15
120, 13,0, 15
120, 14,0, 15
120, 15,0, 15
120, 16,0, 15
120, 17,0, 15
120, 18,0, 15
120, 19,0, 15
120, 20,0, 15
120, 21,0, 15
120, 22,0, 15
120, 23,0, 15
120, 24,0, 15
120, 25,0, 15
120, 26,0, 15
120, 27,0, 15
120, 28,0, 15
120, 29,0, 15
120, 30,0, 15
120, 31,0, 15
120, 32,0, 15
120, 33,0, 15
120, 34,0, 15
120, 35,0, 15
120, 36,0, 15
120, 37,0, 15
120, 38,0, 15
120, 39,0, 15
120, 0,1, 15
120, 1,1, 15
120, 2,1, 15
120, 3,1, 15
120, 4,1, 15
120, 5,1, 15
120, 6,1, 15
120, 7,1, 15
120, 8,1, 15
120, 9,1, 15
120, 10,1, 15
120, 11,1, 15
120, 12,1, 15
120, 13,1, 15
120, 14,1, 15
120, 15,1, 15
120, 16,1, 15
120, 17,1, 15
120, 18,1, 15
120, 19,1, 15
120, 20,1, 15
120, 21,1, 15
120, 22,1, 15
120, 23,1, 15
120, 24,1, 15
120, 25,1, 15
120, 26,1, 15
120, 27,1, 15
120, 28,1, 15
120, 29,1, 15
120, 30,1, 15
120, 31,1, 15
120, 32,1, 15
120, 33,1, 15
120, 34,1, 15
120, 35,1, 15
120, 36,1, 15
120, 37,1, 15
120, 38,1, 15
120, 39,1, 15
120, 0,2, 15
120, 1,2, 15
120, 2,2, 15
120, 3,2, 15
120, 4,2, 15
120, 5,2, 15
120, 6,2, 15
120, 7,2, 15
120, 8,2, 15
120, 9,2, 15
120, 10,2, 15
120, 11,2, 15
120, 12,2, 15
120, 13,2, 15
120, 14,2, 15
120, 15,2, 15
120, 16,2, 15
120, 17,2, 15
120, 18,2, 15
120, 19,2, 15
120, 20,2, 15
120, 21,2, 15
120, 22,2, 15
120, 23,2, 15
120, 24,2, 15
120, 25,2, 15
120, 26,2, 15
120, 27,2, 15
120, 28,2, 15
120, 29,2, 15
120, 30,2, 15
120, 31,2, 15
120, 32,2, 15
120, 33,2, 15
120, 34,2, 15
120, 35,2, 15
120, 36,2, 15
120, 37,2, 15
120, 38,2, 15
120, 39,2, 15
120, 0,3, 15
120, 1,3, 15
120, 2,3, 15
120, 3,3, 15
120, 4,3, 15
120, 5,3, 15
120, 6,3, 15
120, 7,3, 15
120, 8,3, 15
120, 9,3, 15
120, 10,3, 15
120, 11,3, 15
120, 12,3, 15
120, 13,3, 15
120, 14,3, 15
120, 15,3, 15
120, 16,3, 15
120, 17,3, 15
120, 18,3, 15
120, 19,3, 15
120, 20,3, 15
120, 21,3, 15
120, 22,3, 15
120, 23,3, 15
120, 24,3, 15
120, 25,3, 15
120, 26,3, 15
120, 27,3, 15
120, 28,3, 15
120, 29,3, 15
120, 30,3, 15
120, 31,3, 15
120, 32,3, 15
120, 33,3, 15
120, 34,3, 15
120, 35,3, 15
120, 36,3, 15
120, 37,3, 15
120, 38,3, 15
120, 39,3, 15
120, 0,4, 15
120, 1,4, 15
120, 2,4, 15
120, 3,4, 15
120, 4,4, 15
120, 5,4, 15
120, 6,4, 15
120, 7,4, 15
120, 8,4, 15
120, 9,4, 15
120, 10,4, 15
120, 11,4, 15
120, 12,4, 15
120, 13,4, 15
120, 14,4, 15
120, 15,4, 15
120, 16,4, 15
120, 17,4, 15
120, 18,4, 15
120, 19,4, 15
120, 20,4, 15
120, 21,4, 15
120, 22,4, 15
120, 23,4, 15
120, 24,4, 15
120, 25,4, 15
120, 26,4, 15
120, 27,4, 15
120, 28,4, 15
120, 29,4, 15
120, 30,4, 15
120, 31,4, 15
120, 32,4, 15
120, 33,4, 15
120, 34,4, 15
120, 35,4, 15
120, 36,4, 15
120, 37,4, 15
120, 38,4, 15
120, 39,4, 15
121, 0,0, 15
121, 1,0, 15
121, 2,0, 15
121, 3,0, 15
121, 4,0, 15
121, 5,0, 15
121, 6,0, 15
121, 7,0, 15
121, 8,0, 15
121, 9,0, 15
121, 10,0, 15
121, 11,0, 15
121, 12,0, 15
121, 13,0, 15
121, 14,0, 15
121, 15,0, 15
121, 16,0, 15
121, 17,0, 15
121, 18,0, 15
121, 19,0, 15
121, 20,0, 15
121, 21,0, 15
121, 22,0, 15
121, 23,0, 15
121, 24,0, 15
121, 25,0, 15
121, 26,0, 15
121, 27,0, 15
121, 28,0, 15
121, 29,0, 15
121, 30,0, 15
121, 31,0, 15
121, 32,0, 15
121, 33,0, 15
121, 34,0, 15
121, 35,0, 15
121, 36,0, 15
121, 37,0, 15
121, 38,0, 15
121, 39,0, 15
121, 0,1, 15
121, 1,1, 15
121, 2,1, 15
121, 3,1, 15
121, 4,1, 15
121, 5,1, 15
121, 6,1, 15
121, 7,1, 15
121, 8,1, 15
121, 9,1, 15
121, 10,1, 15
121, 11,1, 15
121, 12,1, 15
121, 13,1, 15
121, 14,1, 15
121, 15,1, 15
121, 16,1, 15
121, 17,1, 15
121, 18,1, 15
121, 19,1, 15
121, 20,1, 15
121, 21,1, 15
121, 22,1, 15
121, 23,1, 15
121, 24,1, 15
121, 25,1, 15
121, 26,1, 15
121, 27,1, 15
121, 28,1, 15
121, 29,1, 15
121, 30,1, 15
121, 31,1, 15
121, 32,1, 15
121, 33,1, 15
121, 34,1, 15
121, 35,1, 15
121, 36,1, 15
121, 37,1, 15
121, 38,1, 15
121, 39,1, 15
121, 0,2, 15
121, 1,2, 15
121, 2,2, 15
121, 3,2, 15
121, 4,2, 15
121, 5,2, 15
121, 6,2, 15
121, 7,2, 15
121, 8,2, 15
121, 9,2, 15
121, 10,2, 15
121, 11,2, 15
121, 12,2, 15
121, 13,2, 15
121, 14,2, 15
121, 15,2, 15
121, 16,2, 15
121, 17,2, 15
121, 18,2, 15
121, 19,2, 15
121, 20,2, 15
121, 21,2, 15
121, 22,2, 15
121, 23,2, 15
121, 24,2, 15
121, 25,2, 15
121, 26,2, 15
121, 27,2, 15
121, 28,2, 15
121, 29,2, 15
121, 30,2, 15
121, 31,2, 15
121, 32,2, 15
121, 33,2, 15
121, 34,2, 15
121, 35,2, 15
121, 36,2, 15
121, 37,2, 15
121, 38,2, 15
121, 39,2, 15
121, 0,3, 15
121, 1,3, 15
121, 2,3, 15
121, 3,3, 15
121, 4,3, 15
121, 5,3, 15
121, 6,3, 15
121, 7,3, 15
121, 8,3, 15
121, 9,3, 15
121, 10,3, 15
121, 11,3, 15
121, 12,3, 15
121, 13,3, 15
121, 14,3, 15
121, 15,3, 15
121, 16,3, 15
121, 17,3, 15
121, 18,3, 15
121, 19,3, 15
121, 20,3, 15
121, 21,3, 15
121, 22,3, 15
121, 23,3, 15
121, 24,3, 15
121, 25,3, 15
121, 26,3, 15
121, 27,3, 15
121, 28,3, 15
121, 29,3, 15
121, 30,3, 15
121, 31,3, 15
121, 32,3, 15
121, 33,3, 15
121, 34,3, 15
121, 35,3, 15
121, 36,3, 15
121, 37,3, 15
121, 38,3, 15
121, 39,3, 15
121, 0,4, 15
121, 1,4, 15
121, 2,4, 15
121, 3,4, 15
121, 4,4, 15
121, 5,4, 15
121, 6,4, 15
121, 7,4, 15
121, 8,4, 15
121, 9,4, 15
121, 10,4, 15
121, 11,4, 15
121, 12,4, 15
121, 13,4, 15
121, 14,4, 15
121, 15,4, 15
121, 16,4, 15
121, 17,4, 15
121, 18,4, 15
121, 19,4, 15
121, 20,4, 15
121, 21,4, 15
121, 22,4, 15
121, 23,4, 15
121, 24,4, 15
121, 25,4, 15
121, 26,4, 15
121, 27,4, 15
121, 28,4, 15
121, 29,4, 15
121, 30,4, 15
121, 31,4, 15
121, 32,4, 15
121, 33,4, 15
121, 34,4, 15
121, 35,4, 15
121, 36,4, 15
121, 37,4, 15
121, 38,4, 15
121, 39,4, 15
122, 0,0, 15
122, 1,0, 15
122, 2,0, 15
122, 3,0, 15
122, 4,0, 15
122, 5,0, 15
122, 6,0, 15
122, 7,0, 15
122, 8,0, 15
122, 9,0, 15
122, 10,0, 15
122, 11,0, 15
122, 12,0, 15
122, 13,0, 15
122, 14,0, 15
122, 15,0, 15
122, 16,0, 15
122, 17,0, 15
122, 18,0, 15
122, 19,0, 15
122, 20,0, 15
122, 21,0, 15
122, 22,0, 15
122, 23,0, 15
122, 24,0, 15
122, 25,0, 15
122, 26,0, 15
122, 27,0, 15
122, 28,0, 15
122, 29,0, 15
122, 30,0, 15
122, 31,0, 15
122, 32,0, 15
122, 33,0, 15
122, 34,0, 15
122, 35,0, 15
122, 36,0, 15
122, 37,0, 15
122, 38,0, 15
122, 39,0, 15
122, 0,1, 15
122, 1,1, 15
122, 2,1, 15
122, 3,1, 15
122, 4,1, 15
122, 5,1, 15
122, 6,1, 15
122, 7,1, 15
122, 8,1, 15
122, 9,1, 15
122, 10,1, 15
122, 11,1, 15
122, 12,1, 15
122, 13,1, 15
122, 14,1, 15
122, 15,1, 15
122, 16,1, 15
122, 17,1, 15
122, 18,1, 15
122, 19,1, 15
122, 20,1, 15
122, 21,1, 15
122, 22,1, 15
122, 23,1, 15
122, 24,1, 15
122, 25,1, 15
122, 26,1, 15
122, 27,1, 15
122, 28,1, 15
122, 29,1, 15
122, 30,1, 15
122, 31,1, 15
122, 32,1, 15
122, 33,1, 15
122, 34,1, 15
122, 35,1, 15
122, 36,1, 15
122, 37,1, 15
122, 38,1, 15
122, 39,1, 15
122, 0,2, 15
122, 1,2, 15
122, 2,2, 15
122, 3,2, 15
122, 4,2, 15
122, 5,2, 15
122, 6,2, 15
122, 7,2, 15
122, 8,2, 15
122, 9,2, 15
122, 10,2, 15
122, 11,2, 15
122, 12,2, 15
122, 13,2, 15
122, 14,2, 15
122, 15,2, 15
122, 16,2, 15
122, 17,2, 15
122, 18,2, 15
122, 19,2, 15
122, 20,2, 15
122, 21,2, 15
122, 22,2, 15
122, 23,2, 15
122, 24,2, 15
122, 25,2, 15
122, 26,2, 15
122, 27,2, 15
122, 28,2, 15
122, 29,2, 15
122, 30,2, 15
122, 31,2, 15
122, 32,2, 15
122, 33,2, 15
122, 34,2, 15
122, 35,2, 15
122, 36,2, 15
122, 37,2, 15
122, 38,2, 15
122, 39,2, 15
122, 0,3, 15
122, 1,3, 15
122, 2,3, 15
122, 3,3, 15
122, 4,3, 15
122, 5,3, 15
122, 6,3, 15
122, 7,3, 15
122, 8,3, 15
122, 9,3, 15
122, 10,3, 15
122, 11,3, 15
122, 12,3, 15
122, 13,3, 15
122, 14,3, 15
122, 15,3, 15
122, 16,3, 15
122, 17,3, 15
122, 18,3, 15
122, 19,3, 15
122, 20,3, 15
122, 21,3, 15
122, 22,3, 15
122, 23,3, 15
122, 24,3, 15
122, 25,3, 15
122, 26,3, 15
122, 27,3, 15
122, 28,3, 15
122, 29,3, 15
122, 30,3, 15
122, 31,3, 15
122, 32,3, 15
122, 33,3, 15
122, 34,3, 15
122, 35,3, 15
122, 36,3, 15
122, 37,3, 15
122, 38,3, 15
122, 39,3, 15
122, 0,4, 15
122, 1,4, 15
122, 2,4, 15
122, 3,4, 15
122, 4,4, 15
122, 5,4, 15
122, 6,4, 15
122, 7,4, 15
122, 8,4, 15
122, 9,4, 15
122, 10,4, 15
122, 11,4, 15
122, 12,4, 15
122, 13,4, 15
122, 14,4, 15
122, 15,4, 15
122, 16,4, 15
122, 17,4, 15
122, 18,4, 15
122, 19,4, 15
122, 20,4, 15
122, 21,4, 15
122, 22,4, 15
122, 23,4, 15
122, 24,4, 15
122, 25,4, 15
122, 26,4, 15
122, 27,4, 15
122, 28,4, 15
122, 29,4, 15
122, 30,4, 15
122, 31,4, 15
122, 32,4, 15
122, 33,4, 15
122, 34,4, 15
122, 35,4, 15
122, 36,4, 15
122, 37,4, 15
122, 38,4, 15
122, 39,4, 15
123, 0,0, 15
123, 1,0, 15
123, 2,0, 15
123, 3,0, 15
123, 4,0, 15
123, 5,0, 15
123, 6,0, 15
123, 7,0, 15
123, 8,0, 15
123, 9,0, 15
123, 10,0, 15
123, 11,0, 15
123, 12,0, 15
123, 13,0, 15
123, 14,0, 15
123, 15,0, 15
123, 16,0, 15
123, 17,0, 15
123, 18,0, 15
123, 19,0, 15
123, 20,0, 15
123, 21,0, 15
123, 22,0, 15
123, 23,0, 15
123, 24,0, 15
123, 25,0, 15
123, 26,0, 15
123, 27,0, 15
123, 28,0, 15
123, 29,0, 15
123, 30,0, 15
123, 31,0, 15
123, 32,0, 15
123, 33,0, 15
123, 34,0, 15
123, 35,0, 15
123, 36,0, 15
123, 37,0, 15
123, 38,0, 15
123, 39,0, 15
123, 0,1, 15
123, 1,1, 15
123, 2,1, 15
123, 3,1, 15
123, 4,1, 15
123, 5,1, 15
123, 6,1, 15
123, 7,1, 15
123, 8,1, 15
123, 9,1, 15
123, 10,1, 15
123, 11,1, 15
123, 12,1, 15
123, 13,1, 15
123, 14,1, 15
123, 15,1, 15
123, 16,1, 15
123, 17,1, 15
123, 18,1, 15
123, 19,1, 15
123, 20,1, 15
123, 21,1, 15
123, 22,1, 15
123, 23,1, 15
123, 24,1, 15
123, 25,1, 15
123, 26,1, 15
123, 27,1, 15
123, 28,1, 15
123, 29,1, 15
123, 30,1, 15
123, 31,1, 15
123, 32,1, 15
123, 33,1, 15
123, 34,1, 15
123, 35,1, 15
123, 36,1, 15
123, 37,1, 15
123, 38,1, 15
123, 39,1, 15
123, 0,2, 15
123, 1,2, 15
123, 2,2, 15
123, 3,2, 15
123, 4,2, 15
123, 5,2, 15
123, 6,2, 15
123, 7,2, 15
123, 8,2, 15
123, 9,2, 15
123, 10,2, 15
123, 11,2, 15
123, 12,2, 15
123, 13,2, 15
123, 14,2, 15
123, 15,2, 15
123, 16,2, 15
123, 17,2, 15
123, 18,2, 15
123, 19,2, 15
123, 20,2, 15
123, 21,2, 15
123, 22,2, 15
123, 23,2, 15
123, 24,2, 15
123, 25,2, 15
123, 26,2, 15
123, 27,2, 15
123, 28,2, 15
123, 29,2, 15
123, 30,2, 15
123, 31,2, 15
123, 32,2, 15
123, 33,2, 15
123, 34,2, 15
123, 35,2, 15
123, 36,2, 15
123, 37,2, 15
123, 38,2, 15
123, 39,2, 15
123, 0,3, 15
123, 1,3, 15
123, 2,3, 15
123, 3,3, 15
123, 4,3, 15
123, 5,3, 15
123, 6,3, 15
123, 7,3, 15
123, 8,3, 15
123, 9,3, 15
123, 10,3, 15
123, 11,3, 15
123, 12,3, 15
123, 13,3, 15
123, 14,3, 15
123, 15,3, 15
123, 16,3, 15
123, 17,3, 15
123, 18,3, 15
123, 19,3, 15
123, 20,3, 15
123, 21,3, 15
123, 22,3, 15
123, 23,3, 15
123, 24,3, 15
123, 25,3, 15
123, 26,3, 15
123, 27,3, 15
123, 28,3, 15
123, 29,3, 15
123, 30,3, 15
123, 31,3, 15
123, 32,3, 15
123, 33,3, 15
123, 34,3, 15
123, 35,3, 15
123, 36,3, 15
123, 37,3, 15
123, 38,3, 15
123, 39,3, 15
123, 0,4, 15
123, 1,4, 15
123, 2,4, 15
123, 3,4, 15
123, 4,4, 15
123, 5,4, 15
123, 6,4, 15
123, 7,4, 15
123, 8,4, 15
123, 9,4, 15
123, 10,4, 15
123, 11,4, 15
123, 12,4, 15
123, 13,4, 15
123, 14,4, 15
123, 15,4, 15
123, 16,4, 15
123, 17,4, 15
123, 18,4, 15
123, 19,4, 15
123, 20,4, 15
123, 21,4, 15
123, 22,4, 15
123, 23,4, 15
123, 24,4, 15
123, 25,4, 15
123, 26,4, 15
123, 27,4, 15
123, 28,4, 15
123, 29,4, 15
123, 30,4, 15
123, 31,4, 15
123, 32,4, 15
123, 33,4, 15
123, 34,4, 15
123, 35,4, 15
123, 36,4, 15
123, 37,4, 15
123, 38,4, 15
123, 39,4, 15
124, 0,0, 15
124, 1,0, 15
124, 2,0, 15
124, 3,0, 15
124, 4,0, 15
124, 5,0, 15
124, 6,0, 15
124, 7,0, 15
124, 8,0, 15
124, 9,0, 15
124, 10,0, 15
124, 11,0, 15
124, 12,0, 15
124, 13,0, 15
124, 14,0, 15
124, 15,0, 15
124, 16,0, 15
124, 17,0, 15
124, 18,0, 15
124, 19,0, 15
124, 20,0, 15
124, 21,0, 15
124, 22,0, 15
124, 23,0, 15
124, 24,0, 15
124, 25,0, 15
124, 26,0, 15
124, 27,0, 15
124, 28,0, 15
124, 29,0, 15
124, 30,0, 15
124, 31,0, 15
124, 32,0, 15
124, 33,0, 15
124, 34,0, 15
124, 35,0, 15
124, 36,0, 15
124, 37,0, 15
124, 38,0, 15
124, 39,0, 15
124, 0,1, 15
124, 1,1, 15
124, 2,1, 15
124, 3,1, 15
124, 4,1, 15
124, 5,1, 15
124, 6,1, 15
124, 7,1, 15
124, 8,1, 15
124, 9,1, 15
124, 10,1, 15
124, 11,1, 15
124, 12,1, 15
124, 13,1, 15
124, 14,1, 15
124, 15,1, 15
124, 16,1, 15
124, 17,1, 15
124, 18,1, 15
124, 19,1, 15
124, 20,1, 15
124, 21,1, 15
124, 22,1, 15
124, 23,1, 15
124, 24,1, 15
124, 25,1, 15
124, 26,1, 15
124, 27,1, 15
124, 28,1, 15
124, 29,1, 15
124, 30,1, 15
124, 31,1, 15
124, 32,1, 15
124, 33,1, 15
124, 34,1, 15
124, 35,1, 15
124, 36,1, 15
124, 37,1, 15
124, 38,1, 15
124, 39,1, 15
124, 0,2, 15
124, 1,2, 15
124, 2,2, 15
124, 3,2, 15
124, 4,2, 15
124, 5,2, 15
124, 6,2, 15
124, 7,2, 15
124, 8,2, 15
124, 9,2, 15
124, 10,2, 15
124, 11,2, 15
124, 12,2, 15
124, 13,2, 15
124, 14,2, 15
124, 15,2, 15
124, 16,2, 15
124, 17,2, 15
124, 18,2, 15
124, 19,2, 15
124, 20,2, 15
124, 21,2, 15
124, 22,2, 15
124, 23,2, 15
124, 24,2, 15
124, 25,2, 15
124, 26,2, 15
124, 27,2, 15
124, 28,2, 15
124, 29,2, 15
124, 30,2, 15
124, 31,2, 15
124, 32,2, 15
124, 33,2, 15
124, 34,2, 15
124, 35,2, 15
124, 36,2, 15
124, 37,2, 15
124, 38,2, 15
124, 39,2, 15
124, 0,3, 15
124, 1,3, 15
124, 2,3, 15
124, 3,3, 15
124, 4,3, 15
124, 5,3, 15
124, 6,3, 15
124, 7,3, 15
124, 8,3, 15
124, 9,3, 15
124, 10,3, 15
124, 11,3, 15
124, 12,3, 15
124, 13,3, 15
124, 14,3, 15
124, 15,3, 15
124, 16,3, 15
124, 17,3, 15
124, 18,3, 15
124, 19,3, 15
124, 20,3, 15
124, 21,3, 15
124, 22,3, 15
124, 23,3, 15
124, 24,3, 15
124, 25,3, 15
124, 26,3, 15
124, 27,3, 15
124, 28,3, 15
124, 29,3, 15
124, 30,3, 15
124, 31,3, 15
124, 32,3, 15
124, 33,3, 15
124, 34,3, 15
124, 35,3, 15
124, 36,3, 15
124, 37,3, 15
124, 38,3, 15
124, 39,3, 15
124, 0,4, 15
124, 1,4, 15
124, 2,4, 15
124, 3,4, 15
124, 4,4, 15
124, 5,4, 15
124, 6,4, 15
124, 7,4, 15
124, 8,4, 15
124, 9,4, 15
124, 10,4, 15
124, 11,4, 15
124, 12,4, 15
124, 13,4, 15
124, 14,4, 15
124, 15,4, 15
124, 16,4, 15
124, 17,4, 15
124, 18,4, 15
124, 19,4, 15
124, 20,4, 15
124, 21,4, 15
124, 22,4, 15
124, 23,4, 15
124, 24,4, 15
124, 25,4, 15
124, 26,4, 15
124, 27,4, 15
124, 28,4, 15
124, 29,4, 15
124, 30,4, 15
124, 31,4, 15
124, 32,4, 15
124, 33,4, 15
124, 34,4, 15
124, 35,4, 15
124, 36,4, 15
124, 37,4, 15
124, 38,4, 15
124, 39,4, 15
125, 0,0, 15
125, 1,0, 15
125, 2,0, 15
125, 3,0, 15
125, 4,0, 15
125, 5,0, 15
125, 6,0, 15
125, 7,0, 15
125, 8,0, 15
125, 9,0, 15
125, 10,0, 15
125, 11,0, 15
125, 12,0, 15
125, 13,0, 15
125, 14,0, 15
125, 15,0, 15
125, 16,0, 15
125, 17,0, 15
125, 18,0, 15
125, 19,0, 15
125, 20,0, 15
125, 21,0, 15
125, 22,0, 15
125, 23,0, 15
125, 24,0, 15
125, 25,0, 15
125, 26,0, 15
125, 27,0, 15
125, 28,0, 15
125, 29,0, 15
125, 30,0, 15
125, 31,0, 15
125, 32,0, 15
125, 33,0, 15
125, 34,0, 15
125, 35,0, 15
125, 36,0, 15
125, 37,0, 15
125, 38,0, 15
125, 39,0, 15
125, 0,1, 15
125, 1,1, 15
125, 2,1, 15
125, 3,1, 15
125, 4,1, 15
125, 5,1, 15
125, 6,1, 15
125, 7,1, 15
125, 8,1, 15
125, 9,1, 15
125, 10,1, 15
125, 11,1, 15
125, 12,1, 15
125, 13,1, 15
125, 14,1, 15
125, 15,1, 15
125, 16,1, 15
125, 17,1, 15
125, 18,1, 15
125, 19,1, 15
125, 20,1, 15
125, 21,1, 15
125, 22,1, 15
125, 23,1, 15
125, 24,1, 15
125, 25,1, 15
125, 26,1, 15
125, 27,1, 15
125, 28,1, 15
125, 29,1, 15
125, 30,1, 15
125, 31,1, 15
125, 32,1, 15
125, 33,1, 15
125, 34,1, 15
125, 35,1, 15
125, 36,1, 15
125, 37,1, 15
125, 38,1, 15
125, 39,1, 15
125, 0,2, 15
125, 1,2, 15
125, 2,2, 15
125, 3,2, 15
125, 4,2, 15
125, 5,2, 15
125, 6,2, 15
125, 7,2, 15
125, 8,2, 15
125, 9,2, 15
125, 10,2, 15
125, 11,2, 15
125, 12,2, 15
125, 13,2, 15
125, 14,2, 15
125, 15,2, 15
125, 16,2, 15
125, 17,2, 15
125, 18,2, 15
125, 19,2, 15
125, 20,2, 15
125, 21,2, 15
125, 22,2, 15
125, 23,2, 15
125, 24,2, 15
125, 25,2, 15
125, 26,2, 15
125, 27,2, 15
125, 28,2, 15
125, 29,2, 15
125, 30,2, 15
125, 31,2, 15
125, 32,2, 15
125, 33,2, 15
125, 34,2, 15
125, 35,2, 15
125, 36,2, 15
125, 37,2, 15
125, 38,2, 15
125, 39,2, 15
125, 0,3, 15
125, 1,3, 15
125, 2,3, 15
125, 3,3, 15
125, 4,3, 15
125, 5,3, 15
125, 6,3, 15
125, 7,3, 15
125, 8,3, 15
125, 9,3, 15
125, 10,3, 15
125, 11,3, 15
125, 12,3, 15
125, 13,3, 15
125, 14,3, 15
125, 15,3, 15
125, 16,3, 15
125, 17,3, 15
125, 18,3, 15
125, 19,3, 15
125, 20,3, 15
125, 21,3, 15
125, 22,3, 15
125, 23,3, 15
125, 24,3, 15
125, 25,3, 15
125, 26,3, 15
125, 27,3, 15
125, 28,3, 15
125, 29,3, 15
125, 30,3, 15
125, 31,3, 15
125, 32,3, 15
125, 33,3, 15
125, 34,3, 15
125, 35,3, 15
125, 36,3, 15
125, 37,3, 15
125, 38,3, 15
125, 39,3, 15
125, 0,4, 15
125, 1,4, 15
125, 2,4, 15
125, 3,4, 15
125, 4,4, 15
125, 5,4, 15
125, 6,4, 15
125, 7,4, 15
125, 8,4, 15
125, 9,4, 15
125, 10,4, 15
125, 11,4, 15
125, 12,4, 15
125, 13,4, 15
125, 14,4, 15
125, 15,4, 15
125, 16,4, 15
125, 17,4, 15
125, 18,4, 15
125, 19,4, 15
125, 20,4, 15
125, 21,4, 15
125, 22,4, 15
125, 23,4, 15
125, 24,4, 15
125, 25,4, 15
125, 26,4, 15
125, 27,4, 15
125, 28,4, 15
125, 29,4, 15
125, 30,4, 15
125, 31,4, 15
125, 32,4, 15
125, 33,4, 15
125, 34,4, 15
125, 35,4, 15
125, 36,4, 15
125, 37,4, 15
125, 38,4, 15
125, 39,4, 15
126, 0,0, 15
126, 1,0, 15
126, 2,0, 15
126, 3,0, 15
126, 4,0, 15
126, 5,0, 15
126, 6,0, 15
126, 7,0, 15
126, 8,0, 15
126, 9,0, 15
126, 10,0, 15
126, 11,0, 15
126, 12,0, 15
126, 13,0, 15
126, 14,0, 15
126, 15,0, 15
126, 16,0, 15
126, 17,0, 15
126, 18,0, 15
126, 19,0, 15
126, 20,0, 15
126, 21,0, 15
126, 22,0, 15
126, 23,0, 15
126, 24,0, 15
126, 25,0, 15
126, 26,0, 15
126, 27,0, 15
126, 28,0, 15
126, 29,0, 15
126, 30,0, 15
126, 31,0, 15
126, 32,0, 15
126, 33,0, 15
126, 34,0, 15
126, 35,0, 15
126, 36,0, 15
126, 37,0, 15
126, 38,0, 15
126, 39,0, 15
126, 0,1, 15
126, 1,1, 15
126, 2,1, 15
126, 3,1, 15
126, 4,1, 15
126, 5,1, 15
126, 6,1, 15
126, 7,1, 15
126, 8,1, 15
126, 9,1, 15
126, 10,1, 15
126, 11,1, 15
126, 12,1, 15
126, 13,1, 15
126, 14,1, 15
126, 15,1, 15
126, 16,1, 15
126, 17,1, 15
126, 18,1, 15
126, 19,1, 15
126, 20,1, 15
126, 21,1, 15
126, 22,1, 15
126, 23,1, 15
126, 24,1, 15
126, 25,1, 15
126, 26,1, 15
126, 27,1, 15
126, 28,1, 15
126, 29,1, 15
126, 30,1, 15
126, 31,1, 15
126, 32,1, 15
126, 33,1, 15
126, 34,1, 15
126, 35,1, 15
126, 36,1, 15
126, 37,1, 15
126, 38,1, 15
126, 39,1, 15
126, 0,2, 15
126, 1,2, 15
126, 2,2, 15
126, 3,2, 15
126, 4,2, 15
126, 5,2, 15
126, 6,2, 15
126, 7,2, 15
126, 8,2, 15
126, 9,2, 15
126, 10,2, 15
126, 11,2, 15
126, 12,2, 15
126, 13,2, 15
126, 14,2, 15
126, 15,2, 15
126, 16,2, 15
126, 17,2, 15
126, 18,2, 15
126, 19,2, 15
126, 20,2, 15
126, 21,2, 15
126, 22,2, 15
126, 23,2, 15
126, 24,2, 15
126, 25,2, 15
126, 26,2, 15
126, 27,2, 15
126, 28,2, 15
126, 29,2, 15
126, 30,2, 15
126, 31,2, 15
126, 32,2, 15
126, 33,2, 15
126, 34,2, 15
126, 35,2, 15
126, 36,2, 15
126, 37,2, 15
126, 38,2, 15
126, 39,2, 15
126, 0,3, 15
126, 1,3, 15
126, 2,3, 15
126, 3,3, 15
126, 4,3, 15
126, 5,3, 15
126, 6,3, 15
126, 7,3, 15
126, 8,3, 15
126, 9,3, 15
126, 10,3, 15
126, 11,3, 15
126, 12,3, 15
126, 13,3, 15
126, 14,3, 15
126, 15,3, 15
126, 16,3, 15
126, 17,3, 15
126, 18,3, 15
126, 19,3, 15
126, 20,3, 15
126, 21,3, 15
126, 22,3, 15
126, 23,3, 15
126, 24,3, 15
126, 25,3, 15
126, 26,3, 15
126, 27,3, 15
126, 28,3, 15
126, 29,3, 15
126, 30,3, 15
126, 31,3, 15
126, 32,3, 15
126, 33,3, 15
126, 34,3, 15
126, 35,3, 15
126, 36,3, 15
126, 37,3, 15
126, 38,3, 15
126, 39,3, 15
126, 0,4, 15
126, 1,4, 15
126, 2,4, 15
126, 3,4, 15
126, 4,4, 15
126, 5,4, 15
126, 6,4, 15
126, 7,4, 15
126, 8,4, 15
126, 9,4, 15
126, 10,4, 15
126, 11,4, 15
126, 12,4, 15
126, 13,4, 15
126, 14,4, 15
126, 15,4, 15
126, 16,4, 15
126, 17,4, 15
126, 18,4, 15
126, 19,4, 15
126, 20,4, 15
126, 21,4, 15
126, 22,4, 15
126, 23,4, 15
126, 24,4, 15
126, 25,4, 15
126, 26,4, 15
126, 27,4, 15
126, 28,4, 15
126, 29,4, 15
126, 30,4, 15
126, 31,4, 15
126, 32,4, 15
126, 33,4, 15
126, 34,4, 15
126, 35,4, 15
126, 36,4, 15
126, 37,4, 15
126, 38,4, 15
126, 39,4, 15
127, 0,0, 15
127, 1,0, 15
127, 2,0, 15
127, 3,0, 15
127, 4,0, 15
127, 5,0, 15
127, 6,0, 15
127, 7,0, 15
127, 8,0, 15
127, 9,0, 15
127, 10,0, 15
127, 11,0, 15
127, 12,0, 15
127, 13,0, 15
127, 14,0, 15
127, 15,0, 15
127, 16,0, 15
127, 17,0, 15
127, 18,0, 15
127, 19,0, 15
127, 20,0, 15
127, 21,0, 15
127, 22,0, 15
127, 23,0, 15
127, 24,0, 15
127, 25,0, 15
127, 26,0, 15
127, 27,0, 15
127, 28,0, 15
127, 29,0, 15
127, 30,0, 15
127, 31,0, 15
127, 32,0, 15
127, 33,0, 15
127, 34,0, 15
127, 35,0, 15
127, 36,0, 15
127, 37,0, 15
127, 38,0, 15
127, 39,0, 15
127, 0,1, 15
127, 1,1, 15
127, 2,1, 15
127, 3,1, 15
127, 4,1, 15
127, 5,1, 15
127, 6,1, 15
127, 7,1, 15
127, 8,1, 15
127, 9,1, 15
127, 10,1, 15
127, 11,1, 15
127, 12,1, 15
127, 13,1, 15
127, 14,1, 15
127, 15,1, 15
127, 16,1, 15
127, 17,1, 15
127, 18,1, 15
127, 19,1, 15
127, 20,1, 15
127, 21,1, 15
127, 22,1, 15
127, 23,1, 15
127, 24,1, 15
127, 25,1, 15
127, 26,1, 15
127, 27,1, 15
127, 28,1, 15
127, 29,1, 15
127, 30,1, 15
127, 31,1, 15
127, 32,1, 15
127, 33,1, 15
127, 34,1, 15
127, 35,1, 15
127, 36,1, 15
127, 37,1, 15
127, 38,1, 15
127, 39,1, 15
127, 0,2, 15
127, 1,2, 15
127, 2,2, 15
127, 3,2, 15
127, 4,2, 15
127, 5,2, 15
127, 6,2, 15
127, 7,2, 15
127, 8,2, 15
127, 9,2, 15
127, 10,2, 15
127, 11,2, 15
127, 12,2, 15
127, 13,2, 15
127, 14,2, 15
127, 15,2, 15
127, 16,2, 15
127, 17,2, 15
127, 18,2, 15
127, 19,2, 15
127, 20,2, 15
127, 21,2, 15
127, 22,2, 15
127, 23,2, 15
127, 24,2, 15
127, 25,2, 15
127, 26,2, 15
127, 27,2, 15
127, 28,2, 15
127, 29,2, 15
127, 30,2, 15
127, 31,2, 15
127, 32,2, 15
127, 33,2, 15
127, 34,2, 15
127, 35,2, 15
127, 36,2, 15
127, 37,2, 15
127, 38,2, 15
127, 39,2, 15
127, 0,3, 15
127, 1,3, 15
127, 2,3, 15
127, 3,3, 15
127, 4,3, 15
127, 5,3, 15
127, 6,3, 15
127, 7,3, 15
127, 8,3, 15
127, 9,3, 15
127, 10,3, 15
127, 11,3, 15
127, 12,3, 15
127, 13,3, 15
127, 14,3, 15
127, 15,3, 15
127, 16,3, 15
127, 17,3, 15
127, 18,3, 15
127, 19,3, 15
127, 20,3, 15
127, 21,3, 15
127, 22,3, 15
127, 23,3, 15
127, 24,3, 15
127, 25,3, 15
127, 26,3, 15
127, 27,3, 15
127, 28,3, 15
127, 29,3, 15
127, 30,3, 15
127, 31,3, 15
127, 32,3, 15
127, 33,3, 15
127, 34,3, 15
127, 35,3, 15
127, 36,3, 15
127, 37,3, 15
127, 38,3, 15
127, 39,3, 15
127, 0,4, 15
127, 1,4, 15
127, 2,4, 15
127, 3,4, 15
127, 4,4, 15
127, 5,4, 15
127, 6,4, 15
127, 7,4, 15
127, 8,4, 15
127, 9,4, 15
127, 10,4, 15
127, 11,4, 15
127, 12,4, 15
127, 13,4, 15
127, 14,4, 15
127, 15,4, 15
127, 16,4, 15
127, 17,4, 15
127, 18,4, 15
127, 19,4, 15
127, 20,4, 15
127, 21,4, 15
127, 22,4, 15
127, 23,4, 15
127, 24,4, 15
127, 25,4, 15
127, 26,4, 15
127, 27,4, 15
127, 28,4, 15
127, 29,4, 15
127, 30,4, 15
127, 31,4, 15
127, 32,4, 15
127, 33,4, 15
127, 34,4, 15
127, 35,4, 15
127, 36,4, 15
127, 37,4, 15
127, 38,4, 15
127, 39,4, 15
128, 0,0, 15
128, 1,0, 15
128, 2,0, 15
128, 3,0, 15
128, 4,0, 15
128, 5,0, 15
128, 6,0, 15
128, 7,0, 15
128, 8,0, 15
128, 9,0, 15
128, 10,0, 15
128, 11,0, 15
128, 12,0, 15
128, 13,0, 15
128, 14,0, 15
128, 15,0, 15
128, 16,0, 15
128, 17,0, 15
128, 18,0, 15
128, 19,0, 15
128, 20,0, 15
128, 21,0, 15
128, 22,0, 15
128, 23,0, 15
128, 24,0, 15
128, 25,0, 15
128, 26,0, 15
128, 27,0, 15
128, 28,0, 15
128, 29,0, 15
128, 30,0, 15
128, 31,0, 15
128, 32,0, 15
128, 33,0, 15
128, 34,0, 15
128, 35,0, 15
128, 36,0, 15
128, 37,0, 15
128, 38,0, 15
128, 39,0, 15
128, 0,1, 15
128, 1,1, 15
128, 2,1, 15
128, 3,1, 15
128, 4,1, 15
128, 5,1, 15
128, 6,1, 15
128, 7,1, 15
128, 8,1, 15
128, 9,1, 15
128, 10,1, 15
128, 11,1, 15
128, 12,1, 15
128, 13,1, 15
128, 14,1, 15
128, 15,1, 15
128, 16,1, 15
128, 17,1, 15
128, 18,1, 15
128, 19,1, 15
128, 20,1, 15
128, 21,1, 15
128, 22,1, 15
128, 23,1, 15
128, 24,1, 15
128, 25,1, 15
128, 26,1, 15
128, 27,1, 15
128, 28,1, 15
128, 29,1, 15
128, 30,1, 15
128, 31,1, 15
128, 32,1, 15
128, 33,1, 15
128, 34,1, 15
128, 35,1, 15
128, 36,1, 15
128, 37,1, 15
128, 38,1, 15
128, 39,1, 15
128, 0,2, 15
128, 1,2, 15
128, 2,2, 15
128, 3,2, 15
128, 4,2, 15
128, 5,2, 15
128, 6,2, 15
128, 7,2, 15
128, 8,2, 15
128, 9,2, 15
128, 10,2, 15
128, 11,2, 15
128, 12,2, 15
128, 13,2, 15
128, 14,2, 15
128, 15,2, 15
128, 16,2, 15
128, 17,2, 15
128, 18,2, 15
128, 19,2, 15
128, 20,2, 15
128, 21,2, 15
128, 22,2, 15
128, 23,2, 15
128, 24,2, 15
128, 25,2, 15
128, 26,2, 15
128, 27,2, 15
128, 28,2, 15
128, 29,2, 15
128, 30,2, 15
128, 31,2, 15
128, 32,2, 15
128, 33,2, 15
128, 34,2, 15
128, 35,2, 15
128, 36,2, 15
128, 37,2, 15
128, 38,2, 15
128, 39,2, 15
128, 0,3, 15
128, 1,3, 15
128, 2,3, 15
128, 3,3, 15
128, 4,3, 15
128, 5,3, 15
128, 6,3, 15
128, 7,3, 15
128, 8,3, 15
128, 9,3, 15
128, 10,3, 15
128, 11,3, 15
128, 12,3, 15
128, 13,3, 15
128, 14,3, 15
128, 15,3, 15
128, 16,3, 15
128, 17,3, 15
128, 18,3, 15
128, 19,3, 15
128, 20,3, 15
128, 21,3, 15
128, 22,3, 15
128, 23,3, 15
128, 24,3, 15
128, 25,3, 15
128, 26,3, 15
128, 27,3, 15
128, 28,3, 15
128, 29,3, 15
128, 30,3, 15
128, 31,3, 15
128, 32,3, 15
128, 33,3, 15
128, 34,3, 15
128, 35,3, 15
128, 36,3, 15
128, 37,3, 15
128, 38,3, 15
128, 39,3, 15
128, 0,4, 15
128, 1,4, 15
128, 2,4, 15
128, 3,4, 15
128, 4,4, 15
128, 5,4, 15
128, 6,4, 15
128, 7,4, 15
128, 8,4, 15
128, 9,4, 15
128, 10,4, 15
128, 11,4, 15
128, 12,4, 15
128, 13,4, 15
128, 14,4, 15
128, 15,4, 15
128, 16,4, 15
128, 17,4, 15
128, 18,4, 15
128, 19,4, 15
128, 20,4, 15
128, 21,4, 15
128, 22,4, 15
128, 23,4, 15
128, 24,4, 15
128, 25,4, 15
128, 26,4, 15
128, 27,4, 15
128, 28,4, 15
128, 29,4, 15
128, 30,4, 15
128, 31,4, 15
128, 32,4, 15
128, 33,4, 15
128, 34,4, 15
128, 35,4, 15
128, 36,4, 15
128, 37,4, 15
128, 38,4, 15
128, 39,4, 15
129, 0,0, 15
129, 1,0, 15
129, 2,0, 15
129, 3,0, 15
129, 4,0, 15
129, 5,0, 15
129, 6,0, 15
129, 7,0, 15
129, 8,0, 15
129, 9,0, 15
129, 10,0, 15
129, 11,0, 15
129, 12,0, 15
129, 13,0, 15
129, 14,0, 15
129, 15,0, 15
129, 16,0, 15
129, 17,0, 15
129, 18,0, 15
129, 19,0, 15
129, 20,0, 15
129, 21,0, 15
129, 22,0, 15
129, 23,0, 15
129, 24,0, 15
129, 25,0, 15
129, 26,0, 15
129, 27,0, 15
129, 28,0, 15
129, 29,0, 15
129, 30,0, 15
129, 31,0, 15
129, 32,0, 15
129, 33,0, 15
129, 34,0, 15
129, 35,0, 15
129, 36,0, 15
129, 37,0, 15
129, 38,0, 15
129, 39,0, 15
129, 0,1, 15
129, 1,1, 15
129, 2,1, 15
129, 3,1, 15
129, 4,1, 15
129, 5,1, 15
129, 6,1, 15
129, 7,1, 15
129, 8,1, 15
129, 9,1, 15
129, 10,1, 15
129, 11,1, 15
129, 12,1, 15
129, 13,1, 15
129, 14,1, 15
129, 15,1, 15
129, 16,1, 15
129, 17,1, 15
129, 18,1, 15
129, 19,1, 15
129, 20,1, 15
129, 21,1, 15
129, 22,1, 15
129, 23,1, 15
129, 24,1, 15
129, 25,1, 15
129, 26,1, 15
129, 27,1, 15
129, 28,1, 15
129, 29,1, 15
129, 30,1, 15
129, 31,1, 15
129, 32,1, 15
129, 33,1, 15
129, 34,1, 15
129, 35,1, 15
129, 36,1, 15
129, 37,1, 15
129, 38,1, 15
129, 39,1, 15
129, 0,2, 15
129, 1,2, 15
129, 2,2, 15
129, 3,2, 15
129, 4,2, 15
129, 5,2, 15
129, 6,2, 15
129, 7,2, 15
129, 8,2, 15
129, 9,2, 15
129, 10,2, 15
129, 11,2, 15
129, 12,2, 15
129, 13,2, 15
129, 14,2, 15
129, 15,2, 15
129, 16,2, 15
129, 17,2, 15
129, 18,2, 15
129, 19,2, 15
129, 20,2, 15
129, 21,2, 15
129, 22,2, 15
129, 23,2, 15
129, 24,2, 15
129, 25,2, 15
129, 26,2, 15
129, 27,2, 15
129, 28,2, 15
129, 29,2, 15
129, 30,2, 15
129, 31,2, 15
129, 32,2, 15
129, 33,2, 15
129, 34,2, 15
129, 35,2, 15
129, 36,2, 15
129, 37,2, 15
129, 38,2, 15
129, 39,2, 15
129, 0,3, 15
129, 1,3, 15
129, 2,3, 15
129, 3,3, 15
129, 4,3, 15
129, 5,3, 15
129, 6,3, 15
129, 7,3, 15
129, 8,3, 15
129, 9,3, 15
129, 10,3, 15
129, 11,3, 15
129, 12,3, 15
129, 13,3, 15
129, 14,3, 15
129, 15,3, 15
129, 16,3, 15
129, 17,3, 15
129, 18,3, 15
129, 19,3, 15
129, 20,3, 15
129, 21,3, 15
129, 22,3, 15
129, 23,3, 15
129, 24,3, 15
129, 25,3, 15
129, 26,3, 15
129, 27,3, 15
129, 28,3, 15
129, 29,3, 15
129, 30,3, 15
129, 31,3, 15
129, 32,3, 15
129, 33,3, 15
129, 34,3, 15
129, 35,3, 15
129, 36,3, 15
129, 37,3, 15
129, 38,3, 15
129, 39,3, 15
129, 0,4, 15
129, 1,4, 15
129, 2,4, 15
129, 3,4, 15
129, 4,4, 15
129, 5,4, 15
129, 6,4, 15
129, 7,4, 15
129, 8,4, 15
129, 9,4, 15
129, 10,4, 15
129, 11,4, 15
129, 12,4, 15
129, 13,4, 15
129, 14,4, 15
129, 15,4, 15
129, 16,4, 15
129, 17,4, 15
129, 18,4, 15
129, 19,4, 15
129, 20,4, 15
129, 21,4, 15
129, 22,4, 15
129, 23,4, 15
129, 24,4, 15
129, 25,4, 15
129, 26,4, 15
129, 27,4, 15
129, 28,4, 15
129, 29,4, 15
129, 30,4, 15
129, 31,4, 15
129, 32,4, 15
129, 33,4, 15
129, 34,4, 15
129, 35,4, 15
129, 36,4, 15
129, 37,4, 15
129, 38,4, 15
129, 39,4, 15
130, 0,0, 15
130, 1,0, 15
130, 2,0, 15
130, 3,0, 15
130, 4,0, 15
130, 5,0, 15
130, 6,0, 15
130, 7,0, 15
130, 8,0, 15
130, 9,0, 15
130, 10,0, 15
130, 11,0, 15
130, 12,0, 15
130, 13,0, 15
130, 14,0, 15
130, 15,0, 15
130, 16,0, 15
130, 17,0, 15
130, 18,0, 15
130, 19,0, 15
130, 20,0, 15
130, 21,0, 15
130, 22,0, 15
130, 23,0, 15
130, 24,0, 15
130, 25,0, 15
130, 26,0, 15
130, 27,0, 15
130, 28,0, 15
130, 29,0, 15
130, 30,0, 15
130, 31,0, 15
130, 32,0, 15
130, 33,0, 15
130, 34,0, 15
130, 35,0, 15
130, 36,0, 15
130, 37,0, 15
130, 38,0, 15
130, 39,0, 15
130, 0,1, 15
130, 1,1, 15
130, 2,1, 15
130, 3,1, 15
130, 4,1, 15
130, 5,1, 15
130, 6,1, 15
130, 7,1, 15
130, 8,1, 15
130, 9,1, 15
130, 10,1, 15
130, 11,1, 15
130, 12,1, 15
130, 13,1, 15
130, 14,1, 15
130, 15,1, 15
130, 16,1, 15
130, 17,1, 15
130, 18,1, 15
130, 19,1, 15
130, 20,1, 15
130, 21,1, 15
130, 22,1, 15
130, 23,1, 15
130, 24,1, 15
130, 25,1, 15
130, 26,1, 15
130, 27,1, 15
130, 28,1, 15
130, 29,1, 15
130, 30,1, 15
130, 31,1, 15
130, 32,1, 15
130, 33,1, 15
130, 34,1, 15
130, 35,1, 15
130, 36,1, 15
130, 37,1, 15
130, 38,1, 15
130, 39,1, 15
130, 0,2, 15
130, 1,2, 15
130, 2,2, 15
130, 3,2, 15
130, 4,2, 15
130, 5,2, 15
130, 6,2, 15
130, 7,2, 15
130, 8,2, 15
130, 9,2, 15
130, 10,2, 15
130, 11,2, 15
130, 12,2, 15
130, 13,2, 15
130, 14,2, 15
130, 15,2, 15
130, 16,2, 15
130, 17,2, 15
130, 18,2, 15
130, 19,2, 15
130, 20,2, 15
130, 21,2, 15
130, 22,2, 15
130, 23,2, 15
130, 24,2, 15
130, 25,2, 15
130, 26,2, 15
130, 27,2, 15
130, 28,2, 15
130, 29,2, 15
130, 30,2, 15
130, 31,2, 15
130, 32,2, 15
130, 33,2, 15
130, 34,2, 15
130, 35,2, 15
130, 36,2, 15
130, 37,2, 15
130, 38,2, 15
130, 39,2, 15
130, 0,3, 15
130, 1,3, 15
130, 2,3, 15
130, 3,3, 15
130, 4,3, 15
130, 5,3, 15
130, 6,3, 15
130, 7,3, 15
130, 8,3, 15
130, 9,3, 15
130, 10,3, 15
130, 11,3, 15
130, 12,3, 15
130, 13,3, 15
130, 14,3, 15
130, 15,3, 15
130, 16,3, 15
130, 17,3, 15
130, 18,3, 15
130, 19,3, 15
130, 20,3, 15
130, 21,3, 15
130, 22,3, 15
130, 23,3, 15
130, 24,3, 15
130, 25,3, 15
130, 26,3, 15
130, 27,3, 15
130, 28,3, 15
130, 29,3, 15
130, 30,3, 15
130, 31,3, 15
130, 32,3, 15
130, 33,3, 15
130, 34,3, 15
130, 35,3, 15
130, 36,3, 15
130, 37,3, 15
130, 38,3, 15
130, 39,3, 15
130, 0,4, 15
130, 1,4, 15
130, 2,4, 15
130, 3,4, 15
130, 4,4, 15
130, 5,4, 15
130, 6,4, 15
130, 7,4, 15
130, 8,4, 15
130, 9,4, 15
130, 10,4, 15
130, 11,4, 15
130, 12,4, 15
130, 13,4, 15
130, 14,4, 15
130, 15,4, 15
130, 16,4, 15
130, 17,4, 15
130, 18,4, 15
130, 19,4, 15
130, 20,4, 15
130, 21,4, 15
130, 22,4, 15
130, 23,4, 15
130, 24,4, 15
130, 25,4, 15
130, 26,4, 15
130, 27,4, 15
130, 28,4, 15
130, 29,4, 15
130, 30,4, 15
130, 31,4, 15
130, 32,4, 15
130, 33,4, 15
130, 34,4, 15
130, 35,4, 15
130, 36,4, 15
130, 37,4, 15
130, 38,4, 15
130, 39,4, 15
131, 0,0, 15
131, 1,0, 15
131, 2,0, 15
131, 3,0, 15
131, 4,0, 15
131, 5,0, 15
131, 6,0, 15
131, 7,0, 15
131, 8,0, 15
131, 9,0, 15
131, 10,0, 15
131, 11,0, 15
131, 12,0, 15
131, 13,0, 15
131, 14,0, 15
131, 15,0, 15
131, 16,0, 15
131, 17,0, 15
131, 18,0, 15
131, 19,0, 15
131, 20,0, 15
131, 21,0, 15
131, 22,0, 15
131, 23,0, 15
131, 24,0, 15
131, 25,0, 15
131, 26,0, 15
131, 27,0, 15
131, 28,0, 15
131, 29,0, 15
131, 30,0, 15
131, 31,0, 15
131, 32,0, 15
131, 33,0, 15
131, 34,0, 15
131, 35,0, 15
131, 36,0, 15
131, 37,0, 15
131, 38,0, 15
131, 39,0, 15
131, 0,1, 15
131, 1,1, 15
131, 2,1, 15
131, 3,1, 15
131, 4,1, 15
131, 5,1, 15
131, 6,1, 15
131, 7,1, 15
131, 8,1, 15
131, 9,1, 15
131, 10,1, 15
131, 11,1, 15
131, 12,1, 15
131, 13,1, 15
131, 14,1, 15
131, 15,1, 15
131, 16,1, 15
131, 17,1, 15
131, 18,1, 15
131, 19,1, 15
131, 20,1, 15
131, 21,1, 15
131, 22,1, 15
131, 23,1, 15
131, 24,1, 15
131, 25,1, 15
131, 26,1, 15
131, 27,1, 15
131, 28,1, 15
131, 29,1, 15
131, 30,1, 15
131, 31,1, 15
131, 32,1, 15
131, 33,1, 15
131, 34,1, 15
131, 35,1, 15
131, 36,1, 15
131, 37,1, 15
131, 38,1, 15
131, 39,1, 15
131, 0,2, 15
131, 1,2, 15
131, 2,2, 15
131, 3,2, 15
131, 4,2, 15
131, 5,2, 15
131, 6,2, 15
131, 7,2, 15
131, 8,2, 15
131, 9,2, 15
131, 10,2, 15
131, 11,2, 15
131, 12,2, 15
131, 13,2, 15
131, 14,2, 15
131, 15,2, 15
131, 16,2, 15
131, 17,2, 15
131, 18,2, 15
131, 19,2, 15
131, 20,2, 15
131, 21,2, 15
131, 22,2, 15
131, 23,2, 15
131, 24,2, 15
131, 25,2, 15
131, 26,2, 15
131, 27,2, 15
131, 28,2, 15
131, 29,2, 15
131, 30,2, 15
131, 31,2, 15
131, 32,2, 15
131, 33,2, 15
131, 34,2, 15
131, 35,2, 15
131, 36,2, 15
131, 37,2, 15
131, 38,2, 15
131, 39,2, 15
131, 0,3, 15
131, 1,3, 15
131, 2,3, 15
131, 3,3, 15
131, 4,3, 15
131, 5,3, 15
131, 6,3, 15
131, 7,3, 15
131, 8,3, 15
131, 9,3, 15
131, 10,3, 15
131, 11,3, 15
131, 12,3, 15
131, 13,3, 15
131, 14,3, 15
131, 15,3, 15
131, 16,3, 15
131, 17,3, 15
131, 18,3, 15
131, 19,3, 15
131, 20,3, 15
131, 21,3, 15
131, 22,3, 15
131, 23,3, 15
131, 24,3, 15
131, 25,3, 15
131, 26,3, 15
131, 27,3, 15
131, 28,3, 15
131, 29,3, 15
131, 30,3, 15
131, 31,3, 15
131, 32,3, 15
131, 33,3, 15
131, 34,3, 15
131, 35,3, 15
131, 36,3, 15
131, 37,3, 15
131, 38,3, 15
131, 39,3, 15
131, 0,4, 15
131, 1,4, 15
131, 2,4, 15
131, 3,4, 15
131, 4,4, 15
131, 5,4, 15
131, 6,4, 15
131, 7,4, 15
131, 8,4, 15
131, 9,4, 15
131, 10,4, 15
131, 11,4, 15
131, 12,4, 15
131, 13,4, 15
131, 14,4, 15
131, 15,4, 15
131, 16,4, 15
131, 17,4, 15
131, 18,4, 15
131, 19,4, 15
131, 20,4, 15
131, 21,4, 15
131, 22,4, 15
131, 23,4, 15
131, 24,4, 15
131, 25,4, 15
131, 26,4, 15
131, 27,4, 15
131, 28,4, 15
131, 29,4, 15
131, 30,4, 15
131, 31,4, 15
131, 32,4, 15
131, 33,4, 15
131, 34,4, 15
131, 35,4, 15
131, 36,4, 15
131, 37,4, 15
131, 38,4, 15
131, 39,4, 15
132, 0,0, 15
132, 1,0, 15
132, 2,0, 15
132, 3,0, 15
132, 4,0, 15
132, 5,0, 15
132, 6,0, 15
132, 7,0, 15
132, 8,0, 15
132, 9,0, 15
132, 10,0, 15
132, 11,0, 15
132, 12,0, 15
132, 13,0, 15
132, 14,0, 15
132, 15,0, 15
132, 16,0, 15
132, 17,0, 15
132, 18,0, 15
132, 19,0, 15
132, 20,0, 15
132, 21,0, 15
132, 22,0, 15
132, 23,0, 15
132, 24,0, 15
132, 25,0, 15
132, 26,0, 15
132, 27,0, 15
132, 28,0, 15
132, 29,0, 15
132, 30,0, 15
132, 31,0, 15
132, 32,0, 15
132, 33,0, 15
132, 34,0, 15
132, 35,0, 15
132, 36,0, 15
132, 37,0, 15
132, 38,0, 15
132, 39,0, 15
132, 0,1, 15
132, 1,1, 15
132, 2,1, 15
132, 3,1, 15
132, 4,1, 15
132, 5,1, 15
132, 6,1, 15
132, 7,1, 15
132, 8,1, 15
132, 9,1, 15
132, 10,1, 15
132, 11,1, 15
132, 12,1, 15
132, 13,1, 15
132, 14,1, 15
132, 15,1, 15
132, 16,1, 15
132, 17,1, 15
132, 18,1, 15
132, 19,1, 15
132, 20,1, 15
132, 21,1, 15
132, 22,1, 15
132, 23,1, 15
132, 24,1, 15
132, 25,1, 15
132, 26,1, 15
132, 27,1, 15
132, 28,1, 15
132, 29,1, 15
132, 30,1, 15
132, 31,1, 15
132, 32,1, 15
132, 33,1, 15
132, 34,1, 15
132, 35,1, 15
132, 36,1, 15
132, 37,1, 15
132, 38,1, 15
132, 39,1, 15
132, 0,2, 15
132, 1,2, 15
132, 2,2, 15
132, 3,2, 15
132, 4,2, 15
132, 5,2, 15
132, 6,2, 15
132, 7,2, 15
132, 8,2, 15
132, 9,2, 15
132, 10,2, 15
132, 11,2, 15
132, 12,2, 15
132, 13,2, 15
132, 14,2, 15
132, 15,2, 15
132, 16,2, 15
132, 17,2, 15
132, 18,2, 15
132, 19,2, 15
132, 20,2, 15
132, 21,2, 15
132, 22,2, 15
132, 23,2, 15
132, 24,2, 15
132, 25,2, 15
132, 26,2, 15
132, 27,2, 15
132, 28,2, 15
132, 29,2, 15
132, 30,2, 15
132, 31,2, 15
132, 32,2, 15
132, 33,2, 15
132, 34,2, 15
132, 35,2, 15
132, 36,2, 15
132, 37,2, 15
132, 38,2, 15
132, 39,2, 15
132, 0,3, 15
132, 1,3, 15
132, 2,3, 15
132, 3,3, 15
132, 4,3, 15
132, 5,3, 15
132, 6,3, 15
132, 7,3, 15
132, 8,3, 15
132, 9,3, 15
132, 10,3, 15
132, 11,3, 15
132, 12,3, 15
132, 13,3, 15
132, 14,3, 15
132, 15,3, 15
132, 16,3, 15
132, 17,3, 15
132, 18,3, 15
132, 19,3, 15
132, 20,3, 15
132, 21,3, 15
132, 22,3, 15
132, 23,3, 15
132, 24,3, 15
132, 25,3, 15
132, 26,3, 15
132, 27,3, 15
132, 28,3, 15
132, 29,3, 15
132, 30,3, 15
132, 31,3, 15
132, 32,3, 15
132, 33,3, 15
132, 34,3, 15
132, 35,3, 15
132, 36,3, 15
132, 37,3, 15
132, 38,3, 15
132, 39,3, 15
132, 0,4, 15
132, 1,4, 15
132, 2,4, 15
132, 3,4, 15
132, 4,4, 15
132, 5,4, 15
132, 6,4, 15
132, 7,4, 15
132, 8,4, 15
132, 9,4, 15
132, 10,4, 15
132, 11,4, 15
132, 12,4, 15
132, 13,4, 15
132, 14,4, 15
132, 15,4, 15
132, 16,4, 15
132, 17,4, 15
132, 18,4, 15
132, 19,4, 15
132, 20,4, 15
132, 21,4, 15
132, 22,4, 15
132, 23,4, 15
132, 24,4, 15
132, 25,4, 15
132, 26,4, 15
132, 27,4, 15
132, 28,4, 15
132, 29,4, 15
132, 30,4, 15
132, 31,4, 15
132, 32,4, 15
132, 33,4, 15
132, 34,4, 15
132, 35,4, 15
132, 36,4, 15
132, 37,4, 15
132, 38,4, 15
132, 39,4, 15
133, 0,0, 15
133, 1,0, 15
133, 2,0, 15
133, 3,0, 15
133, 4,0, 15
133, 5,0, 15
133, 6,0, 15
133, 7,0, 15
133, 8,0, 15
133, 9,0, 15
133, 10,0, 15
133, 11,0, 15
133, 12,0, 15
133, 13,0, 15
133, 14,0, 15
133, 15,0, 15
133, 16,0, 15
133, 17,0, 15
133, 18,0, 15
133, 19,0, 15
133, 20,0, 15
133, 21,0, 15
133, 22,0, 15
133, 23,0, 15
133, 24,0, 15
133, 25,0, 15
133, 26,0, 15
133, 27,0, 15
133, 28,0, 15
133, 29,0, 15
133, 30,0, 15
133, 31,0, 15
133, 32,0, 15
133, 33,0, 15
133, 34,0, 15
133, 35,0, 15
133, 36,0, 15
133, 37,0, 15
133, 38,0, 15
133, 39,0, 15
133, 0,1, 15
133, 1,1, 15
133, 2,1, 15
133, 3,1, 15
133, 4,1, 15
133, 5,1, 15
133, 6,1, 15
133, 7,1, 15
133, 8,1, 15
133, 9,1, 15
133, 10,1, 15
133, 11,1, 15
133, 12,1, 15
133, 13,1, 15
133, 14,1, 15
133, 15,1, 15
133, 16,1, 15
133, 17,1, 15
133, 18,1, 15
133, 19,1, 15
133, 20,1, 15
133, 21,1, 15
133, 22,1, 15
133, 23,1, 15
133, 24,1, 15
133, 25,1, 15
133, 26,1, 15
133, 27,1, 15
133, 28,1, 15
133, 29,1, 15
133, 30,1, 15
133, 31,1, 15
133, 32,1, 15
133, 33,1, 15
133, 34,1, 15
133, 35,1, 15
133, 36,1, 15
133, 37,1, 15
133, 38,1, 15
133, 39,1, 15
133, 0,2, 15
133, 1,2, 15
133, 2,2, 15
133, 3,2, 15
133, 4,2, 15
133, 5,2, 15
133, 6,2, 15
133, 7,2, 15
133, 8,2, 15
133, 9,2, 15
133, 10,2, 15
133, 11,2, 15
133, 12,2, 15
133, 13,2, 15
133, 14,2, 15
133, 15,2, 15
133, 16,2, 15
133, 17,2, 15
133, 18,2, 15
133, 19,2, 15
133, 20,2, 15
133, 21,2, 15
133, 22,2, 15
133, 23,2, 15
133, 24,2, 15
133, 25,2, 15
133, 26,2, 15
133, 27,2, 15
133, 28,2, 15
133, 29,2, 15
133, 30,2, 15
133, 31,2, 15
133, 32,2, 15
133, 33,2, 15
133, 34,2, 15
133, 35,2, 15
133, 36,2, 15
133, 37,2, 15
133, 38,2, 15
133, 39,2, 15
133, 0,3, 15
133, 1,3, 15
133, 2,3, 15
133, 3,3, 15
133, 4,3, 15
133, 5,3, 15
133, 6,3, 15
133, 7,3, 15
133, 8,3, 15
133, 9,3, 15
133, 10,3, 15
133, 11,3, 15
133, 12,3, 15
133, 13,3, 15
133, 14,3, 15
133, 15,3, 15
133, 16,3, 15
133, 17,3, 15
133, 18,3, 15
133, 19,3, 15
133, 20,3, 15
133, 21,3, 15
133, 22,3, 15
133, 23,3, 15
133, 24,3, 15
133, 25,3, 15
133, 26,3, 15
133, 27,3, 15
133, 28,3, 15
133, 29,3, 15
133, 30,3, 15
133, 31,3, 15
133, 32,3, 15
133, 33,3, 15
133, 34,3, 15
133, 35,3, 15
133, 36,3, 15
133, 37,3, 15
133, 38,3, 15
133, 39,3, 15
133, 0,4, 15
133, 1,4, 15
133, 2,4, 15
133, 3,4, 15
133, 4,4, 15
133, 5,4, 15
133, 6,4, 15
133, 7,4, 15
133, 8,4, 15
133, 9,4, 15
133, 10,4, 15
133, 11,4, 15
133, 12,4, 15
133, 13,4, 15
133, 14,4, 15
133, 15,4, 15
133, 16,4, 15
133, 17,4, 15
133, 18,4, 15
133, 19,4, 15
133, 20,4, 15
133, 21,4, 15
133, 22,4, 15
133, 23,4, 15
133, 24,4, 15
133, 25,4, 15
133, 26,4, 15
133, 27,4, 15
133, 28,4, 15
133, 29,4, 15
133, 30,4, 15
133, 31,4, 15
133, 32,4, 15
133, 33,4, 15
133, 34,4, 15
133, 35,4, 15
133, 36,4, 15
133, 37,4, 15
133, 38,4, 15
133, 39,4, 15
134, 0,0, 15
134, 1,0, 15
134, 2,0, 15
134, 3,0, 15
134, 4,0, 15
134, 5,0, 15
134, 6,0, 15
134, 7,0, 15
134, 8,0, 15
134, 9,0, 15
134, 10,0, 15
134, 11,0, 15
134, 12,0, 15
134, 13,0, 15
134, 14,0, 15
134, 15,0, 15
134, 16,0, 15
134, 17,0, 15
134, 18,0, 15
134, 19,0, 15
134, 20,0, 15
134, 21,0, 15
134, 22,0, 15
134, 23,0, 15
134, 24,0, 15
134, 25,0, 15
134, 26,0, 15
134, 27,0, 15
134, 28,0, 15
134, 29,0, 15
134, 30,0, 15
134, 31,0, 15
134, 32,0, 15
134, 33,0, 15
134, 34,0, 15
134, 35,0, 15
134, 36,0, 15
134, 37,0, 15
134, 38,0, 15
134, 39,0, 15
134, 0,1, 15
134, 1,1, 15
134, 2,1, 15
134, 3,1, 15
134, 4,1, 15
134, 5,1, 15
134, 6,1, 15
134, 7,1, 15
134, 8,1, 15
134, 9,1, 15
134, 10,1, 15
134, 11,1, 15
134, 12,1, 15
134, 13,1, 15
134, 14,1, 15
134, 15,1, 15
134, 16,1, 15
134, 17,1, 15
134, 18,1, 15
134, 19,1, 15
134, 20,1, 15
134, 21,1, 15
134, 22,1, 15
134, 23,1, 15
134, 24,1, 15
134, 25,1, 15
134, 26,1, 15
134, 27,1, 15
134, 28,1, 15
134, 29,1, 15
134, 30,1, 15
134, 31,1, 15
134, 32,1, 15
134, 33,1, 15
134, 34,1, 15
134, 35,1, 15
134, 36,1, 15
134, 37,1, 15
134, 38,1, 15
134, 39,1, 15
134, 0,2, 15
134, 1,2, 15
134, 2,2, 15
134, 3,2, 15
134, 4,2, 15
134, 5,2, 15
134, 6,2, 15
134, 7,2, 15
134, 8,2, 15
134, 9,2, 15
134, 10,2, 15
134, 11,2, 15
134, 12,2, 15
134, 13,2, 15
134, 14,2, 15
134, 15,2, 15
134, 16,2, 15
134, 17,2, 15
134, 18,2, 15
134, 19,2, 15
134, 20,2, 15
134, 21,2, 15
134, 22,2, 15
134, 23,2, 15
134, 24,2, 15
134, 25,2, 15
134, 26,2, 15
134, 27,2, 15
134, 28,2, 15
134, 29,2, 15
134, 30,2, 15
134, 31,2, 15
134, 32,2, 15
134, 33,2, 15
134, 34,2, 15
134, 35,2, 15
134, 36,2, 15
134, 37,2, 15
134, 38,2, 15
134, 39,2, 15
134, 0,3, 15
134, 1,3, 15
134, 2,3, 15
134, 3,3, 15
134, 4,3, 15
134, 5,3, 15
134, 6,3, 15
134, 7,3, 15
134, 8,3, 15
134, 9,3, 15
134, 10,3, 15
134, 11,3, 15
134, 12,3, 15
134, 13,3, 15
134, 14,3, 15
134, 15,3, 15
134, 16,3, 15
134, 17,3, 15
134, 18,3, 15
134, 19,3, 15
134, 20,3, 15
134, 21,3, 15
134, 22,3, 15
134, 23,3, 15
134, 24,3, 15
134, 25,3, 15
134, 26,3, 15
134, 27,3, 15
134, 28,3, 15
134, 29,3, 15
134, 30,3, 15
134, 31,3, 15
134, 32,3, 15
134, 33,3, 15
134, 34,3, 15
134, 35,3, 15
134, 36,3, 15
134, 37,3, 15
134, 38,3, 15
134, 39,3, 15
134, 0,4, 15
134, 1,4, 15
134, 2,4, 15
134, 3,4, 15
134, 4,4, 15
134, 5,4, 15
134, 6,4, 15
134, 7,4, 15
134, 8,4, 15
134, 9,4, 15
134, 10,4, 15
134, 11,4, 15
134, 12,4, 15
134, 13,4, 15
134, 14,4, 15
134, 15,4, 15
134, 16,4, 15
134, 17,4, 15
134, 18,4, 15
134, 19,4, 15
134, 20,4, 15
134, 21,4, 15
134, 22,4, 15
134, 23,4, 15
134, 24,4, 15
134, 25,4, 15
134, 26,4, 15
134, 27,4, 15
134, 28,4, 15
134, 29,4, 15
134, 30,4, 15
134, 31,4, 15
134, 32,4, 15
134, 33,4, 15
134, 34,4, 15
134, 35,4, 15
134, 36,4, 15
134, 37,4, 15
134, 38,4, 15
134, 39,4, 15
135, 0,0, 15
135, 1,0, 15
135, 2,0, 15
135, 3,0, 15
135, 4,0, 15
135, 5,0, 15
135, 6,0, 15
135, 7,0, 15
135, 8,0, 15
135, 9,0, 15
135, 10,0, 15
135, 11,0, 15
135, 12,0, 15
135, 13,0, 15
135, 14,0, 15
135, 15,0, 15
135, 16,0, 15
135, 17,0, 15
135, 18,0, 15
135, 19,0, 15
135, 20,0, 15
135, 21,0, 15
135, 22,0, 15
135, 23,0, 15
135, 24,0, 15
135, 25,0, 15
135, 26,0, 15
135, 27,0, 15
135, 28,0, 15
135, 29,0, 15
135, 30,0, 15
135, 31,0, 15
135, 32,0, 15
135, 33,0, 15
135, 34,0, 15
135, 35,0, 15
135, 36,0, 15
135, 37,0, 15
135, 38,0, 15
135, 39,0, 15
135, 0,1, 15
135, 1,1, 15
135, 2,1, 15
135, 3,1, 15
135, 4,1, 15
135, 5,1, 15
135, 6,1, 15
135, 7,1, 15
135, 8,1, 15
135, 9,1, 15
135, 10,1, 15
135, 11,1, 15
135, 12,1, 15
135, 13,1, 15
135, 14,1, 15
135, 15,1, 15
135, 16,1, 15
135, 17,1, 15
135, 18,1, 15
135, 19,1, 15
135, 20,1, 15
135, 21,1, 15
135, 22,1, 15
135, 23,1, 15
135, 24,1, 15
135, 25,1, 15
135, 26,1, 15
135, 27,1, 15
135, 28,1, 15
135, 29,1, 15
135, 30,1, 15
135, 31,1, 15
135, 32,1, 15
135, 33,1, 15
135, 34,1, 15
135, 35,1, 15
135, 36,1, 15
135, 37,1, 15
135, 38,1, 15
135, 39,1, 15
135, 0,2, 15
135, 1,2, 15
135, 2,2, 15
135, 3,2, 15
135, 4,2, 15
135, 5,2, 15
135, 6,2, 15
135, 7,2, 15
135, 8,2, 15
135, 9,2, 15
135, 10,2, 15
135, 11,2, 15
135, 12,2, 15
135, 13,2, 15
135, 14,2, 15
135, 15,2, 15
135, 16,2, 15
135, 17,2, 15
135, 18,2, 15
135, 19,2, 15
135, 20,2, 15
135, 21,2, 15
135, 22,2, 15
135, 23,2, 15
135, 24,2, 15
135, 25,2, 15
135, 26,2, 15
135, 27,2, 15
135, 28,2, 15
135, 29,2, 15
135, 30,2, 15
135, 31,2, 15
135, 32,2, 15
135, 33,2, 15
135, 34,2, 15
135, 35,2, 15
135, 36,2, 15
135, 37,2, 15
135, 38,2, 15
135, 39,2, 15
135, 0,3, 15
135, 1,3, 15
135, 2,3, 15
135, 3,3, 15
135, 4,3, 15
135, 5,3, 15
135, 6,3, 15
135, 7,3, 15
135, 8,3, 15
135, 9,3, 15
135, 10,3, 15
135, 11,3, 15
135, 12,3, 15
135, 13,3, 15
135, 14,3, 15
135, 15,3, 15
135, 16,3, 15
135, 17,3, 15
135, 18,3, 15
135, 19,3, 15
135, 20,3, 15
135, 21,3, 15
135, 22,3, 15
135, 23,3, 15
135, 24,3, 15
135, 25,3, 15
135, 26,3, 15
135, 27,3, 15
135, 28,3, 15
135, 29,3, 15
135, 30,3, 15
135, 31,3, 15
135, 32,3, 15
135, 33,3, 15
135, 34,3, 15
135, 35,3, 15
135, 36,3, 15
135, 37,3, 15
135, 38,3, 15
135, 39,3, 15
135, 0,4, 15
135, 1,4, 15
135, 2,4, 15
135, 3,4, 15
135, 4,4, 15
135, 5,4, 15
135, 6,4, 15
135, 7,4, 15
135, 8,4, 15
135, 9,4, 15
135, 10,4, 15
135, 11,4, 15
135, 12,4, 15
135, 13,4, 15
135, 14,4, 15
135, 15,4, 15
135, 16,4, 15
135, 17,4, 15
135, 18,4, 15
135, 19,4, 15
135, 20,4, 15
135, 21,4, 15
135, 22,4, 15
135, 23,4, 15
135, 24,4, 15
135, 25,4, 15
135, 26,4, 15
135, 27,4, 15
135, 28,4, 15
135, 29,4, 15
135, 30,4, 15
135, 31,4, 15
135, 32,4, 15
135, 33,4, 15
135, 34,4, 15
135, 35,4, 15
135, 36,4, 15
135, 37,4, 15
135, 38,4, 15
135, 39,4, 15
136, 0,0, 15
136, 1,0, 15
136, 2,0, 15
136, 3,0, 15
136, 4,0, 15
136, 5,0, 15
136, 6,0, 15
136, 7,0, 15
136, 8,0, 15
136, 9,0, 15
136, 10,0, 15
136, 11,0, 15
136, 12,0, 15
136, 13,0, 15
136, 14,0, 15
136, 15,0, 15
136, 16,0, 15
136, 17,0, 15
136, 18,0, 15
136, 19,0, 15
136, 20,0, 15
136, 21,0, 15
136, 22,0, 15
136, 23,0, 15
136, 24,0, 15
136, 25,0, 15
136, 26,0, 15
136, 27,0, 15
136, 28,0, 15
136, 29,0, 15
136, 30,0, 15
136, 31,0, 15
136, 32,0, 15
136, 33,0, 15
136, 34,0, 15
136, 35,0, 15
136, 36,0, 15
136, 37,0, 15
136, 38,0, 15
136, 39,0, 15
136, 0,1, 15
136, 1,1, 15
136, 2,1, 15
136, 3,1, 15
136, 4,1, 15
136, 5,1, 15
136, 6,1, 15
136, 7,1, 15
136, 8,1, 15
136, 9,1, 15
136, 10,1, 15
136, 11,1, 15
136, 12,1, 15
136, 13,1, 15
136, 14,1, 15
136, 15,1, 15
136, 16,1, 15
136, 17,1, 15
136, 18,1, 15
136, 19,1, 15
136, 20,1, 15
136, 21,1, 15
136, 22,1, 15
136, 23,1, 15
136, 24,1, 15
136, 25,1, 15
136, 26,1, 15
136, 27,1, 15
136, 28,1, 15
136, 29,1, 15
136, 30,1, 15
136, 31,1, 15
136, 32,1, 15
136, 33,1, 15
136, 34,1, 15
136, 35,1, 15
136, 36,1, 15
136, 37,1, 15
136, 38,1, 15
136, 39,1, 15
136, 0,2, 15
136, 1,2, 15
136, 2,2, 15
136, 3,2, 15
136, 4,2, 15
136, 5,2, 15
136, 6,2, 15
136, 7,2, 15
136, 8,2, 15
136, 9,2, 15
136, 10,2, 15
136, 11,2, 15
136, 12,2, 15
136, 13,2, 15
136, 14,2, 15
136, 15,2, 15
136, 16,2, 15
136, 17,2, 15
136, 18,2, 15
136, 19,2, 15
136, 20,2, 15
136, 21,2, 15
136, 22,2, 15
136, 23,2, 15
136, 24,2, 15
136, 25,2, 15
136, 26,2, 15
136, 27,2, 15
136, 28,2, 15
136, 29,2, 15
136, 30,2, 15
136, 31,2, 15
136, 32,2, 15
136, 33,2, 15
136, 34,2, 15
136, 35,2, 15
136, 36,2, 15
136, 37,2, 15
136, 38,2, 15
136, 39,2, 15
136, 0,3, 15
136, 1,3, 15
136, 2,3, 15
136, 3,3, 15
136, 4,3, 15
136, 5,3, 15
136, 6,3, 15
136, 7,3, 15
136, 8,3, 15
136, 9,3, 15
136, 10,3, 15
136, 11,3, 15
136, 12,3, 15
136, 13,3, 15
136, 14,3, 15
136, 15,3, 15
136, 16,3, 15
136, 17,3, 15
136, 18,3, 15
136, 19,3, 15
136, 20,3, 15
136, 21,3, 15
136, 22,3, 15
136, 23,3, 15
136, 24,3, 15
136, 25,3, 15
136, 26,3, 15
136, 27,3, 15
136, 28,3, 15
136, 29,3, 15
136, 30,3, 15
136, 31,3, 15
136, 32,3, 15
136, 33,3, 15
136, 34,3, 15
136, 35,3, 15
136, 36,3, 15
136, 37,3, 15
136, 38,3, 15
136, 39,3, 15
136, 0,4, 15
136, 1,4, 15
136, 2,4, 15
136, 3,4, 15
136, 4,4, 15
136, 5,4, 15
136, 6,4, 15
136, 7,4, 15
136, 8,4, 15
136, 9,4, 15
136, 10,4, 15
136, 11,4, 15
136, 12,4, 15
136, 13,4, 15
136, 14,4, 15
136, 15,4, 15
136, 16,4, 15
136, 17,4, 15
136, 18,4, 15
136, 19,4, 15
136, 20,4, 15
136, 21,4, 15
136, 22,4, 15
136, 23,4, 15
136, 24,4, 15
136, 25,4, 15
136, 26,4, 15
136, 27,4, 15
136, 28,4, 15
136, 29,4, 15
136, 30,4, 15
136, 31,4, 15
136, 32,4, 15
136, 33,4, 15
136, 34,4, 15
136, 35,4, 15
136, 36,4, 15
136, 37,4, 15
136, 38,4, 15
136, 39,4, 15
137, 0,0, 15
137, 1,0, 15
137, 2,0, 15
137, 3,0, 15
137, 4,0, 15
137, 5,0, 15
137, 6,0, 15
137, 7,0, 15
137, 8,0, 15
137, 9,0, 15
137, 10,0, 15
137, 11,0, 15
137, 12,0, 15
137, 13,0, 15
137, 14,0, 15
137, 15,0, 15
137, 16,0, 15
137, 17,0, 15
137, 18,0, 15
137, 19,0, 15
137, 20,0, 15
137, 21,0, 15
137, 22,0, 15
137, 23,0, 15
137, 24,0, 15
137, 25,0, 15
137, 26,0, 15
137, 27,0, 15
137, 28,0, 15
137, 29,0, 15
137, 30,0, 15
137, 31,0, 15
137, 32,0, 15
137, 33,0, 15
137, 34,0, 15
137, 35,0, 15
137, 36,0, 15
137, 37,0, 15
137, 38,0, 15
137, 39,0, 15
137, 0,1, 15
137, 1,1, 15
137, 2,1, 15
137, 3,1, 15
137, 4,1, 15
137, 5,1, 15
137, 6,1, 15
137, 7,1, 15
137, 8,1, 15
137, 9,1, 15
137, 10,1, 15
137, 11,1, 15
137, 12,1, 15
137, 13,1, 15
137, 14,1, 15
137, 15,1, 15
137, 16,1, 15
137, 17,1, 15
137, 18,1, 15
137, 19,1, 15
137, 20,1, 15
137, 21,1, 15
137, 22,1, 15
137, 23,1, 15
137, 24,1, 15
137, 25,1, 15
137, 26,1, 15
137, 27,1, 15
137, 28,1, 15
137, 29,1, 15
137, 30,1, 15
137, 31,1, 15
137, 32,1, 15
137, 33,1, 15
137, 34,1, 15
137, 35,1, 15
137, 36,1, 15
137, 37,1, 15
137, 38,1, 15
137, 39,1, 15
137, 0,2, 15
137, 1,2, 15
137, 2,2, 15
137, 3,2, 15
137, 4,2, 15
137, 5,2, 15
137, 6,2, 15
137, 7,2, 15
137, 8,2, 15
137, 9,2, 15
137, 10,2, 15
137, 11,2, 15
137, 12,2, 15
137, 13,2, 15
137, 14,2, 15
137, 15,2, 15
137, 16,2, 15
137, 17,2, 15
137, 18,2, 15
137, 19,2, 15
137, 20,2, 15
137, 21,2, 15
137, 22,2, 15
137, 23,2, 15
137, 24,2, 15
137, 25,2, 15
137, 26,2, 15
137, 27,2, 15
137, 28,2, 15
137, 29,2, 15
137, 30,2, 15
137, 31,2, 15
137, 32,2, 15
137, 33,2, 15
137, 34,2, 15
137, 35,2, 15
137, 36,2, 15
137, 37,2, 15
137, 38,2, 15
137, 39,2, 15
137, 0,3, 15
137, 1,3, 15
137, 2,3, 15
137, 3,3, 15
137, 4,3, 15
137, 5,3, 15
137, 6,3, 15
137, 7,3, 15
137, 8,3, 15
137, 9,3, 15
137, 10,3, 15
137, 11,3, 15
137, 12,3, 15
137, 13,3, 15
137, 14,3, 15
137, 15,3, 15
137, 16,3, 15
137, 17,3, 15
137, 18,3, 15
137, 19,3, 15
137, 20,3, 15
137, 21,3, 15
137, 22,3, 15
137, 23,3, 15
137, 24,3, 15
137, 25,3, 15
137, 26,3, 15
137, 27,3, 15
137, 28,3, 15
137, 29,3, 15
137, 30,3, 15
137, 31,3, 15
137, 32,3, 15
137, 33,3, 15
137, 34,3, 15
137, 35,3, 15
137, 36,3, 15
137, 37,3, 15
137, 38,3, 15
137, 39,3, 15
137, 0,4, 15
137, 1,4, 15
137, 2,4, 15
137, 3,4, 15
137, 4,4, 15
137, 5,4, 15
137, 6,4, 15
137, 7,4, 15
137, 8,4, 15
137, 9,4, 15
137, 10,4, 15
137, 11,4, 15
137, 12,4, 15
137, 13,4, 15
137, 14,4, 15
137, 15,4, 15
137, 16,4, 15
137, 17,4, 15
137, 18,4, 15
137, 19,4, 15
137, 20,4, 15
137, 21,4, 15
137, 22,4, 15
137, 23,4, 15
137, 24,4, 15
137, 25,4, 15
137, 26,4, 15
137, 27,4, 15
137, 28,4, 15
137, 29,4, 15
137, 30,4, 15
137, 31,4, 15
137, 32,4, 15
137, 33,4, 15
137, 34,4, 15
137, 35,4, 15
137, 36,4, 15
137, 37,4, 15
137, 38,4, 15
137, 39,4, 15
138, 0,0, 15
138, 1,0, 15
138, 2,0, 15
138, 3,0, 15
138, 4,0, 15
138, 5,0, 15
138, 6,0, 15
138, 7,0, 15
138, 8,0, 15
138, 9,0, 15
138, 10,0, 15
138, 11,0, 15
138, 12,0, 15
138, 13,0, 15
138, 14,0, 15
138, 15,0, 15
138, 16,0, 15
138, 17,0, 15
138, 18,0, 15
138, 19,0, 15
138, 20,0, 15
138, 21,0, 15
138, 22,0, 15
138, 23,0, 15
138, 24,0, 15
138, 25,0, 15
138, 26,0, 15
138, 27,0, 15
138, 28,0, 15
138, 29,0, 15
138, 30,0, 15
138, 31,0, 15
138, 32,0, 15
138, 33,0, 15
138, 34,0, 15
138, 35,0, 15
138, 36,0, 15
138, 37,0, 15
138, 38,0, 15
138, 39,0, 15
138, 0,1, 15
138, 1,1, 15
138, 2,1, 15
138, 3,1, 15
138, 4,1, 15
138, 5,1, 15
138, 6,1, 15
138, 7,1, 15
138, 8,1, 15
138, 9,1, 15
138, 10,1, 15
138, 11,1, 15
138, 12,1, 15
138, 13,1, 15
138, 14,1, 15
138, 15,1, 15
138, 16,1, 15
138, 17,1, 15
138, 18,1, 15
138, 19,1, 15
138, 20,1, 15
138, 21,1, 15
138, 22,1, 15
138, 23,1, 15
138, 24,1, 15
138, 25,1, 15
138, 26,1, 15
138, 27,1, 15
138, 28,1, 15
138, 29,1, 15
138, 30,1, 15
138, 31,1, 15
138, 32,1, 15
138, 33,1, 15
138, 34,1, 15
138, 35,1, 15
138, 36,1, 15
138, 37,1, 15
138, 38,1, 15
138, 39,1, 15
138, 0,2, 15
138, 1,2, 15
138, 2,2, 15
138, 3,2, 15
138, 4,2, 15
138, 5,2, 15
138, 6,2, 15
138, 7,2, 15
138, 8,2, 15
138, 9,2, 15
138, 10,2, 15
138, 11,2, 15
138, 12,2, 15
138, 13,2, 15
138, 14,2, 15
138, 15,2, 15
138, 16,2, 15
138, 17,2, 15
138, 18,2, 15
138, 19,2, 15
138, 20,2, 15
138, 21,2, 15
138, 22,2, 15
138, 23,2, 15
138, 24,2, 15
138, 25,2, 15
138, 26,2, 15
138, 27,2, 15
138, 28,2, 15
138, 29,2, 15
138, 30,2, 15
138, 31,2, 15
138, 32,2, 15
138, 33,2, 15
138, 34,2, 15
138, 35,2, 15
138, 36,2, 15
138, 37,2, 15
138, 38,2, 15
138, 39,2, 15
138, 0,3, 15
138, 1,3, 15
138, 2,3, 15
138, 3,3, 15
138, 4,3, 15
138, 5,3, 15
138, 6,3, 15
138, 7,3, 15
138, 8,3, 15
138, 9,3, 15
138, 10,3, 15
138, 11,3, 15
138, 12,3, 15
138, 13,3, 15
138, 14,3, 15
138, 15,3, 15
138, 16,3, 15
138, 17,3, 15
138, 18,3, 15
138, 19,3, 15
138, 20,3, 15
138, 21,3, 15
138, 22,3, 15
138, 23,3, 15
138, 24,3, 15
138, 25,3, 15
138, 26,3, 15
138, 27,3, 15
138, 28,3, 15
138, 29,3, 15
138, 30,3, 15
138, 31,3, 15
138, 32,3, 15
138, 33,3, 15
138, 34,3, 15
138, 35,3, 15
138, 36,3, 15
138, 37,3, 15
138, 38,3, 15
138, 39,3, 15
138, 0,4, 15
138, 1,4, 15
138, 2,4, 15
138, 3,4, 15
138, 4,4, 15
138, 5,4, 15
138, 6,4, 15
138, 7,4, 15
138, 8,4, 15
138, 9,4, 15
138, 10,4, 15
138, 11,4, 15
138, 12,4, 15
138, 13,4, 15
138, 14,4, 15
138, 15,4, 15
138, 16,4, 15
138, 17,4, 15
138, 18,4, 15
138, 19,4, 15
138, 20,4, 15
138, 21,4, 15
138, 22,4, 15
138, 23,4, 15
138, 24,4, 15
138, 25,4, 15
138, 26,4, 15
138, 27,4, 15
138, 28,4, 15
138, 29,4, 15
138, 30,4, 15
138, 31,4, 15
138, 32,4, 15
138, 33,4, 15
138, 34,4, 15
138, 35,4, 15
138, 36,4, 15
138, 37,4, 15
138, 38,4, 15
138, 39,4, 15
139, 0,0, 15
139, 1,0, 15
139, 2,0, 15
139, 3,0, 15
139, 4,0, 15
139, 5,0, 15
139, 6,0, 15
139, 7,0, 15
139, 8,0, 15
139, 9,0, 15
139, 10,0, 15
139, 11,0, 15
139, 12,0, 15
139, 13,0, 15
139, 14,0, 15
139, 15,0, 15
139, 16,0, 15
139, 17,0, 15
139, 18,0, 15
139, 19,0, 15
139, 20,0, 15
139, 21,0, 15
139, 22,0, 15
139, 23,0, 15
139, 24,0, 15
139, 25,0, 15
139, 26,0, 15
139, 27,0, 15
139, 28,0, 15
139, 29,0, 15
139, 30,0, 15
139, 31,0, 15
139, 32,0, 15
139, 33,0, 15
139, 34,0, 15
139, 35,0, 15
139, 36,0, 15
139, 37,0, 15
139, 38,0, 15
139, 39,0, 15
139, 0,1, 15
139, 1,1, 15
139, 2,1, 15
139, 3,1, 15
139, 4,1, 15
139, 5,1, 15
139, 6,1, 15
139, 7,1, 15
139, 8,1, 15
139, 9,1, 15
139, 10,1, 15
139, 11,1, 15
139, 12,1, 15
139, 13,1, 15
139, 14,1, 15
139, 15,1, 15
139, 16,1, 15
139, 17,1, 15
139, 18,1, 15
139, 19,1, 15
139, 20,1, 15
139, 21,1, 15
139, 22,1, 15
139, 23,1, 15
139, 24,1, 15
139, 25,1, 15
139, 26,1, 15
139, 27,1, 15
139, 28,1, 15
139, 29,1, 15
139, 30,1, 15
139, 31,1, 15
139, 32,1, 15
139, 33,1, 15
139, 34,1, 15
139, 35,1, 15
139, 36,1, 15
139, 37,1, 15
139, 38,1, 15
139, 39,1, 15
139, 0,2, 15
139, 1,2, 15
139, 2,2, 15
139, 3,2, 15
139, 4,2, 15
139, 5,2, 15
139, 6,2, 15
139, 7,2, 15
139, 8,2, 15
139, 9,2, 15
139, 10,2, 15
139, 11,2, 15
139, 12,2, 15
139, 13,2, 15
139, 14,2, 15
139, 15,2, 15
139, 16,2, 15
139, 17,2, 15
139, 18,2, 15
139, 19,2, 15
139, 20,2, 15
139, 21,2, 15
139, 22,2, 15
139, 23,2, 15
139, 24,2, 15
139, 25,2, 15
139, 26,2, 15
139, 27,2, 15
139, 28,2, 15
139, 29,2, 15
139, 30,2, 15
139, 31,2, 15
139, 32,2, 15
139, 33,2, 15
139, 34,2, 15
139, 35,2, 15
139, 36,2, 15
139, 37,2, 15
139, 38,2, 15
139, 39,2, 15
139, 0,3, 15
139, 1,3, 15
139, 2,3, 15
139, 3,3, 15
139, 4,3, 15
139, 5,3, 15
139, 6,3, 15
139, 7,3, 15
139, 8,3, 15
139, 9,3, 15
139, 10,3, 15
139, 11,3, 15
139, 12,3, 15
139, 13,3, 15
139, 14,3, 15
139, 15,3, 15
139, 16,3, 15
139, 17,3, 15
139, 18,3, 15
139, 19,3, 15
139, 20,3, 15
139, 21,3, 15
139, 22,3, 15
139, 23,3, 15
139, 24,3, 15
139, 25,3, 15
139, 26,3, 15
139, 27,3, 15
139, 28,3, 15
139, 29,3, 15
139, 30,3, 15
139, 31,3, 15
139, 32,3, 15
139, 33,3, 15
139, 34,3, 15
139, 35,3, 15
139, 36,3, 15
139, 37,3, 15
139, 38,3, 15
139, 39,3, 15
139, 0,4, 15
139, 1,4, 15
139, 2,4, 15
139, 3,4, 15
139, 4,4, 15
139, 5,4, 15
139, 6,4, 15
139, 7,4, 15
139, 8,4, 15
139, 9,4, 15
139, 10,4, 15
139, 11,4, 15
139, 12,4, 15
139, 13,4, 15
139, 14,4, 15
139, 15,4, 15
139, 16,4, 15
139, 17,4, 15
139, 18,4, 15
139, 19,4, 15
139, 20,4, 15
139, 21,4, 15
139, 22,4, 15
139, 23,4, 15
139, 24,4, 15
139, 25,4, 15
139, 26,4, 15
139, 27,4, 15
139, 28,4, 15
139, 29,4, 15
139, 30,4, 15
139, 31,4, 15
139, 32,4, 15
139, 33,4, 15
139, 34,4, 15
139, 35,4, 15
139, 36,4, 15
139, 37,4, 15
139, 38,4, 15
139, 39,4, 15
140, 0,0, 15
140, 1,0, 15
140, 2,0, 15
140, 3,0, 15
140, 4,0, 15
140, 5,0, 15
140, 6,0, 15
140, 7,0, 15
140, 8,0, 15
140, 9,0, 15
140, 10,0, 15
140, 11,0, 15
140, 12,0, 15
140, 13,0, 15
140, 14,0, 15
140, 15,0, 15
140, 16,0, 15
140, 17,0, 15
140, 18,0, 15
140, 19,0, 15
140, 20,0, 15
140, 21,0, 15
140, 22,0, 15
140, 23,0, 15
140, 24,0, 15
140, 25,0, 15
140, 26,0, 15
140, 27,0, 15
140, 28,0, 15
140, 29,0, 15
140, 30,0, 15
140, 31,0, 15
140, 32,0, 15
140, 33,0, 15
140, 34,0, 15
140, 35,0, 15
140, 36,0, 15
140, 37,0, 15
140, 38,0, 15
140, 39,0, 15
140, 0,1, 15
140, 1,1, 15
140, 2,1, 15
140, 3,1, 15
140, 4,1, 15
140, 5,1, 15
140, 6,1, 15
140, 7,1, 15
140, 8,1, 15
140, 9,1, 15
140, 10,1, 15
140, 11,1, 15
140, 12,1, 15
140, 13,1, 15
140, 14,1, 15
140, 15,1, 15
140, 16,1, 15
140, 17,1, 15
140, 18,1, 15
140, 19,1, 15
140, 20,1, 15
140, 21,1, 15
140, 22,1, 15
140, 23,1, 15
140, 24,1, 15
140, 25,1, 15
140, 26,1, 15
140, 27,1, 15
140, 28,1, 15
140, 29,1, 15
140, 30,1, 15
140, 31,1, 15
140, 32,1, 15
140, 33,1, 15
140, 34,1, 15
140, 35,1, 15
140, 36,1, 15
140, 37,1, 15
140, 38,1, 15
140, 39,1, 15
140, 0,2, 15
140, 1,2, 15
140, 2,2, 15
140, 3,2, 15
140, 4,2, 15
140, 5,2, 15
140, 6,2, 15
140, 7,2, 15
140, 8,2, 15
140, 9,2, 15
140, 10,2, 15
140, 11,2, 15
140, 12,2, 15
140, 13,2, 15
140, 14,2, 15
140, 15,2, 15
140, 16,2, 15
140, 17,2, 15
140, 18,2, 15
140, 19,2, 15
140, 20,2, 15
140, 21,2, 15
140, 22,2, 15
140, 23,2, 15
140, 24,2, 15
140, 25,2, 15
140, 26,2, 15
140, 27,2, 15
140, 28,2, 15
140, 29,2, 15
140, 30,2, 15
140, 31,2, 15
140, 32,2, 15
140, 33,2, 15
140, 34,2, 15
140, 35,2, 15
140, 36,2, 15
140, 37,2, 15
140, 38,2, 15
140, 39,2, 15
140, 0,3, 15
140, 1,3, 15
140, 2,3, 15
140, 3,3, 15
140, 4,3, 15
140, 5,3, 15
140, 6,3, 15
140, 7,3, 15
140, 8,3, 15
140, 9,3, 15
140, 10,3, 15
140, 11,3, 15
140, 12,3, 15
140, 13,3, 15
140, 14,3, 15
140, 15,3, 15
140, 16,3, 15
140, 17,3, 15
140, 18,3, 15
140, 19,3, 15
140, 20,3, 15
140, 21,3, 15
140, 22,3, 15
140, 23,3, 15
140, 24,3, 15
140, 25,3, 15
140, 26,3, 15
140, 27,3, 15
140, 28,3, 15
140, 29,3, 15
140, 30,3, 15
140, 31,3, 15
140, 32,3, 15
140, 33,3, 15
140, 34,3, 15
140, 35,3, 15
140, 36,3, 15
140, 37,3, 15
140, 38,3, 15
140, 39,3, 15
140, 0,4, 15
140, 1,4, 15
140, 2,4, 15
140, 3,4, 15
140, 4,4, 15
140, 5,4, 15
140, 6,4, 15
140, 7,4, 15
140, 8,4, 15
140, 9,4, 15
140, 10,4, 15
140, 11,4, 15
140, 12,4, 15
140, 13,4, 15
140, 14,4, 15
140, 15,4, 15
140, 16,4, 15
140, 17,4, 15
140, 18,4, 15
140, 19,4, 15
140, 20,4, 15
140, 21,4, 15
140, 22,4, 15
140, 23,4, 15
140, 24,4, 15
140, 25,4, 15
140, 26,4, 15
140, 27,4, 15
140, 28,4, 15
140, 29,4, 15
140, 30,4, 15
140, 31,4, 15
140, 32,4, 15
140, 33,4, 15
140, 34,4, 15
140, 35,4, 15
140, 36,4, 15
140, 37,4, 15
140, 38,4, 15
140, 39,4, 15
141, 0,0, 15
141, 1,0, 15
141, 2,0, 15
141, 3,0, 15
141, 4,0, 15
141, 5,0, 15
141, 6,0, 15
141, 7,0, 15
141, 8,0, 15
141, 9,0, 15
141, 10,0, 15
141, 11,0, 15
141, 12,0, 15
141, 13,0, 15
141, 14,0, 15
141, 15,0, 15
141, 16,0, 15
141, 17,0, 15
141, 18,0, 15
141, 19,0, 15
141, 20,0, 15
141, 21,0, 15
141, 22,0, 15
141, 23,0, 15
141, 24,0, 15
141, 25,0, 15
141, 26,0, 15
141, 27,0, 15
141, 28,0, 15
141, 29,0, 15
141, 30,0, 15
141, 31,0, 15
141, 32,0, 15
141, 33,0, 15
141, 34,0, 15
141, 35,0, 15
141, 36,0, 15
141, 37,0, 15
141, 38,0, 15
141, 39,0, 15
141, 0,1, 15
141, 1,1, 15
141, 2,1, 15
141, 3,1, 15
141, 4,1, 15
141, 5,1, 15
141, 6,1, 15
141, 7,1, 15
141, 8,1, 15
141, 9,1, 15
141, 10,1, 15
141, 11,1, 15
141, 12,1, 15
141, 13,1, 15
141, 14,1, 15
141, 15,1, 15
141, 16,1, 15
141, 17,1, 15
141, 18,1, 15
141, 19,1, 15
141, 20,1, 15
141, 21,1, 15
141, 22,1, 15
141, 23,1, 15
141, 24,1, 15
141, 25,1, 15
141, 26,1, 15
141, 27,1, 15
141, 28,1, 15
141, 29,1, 15
141, 30,1, 15
141, 31,1, 15
141, 32,1, 15
141, 33,1, 15
141, 34,1, 15
141, 35,1, 15
141, 36,1, 15
141, 37,1, 15
141, 38,1, 15
141, 39,1, 15
141, 0,2, 15
141, 1,2, 15
141, 2,2, 15
141, 3,2, 15
141, 4,2, 15
141, 5,2, 15
141, 6,2, 15
141, 7,2, 15
141, 8,2, 15
141, 9,2, 15
141, 10,2, 15
141, 11,2, 15
141, 12,2, 15
141, 13,2, 15
141, 14,2, 15
141, 15,2, 15
141, 16,2, 15
141, 17,2, 15
141, 18,2, 15
141, 19,2, 15
141, 20,2, 15
141, 21,2, 15
141, 22,2, 15
141, 23,2, 15
141, 24,2, 15
141, 25,2, 15
141, 26,2, 15
141, 27,2, 15
141, 28,2, 15
141, 29,2, 15
141, 30,2, 15
141, 31,2, 15
141, 32,2, 15
141, 33,2, 15
141, 34,2, 15
141, 35,2, 15
141, 36,2, 15
141, 37,2, 15
141, 38,2, 15
141, 39,2, 15
141, 0,3, 15
141, 1,3, 15
141, 2,3, 15
141, 3,3, 15
141, 4,3, 15
141, 5,3, 15
141, 6,3, 15
141, 7,3, 15
141, 8,3, 15
141, 9,3, 15
141, 10,3, 15
141, 11,3, 15
141, 12,3, 15
141, 13,3, 15
141, 14,3, 15
141, 15,3, 15
141, 16,3, 15
141, 17,3, 15
141, 18,3, 15
141, 19,3, 15
141, 20,3, 15
141, 21,3, 15
141, 22,3, 15
141, 23,3, 15
141, 24,3, 15
141, 25,3, 15
141, 26,3, 15
141, 27,3, 15
141, 28,3, 15
141, 29,3, 15
141, 30,3, 15
141, 31,3, 15
141, 32,3, 15
141, 33,3, 15
141, 34,3, 15
141, 35,3, 15
141, 36,3, 15
141, 37,3, 15
141, 38,3, 15
141, 39,3, 15
141, 0,4, 15
141, 1,4, 15
141, 2,4, 15
141, 3,4, 15
141, 4,4, 15
141, 5,4, 15
141, 6,4, 15
141, 7,4, 15
141, 8,4, 15
141, 9,4, 15
141, 10,4, 15
141, 11,4, 15
141, 12,4, 15
141, 13,4, 15
141, 14,4, 15
141, 15,4, 15
141, 16,4, 15
141, 17,4, 15
141, 18,4, 15
141, 19,4, 15
141, 20,4, 15
141, 21,4, 15
141, 22,4, 15
141, 23,4, 15
141, 24,4, 15
141, 25,4, 15
141, 26,4, 15
141, 27,4, 15
141, 28,4, 15
141, 29,4, 15
141, 30,4, 15
141, 31,4, 15
141, 32,4, 15
141, 33,4, 15
141, 34,4, 15
141, 35,4, 15
141, 36,4, 15
141, 37,4, 15
141, 38,4, 15
141, 39,4, 15
142, 0,0, 15
142, 1,0, 15
142, 2,0, 15
142, 3,0, 15
142, 4,0, 15
142, 5,0, 15
142, 6,0, 15
142, 7,0, 15
142, 8,0, 15
142, 9,0, 15
142, 10,0, 15
142, 11,0, 15
142, 12,0, 15
142, 13,0, 15
142, 14,0, 15
142, 15,0, 15
142, 16,0, 15
142, 17,0, 15
142, 18,0, 15
142, 19,0, 15
142, 20,0, 15
142, 21,0, 15
142, 22,0, 15
142, 23,0, 15
142, 24,0, 15
142, 25,0, 15
142, 26,0, 15
142, 27,0, 15
142, 28,0, 15
142, 29,0, 15
142, 30,0, 15
142, 31,0, 15
142, 32,0, 15
142, 33,0, 15
142, 34,0, 15
142, 35,0, 15
142, 36,0, 15
142, 37,0, 15
142, 38,0, 15
142, 39,0, 15
142, 0,1, 15
142, 1,1, 15
142, 2,1, 15
142, 3,1, 15
142, 4,1, 15
142, 5,1, 15
142, 6,1, 15
142, 7,1, 15
142, 8,1, 15
142, 9,1, 15
142, 10,1, 15
142, 11,1, 15
142, 12,1, 15
142, 13,1, 15
142, 14,1, 15
142, 15,1, 15
142, 16,1, 15
142, 17,1, 15
142, 18,1, 15
142, 19,1, 15
142, 20,1, 15
142, 21,1, 15
142, 22,1, 15
142, 23,1, 15
142, 24,1, 15
142, 25,1, 15
142, 26,1, 15
142, 27,1, 15
142, 28,1, 15
142, 29,1, 15
142, 30,1, 15
142, 31,1, 15
142, 32,1, 15
142, 33,1, 15
142, 34,1, 15
142, 35,1, 15
142, 36,1, 15
142, 37,1, 15
142, 38,1, 15
142, 39,1, 15
142, 0,2, 15
142, 1,2, 15
142, 2,2, 15
142, 3,2, 15
142, 4,2, 15
142, 5,2, 15
142, 6,2, 15
142, 7,2, 15
142, 8,2, 15
142, 9,2, 15
142, 10,2, 15
142, 11,2, 15
142, 12,2, 15
142, 13,2, 15
142, 14,2, 15
142, 15,2, 15
142, 16,2, 15
142, 17,2, 15
142, 18,2, 15
142, 19,2, 15
142, 20,2, 15
142, 21,2, 15
142, 22,2, 15
142, 23,2, 15
142, 24,2, 15
142, 25,2, 15
142, 26,2, 15
142, 27,2, 15
142, 28,2, 15
142, 29,2, 15
142, 30,2, 15
142, 31,2, 15
142, 32,2, 15
142, 33,2, 15
142, 34,2, 15
142, 35,2, 15
142, 36,2, 15
142, 37,2, 15
142, 38,2, 15
142, 39,2, 15
142, 0,3, 15
142, 1,3, 15
142, 2,3, 15
142, 3,3, 15
142, 4,3, 15
142, 5,3, 15
142, 6,3, 15
142, 7,3, 15
142, 8,3, 15
142, 9,3, 15
142, 10,3, 15
142, 11,3, 15
142, 12,3, 15
142, 13,3, 15
142, 14,3, 15
142, 15,3, 15
142, 16,3, 15
142, 17,3, 15
142, 18,3, 15
142, 19,3, 15
142, 20,3, 15
142, 21,3, 15
142, 22,3, 15
142, 23,3, 15
142, 24,3, 15
142, 25,3, 15
142, 26,3, 15
142, 27,3, 15
142, 28,3, 15
142, 29,3, 15
142, 30,3, 15
142, 31,3, 15
142, 32,3, 15
142, 33,3, 15
142, 34,3, 15
142, 35,3, 15
142, 36,3, 15
142, 37,3, 15
142, 38,3, 15
142, 39,3, 15
142, 0,4, 15
142, 1,4, 15
142, 2,4, 15
142, 3,4, 15
142, 4,4, 15
142, 5,4, 15
142, 6,4, 15
142, 7,4, 15
142, 8,4, 15
142, 9,4, 15
142, 10,4, 15
142, 11,4, 15
142, 12,4, 15
142, 13,4, 15
142, 14,4, 15
142, 15,4, 15
142, 16,4, 15
142, 17,4, 15
142, 18,4, 15
142, 19,4, 15
142, 20,4, 15
142, 21,4, 15
142, 22,4, 15
142, 23,4, 15
142, 24,4, 15
142, 25,4, 15
142, 26,4, 15
142, 27,4, 15
142, 28,4, 15
142, 29,4, 15
142, 30,4, 15
142, 31,4, 15
142, 32,4, 15
142, 33,4, 15
142, 34,4, 15
142, 35,4, 15
142, 36,4, 15
142, 37,4, 15
142, 38,4, 15
142, 39,4, 15
143, 0,0, 15
143, 1,0, 15
143, 2,0, 15
143, 3,0, 15
143, 4,0, 15
143, 5,0, 15
143, 6,0, 15
143, 7,0, 15
143, 8,0, 15
143, 9,0, 15
143, 10,0, 15
143, 11,0, 15
143, 12,0, 15
143, 13,0, 15
143, 14,0, 15
143, 15,0, 15
143, 16,0, 15
143, 17,0, 15
143, 18,0, 15
143, 19,0, 15
143, 20,0, 15
143, 21,0, 15
143, 22,0, 15
143, 23,0, 15
143, 24,0, 15
143, 25,0, 15
143, 26,0, 15
143, 27,0, 15
143, 28,0, 15
143, 29,0, 15
143, 30,0, 15
143, 31,0, 15
143, 32,0, 15
143, 33,0, 15
143, 34,0, 15
143, 35,0, 15
143, 36,0, 15
143, 37,0, 15
143, 38,0, 15
143, 39,0, 15
143, 0,1, 15
143, 1,1, 15
143, 2,1, 15
143, 3,1, 15
143, 4,1, 15
143, 5,1, 15
143, 6,1, 15
143, 7,1, 15
143, 8,1, 15
143, 9,1, 15
143, 10,1, 15
143, 11,1, 15
143, 12,1, 15
143, 13,1, 15
143, 14,1, 15
143, 15,1, 15
143, 16,1, 15
143, 17,1, 15
143, 18,1, 15
143, 19,1, 15
143, 20,1, 15
143, 21,1, 15
143, 22,1, 15
143, 23,1, 15
143, 24,1, 15
143, 25,1, 15
143, 26,1, 15
143, 27,1, 15
143, 28,1, 15
143, 29,1, 15
143, 30,1, 15
143, 31,1, 15
143, 32,1, 15
143, 33,1, 15
143, 34,1, 15
143, 35,1, 15
143, 36,1, 15
143, 37,1, 15
143, 38,1, 15
143, 39,1, 15
143, 0,2, 15
143, 1,2, 15
143, 2,2, 15
143, 3,2, 15
143, 4,2, 15
143, 5,2, 15
143, 6,2, 15
143, 7,2, 15
143, 8,2, 15
143, 9,2, 15
143, 10,2, 15
143, 11,2, 15
143, 12,2, 15
143, 13,2, 15
143, 14,2, 15
143, 15,2, 15
143, 16,2, 15
143, 17,2, 15
143, 18,2, 15
143, 19,2, 15
143, 20,2, 15
143, 21,2, 15
143, 22,2, 15
143, 23,2, 15
143, 24,2, 15
143, 25,2, 15
143, 26,2, 15
143, 27,2, 15
143, 28,2, 15
143, 29,2, 15
143, 30,2, 15
143, 31,2, 15
143, 32,2, 15
143, 33,2, 15
143, 34,2, 15
143, 35,2, 15
143, 36,2, 15
143, 37,2, 15
143, 38,2, 15
143, 39,2, 15
143, 0,3, 15
143, 1,3, 15
143, 2,3, 15
143, 3,3, 15
143, 4,3, 15
143, 5,3, 15
143, 6,3, 15
143, 7,3, 15
143, 8,3, 15
143, 9,3, 15
143, 10,3, 15
143, 11,3, 15
143, 12,3, 15
143, 13,3, 15
143, 14,3, 15
143, 15,3, 15
143, 16,3, 15
143, 17,3, 15
143, 18,3, 15
143, 19,3, 15
143, 20,3, 15
143, 21,3, 15
143, 22,3, 15
143, 23,3, 15
143, 24,3, 15
143, 25,3, 15
143, 26,3, 15
143, 27,3, 15
143, 28,3, 15
143, 29,3, 15
143, 30,3, 15
143, 31,3, 15
143, 32,3, 15
143, 33,3, 15
143, 34,3, 15
143, 35,3, 15
143, 36,3, 15
143, 37,3, 15
143, 38,3, 15
143, 39,3, 15
143, 0,4, 15
143, 1,4, 15
143, 2,4, 15
143, 3,4, 15
143, 4,4, 15
143, 5,4, 15
143, 6,4, 15
143, 7,4, 15
143, 8,4, 15
143, 9,4, 15
143, 10,4, 15
143, 11,4, 15
143, 12,4, 15
143, 13,4, 15
143, 14,4, 15
143, 15,4, 15
143, 16,4, 15
143, 17,4, 15
143, 18,4, 15
143, 19,4, 15
143, 20,4, 15
143, 21,4, 15
143, 22,4, 15
143, 23,4, 15
143, 24,4, 15
143, 25,4, 15
143, 26,4, 15
143, 27,4, 15
143, 28,4, 15
143, 29,4, 15
143, 30,4, 15
143, 31,4, 15
143, 32,4, 15
143, 33,4, 15
143, 34,4, 15
143, 35,4, 15
143, 36,4, 15
143, 37,4, 15
143, 38,4, 15
143, 39,4, 15
144, 0,0, 15
144, 1,0, 15
144, 2,0, 15
144, 3,0, 15
144, 4,0, 15
144, 5,0, 15
144, 6,0, 15
144, 7,0, 15
144, 8,0, 15
144, 9,0, 15
144, 10,0, 15
144, 11,0, 15
144, 12,0, 15
144, 13,0, 15
144, 14,0, 15
144, 15,0, 15
144, 16,0, 15
144, 17,0, 15
144, 18,0, 15
144, 19,0, 15
144, 20,0, 15
144, 21,0, 15
144, 22,0, 15
144, 23,0, 15
144, 24,0, 15
144, 25,0, 15
144, 26,0, 15
144, 27,0, 15
144, 28,0, 15
144, 29,0, 15
144, 30,0, 15
144, 31,0, 15
144, 32,0, 15
144, 33,0, 15
144, 34,0, 15
144, 35,0, 15
144, 36,0, 15
144, 37,0, 15
144, 38,0, 15
144, 39,0, 15
144, 0,1, 15
144, 1,1, 15
144, 2,1, 15
144, 3,1, 15
144, 4,1, 15
144, 5,1, 15
144, 6,1, 15
144, 7,1, 15
144, 8,1, 15
144, 9,1, 15
144, 10,1, 15
144, 11,1, 15
144, 12,1, 15
144, 13,1, 15
144, 14,1, 15
144, 15,1, 15
144, 16,1, 15
144, 17,1, 15
144, 18,1, 15
144, 19,1, 15
144, 20,1, 15
144, 21,1, 15
144, 22,1, 15
144, 23,1, 15
144, 24,1, 15
144, 25,1, 15
144, 26,1, 15
144, 27,1, 15
144, 28,1, 15
144, 29,1, 15
144, 30,1, 15
144, 31,1, 15
144, 32,1, 15
144, 33,1, 15
144, 34,1, 15
144, 35,1, 15
144, 36,1, 15
144, 37,1, 15
144, 38,1, 15
144, 39,1, 15
144, 0,2, 15
144, 1,2, 15
144, 2,2, 15
144, 3,2, 15
144, 4,2, 15
144, 5,2, 15
144, 6,2, 15
144, 7,2, 15
144, 8,2, 15
144, 9,2, 15
144, 10,2, 15
144, 11,2, 15
144, 12,2, 15
144, 13,2, 15
144, 14,2, 15
144, 15,2, 15
144, 16,2, 15
144, 17,2, 15
144, 18,2, 15
144, 19,2, 15
144, 20,2, 15
144, 21,2, 15
144, 22,2, 15
144, 23,2, 15
144, 24,2, 15
144, 25,2, 15
144, 26,2, 15
144, 27,2, 15
144, 28,2, 15
144, 29,2, 15
144, 30,2, 15
144, 31,2, 15
144, 32,2, 15
144, 33,2, 15
144, 34,2, 15
144, 35,2, 15
144, 36,2, 15
144, 37,2, 15
144, 38,2, 15
144, 39,2, 15
144, 0,3, 15
144, 1,3, 15
144, 2,3, 15
144, 3,3, 15
144, 4,3, 15
144, 5,3, 15
144, 6,3, 15
144, 7,3, 15
144, 8,3, 15
144, 9,3, 15
144, 10,3, 15
144, 11,3, 15
144, 12,3, 15
144, 13,3, 15
144, 14,3, 15
144, 15,3, 15
144, 16,3, 15
144, 17,3, 15
144, 18,3, 15
144, 19,3, 15
144, 20,3, 15
144, 21,3, 15
144, 22,3, 15
144, 23,3, 15
144, 24,3, 15
144, 25,3, 15
144, 26,3, 15
144, 27,3, 15
144, 28,3, 15
144, 29,3, 15
144, 30,3, 15
144, 31,3, 15
144, 32,3, 15
144, 33,3, 15
144, 34,3, 15
144, 35,3, 15
144, 36,3, 15
144, 37,3, 15
144, 38,3, 15
144, 39,3, 15
144, 0,4, 15
144, 1,4, 15
144, 2,4, 15
144, 3,4, 15
144, 4,4, 15
144, 5,4, 15
144, 6,4, 15
144, 7,4, 15
144, 8,4, 15
144, 9,4, 15
144, 10,4, 15
144, 11,4, 15
144, 12,4, 15
144, 13,4, 15
144, 14,4, 15
144, 15,4, 15
144, 16,4, 15
144, 17,4, 15
144, 18,4, 15
144, 19,4, 15
144, 20,4, 15
144, 21,4, 15
144, 22,4, 15
144, 23,4, 15
144, 24,4, 15
144, 25,4, 15
144, 26,4, 15
144, 27,4, 15
144, 28,4, 15
144, 29,4, 15
144, 30,4, 15
144, 31,4, 15
144, 32,4, 15
144, 33,4, 15
144, 34,4, 15
144, 35,4, 15
144, 36,4, 15
144, 37,4, 15
144, 38,4, 15
144, 39,4, 15
145, 0,0, 15
145, 1,0, 15
145, 2,0, 15
145, 3,0, 15
145, 4,0, 15
145, 5,0, 15
145, 6,0, 15
145, 7,0, 15
145, 8,0, 15
145, 9,0, 15
145, 10,0, 15
145, 11,0, 15
145, 12,0, 15
145, 13,0, 15
145, 14,0, 15
145, 15,0, 15
145, 16,0, 15
145, 17,0, 15
145, 18,0, 15
145, 19,0, 15
145, 20,0, 15
145, 21,0, 15
145, 22,0, 15
145, 23,0, 15
145, 24,0, 15
145, 25,0, 15
145, 26,0, 15
145, 27,0, 15
145, 28,0, 15
145, 29,0, 15
145, 30,0, 15
145, 31,0, 15
145, 32,0, 15
145, 33,0, 15
145, 34,0, 15
145, 35,0, 15
145, 36,0, 15
145, 37,0, 15
145, 38,0, 15
145, 39,0, 15
145, 0,1, 15
145, 1,1, 15
145, 2,1, 15
145, 3,1, 15
145, 4,1, 15
145, 5,1, 15
145, 6,1, 15
145, 7,1, 15
145, 8,1, 15
145, 9,1, 15
145, 10,1, 15
145, 11,1, 15
145, 12,1, 15
145, 13,1, 15
145, 14,1, 15
145, 15,1, 15
145, 16,1, 15
145, 17,1, 15
145, 18,1, 15
145, 19,1, 15
145, 20,1, 15
145, 21,1, 15
145, 22,1, 15
145, 23,1, 15
145, 24,1, 15
145, 25,1, 15
145, 26,1, 15
145, 27,1, 15
145, 28,1, 15
145, 29,1, 15
145, 30,1, 15
145, 31,1, 15
145, 32,1, 15
145, 33,1, 15
145, 34,1, 15
145, 35,1, 15
145, 36,1, 15
145, 37,1, 15
145, 38,1, 15
145, 39,1, 15
145, 0,2, 15
145, 1,2, 15
145, 2,2, 15
145, 3,2, 15
145, 4,2, 15
145, 5,2, 15
145, 6,2, 15
145, 7,2, 15
145, 8,2, 15
145, 9,2, 15
145, 10,2, 15
145, 11,2, 15
145, 12,2, 15
145, 13,2, 15
145, 14,2, 15
145, 15,2, 15
145, 16,2, 15
145, 17,2, 15
145, 18,2, 15
145, 19,2, 15
145, 20,2, 15
145, 21,2, 15
145, 22,2, 15
145, 23,2, 15
145, 24,2, 15
145, 25,2, 15
145, 26,2, 15
145, 27,2, 15
145, 28,2, 15
145, 29,2, 15
145, 30,2, 15
145, 31,2, 15
145, 32,2, 15
145, 33,2, 15
145, 34,2, 15
145, 35,2, 15
145, 36,2, 15
145, 37,2, 15
145, 38,2, 15
145, 39,2, 15
145, 0,3, 15
145, 1,3, 15
145, 2,3, 15
145, 3,3, 15
145, 4,3, 15
145, 5,3, 15
145, 6,3, 15
145, 7,3, 15
145, 8,3, 15
145, 9,3, 15
145, 10,3, 15
145, 11,3, 15
145, 12,3, 15
145, 13,3, 15
145, 14,3, 15
145, 15,3, 15
145, 16,3, 15
145, 17,3, 15
145, 18,3, 15
145, 19,3, 15
145, 20,3, 15
145, 21,3, 15
145, 22,3, 15
145, 23,3, 15
145, 24,3, 15
145, 25,3, 15
145, 26,3, 15
145, 27,3, 15
145, 28,3, 15
145, 29,3, 15
145, 30,3, 15
145, 31,3, 15
145, 32,3, 15
145, 33,3, 15
145, 34,3, 15
145, 35,3, 15
145, 36,3, 15
145, 37,3, 15
145, 38,3, 15
145, 39,3, 15
145, 0,4, 15
145, 1,4, 15
145, 2,4, 15
145, 3,4, 15
145, 4,4, 15
145, 5,4, 15
145, 6,4, 15
145, 7,4, 15
145, 8,4, 15
145, 9,4, 15
145, 10,4, 15
145, 11,4, 15
145, 12,4, 15
145, 13,4, 15
145, 14,4, 15
145, 15,4, 15
145, 16,4, 15
145, 17,4, 15
145, 18,4, 15
145, 19,4, 15
145, 20,4, 15
145, 21,4, 15
145, 22,4, 15
145, 23,4, 15
145, 24,4, 15
145, 25,4, 15
145, 26,4, 15
145, 27,4, 15
145, 28,4, 15
145, 29,4, 15
145, 30,4, 15
145, 31,4, 15
145, 32,4, 15
145, 33,4, 15
145, 34,4, 15
145, 35,4, 15
145, 36,4, 15
145, 37,4, 15
145, 38,4, 15
145, 39,4, 15
146, 0,0, 15
146, 1,0, 15
146, 2,0, 15
146, 3,0, 15
146, 4,0, 15
146, 5,0, 15
146, 6,0, 15
146, 7,0, 15
146, 8,0, 15
146, 9,0, 15
146, 10,0, 15
146, 11,0, 15
146, 12,0, 15
146, 13,0, 15
146, 14,0, 15
146, 15,0, 15
146, 16,0, 15
146, 17,0, 15
146, 18,0, 15
146, 19,0, 15
146, 20,0, 15
146, 21,0, 15
146, 22,0, 15
146, 23,0, 15
146, 24,0, 15
146, 25,0, 15
146, 26,0, 15
146, 27,0, 15
146, 28,0, 15
146, 29,0, 15
146, 30,0, 15
146, 31,0, 15
146, 32,0, 15
146, 33,0, 15
146, 34,0, 15
146, 35,0, 15
146, 36,0, 15
146, 37,0, 15
146, 38,0, 15
146, 39,0, 15
146, 0,1, 15
146, 1,1, 15
146, 2,1, 15
146, 3,1, 15
146, 4,1, 15
146, 5,1, 15
146, 6,1, 15
146, 7,1, 15
146, 8,1, 15
146, 9,1, 15
146, 10,1, 15
146, 11,1, 15
146, 12,1, 15
146, 13,1, 15
146, 14,1, 15
146, 15,1, 15
146, 16,1, 15
146, 17,1, 15
146, 18,1, 15
146, 19,1, 15
146, 20,1, 15
146, 21,1, 15
146, 22,1, 15
146, 23,1, 15
146, 24,1, 15
146, 25,1, 15
146, 26,1, 15
146, 27,1, 15
146, 28,1, 15
146, 29,1, 15
146, 30,1, 15
146, 31,1, 15
146, 32,1, 15
146, 33,1, 15
146, 34,1, 15
146, 35,1, 15
146, 36,1, 15
146, 37,1, 15
146, 38,1, 15
146, 39,1, 15
146, 0,2, 15
146, 1,2, 15
146, 2,2, 15
146, 3,2, 15
146, 4,2, 15
146, 5,2, 15
146, 6,2, 15
146, 7,2, 15
146, 8,2, 15
146, 9,2, 15
146, 10,2, 15
146, 11,2, 15
146, 12,2, 15
146, 13,2, 15
146, 14,2, 15
146, 15,2, 15
146, 16,2, 15
146, 17,2, 15
146, 18,2, 15
146, 19,2, 15
146, 20,2, 15
146, 21,2, 15
146, 22,2, 15
146, 23,2, 15
146, 24,2, 15
146, 25,2, 15
146, 26,2, 15
146, 27,2, 15
146, 28,2, 15
146, 29,2, 15
146, 30,2, 15
146, 31,2, 15
146, 32,2, 15
146, 33,2, 15
146, 34,2, 15
146, 35,2, 15
146, 36,2, 15
146, 37,2, 15
146, 38,2, 15
146, 39,2, 15
146, 0,3, 15
146, 1,3, 15
146, 2,3, 15
146, 3,3, 15
146, 4,3, 15
146, 5,3, 15
146, 6,3, 15
146, 7,3, 15
146, 8,3, 15
146, 9,3, 15
146, 10,3, 15
146, 11,3, 15
146, 12,3, 15
146, 13,3, 15
146, 14,3, 15
146, 15,3, 15
146, 16,3, 15
146, 17,3, 15
146, 18,3, 15
146, 19,3, 15
146, 20,3, 15
146, 21,3, 15
146, 22,3, 15
146, 23,3, 15
146, 24,3, 15
146, 25,3, 15
146, 26,3, 15
146, 27,3, 15
146, 28,3, 15
146, 29,3, 15
146, 30,3, 15
146, 31,3, 15
146, 32,3, 15
146, 33,3, 15
146, 34,3, 15
146, 35,3, 15
146, 36,3, 15
146, 37,3, 15
146, 38,3, 15
146, 39,3, 15
146, 0,4, 15
146, 1,4, 15
146, 2,4, 15
146, 3,4, 15
146, 4,4, 15
146, 5,4, 15
146, 6,4, 15
146, 7,4, 15
146, 8,4, 15
146, 9,4, 15
146, 10,4, 15
146, 11,4, 15
146, 12,4, 15
146, 13,4, 15
146, 14,4, 15
146, 15,4, 15
146, 16,4, 15
146, 17,4, 15
146, 18,4, 15
146, 19,4, 15
146, 20,4, 15
146, 21,4, 15
146, 22,4, 15
146, 23,4, 15
146, 24,4, 15
146, 25,4, 15
146, 26,4, 15
146, 27,4, 15
146, 28,4, 15
146, 29,4, 15
146, 30,4, 15
146, 31,4, 15
146, 32,4, 15
146, 33,4, 15
146, 34,4, 15
146, 35,4, 15
146, 36,4, 15
146, 37,4, 15
146, 38,4, 15
146, 39,4, 15
147, 0,0, 15
147, 1,0, 15
147, 2,0, 15
147, 3,0, 15
147, 4,0, 15
147, 5,0, 15
147, 6,0, 15
147, 7,0, 15
147, 8,0, 15
147, 9,0, 15
147, 10,0, 15
147, 11,0, 15
147, 12,0, 15
147, 13,0, 15
147, 14,0, 15
147, 15,0, 15
147, 16,0, 15
147, 17,0, 15
147, 18,0, 15
147, 19,0, 15
147, 20,0, 15
147, 21,0, 15
147, 22,0, 15
147, 23,0, 15
147, 24,0, 15
147, 25,0, 15
147, 26,0, 15
147, 27,0, 15
147, 28,0, 15
147, 29,0, 15
147, 30,0, 15
147, 31,0, 15
147, 32,0, 15
147, 33,0, 15
147, 34,0, 15
147, 35,0, 15
147, 36,0, 15
147, 37,0, 15
147, 38,0, 15
147, 39,0, 15
147, 0,1, 15
147, 1,1, 15
147, 2,1, 15
147, 3,1, 15
147, 4,1, 15
147, 5,1, 15
147, 6,1, 15
147, 7,1, 15
147, 8,1, 15
147, 9,1, 15
147, 10,1, 15
147, 11,1, 15
147, 12,1, 15
147, 13,1, 15
147, 14,1, 15
147, 15,1, 15
147, 16,1, 15
147, 17,1, 15
147, 18,1, 15
147, 19,1, 15
147, 20,1, 15
147, 21,1, 15
147, 22,1, 15
147, 23,1, 15
147, 24,1, 15
147, 25,1, 15
147, 26,1, 15
147, 27,1, 15
147, 28,1, 15
147, 29,1, 15
147, 30,1, 15
147, 31,1, 15
147, 32,1, 15
147, 33,1, 15
147, 34,1, 15
147, 35,1, 15
147, 36,1, 15
147, 37,1, 15
147, 38,1, 15
147, 39,1, 15
147, 0,2, 15
147, 1,2, 15
147, 2,2, 15
147, 3,2, 15
147, 4,2, 15
147, 5,2, 15
147, 6,2, 15
147, 7,2, 15
147, 8,2, 15
147, 9,2, 15
147, 10,2, 15
147, 11,2, 15
147, 12,2, 15
147, 13,2, 15
147, 14,2, 15
147, 15,2, 15
147, 16,2, 15
147, 17,2, 15
147, 18,2, 15
147, 19,2, 15
147, 20,2, 15
147, 21,2, 15
147, 22,2, 15
147, 23,2, 15
147, 24,2, 15
147, 25,2, 15
147, 26,2, 15
147, 27,2, 15
147, 28,2, 15
147, 29,2, 15
147, 30,2, 15
147, 31,2, 15
147, 32,2, 15
147, 33,2, 15
147, 34,2, 15
147, 35,2, 15
147, 36,2, 15
147, 37,2, 15
147, 38,2, 15
147, 39,2, 15
147, 0,3, 15
147, 1,3, 15
147, 2,3, 15
147, 3,3, 15
147, 4,3, 15
147, 5,3, 15
147, 6,3, 15
147, 7,3, 15
147, 8,3, 15
147, 9,3, 15
147, 10,3, 15
147, 11,3, 15
147, 12,3, 15
147, 13,3, 15
147, 14,3, 15
147, 15,3, 15
147, 16,3, 15
147, 17,3, 15
147, 18,3, 15
147, 19,3, 15
147, 20,3, 15
147, 21,3, 15
147, 22,3, 15
147, 23,3, 15
147, 24,3, 15
147, 25,3, 15
147, 26,3, 15
147, 27,3, 15
147, 28,3, 15
147, 29,3, 15
147, 30,3, 15
147, 31,3, 15
147, 32,3, 15
147, 33,3, 15
147, 34,3, 15
147, 35,3, 15
147, 36,3, 15
147, 37,3, 15
147, 38,3, 15
147, 39,3, 15
147, 0,4, 15
147, 1,4, 15
147, 2,4, 15
147, 3,4, 15
147, 4,4, 15
147, 5,4, 15
147, 6,4, 15
147, 7,4, 15
147, 8,4, 15
147, 9,4, 15
147, 10,4, 15
147, 11,4, 15
147, 12,4, 15
147, 13,4, 15
147, 14,4, 15
147, 15,4, 15
147, 16,4, 15
147, 17,4, 15
147, 18,4, 15
147, 19,4, 15
147, 20,4, 15
147, 21,4, 15
147, 22,4, 15
147, 23,4, 15
147, 24,4, 15
147, 25,4, 15
147, 26,4, 15
147, 27,4, 15
147, 28,4, 15
147, 29,4, 15
147, 30,4, 15
147, 31,4, 15
147, 32,4, 15
147, 33,4, 15
147, 34,4, 15
147, 35,4, 15
147, 36,4, 15
147, 37,4, 15
147, 38,4, 15
147, 39,4, 15
148, 0,0, 15
148, 1,0, 15
148, 2,0, 15
148, 3,0, 15
148, 4,0, 15
148, 5,0, 15
148, 6,0, 15
148, 7,0, 15
148, 8,0, 15
148, 9,0, 15
148, 10,0, 15
148, 11,0, 15
148, 12,0, 15
148, 13,0, 15
148, 14,0, 15
148, 15,0, 15
148, 16,0, 15
148, 17,0, 15
148, 18,0, 15
148, 19,0, 15
148, 20,0, 15
148, 21,0, 15
148, 22,0, 15
148, 23,0, 15
148, 24,0, 15
148, 25,0, 15
148, 26,0, 15
148, 27,0, 15
148, 28,0, 15
148, 29,0, 15
148, 30,0, 15
148, 31,0, 15
148, 32,0, 15
148, 33,0, 15
148, 34,0, 15
148, 35,0, 15
148, 36,0, 15
148, 37,0, 15
148, 38,0, 15
148, 39,0, 15
148, 0,1, 15
148, 1,1, 15
148, 2,1, 15
148, 3,1, 15
148, 4,1, 15
148, 5,1, 15
148, 6,1, 15
148, 7,1, 15
148, 8,1, 15
148, 9,1, 15
148, 10,1, 15
148, 11,1, 15
148, 12,1, 15
148, 13,1, 15
148, 14,1, 15
148, 15,1, 15
148, 16,1, 15
148, 17,1, 15
148, 18,1, 15
148, 19,1, 15
148, 20,1, 15
148, 21,1, 15
148, 22,1, 15
148, 23,1, 15
148, 24,1, 15
148, 25,1, 15
148, 26,1, 15
148, 27,1, 15
148, 28,1, 15
148, 29,1, 15
148, 30,1, 15
148, 31,1, 15
148, 32,1, 15
148, 33,1, 15
148, 34,1, 15
148, 35,1, 15
148, 36,1, 15
148, 37,1, 15
148, 38,1, 15
148, 39,1, 15
148, 0,2, 15
148, 1,2, 15
148, 2,2, 15
148, 3,2, 15
148, 4,2, 15
148, 5,2, 15
148, 6,2, 15
148, 7,2, 15
148, 8,2, 15
148, 9,2, 15
148, 10,2, 15
148, 11,2, 15
148, 12,2, 15
148, 13,2, 15
148, 14,2, 15
148, 15,2, 15
148, 16,2, 15
148, 17,2, 15
148, 18,2, 15
148, 19,2, 15
148, 20,2, 15
148, 21,2, 15
148, 22,2, 15
148, 23,2, 15
148, 24,2, 15
148, 25,2, 15
148, 26,2, 15
148, 27,2, 15
148, 28,2, 15
148, 29,2, 15
148, 30,2, 15
148, 31,2, 15
148, 32,2, 15
148, 33,2, 15
148, 34,2, 15
148, 35,2, 15
148, 36,2, 15
148, 37,2, 15
148, 38,2, 15
148, 39,2, 15
148, 0,3, 15
148, 1,3, 15
148, 2,3, 15
148, 3,3, 15
148, 4,3, 15
148, 5,3, 15
148, 6,3, 15
148, 7,3, 15
148, 8,3, 15
148, 9,3, 15
148, 10,3, 15
148, 11,3, 15
148, 12,3, 15
148, 13,3, 15
148, 14,3, 15
148, 15,3, 15
148, 16,3, 15
148, 17,3, 15
148, 18,3, 15
148, 19,3, 15
148, 20,3, 15
148, 21,3, 15
148, 22,3, 15
148, 23,3, 15
148, 24,3, 15
148, 25,3, 15
148, 26,3, 15
148, 27,3, 15
148, 28,3, 15
148, 29,3, 15
148, 30,3, 15
148, 31,3, 15
148, 32,3, 15
148, 33,3, 15
148, 34,3, 15
148, 35,3, 15
148, 36,3, 15
148, 37,3, 15
148, 38,3, 15
148, 39,3, 15
148, 0,4, 15
148, 1,4, 15
148, 2,4, 15
148, 3,4, 15
148, 4,4, 15
148, 5,4, 15
148, 6,4, 15
148, 7,4, 15
148, 8,4, 15
148, 9,4, 15
148, 10,4, 15
148, 11,4, 15
148, 12,4, 15
148, 13,4, 15
148, 14,4, 15
148, 15,4, 15
148, 16,4, 15
148, 17,4, 15
148, 18,4, 15
148, 19,4, 15
148, 20,4, 15
148, 21,4, 15
148, 22,4, 15
148, 23,4, 15
148, 24,4, 15
148, 25,4, 15
148, 26,4, 15
148, 27,4, 15
148, 28,4, 15
148, 29,4, 15
148, 30,4, 15
148, 31,4, 15
148, 32,4, 15
148, 33,4, 15
148, 34,4, 15
148, 35,4, 15
148, 36,4, 15
148, 37,4, 15
148, 38,4, 15
148, 39,4, 15
149, 0,0, 15
149, 1,0, 15
149, 2,0, 15
149, 3,0, 15
149, 4,0, 15
149, 5,0, 15
149, 6,0, 15
149, 7,0, 15
149, 8,0, 15
149, 9,0, 15
149, 10,0, 15
149, 11,0, 15
149, 12,0, 15
149, 13,0, 15
149, 14,0, 15
149, 15,0, 15
149, 16,0, 15
149, 17,0, 15
149, 18,0, 15
149, 19,0, 15
149, 20,0, 15
149, 21,0, 15
149, 22,0, 15
149, 23,0, 15
149, 24,0, 15
149, 25,0, 15
149, 26,0, 15
149, 27,0, 15
149, 28,0, 15
149, 29,0, 15
149, 30,0, 15
149, 31,0, 15
149, 32,0, 15
149, 33,0, 15
149, 34,0, 15
149, 35,0, 15
149, 36,0, 15
149, 37,0, 15
149, 38,0, 15
149, 39,0, 15
149, 0,1, 15
149, 1,1, 15
149, 2,1, 15
149, 3,1, 15
149, 4,1, 15
149, 5,1, 15
149, 6,1, 15
149, 7,1, 15
149, 8,1, 15
149, 9,1, 15
149, 10,1, 15
149, 11,1, 15
149, 12,1, 15
149, 13,1, 15
149, 14,1, 15
149, 15,1, 15
149, 16,1, 15
149, 17,1, 15
149, 18,1, 15
149, 19,1, 15
149, 20,1, 15
149, 21,1, 15
149, 22,1, 15
149, 23,1, 15
149, 24,1, 15
149, 25,1, 15
149, 26,1, 15
149, 27,1, 15
149, 28,1, 15
149, 29,1, 15
149, 30,1, 15
149, 31,1, 15
149, 32,1, 15
149, 33,1, 15
149, 34,1, 15
149, 35,1, 15
149, 36,1, 15
149, 37,1, 15
149, 38,1, 15
149, 39,1, 15
149, 0,2, 15
149, 1,2, 15
149, 2,2, 15
149, 3,2, 15
149, 4,2, 15
149, 5,2, 15
149, 6,2, 15
149, 7,2, 15
149, 8,2, 15
149, 9,2, 15
149, 10,2, 15
149, 11,2, 15
149, 12,2, 15
149, 13,2, 15
149, 14,2, 15
149, 15,2, 15
149, 16,2, 15
149, 17,2, 15
149, 18,2, 15
149, 19,2, 15
149, 20,2, 15
149, 21,2, 15
149, 22,2, 15
149, 23,2, 15
149, 24,2, 15
149, 25,2, 15
149, 26,2, 15
149, 27,2, 15
149, 28,2, 15
149, 29,2, 15
149, 30,2, 15
149, 31,2, 15
149, 32,2, 15
149, 33,2, 15
149, 34,2, 15
149, 35,2, 15
149, 36,2, 15
149, 37,2, 15
149, 38,2, 15
149, 39,2, 15
149, 0,3, 15
149, 1,3, 15
149, 2,3, 15
149, 3,3, 15
149, 4,3, 15
149, 5,3, 15
149, 6,3, 15
149, 7,3, 15
149, 8,3, 15
149, 9,3, 15
149, 10,3, 15
149, 11,3, 15
149, 12,3, 15
149, 13,3, 15
149, 14,3, 15
149, 15,3, 15
149, 16,3, 15
149, 17,3, 15
149, 18,3, 15
149, 19,3, 15
149, 20,3, 15
149, 21,3, 15
149, 22,3, 15
149, 23,3, 15
149, 24,3, 15
149, 25,3, 15
149, 26,3, 15
149, 27,3, 15
149, 28,3, 15
149, 29,3, 15
149, 30,3, 15
149, 31,3, 15
149, 32,3, 15
149, 33,3, 15
149, 34,3, 15
149, 35,3, 15
149, 36,3, 15
149, 37,3, 15
149, 38,3, 15
149, 39,3, 15
149, 0,4, 15
149, 1,4, 15
149, 2,4, 15
149, 3,4, 15
149, 4,4, 15
149, 5,4, 15
149, 6,4, 15
149, 7,4, 15
149, 8,4, 15
149, 9,4, 15
149, 10,4, 15
149, 11,4, 15
149, 12,4, 15
149, 13,4, 15
149, 14,4, 15
149, 15,4, 15
149, 16,4, 15
149, 17,4, 15
149, 18,4, 15
149, 19,4, 15
149, 20,4, 15
149, 21,4, 15
149, 22,4, 15
149, 23,4, 15
149, 24,4, 15
149, 25,4, 15
149, 26,4, 15
149, 27,4, 15
149, 28,4, 15
149, 29,4, 15
149, 30,4, 15
149, 31,4, 15
149, 32,4, 15
149, 33,4, 15
149, 34,4, 15
149, 35,4, 15
149, 36,4, 15
149, 37,4, 15
149, 38,4, 15
149, 39,4, 15
150, 0,0, 15
150, 1,0, 15
150, 2,0, 15
150, 3,0, 15
150, 4,0, 15
150, 5,0, 15
150, 6,0, 15
150, 7,0, 15
150, 8,0, 15
150, 9,0, 15
150, 10,0, 15
150, 11,0, 15
150, 12,0, 15
150, 13,0, 15
150, 14,0, 15
150, 15,0, 15
150, 16,0, 15
150, 17,0, 15
150, 18,0, 15
150, 19,0, 15
150, 20,0, 15
150, 21,0, 15
150, 22,0, 15
150, 23,0, 15
150, 24,0, 15
150, 25,0, 15
150, 26,0, 15
150, 27,0, 15
150, 28,0, 15
150, 29,0, 15
150, 30,0, 15
150, 31,0, 15
150, 32,0, 15
150, 33,0, 15
150, 34,0, 15
150, 35,0, 15
150, 36,0, 15
150, 37,0, 15
150, 38,0, 15
150, 39,0, 15
150, 0,1, 15
150, 1,1, 15
150, 2,1, 15
150, 3,1, 15
150, 4,1, 15
150, 5,1, 15
150, 6,1, 15
150, 7,1, 15
150, 8,1, 15
150, 9,1, 15
150, 10,1, 15
150, 11,1, 15
150, 12,1, 15
150, 13,1, 15
150, 14,1, 15
150, 15,1, 15
150, 16,1, 15
150, 17,1, 15
150, 18,1, 15
150, 19,1, 15
150, 20,1, 15
150, 21,1, 15
150, 22,1, 15
150, 23,1, 15
150, 24,1, 15
150, 25,1, 15
150, 26,1, 15
150, 27,1, 15
150, 28,1, 15
150, 29,1, 15
150, 30,1, 15
150, 31,1, 15
150, 32,1, 15
150, 33,1, 15
150, 34,1, 15
150, 35,1, 15
150, 36,1, 15
150, 37,1, 15
150, 38,1, 15
150, 39,1, 15
150, 0,2, 15
150, 1,2, 15
150, 2,2, 15
150, 3,2, 15
150, 4,2, 15
150, 5,2, 15
150, 6,2, 15
150, 7,2, 15
150, 8,2, 15
150, 9,2, 15
150, 10,2, 15
150, 11,2, 15
150, 12,2, 15
150, 13,2, 15
150, 14,2, 15
150, 15,2, 15
150, 16,2, 15
150, 17,2, 15
150, 18,2, 15
150, 19,2, 15
150, 20,2, 15
150, 21,2, 15
150, 22,2, 15
150, 23,2, 15
150, 24,2, 15
150, 25,2, 15
150, 26,2, 15
150, 27,2, 15
150, 28,2, 15
150, 29,2, 15
150, 30,2, 15
150, 31,2, 15
150, 32,2, 15
150, 33,2, 15
150, 34,2, 15
150, 35,2, 15
150, 36,2, 15
150, 37,2, 15
150, 38,2, 15
150, 39,2, 15
150, 0,3, 15
150, 1,3, 15
150, 2,3, 15
150, 3,3, 15
150, 4,3, 15
150, 5,3, 15
150, 6,3, 15
150, 7,3, 15
150, 8,3, 15
150, 9,3, 15
150, 10,3, 15
150, 11,3, 15
150, 12,3, 15
150, 13,3, 15
150, 14,3, 15
150, 15,3, 15
150, 16,3, 15
150, 17,3, 15
150, 18,3, 15
150, 19,3, 15
150, 20,3, 15
150, 21,3, 15
150, 22,3, 15
150, 23,3, 15
150, 24,3, 15
150, 25,3, 15
150, 26,3, 15
150, 27,3, 15
150, 28,3, 15
150, 29,3, 15
150, 30,3, 15
150, 31,3, 15
150, 32,3, 15
150, 33,3, 15
150, 34,3, 15
150, 35,3, 15
150, 36,3, 15
150, 37,3, 15
150, 38,3, 15
150, 39,3, 15
150, 0,4, 15
150, 1,4, 15
150, 2,4, 15
150, 3,4, 15
150, 4,4, 15
150, 5,4, 15
150, 6,4, 15
150, 7,4, 15
150, 8,4, 15
150, 9,4, 15
150, 10,4, 15
150, 11,4, 15
150, 12,4, 15
150, 13,4, 15
150, 14,4, 15
150, 15,4, 15
150, 16,4, 15
150, 17,4, 15
150, 18,4, 15
150, 19,4, 15
150, 20,4, 15
150, 21,4, 15
150, 22,4, 15
150, 23,4, 15
150, 24,4, 15
150, 25,4, 15
150, 26,4, 15
150, 27,4, 15
150, 28,4, 15
150, 29,4, 15
150, 30,4, 15
150, 31,4, 15
150, 32,4, 15
150, 33,4, 15
150, 34,4, 15
150, 35,4, 15
150, 36,4, 15
150, 37,4, 15
150, 38,4, 15
150, 39,4, 15
151, 0,0, 15
151, 1,0, 15
151, 2,0, 15
151, 3,0, 15
151, 4,0, 15
151, 5,0, 15
151, 6,0, 15
151, 7,0, 15
151, 8,0, 15
151, 9,0, 15
151, 10,0, 15
151, 11,0, 15
151, 12,0, 15
151, 13,0, 15
151, 14,0, 15
151, 15,0, 15
151, 16,0, 15
151, 17,0, 15
151, 18,0, 15
151, 19,0, 15
151, 20,0, 15
151, 21,0, 15
151, 22,0, 15
151, 23,0, 15
151, 24,0, 15
151, 25,0, 15
151, 26,0, 15
151, 27,0, 15
151, 28,0, 15
151, 29,0, 15
151, 30,0, 15
151, 31,0, 15
151, 32,0, 15
151, 33,0, 15
151, 34,0, 15
151, 35,0, 15
151, 36,0, 15
151, 37,0, 15
151, 38,0, 15
151, 39,0, 15
151, 0,1, 15
151, 1,1, 15
151, 2,1, 15
151, 3,1, 15
151, 4,1, 15
151, 5,1, 15
151, 6,1, 15
151, 7,1, 15
151, 8,1, 15
151, 9,1, 15
151, 10,1, 15
151, 11,1, 15
151, 12,1, 15
151, 13,1, 15
151, 14,1, 15
151, 15,1, 15
151, 16,1, 15
151, 17,1, 15
151, 18,1, 15
151, 19,1, 15
151, 20,1, 15
151, 21,1, 15
151, 22,1, 15
151, 23,1, 15
151, 24,1, 15
151, 25,1, 15
151, 26,1, 15
151, 27,1, 15
151, 28,1, 15
151, 29,1, 15
151, 30,1, 15
151, 31,1, 15
151, 32,1, 15
151, 33,1, 15
151, 34,1, 15
151, 35,1, 15
151, 36,1, 15
151, 37,1, 15
151, 38,1, 15
151, 39,1, 15
151, 0,2, 15
151, 1,2, 15
151, 2,2, 15
151, 3,2, 15
151, 4,2, 15
151, 5,2, 15
151, 6,2, 15
151, 7,2, 15
151, 8,2, 15
151, 9,2, 15
151, 10,2, 15
151, 11,2, 15
151, 12,2, 15
151, 13,2, 15
151, 14,2, 15
151, 15,2, 15
151, 16,2, 15
151, 17,2, 15
151, 18,2, 15
151, 19,2, 15
151, 20,2, 15
151, 21,2, 15
151, 22,2, 15
151, 23,2, 15
151, 24,2, 15
151, 25,2, 15
151, 26,2, 15
151, 27,2, 15
151, 28,2, 15
151, 29,2, 15
151, 30,2, 15
151, 31,2, 15
151, 32,2, 15
151, 33,2, 15
151, 34,2, 15
151, 35,2, 15
151, 36,2, 15
151, 37,2, 15
151, 38,2, 15
151, 39,2, 15
151, 0,3, 15
151, 1,3, 15
151, 2,3, 15
151, 3,3, 15
151, 4,3, 15
151, 5,3, 15
151, 6,3, 15
151, 7,3, 15
151, 8,3, 15
151, 9,3, 15
151, 10,3, 15
151, 11,3, 15
151, 12,3, 15
151, 13,3, 15
151, 14,3, 15
151, 15,3, 15
151, 16,3, 15
151, 17,3, 15
151, 18,3, 15
151, 19,3, 15
151, 20,3, 15
151, 21,3, 15
151, 22,3, 15
151, 23,3, 15
151, 24,3, 15
151, 25,3, 15
151, 26,3, 15
151, 27,3, 15
151, 28,3, 15
151, 29,3, 15
151, 30,3, 15
151, 31,3, 15
151, 32,3, 15
151, 33,3, 15
151, 34,3, 15
151, 35,3, 15
151, 36,3, 15
151, 37,3, 15
151, 38,3, 15
151, 39,3, 15
151, 0,4, 15
151, 1,4, 15
151, 2,4, 15
151, 3,4, 15
151, 4,4, 15
151, 5,4, 15
151, 6,4, 15
151, 7,4, 15
151, 8,4, 15
151, 9,4, 15
151, 10,4, 15
151, 11,4, 15
151, 12,4, 15
151, 13,4, 15
151, 14,4, 15
151, 15,4, 15
151, 16,4, 15
151, 17,4, 15
151, 18,4, 15
151, 19,4, 15
151, 20,4, 15
151, 21,4, 15
151, 22,4, 15
151, 23,4, 15
151, 24,4, 15
151, 25,4, 15
151, 26,4, 15
151, 27,4, 15
151, 28,4, 15
151, 29,4, 15
151, 30,4, 15
151, 31,4, 15
151, 32,4, 15
151, 33,4, 15
151, 34,4, 15
151, 35,4, 15
151, 36,4, 15
151, 37,4, 15
151, 38,4, 15
151, 39,4, 15
152, 0,0, 15
152, 1,0, 15
152, 2,0, 15
152, 3,0, 15
152, 4,0, 15
152, 5,0, 15
152, 6,0, 15
152, 7,0, 15
152, 8,0, 15
152, 9,0, 15
152, 10,0, 15
152, 11,0, 15
152, 12,0, 15
152, 13,0, 15
152, 14,0, 15
152, 15,0, 15
152, 16,0, 15
152, 17,0, 15
152, 18,0, 15
152, 19,0, 15
152, 20,0, 15
152, 21,0, 15
152, 22,0, 15
152, 23,0, 15
152, 24,0, 15
152, 25,0, 15
152, 26,0, 15
152, 27,0, 15
152, 28,0, 15
152, 29,0, 15
152, 30,0, 15
152, 31,0, 15
152, 32,0, 15
152, 33,0, 15
152, 34,0, 15
152, 35,0, 15
152, 36,0, 15
152, 37,0, 15
152, 38,0, 15
152, 39,0, 15
152, 0,1, 15
152, 1,1, 15
152, 2,1, 15
152, 3,1, 15
152, 4,1, 15
152, 5,1, 15
152, 6,1, 15
152, 7,1, 15
152, 8,1, 15
152, 9,1, 15
152, 10,1, 15
152, 11,1, 15
152, 12,1, 15
152, 13,1, 15
152, 14,1, 15
152, 15,1, 15
152, 16,1, 15
152, 17,1, 15
152, 18,1, 15
152, 19,1, 15
152, 20,1, 15
152, 21,1, 15
152, 22,1, 15
152, 23,1, 15
152, 24,1, 15
152, 25,1, 15
152, 26,1, 15
152, 27,1, 15
152, 28,1, 15
152, 29,1, 15
152, 30,1, 15
152, 31,1, 15
152, 32,1, 15
152, 33,1, 15
152, 34,1, 15
152, 35,1, 15
152, 36,1, 15
152, 37,1, 15
152, 38,1, 15
152, 39,1, 15
152, 0,2, 15
152, 1,2, 15
152, 2,2, 15
152, 3,2, 15
152, 4,2, 15
152, 5,2, 15
152, 6,2, 15
152, 7,2, 15
152, 8,2, 15
152, 9,2, 15
152, 10,2, 15
152, 11,2, 15
152, 12,2, 15
152, 13,2, 15
152, 14,2, 15
152, 15,2, 15
152, 16,2, 15
152, 17,2, 15
152, 18,2, 15
152, 19,2, 15
152, 20,2, 15
152, 21,2, 15
152, 22,2, 15
152, 23,2, 15
152, 24,2, 15
152, 25,2, 15
152, 26,2, 15
152, 27,2, 15
152, 28,2, 15
152, 29,2, 15
152, 30,2, 15
152, 31,2, 15
152, 32,2, 15
152, 33,2, 15
152, 34,2, 15
152, 35,2, 15
152, 36,2, 15
152, 37,2, 15
152, 38,2, 15
152, 39,2, 15
152, 0,3, 15
152, 1,3, 15
152, 2,3, 15
152, 3,3, 15
152, 4,3, 15
152, 5,3, 15
152, 6,3, 15
152, 7,3, 15
152, 8,3, 15
152, 9,3, 15
152, 10,3, 15
152, 11,3, 15
152, 12,3, 15
152, 13,3, 15
152, 14,3, 15
152, 15,3, 15
152, 16,3, 15
152, 17,3, 15
152, 18,3, 15
152, 19,3, 15
152, 20,3, 15
152, 21,3, 15
152, 22,3, 15
152, 23,3, 15
152, 24,3, 15
152, 25,3, 15
152, 26,3, 15
152, 27,3, 15
152, 28,3, 15
152, 29,3, 15
152, 30,3, 15
152, 31,3, 15
152, 32,3, 15
152, 33,3, 15
152, 34,3, 15
152, 35,3, 15
152, 36,3, 15
152, 37,3, 15
152, 38,3, 15
152, 39,3, 15
152, 0,4, 15
152, 1,4, 15
152, 2,4, 15
152, 3,4, 15
152, 4,4, 15
152, 5,4, 15
152, 6,4, 15
152, 7,4, 15
152, 8,4, 15
152, 9,4, 15
152, 10,4, 15
152, 11,4, 15
152, 12,4, 15
152, 13,4, 15
152, 14,4, 15
152, 15,4, 15
152, 16,4, 15
152, 17,4, 15
152, 18,4, 15
152, 19,4, 15
152, 20,4, 15
152, 21,4, 15
152, 22,4, 15
152, 23,4, 15
152, 24,4, 15
152, 25,4, 15
152, 26,4, 15
152, 27,4, 15
152, 28,4, 15
152, 29,4, 15
152, 30,4, 15
152, 31,4, 15
152, 32,4, 15
152, 33,4, 15
152, 34,4, 15
152, 35,4, 15
152, 36,4, 15
152, 37,4, 15
152, 38,4, 15
152, 39,4, 15
153, 0,0, 15
153, 1,0, 15
153, 2,0, 15
153, 3,0, 15
153, 4,0, 15
153, 5,0, 15
153, 6,0, 15
153, 7,0, 15
153, 8,0, 15
153, 9,0, 15
153, 10,0, 15
153, 11,0, 15
153, 12,0, 15
153, 13,0, 15
153, 14,0, 15
153, 15,0, 15
153, 16,0, 15
153, 17,0, 15
153, 18,0, 15
153, 19,0, 15
153, 20,0, 15
153, 21,0, 15
153, 22,0, 15
153, 23,0, 15
153, 24,0, 15
153, 25,0, 15
153, 26,0, 15
153, 27,0, 15
153, 28,0, 15
153, 29,0, 15
153, 30,0, 15
153, 31,0, 15
153, 32,0, 15
153, 33,0, 15
153, 34,0, 15
153, 35,0, 15
153, 36,0, 15
153, 37,0, 15
153, 38,0, 15
153, 39,0, 15
153, 0,1, 15
153, 1,1, 15
153, 2,1, 15
153, 3,1, 15
153, 4,1, 15
153, 5,1, 15
153, 6,1, 15
153, 7,1, 15
153, 8,1, 15
153, 9,1, 15
153, 10,1, 15
153, 11,1, 15
153, 12,1, 15
153, 13,1, 15
153, 14,1, 15
153, 15,1, 15
153, 16,1, 15
153, 17,1, 15
153, 18,1, 15
153, 19,1, 15
153, 20,1, 15
153, 21,1, 15
153, 22,1, 15
153, 23,1, 15
153, 24,1, 15
153, 25,1, 15
153, 26,1, 15
153, 27,1, 15
153, 28,1, 15
153, 29,1, 15
153, 30,1, 15
153, 31,1, 15
153, 32,1, 15
153, 33,1, 15
153, 34,1, 15
153, 35,1, 15
153, 36,1, 15
153, 37,1, 15
153, 38,1, 15
153, 39,1, 15
153, 0,2, 15
153, 1,2, 15
153, 2,2, 15
153, 3,2, 15
153, 4,2, 15
153, 5,2, 15
153, 6,2, 15
153, 7,2, 15
153, 8,2, 15
153, 9,2, 15
153, 10,2, 15
153, 11,2, 15
153, 12,2, 15
153, 13,2, 15
153, 14,2, 15
153, 15,2, 15
153, 16,2, 15
153, 17,2, 15
153, 18,2, 15
153, 19,2, 15
153, 20,2, 15
153, 21,2, 15
153, 22,2, 15
153, 23,2, 15
153, 24,2, 15
153, 25,2, 15
153, 26,2, 15
153, 27,2, 15
153, 28,2, 15
153, 29,2, 15
153, 30,2, 15
153, 31,2, 15
153, 32,2, 15
153, 33,2, 15
153, 34,2, 15
153, 35,2, 15
153, 36,2, 15
153, 37,2, 15
153, 38,2, 15
153, 39,2, 15
153, 0,3, 15
153, 1,3, 15
153, 2,3, 15
153, 3,3, 15
153, 4,3, 15
153, 5,3, 15
153, 6,3, 15
153, 7,3, 15
153, 8,3, 15
153, 9,3, 15
153, 10,3, 15
153, 11,3, 15
153, 12,3, 15
153, 13,3, 15
153, 14,3, 15
153, 15,3, 15
153, 16,3, 15
153, 17,3, 15
153, 18,3, 15
153, 19,3, 15
153, 20,3, 15
153, 21,3, 15
153, 22,3, 15
153, 23,3, 15
153, 24,3, 15
153, 25,3, 15
153, 26,3, 15
153, 27,3, 15
153, 28,3, 15
153, 29,3, 15
153, 30,3, 15
153, 31,3, 15
153, 32,3, 15
153, 33,3, 15
153, 34,3, 15
153, 35,3, 15
153, 36,3, 15
153, 37,3, 15
153, 38,3, 15
153, 39,3, 15
153, 0,4, 15
153, 1,4, 15
153, 2,4, 15
153, 3,4, 15
153, 4,4, 15
153, 5,4, 15
153, 6,4, 15
153, 7,4, 15
153, 8,4, 15
153, 9,4, 15
153, 10,4, 15
153, 11,4, 15
153, 12,4, 15
153, 13,4, 15
153, 14,4, 15
153, 15,4, 15
153, 16,4, 15
153, 17,4, 15
153, 18,4, 15
153, 19,4, 15
153, 20,4, 15
153, 21,4, 15
153, 22,4, 15
153, 23,4, 15
153, 24,4, 15
153, 25,4, 15
153, 26,4, 15
153, 27,4, 15
153, 28,4, 15
153, 29,4, 15
153, 30,4, 15
153, 31,4, 15
153, 32,4, 15
153, 33,4, 15
153, 34,4, 15
153, 35,4, 15
153, 36,4, 15
153, 37,4, 15
153, 38,4, 15
153, 39,4, 15
154, 0,0, 15
154, 1,0, 15
154, 2,0, 15
154, 3,0, 15
154, 4,0, 15
154, 5,0, 15
154, 6,0, 15
154, 7,0, 15
154, 8,0, 15
154, 9,0, 15
154, 10,0, 15
154, 11,0, 15
154, 12,0, 15
154, 13,0, 15
154, 14,0, 15
154, 15,0, 15
154, 16,0, 15
154, 17,0, 15
154, 18,0, 15
154, 19,0, 15
154, 20,0, 15
154, 21,0, 15
154, 22,0, 15
154, 23,0, 15
154, 24,0, 15
154, 25,0, 15
154, 26,0, 15
154, 27,0, 15
154, 28,0, 15
154, 29,0, 15
154, 30,0, 15
154, 31,0, 15
154, 32,0, 15
154, 33,0, 15
154, 34,0, 15
154, 35,0, 15
154, 36,0, 15
154, 37,0, 15
154, 38,0, 15
154, 39,0, 15
154, 0,1, 15
154, 1,1, 15
154, 2,1, 15
154, 3,1, 15
154, 4,1, 15
154, 5,1, 15
154, 6,1, 15
154, 7,1, 15
154, 8,1, 15
154, 9,1, 15
154, 10,1, 15
154, 11,1, 15
154, 12,1, 15
154, 13,1, 15
154, 14,1, 15
154, 15,1, 15
154, 16,1, 15
154, 17,1, 15
154, 18,1, 15
154, 19,1, 15
154, 20,1, 15
154, 21,1, 15
154, 22,1, 15
154, 23,1, 15
154, 24,1, 15
154, 25,1, 15
154, 26,1, 15
154, 27,1, 15
154, 28,1, 15
154, 29,1, 15
154, 30,1, 15
154, 31,1, 15
154, 32,1, 15
154, 33,1, 15
154, 34,1, 15
154, 35,1, 15
154, 36,1, 15
154, 37,1, 15
154, 38,1, 15
154, 39,1, 15
154, 0,2, 15
154, 1,2, 15
154, 2,2, 15
154, 3,2, 15
154, 4,2, 15
154, 5,2, 15
154, 6,2, 15
154, 7,2, 15
154, 8,2, 15
154, 9,2, 15
154, 10,2, 15
154, 11,2, 15
154, 12,2, 15
154, 13,2, 15
154, 14,2, 15
154, 15,2, 15
154, 16,2, 15
154, 17,2, 15
154, 18,2, 15
154, 19,2, 15
154, 20,2, 15
154, 21,2, 15
154, 22,2, 15
154, 23,2, 15
154, 24,2, 15
154, 25,2, 15
154, 26,2, 15
154, 27,2, 15
154, 28,2, 15
154, 29,2, 15
154, 30,2, 15
154, 31,2, 15
154, 32,2, 15
154, 33,2, 15
154, 34,2, 15
154, 35,2, 15
154, 36,2, 15
154, 37,2, 15
154, 38,2, 15
154, 39,2, 15
154, 0,3, 15
154, 1,3, 15
154, 2,3, 15
154, 3,3, 15
154, 4,3, 15
154, 5,3, 15
154, 6,3, 15
154, 7,3, 15
154, 8,3, 15
154, 9,3, 15
154, 10,3, 15
154, 11,3, 15
154, 12,3, 15
154, 13,3, 15
154, 14,3, 15
154, 15,3, 15
154, 16,3, 15
154, 17,3, 15
154, 18,3, 15
154, 19,3, 15
154, 20,3, 15
154, 21,3, 15
154, 22,3, 15
154, 23,3, 15
154, 24,3, 15
154, 25,3, 15
154, 26,3, 15
154, 27,3, 15
154, 28,3, 15
154, 29,3, 15
154, 30,3, 15
154, 31,3, 15
154, 32,3, 15
154, 33,3, 15
154, 34,3, 15
154, 35,3, 15
154, 36,3, 15
154, 37,3, 15
154, 38,3, 15
154, 39,3, 15
154, 0,4, 15
154, 1,4, 15
154, 2,4, 15
154, 3,4, 15
154, 4,4, 15
154, 5,4, 15
154, 6,4, 15
154, 7,4, 15
154, 8,4, 15
154, 9,4, 15
154, 10,4, 15
154, 11,4, 15
154, 12,4, 15
154, 13,4, 15
154, 14,4, 15
154, 15,4, 15
154, 16,4, 15
154, 17,4, 15
154, 18,4, 15
154, 19,4, 15
154, 20,4, 15
154, 21,4, 15
154, 22,4, 15
154, 23,4, 15
154, 24,4, 15
154, 25,4, 15
154, 26,4, 15
154, 27,4, 15
154, 28,4, 15
154, 29,4, 15
154, 30,4, 15
154, 31,4, 15
154, 32,4, 15
154, 33,4, 15
154, 34,4, 15
154, 35,4, 15
154, 36,4, 15
154, 37,4, 15
154, 38,4, 15
154, 39,4, 15
155, 0,0, 15
155, 1,0, 15
155, 2,0, 15
155, 3,0, 15
155, 4,0, 15
155, 5,0, 15
155, 6,0, 15
155, 7,0, 15
155, 8,0, 15
155, 9,0, 15
155, 10,0, 15
155, 11,0, 15
155, 12,0, 15
155, 13,0, 15
155, 14,0, 15
155, 15,0, 15
155, 16,0, 15
155, 17,0, 15
155, 18,0, 15
155, 19,0, 15
155, 20,0, 15
155, 21,0, 15
155, 22,0, 15
155, 23,0, 15
155, 24,0, 15
155, 25,0, 15
155, 26,0, 15
155, 27,0, 15
155, 28,0, 15
155, 29,0, 15
155, 30,0, 15
155, 31,0, 15
155, 32,0, 15
155, 33,0, 15
155, 34,0, 15
155, 35,0, 15
155, 36,0, 15
155, 37,0, 15
155, 38,0, 15
155, 39,0, 15
155, 0,1, 15
155, 1,1, 15
155, 2,1, 15
155, 3,1, 15
155, 4,1, 15
155, 5,1, 15
155, 6,1, 15
155, 7,1, 15
155, 8,1, 15
155, 9,1, 15
155, 10,1, 15
155, 11,1, 15
155, 12,1, 15
155, 13,1, 15
155, 14,1, 15
155, 15,1, 15
155, 16,1, 15
155, 17,1, 15
155, 18,1, 15
155, 19,1, 15
155, 20,1, 15
155, 21,1, 15
155, 22,1, 15
155, 23,1, 15
155, 24,1, 15
155, 25,1, 15
155, 26,1, 15
155, 27,1, 15
155, 28,1, 15
155, 29,1, 15
155, 30,1, 15
155, 31,1, 15
155, 32,1, 15
155, 33,1, 15
155, 34,1, 15
155, 35,1, 15
155, 36,1, 15
155, 37,1, 15
155, 38,1, 15
155, 39,1, 15
155, 0,2, 15
155, 1,2, 15
155, 2,2, 15
155, 3,2, 15
155, 4,2, 15
155, 5,2, 15
155, 6,2, 15
155, 7,2, 15
155, 8,2, 15
155, 9,2, 15
155, 10,2, 15
155, 11,2, 15
155, 12,2, 15
155, 13,2, 15
155, 14,2, 15
155, 15,2, 15
155, 16,2, 15
155, 17,2, 15
155, 18,2, 15
155, 19,2, 15
155, 20,2, 15
155, 21,2, 15
155, 22,2, 15
155, 23,2, 15
155, 24,2, 15
155, 25,2, 15
155, 26,2, 15
155, 27,2, 15
155, 28,2, 15
155, 29,2, 15
155, 30,2, 15
155, 31,2, 15
155, 32,2, 15
155, 33,2, 15
155, 34,2, 15
155, 35,2, 15
155, 36,2, 15
155, 37,2, 15
155, 38,2, 15
155, 39,2, 15
155, 0,3, 15
155, 1,3, 15
155, 2,3, 15
155, 3,3, 15
155, 4,3, 15
155, 5,3, 15
155, 6,3, 15
155, 7,3, 15
155, 8,3, 15
155, 9,3, 15
155, 10,3, 15
155, 11,3, 15
155, 12,3, 15
155, 13,3, 15
155, 14,3, 15
155, 15,3, 15
155, 16,3, 15
155, 17,3, 15
155, 18,3, 15
155, 19,3, 15
155, 20,3, 15
155, 21,3, 15
155, 22,3, 15
155, 23,3, 15
155, 24,3, 15
155, 25,3, 15
155, 26,3, 15
155, 27,3, 15
155, 28,3, 15
155, 29,3, 15
155, 30,3, 15
155, 31,3, 15
155, 32,3, 15
155, 33,3, 15
155, 34,3, 15
155, 35,3, 15
155, 36,3, 15
155, 37,3, 15
155, 38,3, 15
155, 39,3, 15
155, 0,4, 15
155, 1,4, 15
155, 2,4, 15
155, 3,4, 15
155, 4,4, 15
155, 5,4, 15
155, 6,4, 15
155, 7,4, 15
155, 8,4, 15
155, 9,4, 15
155, 10,4, 15
155, 11,4, 15
155, 12,4, 15
155, 13,4, 15
155, 14,4, 15
155, 15,4, 15
155, 16,4, 15
155, 17,4, 15
155, 18,4, 15
155, 19,4, 15
155, 20,4, 15
155, 21,4, 15
155, 22,4, 15
155, 23,4, 15
155, 24,4, 15
155, 25,4, 15
155, 26,4, 15
155, 27,4, 15
155, 28,4, 15
155, 29,4, 15
155, 30,4, 15
155, 31,4, 15
155, 32,4, 15
155, 33,4, 15
155, 34,4, 15
155, 35,4, 15
155, 36,4, 15
155, 37,4, 15
155, 38,4, 15
155, 39,4, 15
156, 0,0, 15
156, 1,0, 15
156, 2,0, 15
156, 3,0, 15
156, 4,0, 15
156, 5,0, 15
156, 6,0, 15
156, 7,0, 15
156, 8,0, 15
156, 9,0, 15
156, 10,0, 15
156, 11,0, 15
156, 12,0, 15
156, 13,0, 15
156, 14,0, 15
156, 15,0, 15
156, 16,0, 15
156, 17,0, 15
156, 18,0, 15
156, 19,0, 15
156, 20,0, 15
156, 21,0, 15
156, 22,0, 15
156, 23,0, 15
156, 24,0, 15
156, 25,0, 15
156, 26,0, 15
156, 27,0, 15
156, 28,0, 15
156, 29,0, 15
156, 30,0, 15
156, 31,0, 15
156, 32,0, 15
156, 33,0, 15
156, 34,0, 15
156, 35,0, 15
156, 36,0, 15
156, 37,0, 15
156, 38,0, 15
156, 39,0, 15
156, 0,1, 15
156, 1,1, 15
156, 2,1, 15
156, 3,1, 15
156, 4,1, 15
156, 5,1, 15
156, 6,1, 15
156, 7,1, 15
156, 8,1, 15
156, 9,1, 15
156, 10,1, 15
156, 11,1, 15
156, 12,1, 15
156, 13,1, 15
156, 14,1, 15
156, 15,1, 15
156, 16,1, 15
156, 17,1, 15
156, 18,1, 15
156, 19,1, 15
156, 20,1, 15
156, 21,1, 15
156, 22,1, 15
156, 23,1, 15
156, 24,1, 15
156, 25,1, 15
156, 26,1, 15
156, 27,1, 15
156, 28,1, 15
156, 29,1, 15
156, 30,1, 15
156, 31,1, 15
156, 32,1, 15
156, 33,1, 15
156, 34,1, 15
156, 35,1, 15
156, 36,1, 15
156, 37,1, 15
156, 38,1, 15
156, 39,1, 15
156, 0,2, 15
156, 1,2, 15
156, 2,2, 15
156, 3,2, 15
156, 4,2, 15
156, 5,2, 15
156, 6,2, 15
156, 7,2, 15
156, 8,2, 15
156, 9,2, 15
156, 10,2, 15
156, 11,2, 15
156, 12,2, 15
156, 13,2, 15
156, 14,2, 15
156, 15,2, 15
156, 16,2, 15
156, 17,2, 15
156, 18,2, 15
156, 19,2, 15
156, 20,2, 15
156, 21,2, 15
156, 22,2, 15
156, 23,2, 15
156, 24,2, 15
156, 25,2, 15
156, 26,2, 15
156, 27,2, 15
156, 28,2, 15
156, 29,2, 15
156, 30,2, 15
156, 31,2, 15
156, 32,2, 15
156, 33,2, 15
156, 34,2, 15
156, 35,2, 15
156, 36,2, 15
156, 37,2, 15
156, 38,2, 15
156, 39,2, 15
156, 0,3, 15
156, 1,3, 15
156, 2,3, 15
156, 3,3, 15
156, 4,3, 15
156, 5,3, 15
156, 6,3, 15
156, 7,3, 15
156, 8,3, 15
156, 9,3, 15
156, 10,3, 15
156, 11,3, 15
156, 12,3, 15
156, 13,3, 15
156, 14,3, 15
156, 15,3, 15
156, 16,3, 15
156, 17,3, 15
156, 18,3, 15
156, 19,3, 15
156, 20,3, 15
156, 21,3, 15
156, 22,3, 15
156, 23,3, 15
156, 24,3, 15
156, 25,3, 15
156, 26,3, 15
156, 27,3, 15
156, 28,3, 15
156, 29,3, 15
156, 30,3, 15
156, 31,3, 15
156, 32,3, 15
156, 33,3, 15
156, 34,3, 15
156, 35,3, 15
156, 36,3, 15
156, 37,3, 15
156, 38,3, 15
156, 39,3, 15
156, 0,4, 15
156, 1,4, 15
156, 2,4, 15
156, 3,4, 15
156, 4,4, 15
156, 5,4, 15
156, 6,4, 15
156, 7,4, 15
156, 8,4, 15
156, 9,4, 15
156, 10,4, 15
156, 11,4, 15
156, 12,4, 15
156, 13,4, 15
156, 14,4, 15
156, 15,4, 15
156, 16,4, 15
156, 17,4, 15
156, 18,4, 15
156, 19,4, 15
156, 20,4, 15
156, 21,4, 15
156, 22,4, 15
156, 23,4, 15
156, 24,4, 15
156, 25,4, 15
156, 26,4, 15
156, 27,4, 15
156, 28,4, 15
156, 29,4, 15
156, 30,4, 15
156, 31,4, 15
156, 32,4, 15
156, 33,4, 15
156, 34,4, 15
156, 35,4, 15
156, 36,4, 15
156, 37,4, 15
156, 38,4, 15
156, 39,4, 15
157, 0,0, 15
157, 1,0, 15
157, 2,0, 15
157, 3,0, 15
157, 4,0, 15
157, 5,0, 15
157, 6,0, 15
157, 7,0, 15
157, 8,0, 15
157, 9,0, 15
157, 10,0, 15
157, 11,0, 15
157, 12,0, 15
157, 13,0, 15
157, 14,0, 15
157, 15,0, 15
157, 16,0, 15
157, 17,0, 15
157, 18,0, 15
157, 19,0, 15
157, 20,0, 15
157, 21,0, 15
157, 22,0, 15
157, 23,0, 15
157, 24,0, 15
157, 25,0, 15
157, 26,0, 15
157, 27,0, 15
157, 28,0, 15
157, 29,0, 15
157, 30,0, 15
157, 31,0, 15
157, 32,0, 15
157, 33,0, 15
157, 34,0, 15
157, 35,0, 15
157, 36,0, 15
157, 37,0, 15
157, 38,0, 15
157, 39,0, 15
157, 0,1, 15
157, 1,1, 15
157, 2,1, 15
157, 3,1, 15
157, 4,1, 15
157, 5,1, 15
157, 6,1, 15
157, 7,1, 15
157, 8,1, 15
157, 9,1, 15
157, 10,1, 15
157, 11,1, 15
157, 12,1, 15
157, 13,1, 15
157, 14,1, 15
157, 15,1, 15
157, 16,1, 15
157, 17,1, 15
157, 18,1, 15
157, 19,1, 15
157, 20,1, 15
157, 21,1, 15
157, 22,1, 15
157, 23,1, 15
157, 24,1, 15
157, 25,1, 15
157, 26,1, 15
157, 27,1, 15
157, 28,1, 15
157, 29,1, 15
157, 30,1, 15
157, 31,1, 15
157, 32,1, 15
157, 33,1, 15
157, 34,1, 15
157, 35,1, 15
157, 36,1, 15
157, 37,1, 15
157, 38,1, 15
157, 39,1, 15
157, 0,2, 15
157, 1,2, 15
157, 2,2, 15
157, 3,2, 15
157, 4,2, 15
157, 5,2, 15
157, 6,2, 15
157, 7,2, 15
157, 8,2, 15
157, 9,2, 15
157, 10,2, 15
157, 11,2, 15
157, 12,2, 15
157, 13,2, 15
157, 14,2, 15
157, 15,2, 15
157, 16,2, 15
157, 17,2, 15
157, 18,2, 15
157, 19,2, 15
157, 20,2, 15
157, 21,2, 15
157, 22,2, 15
157, 23,2, 15
157, 24,2, 15
157, 25,2, 15
157, 26,2, 15
157, 27,2, 15
157, 28,2, 15
157, 29,2, 15
157, 30,2, 15
157, 31,2, 15
157, 32,2, 15
157, 33,2, 15
157, 34,2, 15
157, 35,2, 15
157, 36,2, 15
157, 37,2, 15
157, 38,2, 15
157, 39,2, 15
157, 0,3, 15
157, 1,3, 15
157, 2,3, 15
157, 3,3, 15
157, 4,3, 15
157, 5,3, 15
157, 6,3, 15
157, 7,3, 15
157, 8,3, 15
157, 9,3, 15
157, 10,3, 15
157, 11,3, 15
157, 12,3, 15
157, 13,3, 15
157, 14,3, 15
157, 15,3, 15
157, 16,3, 15
157, 17,3, 15
157, 18,3, 15
157, 19,3, 15
157, 20,3, 15
157, 21,3, 15
157, 22,3, 15
157, 23,3, 15
157, 24,3, 15
157, 25,3, 15
157, 26,3, 15
157, 27,3, 15
157, 28,3, 15
157, 29,3, 15
157, 30,3, 15
157, 31,3, 15
157, 32,3, 15
157, 33,3, 15
157, 34,3, 15
157, 35,3, 15
157, 36,3, 15
157, 37,3, 15
157, 38,3, 15
157, 39,3, 15
157, 0,4, 15
157, 1,4, 15
157, 2,4, 15
157, 3,4, 15
157, 4,4, 15
157, 5,4, 15
157, 6,4, 15
157, 7,4, 15
157, 8,4, 15
157, 9,4, 15
157, 10,4, 15
157, 11,4, 15
157, 12,4, 15
157, 13,4, 15
157, 14,4, 15
157, 15,4, 15
157, 16,4, 15
157, 17,4, 15
157, 18,4, 15
157, 19,4, 15
157, 20,4, 15
157, 21,4, 15
157, 22,4, 15
157, 23,4, 15
157, 24,4, 15
157, 25,4, 15
157, 26,4, 15
157, 27,4, 15
157, 28,4, 15
157, 29,4, 15
157, 30,4, 15
157, 31,4, 15
157, 32,4, 15
157, 33,4, 15
157, 34,4, 15
157, 35,4, 15
157, 36,4, 15
157, 37,4, 15
157, 38,4, 15
157, 39,4, 15
158, 0,0, 15
158, 1,0, 15
158, 2,0, 15
158, 3,0, 15
158, 4,0, 15
158, 5,0, 15
158, 6,0, 15
158, 7,0, 15
158, 8,0, 15
158, 9,0, 15
158, 10,0, 15
158, 11,0, 15
158, 12,0, 15
158, 13,0, 15
158, 14,0, 15
158, 15,0, 15
158, 16,0, 15
158, 17,0, 15
158, 18,0, 15
158, 19,0, 15
158, 20,0, 15
158, 21,0, 15
158, 22,0, 15
158, 23,0, 15
158, 24,0, 15
158, 25,0, 15
158, 26,0, 15
158, 27,0, 15
158, 28,0, 15
158, 29,0, 15
158, 30,0, 15
158, 31,0, 15
158, 32,0, 15
158, 33,0, 15
158, 34,0, 15
158, 35,0, 15
158, 36,0, 15
158, 37,0, 15
158, 38,0, 15
158, 39,0, 15
158, 0,1, 15
158, 1,1, 15
158, 2,1, 15
158, 3,1, 15
158, 4,1, 15
158, 5,1, 15
158, 6,1, 15
158, 7,1, 15
158, 8,1, 15
158, 9,1, 15
158, 10,1, 15
158, 11,1, 15
158, 12,1, 15
158, 13,1, 15
158, 14,1, 15
158, 15,1, 15
158, 16,1, 15
158, 17,1, 15
158, 18,1, 15
158, 19,1, 15
158, 20,1, 15
158, 21,1, 15
158, 22,1, 15
158, 23,1, 15
158, 24,1, 15
158, 25,1, 15
158, 26,1, 15
158, 27,1, 15
158, 28,1, 15
158, 29,1, 15
158, 30,1, 15
158, 31,1, 15
158, 32,1, 15
158, 33,1, 15
158, 34,1, 15
158, 35,1, 15
158, 36,1, 15
158, 37,1, 15
158, 38,1, 15
158, 39,1, 15
158, 0,2, 15
158, 1,2, 15
158, 2,2, 15
158, 3,2, 15
158, 4,2, 15
158, 5,2, 15
158, 6,2, 15
158, 7,2, 15
158, 8,2, 15
158, 9,2, 15
158, 10,2, 15
158, 11,2, 15
158, 12,2, 15
158, 13,2, 15
158, 14,2, 15
158, 15,2, 15
158, 16,2, 15
158, 17,2, 15
158, 18,2, 15
158, 19,2, 15
158, 20,2, 15
158, 21,2, 15
158, 22,2, 15
158, 23,2, 15
158, 24,2, 15
158, 25,2, 15
158, 26,2, 15
158, 27,2, 15
158, 28,2, 15
158, 29,2, 15
158, 30,2, 15
158, 31,2, 15
158, 32,2, 15
158, 33,2, 15
158, 34,2, 15
158, 35,2, 15
158, 36,2, 15
158, 37,2, 15
158, 38,2, 15
158, 39,2, 15
158, 0,3, 15
158, 1,3, 15
158, 2,3, 15
158, 3,3, 15
158, 4,3, 15
158, 5,3, 15
158, 6,3, 15
158, 7,3, 15
158, 8,3, 15
158, 9,3, 15
158, 10,3, 15
158, 11,3, 15
158, 12,3, 15
158, 13,3, 15
158, 14,3, 15
158, 15,3, 15
158, 16,3, 15
158, 17,3, 15
158, 18,3, 15
158, 19,3, 15
158, 20,3, 15
158, 21,3, 15
158, 22,3, 15
158, 23,3, 15
158, 24,3, 15
158, 25,3, 15
158, 26,3, 15
158, 27,3, 15
158, 28,3, 15
158, 29,3, 15
158, 30,3, 15
158, 31,3, 15
158, 32,3, 15
158, 33,3, 15
158, 34,3, 15
158, 35,3, 15
158, 36,3, 15
158, 37,3, 15
158, 38,3, 15
158, 39,3, 15
158, 0,4, 15
158, 1,4, 15
158, 2,4, 15
158, 3,4, 15
158, 4,4, 15
158, 5,4, 15
158, 6,4, 15
158, 7,4, 15
158, 8,4, 15
158, 9,4, 15
158, 10,4, 15
158, 11,4, 15
158, 12,4, 15
158, 13,4, 15
158, 14,4, 15
158, 15,4, 15
158, 16,4, 15
158, 17,4, 15
158, 18,4, 15
158, 19,4, 15
158, 20,4, 15
158, 21,4, 15
158, 22,4, 15
158, 23,4, 15
158, 24,4, 15
158, 25,4, 15
158, 26,4, 15
158, 27,4, 15
158, 28,4, 15
158, 29,4, 15
158, 30,4, 15
158, 31,4, 15
158, 32,4, 15
158, 33,4, 15
158, 34,4, 15
158, 35,4, 15
158, 36,4, 15
158, 37,4, 15
158, 38,4, 15
158, 39,4, 15
159, 0,0, 15
159, 1,0, 15
159, 2,0, 15
159, 3,0, 15
159, 4,0, 15
159, 5,0, 15
159, 6,0, 15
159, 7,0, 15
159, 8,0, 15
159, 9,0, 15
159, 10,0, 15
159, 11,0, 15
159, 12,0, 15
159, 13,0, 15
159, 14,0, 15
159, 15,0, 15
159, 16,0, 15
159, 17,0, 15
159, 18,0, 15
159, 19,0, 15
159, 20,0, 15
159, 21,0, 15
159, 22,0, 15
159, 23,0, 15
159, 24,0, 15
159, 25,0, 15
159, 26,0, 15
159, 27,0, 15
159, 28,0, 15
159, 29,0, 15
159, 30,0, 15
159, 31,0, 15
159, 32,0, 15
159, 33,0, 15
159, 34,0, 15
159, 35,0, 15
159, 36,0, 15
159, 37,0, 15
159, 38,0, 15
159, 39,0, 15
159, 0,1, 15
159, 1,1, 15
159, 2,1, 15
159, 3,1, 15
159, 4,1, 15
159, 5,1, 15
159, 6,1, 15
159, 7,1, 15
159, 8,1, 15
159, 9,1, 15
159, 10,1, 15
159, 11,1, 15
159, 12,1, 15
159, 13,1, 15
159, 14,1, 15
159, 15,1, 15
159, 16,1, 15
159, 17,1, 15
159, 18,1, 15
159, 19,1, 15
159, 20,1, 15
159, 21,1, 15
159, 22,1, 15
159, 23,1, 15
159, 24,1, 15
159, 25,1, 15
159, 26,1, 15
159, 27,1, 15
159, 28,1, 15
159, 29,1, 15
159, 30,1, 15
159, 31,1, 15
159, 32,1, 15
159, 33,1, 15
159, 34,1, 15
159, 35,1, 15
159, 36,1, 15
159, 37,1, 15
159, 38,1, 15
159, 39,1, 15
159, 0,2, 15
159, 1,2, 15
159, 2,2, 15
159, 3,2, 15
159, 4,2, 15
159, 5,2, 15
159, 6,2, 15
159, 7,2, 15
159, 8,2, 15
159, 9,2, 15
159, 10,2, 15
159, 11,2, 15
159, 12,2, 15
159, 13,2, 15
159, 14,2, 15
159, 15,2, 15
159, 16,2, 15
159, 17,2, 15
159, 18,2, 15
159, 19,2, 15
159, 20,2, 15
159, 21,2, 15
159, 22,2, 15
159, 23,2, 15
159, 24,2, 15
159, 25,2, 15
159, 26,2, 15
159, 27,2, 15
159, 28,2, 15
159, 29,2, 15
159, 30,2, 15
159, 31,2, 15
159, 32,2, 15
159, 33,2, 15
159, 34,2, 15
159, 35,2, 15
159, 36,2, 15
159, 37,2, 15
159, 38,2, 15
159, 39,2, 15
159, 0,3, 15
159, 1,3, 15
159, 2,3, 15
159, 3,3, 15
159, 4,3, 15
159, 5,3, 15
159, 6,3, 15
159, 7,3, 15
159, 8,3, 15
159, 9,3, 15
159, 10,3, 15
159, 11,3, 15
159, 12,3, 15
159, 13,3, 15
159, 14,3, 15
159, 15,3, 15
159, 16,3, 15
159, 17,3, 15
159, 18,3, 15
159, 19,3, 15
159, 20,3, 15
159, 21,3, 15
159, 22,3, 15
159, 23,3, 15
159, 24,3, 15
159, 25,3, 15
159, 26,3, 15
159, 27,3, 15
159, 28,3, 15
159, 29,3, 15
159, 30,3, 15
159, 31,3, 15
159, 32,3, 15
159, 33,3, 15
159, 34,3, 15
159, 35,3, 15
159, 36,3, 15
159, 37,3, 15
159, 38,3, 15
159, 39,3, 15
159, 0,4, 15
159, 1,4, 15
159, 2,4, 15
159, 3,4, 15
159, 4,4, 15
159, 5,4, 15
159, 6,4, 15
159, 7,4, 15
159, 8,4, 15
159, 9,4, 15
159, 10,4, 15
159, 11,4, 15
159, 12,4, 15
159, 13,4, 15
159, 14,4, 15
159, 15,4, 15
159, 16,4, 15
159, 17,4, 15
159, 18,4, 15
159, 19,4, 15
159, 20,4, 15
159, 21,4, 15
159, 22,4, 15
159, 23,4, 15
159, 24,4, 15
159, 25,4, 15
159, 26,4, 15
159, 27,4, 15
159, 28,4, 15
159, 29,4, 15
159, 30,4, 15
159, 31,4, 15
159, 32,4, 15
159, 33,4, 15
159, 34,4, 15
159, 35,4, 15
159, 36,4, 15
159, 37,4, 15
159, 38,4, 15
159, 39,4, 15
160, 0,0, 15
160, 1,0, 15
160, 2,0, 15
160, 3,0, 15
160, 4,0, 15
160, 5,0, 15
160, 6,0, 15
160, 7,0, 15
160, 8,0, 15
160, 9,0, 15
160, 10,0, 15
160, 11,0, 15
160, 12,0, 15
160, 13,0, 15
160, 14,0, 15
160, 15,0, 15
160, 16,0, 15
160, 17,0, 15
160, 18,0, 15
160, 19,0, 15
160, 20,0, 15
160, 21,0, 15
160, 22,0, 15
160, 23,0, 15
160, 24,0, 15
160, 25,0, 15
160, 26,0, 15
160, 27,0, 15
160, 28,0, 15
160, 29,0, 15
160, 30,0, 15
160, 31,0, 15
160, 32,0, 15
160, 33,0, 15
160, 34,0, 15
160, 35,0, 15
160, 36,0, 15
160, 37,0, 15
160, 38,0, 15
160, 39,0, 15
160, 0,1, 15
160, 1,1, 15
160, 2,1, 15
160, 3,1, 15
160, 4,1, 15
160, 5,1, 15
160, 6,1, 15
160, 7,1, 15
160, 8,1, 15
160, 9,1, 15
160, 10,1, 15
160, 11,1, 15
160, 12,1, 15
160, 13,1, 15
160, 14,1, 15
160, 15,1, 15
160, 16,1, 15
160, 17,1, 15
160, 18,1, 15
160, 19,1, 15
160, 20,1, 15
160, 21,1, 15
160, 22,1, 15
160, 23,1, 15
160, 24,1, 15
160, 25,1, 15
160, 26,1, 15
160, 27,1, 15
160, 28,1, 15
160, 29,1, 15
160, 30,1, 15
160, 31,1, 15
160, 32,1, 15
160, 33,1, 15
160, 34,1, 15
160, 35,1, 15
160, 36,1, 15
160, 37,1, 15
160, 38,1, 15
160, 39,1, 15
160, 0,2, 15
160, 1,2, 15
160, 2,2, 15
160, 3,2, 15
160, 4,2, 15
160, 5,2, 15
160, 6,2, 15
160, 7,2, 15
160, 8,2, 15
160, 9,2, 15
160, 10,2, 15
160, 11,2, 15
160, 12,2, 15
160, 13,2, 15
160, 14,2, 15
160, 15,2, 15
160, 16,2, 15
160, 17,2, 15
160, 18,2, 15
160, 19,2, 15
160, 20,2, 15
160, 21,2, 15
160, 22,2, 15
160, 23,2, 15
160, 24,2, 15
160, 25,2, 15
160, 26,2, 15
160, 27,2, 15
160, 28,2, 15
160, 29,2, 15
160, 30,2, 15
160, 31,2, 15
160, 32,2, 15
160, 33,2, 15
160, 34,2, 15
160, 35,2, 15
160, 36,2, 15
160, 37,2, 15
160, 38,2, 15
160, 39,2, 15
160, 0,3, 15
160, 1,3, 15
160, 2,3, 15
160, 3,3, 15
160, 4,3, 15
160, 5,3, 15
160, 6,3, 15
160, 7,3, 15
160, 8,3, 15
160, 9,3, 15
160, 10,3, 15
160, 11,3, 15
160, 12,3, 15
160, 13,3, 15
160, 14,3, 15
160, 15,3, 15
160, 16,3, 15
160, 17,3, 15
160, 18,3, 15
160, 19,3, 15
160, 20,3, 15
160, 21,3, 15
160, 22,3, 15
160, 23,3, 15
160, 24,3, 15
160, 25,3, 15
160, 26,3, 15
160, 27,3, 15
160, 28,3, 15
160, 29,3, 15
160, 30,3, 15
160, 31,3, 15
160, 32,3, 15
160, 33,3, 15
160, 34,3, 15
160, 35,3, 15
160, 36,3, 15
160, 37,3, 15
160, 38,3, 15
160, 39,3, 15
160, 0,4, 15
160, 1,4, 15
160, 2,4, 15
160, 3,4, 15
160, 4,4, 15
160, 5,4, 15
160, 6,4, 15
160, 7,4, 15
160, 8,4, 15
160, 9,4, 15
160, 10,4, 15
160, 11,4, 15
160, 12,4, 15
160, 13,4, 15
160, 14,4, 15
160, 15,4, 15
160, 16,4, 15
160, 17,4, 15
160, 18,4, 15
160, 19,4, 15
160, 20,4, 15
160, 21,4, 15
160, 22,4, 15
160, 23,4, 15
160, 24,4, 15
160, 25,4, 15
160, 26,4, 15
160, 27,4, 15
160, 28,4, 15
160, 29,4, 15
160, 30,4, 15
160, 31,4, 15
160, 32,4, 15
160, 33,4, 15
160, 34,4, 15
160, 35,4, 15
160, 36,4, 15
160, 37,4, 15
160, 38,4, 15
160, 39,4, 15
161, 0,0, 15
161, 1,0, 15
161, 2,0, 15
161, 3,0, 15
161, 4,0, 15
161, 5,0, 15
161, 6,0, 15
161, 7,0, 15
161, 8,0, 15
161, 9,0, 15
161, 10,0, 15
161, 11,0, 15
161, 12,0, 15
161, 13,0, 15
161, 14,0, 15
161, 15,0, 15
161, 16,0, 15
161, 17,0, 15
161, 18,0, 15
161, 19,0, 15
161, 20,0, 15
161, 21,0, 15
161, 22,0, 15
161, 23,0, 15
161, 24,0, 15
161, 25,0, 15
161, 26,0, 15
161, 27,0, 15
161, 28,0, 15
161, 29,0, 15
161, 30,0, 15
161, 31,0, 15
161, 32,0, 15
161, 33,0, 15
161, 34,0, 15
161, 35,0, 15
161, 36,0, 15
161, 37,0, 15
161, 38,0, 15
161, 39,0, 15
161, 0,1, 15
161, 1,1, 15
161, 2,1, 15
161, 3,1, 15
161, 4,1, 15
161, 5,1, 15
161, 6,1, 15
161, 7,1, 15
161, 8,1, 15
161, 9,1, 15
161, 10,1, 15
161, 11,1, 15
161, 12,1, 15
161, 13,1, 15
161, 14,1, 15
161, 15,1, 15
161, 16,1, 15
161, 17,1, 15
161, 18,1, 15
161, 19,1, 15
161, 20,1, 15
161, 21,1, 15
161, 22,1, 15
161, 23,1, 15
161, 24,1, 15
161, 25,1, 15
161, 26,1, 15
161, 27,1, 15
161, 28,1, 15
161, 29,1, 15
161, 30,1, 15
161, 31,1, 15
161, 32,1, 15
161, 33,1, 15
161, 34,1, 15
161, 35,1, 15
161, 36,1, 15
161, 37,1, 15
161, 38,1, 15
161, 39,1, 15
161, 0,2, 15
161, 1,2, 15
161, 2,2, 15
161, 3,2, 15
161, 4,2, 15
161, 5,2, 15
161, 6,2, 15
161, 7,2, 15
161, 8,2, 15
161, 9,2, 15
161, 10,2, 15
161, 11,2, 15
161, 12,2, 15
161, 13,2, 15
161, 14,2, 15
161, 15,2, 15
161, 16,2, 15
161, 17,2, 15
161, 18,2, 15
161, 19,2, 15
161, 20,2, 15
161, 21,2, 15
161, 22,2, 15
161, 23,2, 15
161, 24,2, 15
161, 25,2, 15
161, 26,2, 15
161, 27,2, 15
161, 28,2, 15
161, 29,2, 15
161, 30,2, 15
161, 31,2, 15
161, 32,2, 15
161, 33,2, 15
161, 34,2, 15
161, 35,2, 15
161, 36,2, 15
161, 37,2, 15
161, 38,2, 15
161, 39,2, 15
161, 0,3, 15
161, 1,3, 15
161, 2,3, 15
161, 3,3, 15
161, 4,3, 15
161, 5,3, 15
161, 6,3, 15
161, 7,3, 15
161, 8,3, 15
161, 9,3, 15
161, 10,3, 15
161, 11,3, 15
161, 12,3, 15
161, 13,3, 15
161, 14,3, 15
161, 15,3, 15
161, 16,3, 15
161, 17,3, 15
161, 18,3, 15
161, 19,3, 15
161, 20,3, 15
161, 21,3, 15
161, 22,3, 15
161, 23,3, 15
161, 24,3, 15
161, 25,3, 15
161, 26,3, 15
161, 27,3, 15
161, 28,3, 15
161, 29,3, 15
161, 30,3, 15
161, 31,3, 15
161, 32,3, 15
161, 33,3, 15
161, 34,3, 15
161, 35,3, 15
161, 36,3, 15
161, 37,3, 15
161, 38,3, 15
161, 39,3, 15
161, 0,4, 15
161, 1,4, 15
161, 2,4, 15
161, 3,4, 15
161, 4,4, 15
161, 5,4, 15
161, 6,4, 15
161, 7,4, 15
161, 8,4, 15
161, 9,4, 15
161, 10,4, 15
161, 11,4, 15
161, 12,4, 15
161, 13,4, 15
161, 14,4, 15
161, 15,4, 15
161, 16,4, 15
161, 17,4, 15
161, 18,4, 15
161, 19,4, 15
161, 20,4, 15
161, 21,4, 15
161, 22,4, 15
161, 23,4, 15
161, 24,4, 15
161, 25,4, 15
161, 26,4, 15
161, 27,4, 15
161, 28,4, 15
161, 29,4, 15
161, 30,4, 15
161, 31,4, 15
161, 32,4, 15
161, 33,4, 15
161, 34,4, 15
161, 35,4, 15
161, 36,4, 15
161, 37,4, 15
161, 38,4, 15
161, 39,4, 15
162, 0,0, 15
162, 1,0, 15
162, 2,0, 15
162, 3,0, 15
162, 4,0, 15
162, 5,0, 15
162, 6,0, 15
162, 7,0, 15
162, 8,0, 15
162, 9,0, 15
162, 10,0, 15
162, 11,0, 15
162, 12,0, 15
162, 13,0, 15
162, 14,0, 15
162, 15,0, 15
162, 16,0, 15
162, 17,0, 15
162, 18,0, 15
162, 19,0, 15
162, 20,0, 15
162, 21,0, 15
162, 22,0, 15
162, 23,0, 15
162, 24,0, 15
162, 25,0, 15
162, 26,0, 15
162, 27,0, 15
162, 28,0, 15
162, 29,0, 15
162, 30,0, 15
162, 31,0, 15
162, 32,0, 15
162, 33,0, 15
162, 34,0, 15
162, 35,0, 15
162, 36,0, 15
162, 37,0, 15
162, 38,0, 15
162, 39,0, 15
162, 0,1, 15
162, 1,1, 15
162, 2,1, 15
162, 3,1, 15
162, 4,1, 15
162, 5,1, 15
162, 6,1, 15
162, 7,1, 15
162, 8,1, 15
162, 9,1, 15
162, 10,1, 15
162, 11,1, 15
162, 12,1, 15
162, 13,1, 15
162, 14,1, 15
162, 15,1, 15
162, 16,1, 15
162, 17,1, 15
162, 18,1, 15
162, 19,1, 15
162, 20,1, 15
162, 21,1, 15
162, 22,1, 15
162, 23,1, 15
162, 24,1, 15
162, 25,1, 15
162, 26,1, 15
162, 27,1, 15
162, 28,1, 15
162, 29,1, 15
162, 30,1, 15
162, 31,1, 15
162, 32,1, 15
162, 33,1, 15
162, 34,1, 15
162, 35,1, 15
162, 36,1, 15
162, 37,1, 15
162, 38,1, 15
162, 39,1, 15
162, 0,2, 15
162, 1,2, 15
162, 2,2, 15
162, 3,2, 15
162, 4,2, 15
162, 5,2, 15
162, 6,2, 15
162, 7,2, 15
162, 8,2, 15
162, 9,2, 15
162, 10,2, 15
162, 11,2, 15
162, 12,2, 15
162, 13,2, 15
162, 14,2, 15
162, 15,2, 15
162, 16,2, 15
162, 17,2, 15
162, 18,2, 15
162, 19,2, 15
162, 20,2, 15
162, 21,2, 15
162, 22,2, 15
162, 23,2, 15
162, 24,2, 15
162, 25,2, 15
162, 26,2, 15
162, 27,2, 15
162, 28,2, 15
162, 29,2, 15
162, 30,2, 15
162, 31,2, 15
162, 32,2, 15
162, 33,2, 15
162, 34,2, 15
162, 35,2, 15
162, 36,2, 15
162, 37,2, 15
162, 38,2, 15
162, 39,2, 15
162, 0,3, 15
162, 1,3, 15
162, 2,3, 15
162, 3,3, 15
162, 4,3, 15
162, 5,3, 15
162, 6,3, 15
162, 7,3, 15
162, 8,3, 15
162, 9,3, 15
162, 10,3, 15
162, 11,3, 15
162, 12,3, 15
162, 13,3, 15
162, 14,3, 15
162, 15,3, 15
162, 16,3, 15
162, 17,3, 15
162, 18,3, 15
162, 19,3, 15
162, 20,3, 15
162, 21,3, 15
162, 22,3, 15
162, 23,3, 15
162, 24,3, 15
162, 25,3, 15
162, 26,3, 15
162, 27,3, 15
162, 28,3, 15
162, 29,3, 15
162, 30,3, 15
162, 31,3, 15
162, 32,3, 15
162, 33,3, 15
162, 34,3, 15
162, 35,3, 15
162, 36,3, 15
162, 37,3, 15
162, 38,3, 15
162, 39,3, 15
162, 0,4, 15
162, 1,4, 15
162, 2,4, 15
162, 3,4, 15
162, 4,4, 15
162, 5,4, 15
162, 6,4, 15
162, 7,4, 15
162, 8,4, 15
162, 9,4, 15
162, 10,4, 15
162, 11,4, 15
162, 12,4, 15
162, 13,4, 15
162, 14,4, 15
162, 15,4, 15
162, 16,4, 15
162, 17,4, 15
162, 18,4, 15
162, 19,4, 15
162, 20,4, 15
162, 21,4, 15
162, 22,4, 15
162, 23,4, 15
162, 24,4, 15
162, 25,4, 15
162, 26,4, 15
162, 27,4, 15
162, 28,4, 15
162, 29,4, 15
162, 30,4, 15
162, 31,4, 15
162, 32,4, 15
162, 33,4, 15
162, 34,4, 15
162, 35,4, 15
162, 36,4, 15
162, 37,4, 15
162, 38,4, 15
162, 39,4, 15
163, 0,0, 15
163, 1,0, 15
163, 2,0, 15
163, 3,0, 15
163, 4,0, 15
163, 5,0, 15
163, 6,0, 15
163, 7,0, 15
163, 8,0, 15
163, 9,0, 15
163, 10,0, 15
163, 11,0, 15
163, 12,0, 15
163, 13,0, 15
163, 14,0, 15
163, 15,0, 15
163, 16,0, 15
163, 17,0, 15
163, 18,0, 15
163, 19,0, 15
163, 20,0, 15
163, 21,0, 15
163, 22,0, 15
163, 23,0, 15
163, 24,0, 15
163, 25,0, 15
163, 26,0, 15
163, 27,0, 15
163, 28,0, 15
163, 29,0, 15
163, 30,0, 15
163, 31,0, 15
163, 32,0, 15
163, 33,0, 15
163, 34,0, 15
163, 35,0, 15
163, 36,0, 15
163, 37,0, 15
163, 38,0, 15
163, 39,0, 15
163, 0,1, 15
163, 1,1, 15
163, 2,1, 15
163, 3,1, 15
163, 4,1, 15
163, 5,1, 15
163, 6,1, 15
163, 7,1, 15
163, 8,1, 15
163, 9,1, 15
163, 10,1, 15
163, 11,1, 15
163, 12,1, 15
163, 13,1, 15
163, 14,1, 15
163, 15,1, 15
163, 16,1, 15
163, 17,1, 15
163, 18,1, 15
163, 19,1, 15
163, 20,1, 15
163, 21,1, 15
163, 22,1, 15
163, 23,1, 15
163, 24,1, 15
163, 25,1, 15
163, 26,1, 15
163, 27,1, 15
163, 28,1, 15
163, 29,1, 15
163, 30,1, 15
163, 31,1, 15
163, 32,1, 15
163, 33,1, 15
163, 34,1, 15
163, 35,1, 15
163, 36,1, 15
163, 37,1, 15
163, 38,1, 15
163, 39,1, 15
163, 0,2, 15
163, 1,2, 15
163, 2,2, 15
163, 3,2, 15
163, 4,2, 15
163, 5,2, 15
163, 6,2, 15
163, 7,2, 15
163, 8,2, 15
163, 9,2, 15
163, 10,2, 15
163, 11,2, 15
163, 12,2, 15
163, 13,2, 15
163, 14,2, 15
163, 15,2, 15
163, 16,2, 15
163, 17,2, 15
163, 18,2, 15
163, 19,2, 15
163, 20,2, 15
163, 21,2, 15
163, 22,2, 15
163, 23,2, 15
163, 24,2, 15
163, 25,2, 15
163, 26,2, 15
163, 27,2, 15
163, 28,2, 15
163, 29,2, 15
163, 30,2, 15
163, 31,2, 15
163, 32,2, 15
163, 33,2, 15
163, 34,2, 15
163, 35,2, 15
163, 36,2, 15
163, 37,2, 15
163, 38,2, 15
163, 39,2, 15
163, 0,3, 15
163, 1,3, 15
163, 2,3, 15
163, 3,3, 15
163, 4,3, 15
163, 5,3, 15
163, 6,3, 15
163, 7,3, 15
163, 8,3, 15
163, 9,3, 15
163, 10,3, 15
163, 11,3, 15
163, 12,3, 15
163, 13,3, 15
163, 14,3, 15
163, 15,3, 15
163, 16,3, 15
163, 17,3, 15
163, 18,3, 15
163, 19,3, 15
163, 20,3, 15
163, 21,3, 15
163, 22,3, 15
163, 23,3, 15
163, 24,3, 15
163, 25,3, 15
163, 26,3, 15
163, 27,3, 15
163, 28,3, 15
163, 29,3, 15
163, 30,3, 15
163, 31,3, 15
163, 32,3, 15
163, 33,3, 15
163, 34,3, 15
163, 35,3, 15
163, 36,3, 15
163, 37,3, 15
163, 38,3, 15
163, 39,3, 15
163, 0,4, 15
163, 1,4, 15
163, 2,4, 15
163, 3,4, 15
163, 4,4, 15
163, 5,4, 15
163, 6,4, 15
163, 7,4, 15
163, 8,4, 15
163, 9,4, 15
163, 10,4, 15
163, 11,4, 15
163, 12,4, 15
163, 13,4, 15
163, 14,4, 15
163, 15,4, 15
163, 16,4, 15
163, 17,4, 15
163, 18,4, 15
163, 19,4, 15
163, 20,4, 15
163, 21,4, 15
163, 22,4, 15
163, 23,4, 15
163, 24,4, 15
163, 25,4, 15
163, 26,4, 15
163, 27,4, 15
163, 28,4, 15
163, 29,4, 15
163, 30,4, 15
163, 31,4, 15
163, 32,4, 15
163, 33,4, 15
163, 34,4, 15
163, 35,4, 15
163, 36,4, 15
163, 37,4, 15
163, 38,4, 15
163, 39,4, 15
164, 0,0, 15
164, 1,0, 15
164, 2,0, 15
164, 3,0, 15
164, 4,0, 15
164, 5,0, 15
164, 6,0, 15
164, 7,0, 15
164, 8,0, 15
164, 9,0, 15
164, 10,0, 15
164, 11,0, 15
164, 12,0, 15
164, 13,0, 15
164, 14,0, 15
164, 15,0, 15
164, 16,0, 15
164, 17,0, 15
164, 18,0, 15
164, 19,0, 15
164, 20,0, 15
164, 21,0, 15
164, 22,0, 15
164, 23,0, 15
164, 24,0, 15
164, 25,0, 15
164, 26,0, 15
164, 27,0, 15
164, 28,0, 15
164, 29,0, 15
164, 30,0, 15
164, 31,0, 15
164, 32,0, 15
164, 33,0, 15
164, 34,0, 15
164, 35,0, 15
164, 36,0, 15
164, 37,0, 15
164, 38,0, 15
164, 39,0, 15
164, 0,1, 15
164, 1,1, 15
164, 2,1, 15
164, 3,1, 15
164, 4,1, 15
164, 5,1, 15
164, 6,1, 15
164, 7,1, 15
164, 8,1, 15
164, 9,1, 15
164, 10,1, 15
164, 11,1, 15
164, 12,1, 15
164, 13,1, 15
164, 14,1, 15
164, 15,1, 15
164, 16,1, 15
164, 17,1, 15
164, 18,1, 15
164, 19,1, 15
164, 20,1, 15
164, 21,1, 15
164, 22,1, 15
164, 23,1, 15
164, 24,1, 15
164, 25,1, 15
164, 26,1, 15
164, 27,1, 15
164, 28,1, 15
164, 29,1, 15
164, 30,1, 15
164, 31,1, 15
164, 32,1, 15
164, 33,1, 15
164, 34,1, 15
164, 35,1, 15
164, 36,1, 15
164, 37,1, 15
164, 38,1, 15
164, 39,1, 15
164, 0,2, 15
164, 1,2, 15
164, 2,2, 15
164, 3,2, 15
164, 4,2, 15
164, 5,2, 15
164, 6,2, 15
164, 7,2, 15
164, 8,2, 15
164, 9,2, 15
164, 10,2, 15
164, 11,2, 15
164, 12,2, 15
164, 13,2, 15
164, 14,2, 15
164, 15,2, 15
164, 16,2, 15
164, 17,2, 15
164, 18,2, 15
164, 19,2, 15
164, 20,2, 15
164, 21,2, 15
164, 22,2, 15
164, 23,2, 15
164, 24,2, 15
164, 25,2, 15
164, 26,2, 15
164, 27,2, 15
164, 28,2, 15
164, 29,2, 15
164, 30,2, 15
164, 31,2, 15
164, 32,2, 15
164, 33,2, 15
164, 34,2, 15
164, 35,2, 15
164, 36,2, 15
164, 37,2, 15
164, 38,2, 15
164, 39,2, 15
164, 0,3, 15
164, 1,3, 15
164, 2,3, 15
164, 3,3, 15
164, 4,3, 15
164, 5,3, 15
164, 6,3, 15
164, 7,3, 15
164, 8,3, 15
164, 9,3, 15
164, 10,3, 15
164, 11,3, 15
164, 12,3, 15
164, 13,3, 15
164, 14,3, 15
164, 15,3, 15
164, 16,3, 15
164, 17,3, 15
164, 18,3, 15
164, 19,3, 15
164, 20,3, 15
164, 21,3, 15
164, 22,3, 15
164, 23,3, 15
164, 24,3, 15
164, 25,3, 15
164, 26,3, 15
164, 27,3, 15
164, 28,3, 15
164, 29,3, 15
164, 30,3, 15
164, 31,3, 15
164, 32,3, 15
164, 33,3, 15
164, 34,3, 15
164, 35,3, 15
164, 36,3, 15
164, 37,3, 15
164, 38,3, 15
164, 39,3, 15
164, 0,4, 15
164, 1,4, 15
164, 2,4, 15
164, 3,4, 15
164, 4,4, 15
164, 5,4, 15
164, 6,4, 15
164, 7,4, 15
164, 8,4, 15
164, 9,4, 15
164, 10,4, 15
164, 11,4, 15
164, 12,4, 15
164, 13,4, 15
164, 14,4, 15
164, 15,4, 15
164, 16,4, 15
164, 17,4, 15
164, 18,4, 15
164, 19,4, 15
164, 20,4, 15
164, 21,4, 15
164, 22,4, 15
164, 23,4, 15
164, 24,4, 15
164, 25,4, 15
164, 26,4, 15
164, 27,4, 15
164, 28,4, 15
164, 29,4, 15
164, 30,4, 15
164, 31,4, 15
164, 32,4, 15
164, 33,4, 15
164, 34,4, 15
164, 35,4, 15
164, 36,4, 15
164, 37,4, 15
164, 38,4, 15
164, 39,4, 15
165, 0,0, 15
165, 1,0, 15
165, 2,0, 15
165, 3,0, 15
165, 4,0, 15
165, 5,0, 15
165, 6,0, 15
165, 7,0, 15
165, 8,0, 15
165, 9,0, 15
165, 10,0, 15
165, 11,0, 15
165, 12,0, 15
165, 13,0, 15
165, 14,0, 15
165, 15,0, 15
165, 16,0, 15
165, 17,0, 15
165, 18,0, 15
165, 19,0, 15
165, 20,0, 15
165, 21,0, 15
165, 22,0, 15
165, 23,0, 15
165, 24,0, 15
165, 25,0, 15
165, 26,0, 15
165, 27,0, 15
165, 28,0, 15
165, 29,0, 15
165, 30,0, 15
165, 31,0, 15
165, 32,0, 15
165, 33,0, 15
165, 34,0, 15
165, 35,0, 15
165, 36,0, 15
165, 37,0, 15
165, 38,0, 15
165, 39,0, 15
165, 0,1, 15
165, 1,1, 15
165, 2,1, 15
165, 3,1, 15
165, 4,1, 15
165, 5,1, 15
165, 6,1, 15
165, 7,1, 15
165, 8,1, 15
165, 9,1, 15
165, 10,1, 15
165, 11,1, 15
165, 12,1, 15
165, 13,1, 15
165, 14,1, 15
165, 15,1, 15
165, 16,1, 15
165, 17,1, 15
165, 18,1, 15
165, 19,1, 15
165, 20,1, 15
165, 21,1, 15
165, 22,1, 15
165, 23,1, 15
165, 24,1, 15
165, 25,1, 15
165, 26,1, 15
165, 27,1, 15
165, 28,1, 15
165, 29,1, 15
165, 30,1, 15
165, 31,1, 15
165, 32,1, 15
165, 33,1, 15
165, 34,1, 15
165, 35,1, 15
165, 36,1, 15
165, 37,1, 15
165, 38,1, 15
165, 39,1, 15
165, 0,2, 15
165, 1,2, 15
165, 2,2, 15
165, 3,2, 15
165, 4,2, 15
165, 5,2, 15
165, 6,2, 15
165, 7,2, 15
165, 8,2, 15
165, 9,2, 15
165, 10,2, 15
165, 11,2, 15
165, 12,2, 15
165, 13,2, 15
165, 14,2, 15
165, 15,2, 15
165, 16,2, 15
165, 17,2, 15
165, 18,2, 15
165, 19,2, 15
165, 20,2, 15
165, 21,2, 15
165, 22,2, 15
165, 23,2, 15
165, 24,2, 15
165, 25,2, 15
165, 26,2, 15
165, 27,2, 15
165, 28,2, 15
165, 29,2, 15
165, 30,2, 15
165, 31,2, 15
165, 32,2, 15
165, 33,2, 15
165, 34,2, 15
165, 35,2, 15
165, 36,2, 15
165, 37,2, 15
165, 38,2, 15
165, 39,2, 15
165, 0,3, 15
165, 1,3, 15
165, 2,3, 15
165, 3,3, 15
165, 4,3, 15
165, 5,3, 15
165, 6,3, 15
165, 7,3, 15
165, 8,3, 15
165, 9,3, 15
165, 10,3, 15
165, 11,3, 15
165, 12,3, 15
165, 13,3, 15
165, 14,3, 15
165, 15,3, 15
165, 16,3, 15
165, 17,3, 15
165, 18,3, 15
165, 19,3, 15
165, 20,3, 15
165, 21,3, 15
165, 22,3, 15
165, 23,3, 15
165, 24,3, 15
165, 25,3, 15
165, 26,3, 15
165, 27,3, 15
165, 28,3, 15
165, 29,3, 15
165, 30,3, 15
165, 31,3, 15
165, 32,3, 15
165, 33,3, 15
165, 34,3, 15
165, 35,3, 15
165, 36,3, 15
165, 37,3, 15
165, 38,3, 15
165, 39,3, 15
165, 0,4, 15
165, 1,4, 15
165, 2,4, 15
165, 3,4, 15
165, 4,4, 15
165, 5,4, 15
165, 6,4, 15
165, 7,4, 15
165, 8,4, 15
165, 9,4, 15
165, 10,4, 15
165, 11,4, 15
165, 12,4, 15
165, 13,4, 15
165, 14,4, 15
165, 15,4, 15
165, 16,4, 15
165, 17,4, 15
165, 18,4, 15
165, 19,4, 15
165, 20,4, 15
165, 21,4, 15
165, 22,4, 15
165, 23,4, 15
165, 24,4, 15
165, 25,4, 15
165, 26,4, 15
165, 27,4, 15
165, 28,4, 15
165, 29,4, 15
165, 30,4, 15
165, 31,4, 15
165, 32,4, 15
165, 33,4, 15
165, 34,4, 15
165, 35,4, 15
165, 36,4, 15
165, 37,4, 15
165, 38,4, 15
165, 39,4, 15
166, 0,0, 15
166, 1,0, 15
166, 2,0, 15
166, 3,0, 15
166, 4,0, 15
166, 5,0, 15
166, 6,0, 15
166, 7,0, 15
166, 8,0, 15
166, 9,0, 15
166, 10,0, 15
166, 11,0, 15
166, 12,0, 15
166, 13,0, 15
166, 14,0, 15
166, 15,0, 15
166, 16,0, 15
166, 17,0, 15
166, 18,0, 15
166, 19,0, 15
166, 20,0, 15
166, 21,0, 15
166, 22,0, 15
166, 23,0, 15
166, 24,0, 15
166, 25,0, 15
166, 26,0, 15
166, 27,0, 15
166, 28,0, 15
166, 29,0, 15
166, 30,0, 15
166, 31,0, 15
166, 32,0, 15
166, 33,0, 15
166, 34,0, 15
166, 35,0, 15
166, 36,0, 15
166, 37,0, 15
166, 38,0, 15
166, 39,0, 15
166, 0,1, 15
166, 1,1, 15
166, 2,1, 15
166, 3,1, 15
166, 4,1, 15
166, 5,1, 15
166, 6,1, 15
166, 7,1, 15
166, 8,1, 15
166, 9,1, 15
166, 10,1, 15
166, 11,1, 15
166, 12,1, 15
166, 13,1, 15
166, 14,1, 15
166, 15,1, 15
166, 16,1, 15
166, 17,1, 15
166, 18,1, 15
166, 19,1, 15
166, 20,1, 15
166, 21,1, 15
166, 22,1, 15
166, 23,1, 15
166, 24,1, 15
166, 25,1, 15
166, 26,1, 15
166, 27,1, 15
166, 28,1, 15
166, 29,1, 15
166, 30,1, 15
166, 31,1, 15
166, 32,1, 15
166, 33,1, 15
166, 34,1, 15
166, 35,1, 15
166, 36,1, 15
166, 37,1, 15
166, 38,1, 15
166, 39,1, 15
166, 0,2, 15
166, 1,2, 15
166, 2,2, 15
166, 3,2, 15
166, 4,2, 15
166, 5,2, 15
166, 6,2, 15
166, 7,2, 15
166, 8,2, 15
166, 9,2, 15
166, 10,2, 15
166, 11,2, 15
166, 12,2, 15
166, 13,2, 15
166, 14,2, 15
166, 15,2, 15
166, 16,2, 15
166, 17,2, 15
166, 18,2, 15
166, 19,2, 15
166, 20,2, 15
166, 21,2, 15
166, 22,2, 15
166, 23,2, 15
166, 24,2, 15
166, 25,2, 15
166, 26,2, 15
166, 27,2, 15
166, 28,2, 15
166, 29,2, 15
166, 30,2, 15
166, 31,2, 15
166, 32,2, 15
166, 33,2, 15
166, 34,2, 15
166, 35,2, 15
166, 36,2, 15
166, 37,2, 15
166, 38,2, 15
166, 39,2, 15
166, 0,3, 15
166, 1,3, 15
166, 2,3, 15
166, 3,3, 15
166, 4,3, 15
166, 5,3, 15
166, 6,3, 15
166, 7,3, 15
166, 8,3, 15
166, 9,3, 15
166, 10,3, 15
166, 11,3, 15
166, 12,3, 15
166, 13,3, 15
166, 14,3, 15
166, 15,3, 15
166, 16,3, 15
166, 17,3, 15
166, 18,3, 15
166, 19,3, 15
166, 20,3, 15
166, 21,3, 15
166, 22,3, 15
166, 23,3, 15
166, 24,3, 15
166, 25,3, 15
166, 26,3, 15
166, 27,3, 15
166, 28,3, 15
166, 29,3, 15
166, 30,3, 15
166, 31,3, 15
166, 32,3, 15
166, 33,3, 15
166, 34,3, 15
166, 35,3, 15
166, 36,3, 15
166, 37,3, 15
166, 38,3, 15
166, 39,3, 15
166, 0,4, 15
166, 1,4, 15
166, 2,4, 15
166, 3,4, 15
166, 4,4, 15
166, 5,4, 15
166, 6,4, 15
166, 7,4, 15
166, 8,4, 15
166, 9,4, 15
166, 10,4, 15
166, 11,4, 15
166, 12,4, 15
166, 13,4, 15
166, 14,4, 15
166, 15,4, 15
166, 16,4, 15
166, 17,4, 15
166, 18,4, 15
166, 19,4, 15
166, 20,4, 15
166, 21,4, 15
166, 22,4, 15
166, 23,4, 15
166, 24,4, 15
166, 25,4, 15
166, 26,4, 15
166, 27,4, 15
166, 28,4, 15
166, 29,4, 15
166, 30,4, 15
166, 31,4, 15
166, 32,4, 15
166, 33,4, 15
166, 34,4, 15
166, 35,4, 15
166, 36,4, 15
166, 37,4, 15
166, 38,4, 15
166, 39,4, 15
167, 0,0, 15
167, 1,0, 15
167, 2,0, 15
167, 3,0, 15
167, 4,0, 15
167, 5,0, 15
167, 6,0, 15
167, 7,0, 15
167, 8,0, 15
167, 9,0, 15
167, 10,0, 15
167, 11,0, 15
167, 12,0, 15
167, 13,0, 15
167, 14,0, 15
167, 15,0, 15
167, 16,0, 15
167, 17,0, 15
167, 18,0, 15
167, 19,0, 15
167, 20,0, 15
167, 21,0, 15
167, 22,0, 15
167, 23,0, 15
167, 24,0, 15
167, 25,0, 15
167, 26,0, 15
167, 27,0, 15
167, 28,0, 15
167, 29,0, 15
167, 30,0, 15
167, 31,0, 15
167, 32,0, 15
167, 33,0, 15
167, 34,0, 15
167, 35,0, 15
167, 36,0, 15
167, 37,0, 15
167, 38,0, 15
167, 39,0, 15
167, 0,1, 15
167, 1,1, 15
167, 2,1, 15
167, 3,1, 15
167, 4,1, 15
167, 5,1, 15
167, 6,1, 15
167, 7,1, 15
167, 8,1, 15
167, 9,1, 15
167, 10,1, 15
167, 11,1, 15
167, 12,1, 15
167, 13,1, 15
167, 14,1, 15
167, 15,1, 15
167, 16,1, 15
167, 17,1, 15
167, 18,1, 15
167, 19,1, 15
167, 20,1, 15
167, 21,1, 15
167, 22,1, 15
167, 23,1, 15
167, 24,1, 15
167, 25,1, 15
167, 26,1, 15
167, 27,1, 15
167, 28,1, 15
167, 29,1, 15
167, 30,1, 15
167, 31,1, 15
167, 32,1, 15
167, 33,1, 15
167, 34,1, 15
167, 35,1, 15
167, 36,1, 15
167, 37,1, 15
167, 38,1, 15
167, 39,1, 15
167, 0,2, 15
167, 1,2, 15
167, 2,2, 15
167, 3,2, 15
167, 4,2, 15
167, 5,2, 15
167, 6,2, 15
167, 7,2, 15
167, 8,2, 15
167, 9,2, 15
167, 10,2, 15
167, 11,2, 15
167, 12,2, 15
167, 13,2, 15
167, 14,2, 15
167, 15,2, 15
167, 16,2, 15
167, 17,2, 15
167, 18,2, 15
167, 19,2, 15
167, 20,2, 15
167, 21,2, 15
167, 22,2, 15
167, 23,2, 15
167, 24,2, 15
167, 25,2, 15
167, 26,2, 15
167, 27,2, 15
167, 28,2, 15
167, 29,2, 15
167, 30,2, 15
167, 31,2, 15
167, 32,2, 15
167, 33,2, 15
167, 34,2, 15
167, 35,2, 15
167, 36,2, 15
167, 37,2, 15
167, 38,2, 15
167, 39,2, 15
167, 0,3, 15
167, 1,3, 15
167, 2,3, 15
167, 3,3, 15
167, 4,3, 15
167, 5,3, 15
167, 6,3, 15
167, 7,3, 15
167, 8,3, 15
167, 9,3, 15
167, 10,3, 15
167, 11,3, 15
167, 12,3, 15
167, 13,3, 15
167, 14,3, 15
167, 15,3, 15
167, 16,3, 15
167, 17,3, 15
167, 18,3, 15
167, 19,3, 15
167, 20,3, 15
167, 21,3, 15
167, 22,3, 15
167, 23,3, 15
167, 24,3, 15
167, 25,3, 15
167, 26,3, 15
167, 27,3, 15
167, 28,3, 15
167, 29,3, 15
167, 30,3, 15
167, 31,3, 15
167, 32,3, 15
167, 33,3, 15
167, 34,3, 15
167, 35,3, 15
167, 36,3, 15
167, 37,3, 15
167, 38,3, 15
167, 39,3, 15
167, 0,4, 15
167, 1,4, 15
167, 2,4, 15
167, 3,4, 15
167, 4,4, 15
167, 5,4, 15
167, 6,4, 15
167, 7,4, 15
167, 8,4, 15
167, 9,4, 15
167, 10,4, 15
167, 11,4, 15
167, 12,4, 15
167, 13,4, 15
167, 14,4, 15
167, 15,4, 15
167, 16,4, 15
167, 17,4, 15
167, 18,4, 15
167, 19,4, 15
167, 20,4, 15
167, 21,4, 15
167, 22,4, 15
167, 23,4, 15
167, 24,4, 15
167, 25,4, 15
167, 26,4, 15
167, 27,4, 15
167, 28,4, 15
167, 29,4, 15
167, 30,4, 15
167, 31,4, 15
167, 32,4, 15
167, 33,4, 15
167, 34,4, 15
167, 35,4, 15
167, 36,4, 15
167, 37,4, 15
167, 38,4, 15
167, 39,4, 15
168, 0,0, 15
168, 1,0, 15
168, 2,0, 15
168, 3,0, 15
168, 4,0, 15
168, 5,0, 15
168, 6,0, 15
168, 7,0, 15
168, 8,0, 15
168, 9,0, 15
168, 10,0, 15
168, 11,0, 15
168, 12,0, 15
168, 13,0, 15
168, 14,0, 15
168, 15,0, 15
168, 16,0, 15
168, 17,0, 15
168, 18,0, 15
168, 19,0, 15
168, 20,0, 15
168, 21,0, 15
168, 22,0, 15
168, 23,0, 15
168, 24,0, 15
168, 25,0, 15
168, 26,0, 15
168, 27,0, 15
168, 28,0, 15
168, 29,0, 15
168, 30,0, 15
168, 31,0, 15
168, 32,0, 15
168, 33,0, 15
168, 34,0, 15
168, 35,0, 15
168, 36,0, 15
168, 37,0, 15
168, 38,0, 15
168, 39,0, 15
168, 0,1, 15
168, 1,1, 15
168, 2,1, 15
168, 3,1, 15
168, 4,1, 15
168, 5,1, 15
168, 6,1, 15
168, 7,1, 15
168, 8,1, 15
168, 9,1, 15
168, 10,1, 15
168, 11,1, 15
168, 12,1, 15
168, 13,1, 15
168, 14,1, 15
168, 15,1, 15
168, 16,1, 15
168, 17,1, 15
168, 18,1, 15
168, 19,1, 15
168, 20,1, 15
168, 21,1, 15
168, 22,1, 15
168, 23,1, 15
168, 24,1, 15
168, 25,1, 15
168, 26,1, 15
168, 27,1, 15
168, 28,1, 15
168, 29,1, 15
168, 30,1, 15
168, 31,1, 15
168, 32,1, 15
168, 33,1, 15
168, 34,1, 15
168, 35,1, 15
168, 36,1, 15
168, 37,1, 15
168, 38,1, 15
168, 39,1, 15
168, 0,2, 15
168, 1,2, 15
168, 2,2, 15
168, 3,2, 15
168, 4,2, 15
168, 5,2, 15
168, 6,2, 15
168, 7,2, 15
168, 8,2, 15
168, 9,2, 15
168, 10,2, 15
168, 11,2, 15
168, 12,2, 15
168, 13,2, 15
168, 14,2, 15
168, 15,2, 15
168, 16,2, 15
168, 17,2, 15
168, 18,2, 15
168, 19,2, 15
168, 20,2, 15
168, 21,2, 15
168, 22,2, 15
168, 23,2, 15
168, 24,2, 15
168, 25,2, 15
168, 26,2, 15
168, 27,2, 15
168, 28,2, 15
168, 29,2, 15
168, 30,2, 15
168, 31,2, 15
168, 32,2, 15
168, 33,2, 15
168, 34,2, 15
168, 35,2, 15
168, 36,2, 15
168, 37,2, 15
168, 38,2, 15
168, 39,2, 15
168, 0,3, 15
168, 1,3, 15
168, 2,3, 15
168, 3,3, 15
168, 4,3, 15
168, 5,3, 15
168, 6,3, 15
168, 7,3, 15
168, 8,3, 15
168, 9,3, 15
168, 10,3, 15
168, 11,3, 15
168, 12,3, 15
168, 13,3, 15
168, 14,3, 15
168, 15,3, 15
168, 16,3, 15
168, 17,3, 15
168, 18,3, 15
168, 19,3, 15
168, 20,3, 15
168, 21,3, 15
168, 22,3, 15
168, 23,3, 15
168, 24,3, 15
168, 25,3, 15
168, 26,3, 15
168, 27,3, 15
168, 28,3, 15
168, 29,3, 15
168, 30,3, 15
168, 31,3, 15
168, 32,3, 15
168, 33,3, 15
168, 34,3, 15
168, 35,3, 15
168, 36,3, 15
168, 37,3, 15
168, 38,3, 15
168, 39,3, 15
168, 0,4, 15
168, 1,4, 15
168, 2,4, 15
168, 3,4, 15
168, 4,4, 15
168, 5,4, 15
168, 6,4, 15
168, 7,4, 15
168, 8,4, 15
168, 9,4, 15
168, 10,4, 15
168, 11,4, 15
168, 12,4, 15
168, 13,4, 15
168, 14,4, 15
168, 15,4, 15
168, 16,4, 15
168, 17,4, 15
168, 18,4, 15
168, 19,4, 15
168, 20,4, 15
168, 21,4, 15
168, 22,4, 15
168, 23,4, 15
168, 24,4, 15
168, 25,4, 15
168, 26,4, 15
168, 27,4, 15
168, 28,4, 15
168, 29,4, 15
168, 30,4, 15
168, 31,4, 15
168, 32,4, 15
168, 33,4, 15
168, 34,4, 15
168, 35,4, 15
168, 36,4, 15
168, 37,4, 15
168, 38,4, 15
168, 39,4, 15
169, 0,0, 15
169, 1,0, 15
169, 2,0, 15
169, 3,0, 15
169, 4,0, 15
169, 5,0, 15
169, 6,0, 15
169, 7,0, 15
169, 8,0, 15
169, 9,0, 15
169, 10,0, 15
169, 11,0, 15
169, 12,0, 15
169, 13,0, 15
169, 14,0, 15
169, 15,0, 15
169, 16,0, 15
169, 17,0, 15
169, 18,0, 15
169, 19,0, 15
169, 20,0, 15
169, 21,0, 15
169, 22,0, 15
169, 23,0, 15
169, 24,0, 15
169, 25,0, 15
169, 26,0, 15
169, 27,0, 15
169, 28,0, 15
169, 29,0, 15
169, 30,0, 15
169, 31,0, 15
169, 32,0, 15
169, 33,0, 15
169, 34,0, 15
169, 35,0, 15
169, 36,0, 15
169, 37,0, 15
169, 38,0, 15
169, 39,0, 15
169, 0,1, 15
169, 1,1, 15
169, 2,1, 15
169, 3,1, 15
169, 4,1, 15
169, 5,1, 15
169, 6,1, 15
169, 7,1, 15
169, 8,1, 15
169, 9,1, 15
169, 10,1, 15
169, 11,1, 15
169, 12,1, 15
169, 13,1, 15
169, 14,1, 15
169, 15,1, 15
169, 16,1, 15
169, 17,1, 15
169, 18,1, 15
169, 19,1, 15
169, 20,1, 15
169, 21,1, 15
169, 22,1, 15
169, 23,1, 15
169, 24,1, 15
169, 25,1, 15
169, 26,1, 15
169, 27,1, 15
169, 28,1, 15
169, 29,1, 15
169, 30,1, 15
169, 31,1, 15
169, 32,1, 15
169, 33,1, 15
169, 34,1, 15
169, 35,1, 15
169, 36,1, 15
169, 37,1, 15
169, 38,1, 15
169, 39,1, 15
169, 0,2, 15
169, 1,2, 15
169, 2,2, 15
169, 3,2, 15
169, 4,2, 15
169, 5,2, 15
169, 6,2, 15
169, 7,2, 15
169, 8,2, 15
169, 9,2, 15
169, 10,2, 15
169, 11,2, 15
169, 12,2, 15
169, 13,2, 15
169, 14,2, 15
169, 15,2, 15
169, 16,2, 15
169, 17,2, 15
169, 18,2, 15
169, 19,2, 15
169, 20,2, 15
169, 21,2, 15
169, 22,2, 15
169, 23,2, 15
169, 24,2, 15
169, 25,2, 15
169, 26,2, 15
169, 27,2, 15
169, 28,2, 15
169, 29,2, 15
169, 30,2, 15
169, 31,2, 15
169, 32,2, 15
169, 33,2, 15
169, 34,2, 15
169, 35,2, 15
169, 36,2, 15
169, 37,2, 15
169, 38,2, 15
169, 39,2, 15
169, 0,3, 15
169, 1,3, 15
169, 2,3, 15
169, 3,3, 15
169, 4,3, 15
169, 5,3, 15
169, 6,3, 15
169, 7,3, 15
169, 8,3, 15
169, 9,3, 15
169, 10,3, 15
169, 11,3, 15
169, 12,3, 15
169, 13,3, 15
169, 14,3, 15
169, 15,3, 15
169, 16,3, 15
169, 17,3, 15
169, 18,3, 15
169, 19,3, 15
169, 20,3, 15
169, 21,3, 15
169, 22,3, 15
169, 23,3, 15
169, 24,3, 15
169, 25,3, 15
169, 26,3, 15
169, 27,3, 15
169, 28,3, 15
169, 29,3, 15
169, 30,3, 15
169, 31,3, 15
169, 32,3, 15
169, 33,3, 15
169, 34,3, 15
169, 35,3, 15
169, 36,3, 15
169, 37,3, 15
169, 38,3, 15
169, 39,3, 15
169, 0,4, 15
169, 1,4, 15
169, 2,4, 15
169, 3,4, 15
169, 4,4, 15
169, 5,4, 15
169, 6,4, 15
169, 7,4, 15
169, 8,4, 15
169, 9,4, 15
169, 10,4, 15
169, 11,4, 15
169, 12,4, 15
169, 13,4, 15
169, 14,4, 15
169, 15,4, 15
169, 16,4, 15
169, 17,4, 15
169, 18,4, 15
169, 19,4, 15
169, 20,4, 15
169, 21,4, 15
169, 22,4, 15
169, 23,4, 15
169, 24,4, 15
169, 25,4, 15
169, 26,4, 15
169, 27,4, 15
169, 28,4, 15
169, 29,4, 15
169, 30,4, 15
169, 31,4, 15
169, 32,4, 15
169, 33,4, 15
169, 34,4, 15
169, 35,4, 15
169, 36,4, 15
169, 37,4, 15
169, 38,4, 15
169, 39,4, 15
170, 0,0, 15
170, 1,0, 15
170, 2,0, 15
170, 3,0, 15
170, 4,0, 15
170, 5,0, 15
170, 6,0, 15
170, 7,0, 15
170, 8,0, 15
170, 9,0, 15
170, 10,0, 15
170, 11,0, 15
170, 12,0, 15
170, 13,0, 15
170, 14,0, 15
170, 15,0, 15
170, 16,0, 15
170, 17,0, 15
170, 18,0, 15
170, 19,0, 15
170, 20,0, 15
170, 21,0, 15
170, 22,0, 15
170, 23,0, 15
170, 24,0, 15
170, 25,0, 15
170, 26,0, 15
170, 27,0, 15
170, 28,0, 15
170, 29,0, 15
170, 30,0, 15
170, 31,0, 15
170, 32,0, 15
170, 33,0, 15
170, 34,0, 15
170, 35,0, 15
170, 36,0, 15
170, 37,0, 15
170, 38,0, 15
170, 39,0, 15
170, 0,1, 15
170, 1,1, 15
170, 2,1, 15
170, 3,1, 15
170, 4,1, 15
170, 5,1, 15
170, 6,1, 15
170, 7,1, 15
170, 8,1, 15
170, 9,1, 15
170, 10,1, 15
170, 11,1, 15
170, 12,1, 15
170, 13,1, 15
170, 14,1, 15
170, 15,1, 15
170, 16,1, 15
170, 17,1, 15
170, 18,1, 15
170, 19,1, 15
170, 20,1, 15
170, 21,1, 15
170, 22,1, 15
170, 23,1, 15
170, 24,1, 15
170, 25,1, 15
170, 26,1, 15
170, 27,1, 15
170, 28,1, 15
170, 29,1, 15
170, 30,1, 15
170, 31,1, 15
170, 32,1, 15
170, 33,1, 15
170, 34,1, 15
170, 35,1, 15
170, 36,1, 15
170, 37,1, 15
170, 38,1, 15
170, 39,1, 15
170, 0,2, 15
170, 1,2, 15
170, 2,2, 15
170, 3,2, 15
170, 4,2, 15
170, 5,2, 15
170, 6,2, 15
170, 7,2, 15
170, 8,2, 15
170, 9,2, 15
170, 10,2, 15
170, 11,2, 15
170, 12,2, 15
170, 13,2, 15
170, 14,2, 15
170, 15,2, 15
170, 16,2, 15
170, 17,2, 15
170, 18,2, 15
170, 19,2, 15
170, 20,2, 15
170, 21,2, 15
170, 22,2, 15
170, 23,2, 15
170, 24,2, 15
170, 25,2, 15
170, 26,2, 15
170, 27,2, 15
170, 28,2, 15
170, 29,2, 15
170, 30,2, 15
170, 31,2, 15
170, 32,2, 15
170, 33,2, 15
170, 34,2, 15
170, 35,2, 15
170, 36,2, 15
170, 37,2, 15
170, 38,2, 15
170, 39,2, 15
170, 0,3, 15
170, 1,3, 15
170, 2,3, 15
170, 3,3, 15
170, 4,3, 15
170, 5,3, 15
170, 6,3, 15
170, 7,3, 15
170, 8,3, 15
170, 9,3, 15
170, 10,3, 15
170, 11,3, 15
170, 12,3, 15
170, 13,3, 15
170, 14,3, 15
170, 15,3, 15
170, 16,3, 15
170, 17,3, 15
170, 18,3, 15
170, 19,3, 15
170, 20,3, 15
170, 21,3, 15
170, 22,3, 15
170, 23,3, 15
170, 24,3, 15
170, 25,3, 15
170, 26,3, 15
170, 27,3, 15
170, 28,3, 15
170, 29,3, 15
170, 30,3, 15
170, 31,3, 15
170, 32,3, 15
170, 33,3, 15
170, 34,3, 15
170, 35,3, 15
170, 36,3, 15
170, 37,3, 15
170, 38,3, 15
170, 39,3, 15
170, 0,4, 15
170, 1,4, 15
170, 2,4, 15
170, 3,4, 15
170, 4,4, 15
170, 5,4, 15
170, 6,4, 15
170, 7,4, 15
170, 8,4, 15
170, 9,4, 15
170, 10,4, 15
170, 11,4, 15
170, 12,4, 15
170, 13,4, 15
170, 14,4, 15
170, 15,4, 15
170, 16,4, 15
170, 17,4, 15
170, 18,4, 15
170, 19,4, 15
170, 20,4, 15
170, 21,4, 15
170, 22,4, 15
170, 23,4, 15
170, 24,4, 15
170, 25,4, 15
170, 26,4, 15
170, 27,4, 15
170, 28,4, 15
170, 29,4, 15
170, 30,4, 15
170, 31,4, 15
170, 32,4, 15
170, 33,4, 15
170, 34,4, 15
170, 35,4, 15
170, 36,4, 15
170, 37,4, 15
170, 38,4, 15
170, 39,4, 15
171, 0,0, 15
171, 1,0, 15
171, 2,0, 15
171, 3,0, 15
171, 4,0, 15
171, 5,0, 15
171, 6,0, 15
171, 7,0, 15
171, 8,0, 15
171, 9,0, 15
171, 10,0, 15
171, 11,0, 15
171, 12,0, 15
171, 13,0, 15
171, 14,0, 15
171, 15,0, 15
171, 16,0, 15
171, 17,0, 15
171, 18,0, 15
171, 19,0, 15
171, 20,0, 15
171, 21,0, 15
171, 22,0, 15
171, 23,0, 15
171, 24,0, 15
171, 25,0, 15
171, 26,0, 15
171, 27,0, 15
171, 28,0, 15
171, 29,0, 15
171, 30,0, 15
171, 31,0, 15
171, 32,0, 15
171, 33,0, 15
171, 34,0, 15
171, 35,0, 15
171, 36,0, 15
171, 37,0, 15
171, 38,0, 15
171, 39,0, 15
171, 0,1, 15
171, 1,1, 15
171, 2,1, 15
171, 3,1, 15
171, 4,1, 15
171, 5,1, 15
171, 6,1, 15
171, 7,1, 15
171, 8,1, 15
171, 9,1, 15
171, 10,1, 15
171, 11,1, 15
171, 12,1, 15
171, 13,1, 15
171, 14,1, 15
171, 15,1, 15
171, 16,1, 15
171, 17,1, 15
171, 18,1, 15
171, 19,1, 15
171, 20,1, 15
171, 21,1, 15
171, 22,1, 15
171, 23,1, 15
171, 24,1, 15
171, 25,1, 15
171, 26,1, 15
171, 27,1, 15
171, 28,1, 15
171, 29,1, 15
171, 30,1, 15
171, 31,1, 15
171, 32,1, 15
171, 33,1, 15
171, 34,1, 15
171, 35,1, 15
171, 36,1, 15
171, 37,1, 15
171, 38,1, 15
171, 39,1, 15
171, 0,2, 15
171, 1,2, 15
171, 2,2, 15
171, 3,2, 15
171, 4,2, 15
171, 5,2, 15
171, 6,2, 15
171, 7,2, 15
171, 8,2, 15
171, 9,2, 15
171, 10,2, 15
171, 11,2, 15
171, 12,2, 15
171, 13,2, 15
171, 14,2, 15
171, 15,2, 15
171, 16,2, 15
171, 17,2, 15
171, 18,2, 15
171, 19,2, 15
171, 20,2, 15
171, 21,2, 15
171, 22,2, 15
171, 23,2, 15
171, 24,2, 15
171, 25,2, 15
171, 26,2, 15
171, 27,2, 15
171, 28,2, 15
171, 29,2, 15
171, 30,2, 15
171, 31,2, 15
171, 32,2, 15
171, 33,2, 15
171, 34,2, 15
171, 35,2, 15
171, 36,2, 15
171, 37,2, 15
171, 38,2, 15
171, 39,2, 15
171, 0,3, 15
171, 1,3, 15
171, 2,3, 15
171, 3,3, 15
171, 4,3, 15
171, 5,3, 15
171, 6,3, 15
171, 7,3, 15
171, 8,3, 15
171, 9,3, 15
171, 10,3, 15
171, 11,3, 15
171, 12,3, 15
171, 13,3, 15
171, 14,3, 15
171, 15,3, 15
171, 16,3, 15
171, 17,3, 15
171, 18,3, 15
171, 19,3, 15
171, 20,3, 15
171, 21,3, 15
171, 22,3, 15
171, 23,3, 15
171, 24,3, 15
171, 25,3, 15
171, 26,3, 15
171, 27,3, 15
171, 28,3, 15
171, 29,3, 15
171, 30,3, 15
171, 31,3, 15
171, 32,3, 15
171, 33,3, 15
171, 34,3, 15
171, 35,3, 15
171, 36,3, 15
171, 37,3, 15
171, 38,3, 15
171, 39,3, 15
171, 0,4, 15
171, 1,4, 15
171, 2,4, 15
171, 3,4, 15
171, 4,4, 15
171, 5,4, 15
171, 6,4, 15
171, 7,4, 15
171, 8,4, 15
171, 9,4, 15
171, 10,4, 15
171, 11,4, 15
171, 12,4, 15
171, 13,4, 15
171, 14,4, 15
171, 15,4, 15
171, 16,4, 15
171, 17,4, 15
171, 18,4, 15
171, 19,4, 15
171, 20,4, 15
171, 21,4, 15
171, 22,4, 15
171, 23,4, 15
171, 24,4, 15
171, 25,4, 15
171, 26,4, 15
171, 27,4, 15
171, 28,4, 15
171, 29,4, 15
171, 30,4, 15
171, 31,4, 15
171, 32,4, 15
171, 33,4, 15
171, 34,4, 15
171, 35,4, 15
171, 36,4, 15
171, 37,4, 15
171, 38,4, 15
171, 39,4, 15
172, 0,0, 15
172, 1,0, 15
172, 2,0, 15
172, 3,0, 15
172, 4,0, 15
172, 5,0, 15
172, 6,0, 15
172, 7,0, 15
172, 8,0, 15
172, 9,0, 15
172, 10,0, 15
172, 11,0, 15
172, 12,0, 15
172, 13,0, 15
172, 14,0, 15
172, 15,0, 15
172, 16,0, 15
172, 17,0, 15
172, 18,0, 15
172, 19,0, 15
172, 20,0, 15
172, 21,0, 15
172, 22,0, 15
172, 23,0, 15
172, 24,0, 15
172, 25,0, 15
172, 26,0, 15
172, 27,0, 15
172, 28,0, 15
172, 29,0, 15
172, 30,0, 15
172, 31,0, 15
172, 32,0, 15
172, 33,0, 15
172, 34,0, 15
172, 35,0, 15
172, 36,0, 15
172, 37,0, 15
172, 38,0, 15
172, 39,0, 15
172, 0,1, 15
172, 1,1, 15
172, 2,1, 15
172, 3,1, 15
172, 4,1, 15
172, 5,1, 15
172, 6,1, 15
172, 7,1, 15
172, 8,1, 15
172, 9,1, 15
172, 10,1, 15
172, 11,1, 15
172, 12,1, 15
172, 13,1, 15
172, 14,1, 15
172, 15,1, 15
172, 16,1, 15
172, 17,1, 15
172, 18,1, 15
172, 19,1, 15
172, 20,1, 15
172, 21,1, 15
172, 22,1, 15
172, 23,1, 15
172, 24,1, 15
172, 25,1, 15
172, 26,1, 15
172, 27,1, 15
172, 28,1, 15
172, 29,1, 15
172, 30,1, 15
172, 31,1, 15
172, 32,1, 15
172, 33,1, 15
172, 34,1, 15
172, 35,1, 15
172, 36,1, 15
172, 37,1, 15
172, 38,1, 15
172, 39,1, 15
172, 0,2, 15
172, 1,2, 15
172, 2,2, 15
172, 3,2, 15
172, 4,2, 15
172, 5,2, 15
172, 6,2, 15
172, 7,2, 15
172, 8,2, 15
172, 9,2, 15
172, 10,2, 15
172, 11,2, 15
172, 12,2, 15
172, 13,2, 15
172, 14,2, 15
172, 15,2, 15
172, 16,2, 15
172, 17,2, 15
172, 18,2, 15
172, 19,2, 15
172, 20,2, 15
172, 21,2, 15
172, 22,2, 15
172, 23,2, 15
172, 24,2, 15
172, 25,2, 15
172, 26,2, 15
172, 27,2, 15
172, 28,2, 15
172, 29,2, 15
172, 30,2, 15
172, 31,2, 15
172, 32,2, 15
172, 33,2, 15
172, 34,2, 15
172, 35,2, 15
172, 36,2, 15
172, 37,2, 15
172, 38,2, 15
172, 39,2, 15
172, 0,3, 15
172, 1,3, 15
172, 2,3, 15
172, 3,3, 15
172, 4,3, 15
172, 5,3, 15
172, 6,3, 15
172, 7,3, 15
172, 8,3, 15
172, 9,3, 15
172, 10,3, 15
172, 11,3, 15
172, 12,3, 15
172, 13,3, 15
172, 14,3, 15
172, 15,3, 15
172, 16,3, 15
172, 17,3, 15
172, 18,3, 15
172, 19,3, 15
172, 20,3, 15
172, 21,3, 15
172, 22,3, 15
172, 23,3, 15
172, 24,3, 15
172, 25,3, 15
172, 26,3, 15
172, 27,3, 15
172, 28,3, 15
172, 29,3, 15
172, 30,3, 15
172, 31,3, 15
172, 32,3, 15
172, 33,3, 15
172, 34,3, 15
172, 35,3, 15
172, 36,3, 15
172, 37,3, 15
172, 38,3, 15
172, 39,3, 15
172, 0,4, 15
172, 1,4, 15
172, 2,4, 15
172, 3,4, 15
172, 4,4, 15
172, 5,4, 15
172, 6,4, 15
172, 7,4, 15
172, 8,4, 15
172, 9,4, 15
172, 10,4, 15
172, 11,4, 15
172, 12,4, 15
172, 13,4, 15
172, 14,4, 15
172, 15,4, 15
172, 16,4, 15
172, 17,4, 15
172, 18,4, 15
172, 19,4, 15
172, 20,4, 15
172, 21,4, 15
172, 22,4, 15
172, 23,4, 15
172, 24,4, 15
172, 25,4, 15
172, 26,4, 15
172, 27,4, 15
172, 28,4, 15
172, 29,4, 15
172, 30,4, 15
172, 31,4, 15
172, 32,4, 15
172, 33,4, 15
172, 34,4, 15
172, 35,4, 15
172, 36,4, 15
172, 37,4, 15
172, 38,4, 15
172, 39,4, 15
173, 0,0, 15
173, 1,0, 15
173, 2,0, 15
173, 3,0, 15
173, 4,0, 15
173, 5,0, 15
173, 6,0, 15
173, 7,0, 15
173, 8,0, 15
173, 9,0, 15
173, 10,0, 15
173, 11,0, 15
173, 12,0, 15
173, 13,0, 15
173, 14,0, 15
173, 15,0, 15
173, 16,0, 15
173, 17,0, 15
173, 18,0, 15
173, 19,0, 15
173, 20,0, 15
173, 21,0, 15
173, 22,0, 15
173, 23,0, 15
173, 24,0, 15
173, 25,0, 15
173, 26,0, 15
173, 27,0, 15
173, 28,0, 15
173, 29,0, 15
173, 30,0, 15
173, 31,0, 15
173, 32,0, 15
173, 33,0, 15
173, 34,0, 15
173, 35,0, 15
173, 36,0, 15
173, 37,0, 15
173, 38,0, 15
173, 39,0, 15
173, 0,1, 15
173, 1,1, 15
173, 2,1, 15
173, 3,1, 15
173, 4,1, 15
173, 5,1, 15
173, 6,1, 15
173, 7,1, 15
173, 8,1, 15
173, 9,1, 15
173, 10,1, 15
173, 11,1, 15
173, 12,1, 15
173, 13,1, 15
173, 14,1, 15
173, 15,1, 15
173, 16,1, 15
173, 17,1, 15
173, 18,1, 15
173, 19,1, 15
173, 20,1, 15
173, 21,1, 15
173, 22,1, 15
173, 23,1, 15
173, 24,1, 15
173, 25,1, 15
173, 26,1, 15
173, 27,1, 15
173, 28,1, 15
173, 29,1, 15
173, 30,1, 15
173, 31,1, 15
173, 32,1, 15
173, 33,1, 15
173, 34,1, 15
173, 35,1, 15
173, 36,1, 15
173, 37,1, 15
173, 38,1, 15
173, 39,1, 15
173, 0,2, 15
173, 1,2, 15
173, 2,2, 15
173, 3,2, 15
173, 4,2, 15
173, 5,2, 15
173, 6,2, 15
173, 7,2, 15
173, 8,2, 15
173, 9,2, 15
173, 10,2, 15
173, 11,2, 15
173, 12,2, 15
173, 13,2, 15
173, 14,2, 15
173, 15,2, 15
173, 16,2, 15
173, 17,2, 15
173, 18,2, 15
173, 19,2, 15
173, 20,2, 15
173, 21,2, 15
173, 22,2, 15
173, 23,2, 15
173, 24,2, 15
173, 25,2, 15
173, 26,2, 15
173, 27,2, 15
173, 28,2, 15
173, 29,2, 15
173, 30,2, 15
173, 31,2, 15
173, 32,2, 15
173, 33,2, 15
173, 34,2, 15
173, 35,2, 15
173, 36,2, 15
173, 37,2, 15
173, 38,2, 15
173, 39,2, 15
173, 0,3, 15
173, 1,3, 15
173, 2,3, 15
173, 3,3, 15
173, 4,3, 15
173, 5,3, 15
173, 6,3, 15
173, 7,3, 15
173, 8,3, 15
173, 9,3, 15
173, 10,3, 15
173, 11,3, 15
173, 12,3, 15
173, 13,3, 15
173, 14,3, 15
173, 15,3, 15
173, 16,3, 15
173, 17,3, 15
173, 18,3, 15
173, 19,3, 15
173, 20,3, 15
173, 21,3, 15
173, 22,3, 15
173, 23,3, 15
173, 24,3, 15
173, 25,3, 15
173, 26,3, 15
173, 27,3, 15
173, 28,3, 15
173, 29,3, 15
173, 30,3, 15
173, 31,3, 15
173, 32,3, 15
173, 33,3, 15
173, 34,3, 15
173, 35,3, 15
173, 36,3, 15
173, 37,3, 15
173, 38,3, 15
173, 39,3, 15
173, 0,4, 15
173, 1,4, 15
173, 2,4, 15
173, 3,4, 15
173, 4,4, 15
173, 5,4, 15
173, 6,4, 15
173, 7,4, 15
173, 8,4, 15
173, 9,4, 15
173, 10,4, 15
173, 11,4, 15
173, 12,4, 15
173, 13,4, 15
173, 14,4, 15
173, 15,4, 15
173, 16,4, 15
173, 17,4, 15
173, 18,4, 15
173, 19,4, 15
173, 20,4, 15
173, 21,4, 15
173, 22,4, 15
173, 23,4, 15
173, 24,4, 15
173, 25,4, 15
173, 26,4, 15
173, 27,4, 15
173, 28,4, 15
173, 29,4, 15
173, 30,4, 15
173, 31,4, 15
173, 32,4, 15
173, 33,4, 15
173, 34,4, 15
173, 35,4, 15
173, 36,4, 15
173, 37,4, 15
173, 38,4, 15
173, 39,4, 15
174, 0,0, 15
174, 1,0, 15
174, 2,0, 15
174, 3,0, 15
174, 4,0, 15
174, 5,0, 15
174, 6,0, 15
174, 7,0, 15
174, 8,0, 15
174, 9,0, 15
174, 10,0, 15
174, 11,0, 15
174, 12,0, 15
174, 13,0, 15
174, 14,0, 15
174, 15,0, 15
174, 16,0, 15
174, 17,0, 15
174, 18,0, 15
174, 19,0, 15
174, 20,0, 15
174, 21,0, 15
174, 22,0, 15
174, 23,0, 15
174, 24,0, 15
174, 25,0, 15
174, 26,0, 15
174, 27,0, 15
174, 28,0, 15
174, 29,0, 15
174, 30,0, 15
174, 31,0, 15
174, 32,0, 15
174, 33,0, 15
174, 34,0, 15
174, 35,0, 15
174, 36,0, 15
174, 37,0, 15
174, 38,0, 15
174, 39,0, 15
174, 0,1, 15
174, 1,1, 15
174, 2,1, 15
174, 3,1, 15
174, 4,1, 15
174, 5,1, 15
174, 6,1, 15
174, 7,1, 15
174, 8,1, 15
174, 9,1, 15
174, 10,1, 15
174, 11,1, 15
174, 12,1, 15
174, 13,1, 15
174, 14,1, 15
174, 15,1, 15
174, 16,1, 15
174, 17,1, 15
174, 18,1, 15
174, 19,1, 15
174, 20,1, 15
174, 21,1, 15
174, 22,1, 15
174, 23,1, 15
174, 24,1, 15
174, 25,1, 15
174, 26,1, 15
174, 27,1, 15
174, 28,1, 15
174, 29,1, 15
174, 30,1, 15
174, 31,1, 15
174, 32,1, 15
174, 33,1, 15
174, 34,1, 15
174, 35,1, 15
174, 36,1, 15
174, 37,1, 15
174, 38,1, 15
174, 39,1, 15
174, 0,2, 15
174, 1,2, 15
174, 2,2, 15
174, 3,2, 15
174, 4,2, 15
174, 5,2, 15
174, 6,2, 15
174, 7,2, 15
174, 8,2, 15
174, 9,2, 15
174, 10,2, 15
174, 11,2, 15
174, 12,2, 15
174, 13,2, 15
174, 14,2, 15
174, 15,2, 15
174, 16,2, 15
174, 17,2, 15
174, 18,2, 15
174, 19,2, 15
174, 20,2, 15
174, 21,2, 15
174, 22,2, 15
174, 23,2, 15
174, 24,2, 15
174, 25,2, 15
174, 26,2, 15
174, 27,2, 15
174, 28,2, 15
174, 29,2, 15
174, 30,2, 15
174, 31,2, 15
174, 32,2, 15
174, 33,2, 15
174, 34,2, 15
174, 35,2, 15
174, 36,2, 15
174, 37,2, 15
174, 38,2, 15
174, 39,2, 15
174, 0,3, 15
174, 1,3, 15
174, 2,3, 15
174, 3,3, 15
174, 4,3, 15
174, 5,3, 15
174, 6,3, 15
174, 7,3, 15
174, 8,3, 15
174, 9,3, 15
174, 10,3, 15
174, 11,3, 15
174, 12,3, 15
174, 13,3, 15
174, 14,3, 15
174, 15,3, 15
174, 16,3, 15
174, 17,3, 15
174, 18,3, 15
174, 19,3, 15
174, 20,3, 15
174, 21,3, 15
174, 22,3, 15
174, 23,3, 15
174, 24,3, 15
174, 25,3, 15
174, 26,3, 15
174, 27,3, 15
174, 28,3, 15
174, 29,3, 15
174, 30,3, 15
174, 31,3, 15
174, 32,3, 15
174, 33,3, 15
174, 34,3, 15
174, 35,3, 15
174, 36,3, 15
174, 37,3, 15
174, 38,3, 15
174, 39,3, 15
174, 0,4, 15
174, 1,4, 15
174, 2,4, 15
174, 3,4, 15
174, 4,4, 15
174, 5,4, 15
174, 6,4, 15
174, 7,4, 15
174, 8,4, 15
174, 9,4, 15
174, 10,4, 15
174, 11,4, 15
174, 12,4, 15
174, 13,4, 15
174, 14,4, 15
174, 15,4, 15
174, 16,4, 15
174, 17,4, 15
174, 18,4, 15
174, 19,4, 15
174, 20,4, 15
174, 21,4, 15
174, 22,4, 15
174, 23,4, 15
174, 24,4, 15
174, 25,4, 15
174, 26,4, 15
174, 27,4, 15
174, 28,4, 15
174, 29,4, 15
174, 30,4, 15
174, 31,4, 15
174, 32,4, 15
174, 33,4, 15
174, 34,4, 15
174, 35,4, 15
174, 36,4, 15
174, 37,4, 15
174, 38,4, 15
174, 39,4, 15
175, 0,0, 15
175, 1,0, 15
175, 2,0, 15
175, 3,0, 15
175, 4,0, 15
175, 5,0, 15
175, 6,0, 15
175, 7,0, 15
175, 8,0, 15
175, 9,0, 15
175, 10,0, 15
175, 11,0, 15
175, 12,0, 15
175, 13,0, 15
175, 14,0, 15
175, 15,0, 15
175, 16,0, 15
175, 17,0, 15
175, 18,0, 15
175, 19,0, 15
175, 20,0, 15
175, 21,0, 15
175, 22,0, 15
175, 23,0, 15
175, 24,0, 15
175, 25,0, 15
175, 26,0, 15
175, 27,0, 15
175, 28,0, 15
175, 29,0, 15
175, 30,0, 15
175, 31,0, 15
175, 32,0, 15
175, 33,0, 15
175, 34,0, 15
175, 35,0, 15
175, 36,0, 15
175, 37,0, 15
175, 38,0, 15
175, 39,0, 15
175, 0,1, 15
175, 1,1, 15
175, 2,1, 15
175, 3,1, 15
175, 4,1, 15
175, 5,1, 15
175, 6,1, 15
175, 7,1, 15
175, 8,1, 15
175, 9,1, 15
175, 10,1, 15
175, 11,1, 15
175, 12,1, 15
175, 13,1, 15
175, 14,1, 15
175, 15,1, 15
175, 16,1, 15
175, 17,1, 15
175, 18,1, 15
175, 19,1, 15
175, 20,1, 15
175, 21,1, 15
175, 22,1, 15
175, 23,1, 15
175, 24,1, 15
175, 25,1, 15
175, 26,1, 15
175, 27,1, 15
175, 28,1, 15
175, 29,1, 15
175, 30,1, 15
175, 31,1, 15
175, 32,1, 15
175, 33,1, 15
175, 34,1, 15
175, 35,1, 15
175, 36,1, 15
175, 37,1, 15
175, 38,1, 15
175, 39,1, 15
175, 0,2, 15
175, 1,2, 15
175, 2,2, 15
175, 3,2, 15
175, 4,2, 15
175, 5,2, 15
175, 6,2, 15
175, 7,2, 15
175, 8,2, 15
175, 9,2, 15
175, 10,2, 15
175, 11,2, 15
175, 12,2, 15
175, 13,2, 15
175, 14,2, 15
175, 15,2, 15
175, 16,2, 15
175, 17,2, 15
175, 18,2, 15
175, 19,2, 15
175, 20,2, 15
175, 21,2, 15
175, 22,2, 15
175, 23,2, 15
175, 24,2, 15
175, 25,2, 15
175, 26,2, 15
175, 27,2, 15
175, 28,2, 15
175, 29,2, 15
175, 30,2, 15
175, 31,2, 15
175, 32,2, 15
175, 33,2, 15
175, 34,2, 15
175, 35,2, 15
175, 36,2, 15
175, 37,2, 15
175, 38,2, 15
175, 39,2, 15
175, 0,3, 15
175, 1,3, 15
175, 2,3, 15
175, 3,3, 15
175, 4,3, 15
175, 5,3, 15
175, 6,3, 15
175, 7,3, 15
175, 8,3, 15
175, 9,3, 15
175, 10,3, 15
175, 11,3, 15
175, 12,3, 15
175, 13,3, 15
175, 14,3, 15
175, 15,3, 15
175, 16,3, 15
175, 17,3, 15
175, 18,3, 15
175, 19,3, 15
175, 20,3, 15
175, 21,3, 15
175, 22,3, 15
175, 23,3, 15
175, 24,3, 15
175, 25,3, 15
175, 26,3, 15
175, 27,3, 15
175, 28,3, 15
175, 29,3, 15
175, 30,3, 15
175, 31,3, 15
175, 32,3, 15
175, 33,3, 15
175, 34,3, 15
175, 35,3, 15
175, 36,3, 15
175, 37,3, 15
175, 38,3, 15
175, 39,3, 15
175, 0,4, 15
175, 1,4, 15
175, 2,4, 15
175, 3,4, 15
175, 4,4, 15
175, 5,4, 15
175, 6,4, 15
175, 7,4, 15
175, 8,4, 15
175, 9,4, 15
175, 10,4, 15
175, 11,4, 15
175, 12,4, 15
175, 13,4, 15
175, 14,4, 15
175, 15,4, 15
175, 16,4, 15
175, 17,4, 15
175, 18,4, 15
175, 19,4, 15
175, 20,4, 15
175, 21,4, 15
175, 22,4, 15
175, 23,4, 15
175, 24,4, 15
175, 25,4, 15
175, 26,4, 15
175, 27,4, 15
175, 28,4, 15
175, 29,4, 15
175, 30,4, 15
175, 31,4, 15
175, 32,4, 15
175, 33,4, 15
175, 34,4, 15
175, 35,4, 15
175, 36,4, 15
175, 37,4, 15
175, 38,4, 15
175, 39,4, 15
176, 0,0, 15
176, 1,0, 15
176, 2,0, 15
176, 3,0, 15
176, 4,0, 15
176, 5,0, 15
176, 6,0, 15
176, 7,0, 15
176, 8,0, 15
176, 9,0, 15
176, 10,0, 15
176, 11,0, 15
176, 12,0, 15
176, 13,0, 15
176, 14,0, 15
176, 15,0, 15
176, 16,0, 15
176, 17,0, 15
176, 18,0, 15
176, 19,0, 15
176, 20,0, 15
176, 21,0, 15
176, 22,0, 15
176, 23,0, 15
176, 24,0, 15
176, 25,0, 15
176, 26,0, 15
176, 27,0, 15
176, 28,0, 15
176, 29,0, 15
176, 30,0, 15
176, 31,0, 15
176, 32,0, 15
176, 33,0, 15
176, 34,0, 15
176, 35,0, 15
176, 36,0, 15
176, 37,0, 15
176, 38,0, 15
176, 39,0, 15
176, 0,1, 15
176, 1,1, 15
176, 2,1, 15
176, 3,1, 15
176, 4,1, 15
176, 5,1, 15
176, 6,1, 15
176, 7,1, 15
176, 8,1, 15
176, 9,1, 15
176, 10,1, 15
176, 11,1, 15
176, 12,1, 15
176, 13,1, 15
176, 14,1, 15
176, 15,1, 15
176, 16,1, 15
176, 17,1, 15
176, 18,1, 15
176, 19,1, 15
176, 20,1, 15
176, 21,1, 15
176, 22,1, 15
176, 23,1, 15
176, 24,1, 15
176, 25,1, 15
176, 26,1, 15
176, 27,1, 15
176, 28,1, 15
176, 29,1, 15
176, 30,1, 15
176, 31,1, 15
176, 32,1, 15
176, 33,1, 15
176, 34,1, 15
176, 35,1, 15
176, 36,1, 15
176, 37,1, 15
176, 38,1, 15
176, 39,1, 15
176, 0,2, 15
176, 1,2, 15
176, 2,2, 15
176, 3,2, 15
176, 4,2, 15
176, 5,2, 15
176, 6,2, 15
176, 7,2, 15
176, 8,2, 15
176, 9,2, 15
176, 10,2, 15
176, 11,2, 15
176, 12,2, 15
176, 13,2, 15
176, 14,2, 15
176, 15,2, 15
176, 16,2, 15
176, 17,2, 15
176, 18,2, 15
176, 19,2, 15
176, 20,2, 15
176, 21,2, 15
176, 22,2, 15
176, 23,2, 15
176, 24,2, 15
176, 25,2, 15
176, 26,2, 15
176, 27,2, 15
176, 28,2, 15
176, 29,2, 15
176, 30,2, 15
176, 31,2, 15
176, 32,2, 15
176, 33,2, 15
176, 34,2, 15
176, 35,2, 15
176, 36,2, 15
176, 37,2, 15
176, 38,2, 15
176, 39,2, 15
176, 0,3, 15
176, 1,3, 15
176, 2,3, 15
176, 3,3, 15
176, 4,3, 15
176, 5,3, 15
176, 6,3, 15
176, 7,3, 15
176, 8,3, 15
176, 9,3, 15
176, 10,3, 15
176, 11,3, 15
176, 12,3, 15
176, 13,3, 15
176, 14,3, 15
176, 15,3, 15
176, 16,3, 15
176, 17,3, 15
176, 18,3, 15
176, 19,3, 15
176, 20,3, 15
176, 21,3, 15
176, 22,3, 15
176, 23,3, 15
176, 24,3, 15
176, 25,3, 15
176, 26,3, 15
176, 27,3, 15
176, 28,3, 15
176, 29,3, 15
176, 30,3, 15
176, 31,3, 15
176, 32,3, 15
176, 33,3, 15
176, 34,3, 15
176, 35,3, 15
176, 36,3, 15
176, 37,3, 15
176, 38,3, 15
176, 39,3, 15
176, 0,4, 15
176, 1,4, 15
176, 2,4, 15
176, 3,4, 15
176, 4,4, 15
176, 5,4, 15
176, 6,4, 15
176, 7,4, 15
176, 8,4, 15
176, 9,4, 15
176, 10,4, 15
176, 11,4, 15
176, 12,4, 15
176, 13,4, 15
176, 14,4, 15
176, 15,4, 15
176, 16,4, 15
176, 17,4, 15
176, 18,4, 15
176, 19,4, 15
176, 20,4, 15
176, 21,4, 15
176, 22,4, 15
176, 23,4, 15
176, 24,4, 15
176, 25,4, 15
176, 26,4, 15
176, 27,4, 15
176, 28,4, 15
176, 29,4, 15
176, 30,4, 15
176, 31,4, 15
176, 32,4, 15
176, 33,4, 15
176, 34,4, 15
176, 35,4, 15
176, 36,4, 15
176, 37,4, 15
176, 38,4, 15
176, 39,4, 15
177, 0,0, 15
177, 1,0, 15
177, 2,0, 15
177, 3,0, 15
177, 4,0, 15
177, 5,0, 15
177, 6,0, 15
177, 7,0, 15
177, 8,0, 15
177, 9,0, 15
177, 10,0, 15
177, 11,0, 15
177, 12,0, 15
177, 13,0, 15
177, 14,0, 15
177, 15,0, 15
177, 16,0, 15
177, 17,0, 15
177, 18,0, 15
177, 19,0, 15
177, 20,0, 15
177, 21,0, 15
177, 22,0, 15
177, 23,0, 15
177, 24,0, 15
177, 25,0, 15
177, 26,0, 15
177, 27,0, 15
177, 28,0, 15
177, 29,0, 15
177, 30,0, 15
177, 31,0, 15
177, 32,0, 15
177, 33,0, 15
177, 34,0, 15
177, 35,0, 15
177, 36,0, 15
177, 37,0, 15
177, 38,0, 15
177, 39,0, 15
177, 0,1, 15
177, 1,1, 15
177, 2,1, 15
177, 3,1, 15
177, 4,1, 15
177, 5,1, 15
177, 6,1, 15
177, 7,1, 15
177, 8,1, 15
177, 9,1, 15
177, 10,1, 15
177, 11,1, 15
177, 12,1, 15
177, 13,1, 15
177, 14,1, 15
177, 15,1, 15
177, 16,1, 15
177, 17,1, 15
177, 18,1, 15
177, 19,1, 15
177, 20,1, 15
177, 21,1, 15
177, 22,1, 15
177, 23,1, 15
177, 24,1, 15
177, 25,1, 15
177, 26,1, 15
177, 27,1, 15
177, 28,1, 15
177, 29,1, 15
177, 30,1, 15
177, 31,1, 15
177, 32,1, 15
177, 33,1, 15
177, 34,1, 15
177, 35,1, 15
177, 36,1, 15
177, 37,1, 15
177, 38,1, 15
177, 39,1, 15
177, 0,2, 15
177, 1,2, 15
177, 2,2, 15
177, 3,2, 15
177, 4,2, 15
177, 5,2, 15
177, 6,2, 15
177, 7,2, 15
177, 8,2, 15
177, 9,2, 15
177, 10,2, 15
177, 11,2, 15
177, 12,2, 15
177, 13,2, 15
177, 14,2, 15
177, 15,2, 15
177, 16,2, 15
177, 17,2, 15
177, 18,2, 15
177, 19,2, 15
177, 20,2, 15
177, 21,2, 15
177, 22,2, 15
177, 23,2, 15
177, 24,2, 15
177, 25,2, 15
177, 26,2, 15
177, 27,2, 15
177, 28,2, 15
177, 29,2, 15
177, 30,2, 15
177, 31,2, 15
177, 32,2, 15
177, 33,2, 15
177, 34,2, 15
177, 35,2, 15
177, 36,2, 15
177, 37,2, 15
177, 38,2, 15
177, 39,2, 15
177, 0,3, 15
177, 1,3, 15
177, 2,3, 15
177, 3,3, 15
177, 4,3, 15
177, 5,3, 15
177, 6,3, 15
177, 7,3, 15
177, 8,3, 15
177, 9,3, 15
177, 10,3, 15
177, 11,3, 15
177, 12,3, 15
177, 13,3, 15
177, 14,3, 15
177, 15,3, 15
177, 16,3, 15
177, 17,3, 15
177, 18,3, 15
177, 19,3, 15
177, 20,3, 15
177, 21,3, 15
177, 22,3, 15
177, 23,3, 15
177, 24,3, 15
177, 25,3, 15
177, 26,3, 15
177, 27,3, 15
177, 28,3, 15
177, 29,3, 15
177, 30,3, 15
177, 31,3, 15
177, 32,3, 15
177, 33,3, 15
177, 34,3, 15
177, 35,3, 15
177, 36,3, 15
177, 37,3, 15
177, 38,3, 15
177, 39,3, 15
177, 0,4, 15
177, 1,4, 15
177, 2,4, 15
177, 3,4, 15
177, 4,4, 15
177, 5,4, 15
177, 6,4, 15
177, 7,4, 15
177, 8,4, 15
177, 9,4, 15
177, 10,4, 15
177, 11,4, 15
177, 12,4, 15
177, 13,4, 15
177, 14,4, 15
177, 15,4, 15
177, 16,4, 15
177, 17,4, 15
177, 18,4, 15
177, 19,4, 15
177, 20,4, 15
177, 21,4, 15
177, 22,4, 15
177, 23,4, 15
177, 24,4, 15
177, 25,4, 15
177, 26,4, 15
177, 27,4, 15
177, 28,4, 15
177, 29,4, 15
177, 30,4, 15
177, 31,4, 15
177, 32,4, 15
177, 33,4, 15
177, 34,4, 15
177, 35,4, 15
177, 36,4, 15
177, 37,4, 15
177, 38,4, 15
177, 39,4, 15
178, 0,0, 15
178, 1,0, 15
178, 2,0, 15
178, 3,0, 15
178, 4,0, 15
178, 5,0, 15
178, 6,0, 15
178, 7,0, 15
178, 8,0, 15
178, 9,0, 15
178, 10,0, 15
178, 11,0, 15
178, 12,0, 15
178, 13,0, 15
178, 14,0, 15
178, 15,0, 15
178, 16,0, 15
178, 17,0, 15
178, 18,0, 15
178, 19,0, 15
178, 20,0, 15
178, 21,0, 15
178, 22,0, 15
178, 23,0, 15
178, 24,0, 15
178, 25,0, 15
178, 26,0, 15
178, 27,0, 15
178, 28,0, 15
178, 29,0, 15
178, 30,0, 15
178, 31,0, 15
178, 32,0, 15
178, 33,0, 15
178, 34,0, 15
178, 35,0, 15
178, 36,0, 15
178, 37,0, 15
178, 38,0, 15
178, 39,0, 15
178, 0,1, 15
178, 1,1, 15
178, 2,1, 15
178, 3,1, 15
178, 4,1, 15
178, 5,1, 15
178, 6,1, 15
178, 7,1, 15
178, 8,1, 15
178, 9,1, 15
178, 10,1, 15
178, 11,1, 15
178, 12,1, 15
178, 13,1, 15
178, 14,1, 15
178, 15,1, 15
178, 16,1, 15
178, 17,1, 15
178, 18,1, 15
178, 19,1, 15
178, 20,1, 15
178, 21,1, 15
178, 22,1, 15
178, 23,1, 15
178, 24,1, 15
178, 25,1, 15
178, 26,1, 15
178, 27,1, 15
178, 28,1, 15
178, 29,1, 15
178, 30,1, 15
178, 31,1, 15
178, 32,1, 15
178, 33,1, 15
178, 34,1, 15
178, 35,1, 15
178, 36,1, 15
178, 37,1, 15
178, 38,1, 15
178, 39,1, 15
178, 0,2, 15
178, 1,2, 15
178, 2,2, 15
178, 3,2, 15
178, 4,2, 15
178, 5,2, 15
178, 6,2, 15
178, 7,2, 15
178, 8,2, 15
178, 9,2, 15
178, 10,2, 15
178, 11,2, 15
178, 12,2, 15
178, 13,2, 15
178, 14,2, 15
178, 15,2, 15
178, 16,2, 15
178, 17,2, 15
178, 18,2, 15
178, 19,2, 15
178, 20,2, 15
178, 21,2, 15
178, 22,2, 15
178, 23,2, 15
178, 24,2, 15
178, 25,2, 15
178, 26,2, 15
178, 27,2, 15
178, 28,2, 15
178, 29,2, 15
178, 30,2, 15
178, 31,2, 15
178, 32,2, 15
178, 33,2, 15
178, 34,2, 15
178, 35,2, 15
178, 36,2, 15
178, 37,2, 15
178, 38,2, 15
178, 39,2, 15
178, 0,3, 15
178, 1,3, 15
178, 2,3, 15
178, 3,3, 15
178, 4,3, 15
178, 5,3, 15
178, 6,3, 15
178, 7,3, 15
178, 8,3, 15
178, 9,3, 15
178, 10,3, 15
178, 11,3, 15
178, 12,3, 15
178, 13,3, 15
178, 14,3, 15
178, 15,3, 15
178, 16,3, 15
178, 17,3, 15
178, 18,3, 15
178, 19,3, 15
178, 20,3, 15
178, 21,3, 15
178, 22,3, 15
178, 23,3, 15
178, 24,3, 15
178, 25,3, 15
178, 26,3, 15
178, 27,3, 15
178, 28,3, 15
178, 29,3, 15
178, 30,3, 15
178, 31,3, 15
178, 32,3, 15
178, 33,3, 15
178, 34,3, 15
178, 35,3, 15
178, 36,3, 15
178, 37,3, 15
178, 38,3, 15
178, 39,3, 15
178, 0,4, 15
178, 1,4, 15
178, 2,4, 15
178, 3,4, 15
178, 4,4, 15
178, 5,4, 15
178, 6,4, 15
178, 7,4, 15
178, 8,4, 15
178, 9,4, 15
178, 10,4, 15
178, 11,4, 15
178, 12,4, 15
178, 13,4, 15
178, 14,4, 15
178, 15,4, 15
178, 16,4, 15
178, 17,4, 15
178, 18,4, 15
178, 19,4, 15
178, 20,4, 15
178, 21,4, 15
178, 22,4, 15
178, 23,4, 15
178, 24,4, 15
178, 25,4, 15
178, 26,4, 15
178, 27,4, 15
178, 28,4, 15
178, 29,4, 15
178, 30,4, 15
178, 31,4, 15
178, 32,4, 15
178, 33,4, 15
178, 34,4, 15
178, 35,4, 15
178, 36,4, 15
178, 37,4, 15
178, 38,4, 15
178, 39,4, 15
179, 0,0, 15
179, 1,0, 15
179, 2,0, 15
179, 3,0, 15
179, 4,0, 15
179, 5,0, 15
179, 6,0, 15
179, 7,0, 15
179, 8,0, 15
179, 9,0, 15
179, 10,0, 15
179, 11,0, 15
179, 12,0, 15
179, 13,0, 15
179, 14,0, 15
179, 15,0, 15
179, 16,0, 15
179, 17,0, 15
179, 18,0, 15
179, 19,0, 15
179, 20,0, 15
179, 21,0, 15
179, 22,0, 15
179, 23,0, 15
179, 24,0, 15
179, 25,0, 15
179, 26,0, 15
179, 27,0, 15
179, 28,0, 15
179, 29,0, 15
179, 30,0, 15
179, 31,0, 15
179, 32,0, 15
179, 33,0, 15
179, 34,0, 15
179, 35,0, 15
179, 36,0, 15
179, 37,0, 15
179, 38,0, 15
179, 39,0, 15
179, 0,1, 15
179, 1,1, 15
179, 2,1, 15
179, 3,1, 15
179, 4,1, 15
179, 5,1, 15
179, 6,1, 15
179, 7,1, 15
179, 8,1, 15
179, 9,1, 15
179, 10,1, 15
179, 11,1, 15
179, 12,1, 15
179, 13,1, 15
179, 14,1, 15
179, 15,1, 15
179, 16,1, 15
179, 17,1, 15
179, 18,1, 15
179, 19,1, 15
179, 20,1, 15
179, 21,1, 15
179, 22,1, 15
179, 23,1, 15
179, 24,1, 15
179, 25,1, 15
179, 26,1, 15
179, 27,1, 15
179, 28,1, 15
179, 29,1, 15
179, 30,1, 15
179, 31,1, 15
179, 32,1, 15
179, 33,1, 15
179, 34,1, 15
179, 35,1, 15
179, 36,1, 15
179, 37,1, 15
179, 38,1, 15
179, 39,1, 15
179, 0,2, 15
179, 1,2, 15
179, 2,2, 15
179, 3,2, 15
179, 4,2, 15
179, 5,2, 15
179, 6,2, 15
179, 7,2, 15
179, 8,2, 15
179, 9,2, 15
179, 10,2, 15
179, 11,2, 15
179, 12,2, 15
179, 13,2, 15
179, 14,2, 15
179, 15,2, 15
179, 16,2, 15
179, 17,2, 15
179, 18,2, 15
179, 19,2, 15
179, 20,2, 15
179, 21,2, 15
179, 22,2, 15
179, 23,2, 15
179, 24,2, 15
179, 25,2, 15
179, 26,2, 15
179, 27,2, 15
179, 28,2, 15
179, 29,2, 15
179, 30,2, 15
179, 31,2, 15
179, 32,2, 15
179, 33,2, 15
179, 34,2, 15
179, 35,2, 15
179, 36,2, 15
179, 37,2, 15
179, 38,2, 15
179, 39,2, 15
179, 0,3, 15
179, 1,3, 15
179, 2,3, 15
179, 3,3, 15
179, 4,3, 15
179, 5,3, 15
179, 6,3, 15
179, 7,3, 15
179, 8,3, 15
179, 9,3, 15
179, 10,3, 15
179, 11,3, 15
179, 12,3, 15
179, 13,3, 15
179, 14,3, 15
179, 15,3, 15
179, 16,3, 15
179, 17,3, 15
179, 18,3, 15
179, 19,3, 15
179, 20,3, 15
179, 21,3, 15
179, 22,3, 15
179, 23,3, 15
179, 24,3, 15
179, 25,3, 15
179, 26,3, 15
179, 27,3, 15
179, 28,3, 15
179, 29,3, 15
179, 30,3, 15
179, 31,3, 15
179, 32,3, 15
179, 33,3, 15
179, 34,3, 15
179, 35,3, 15
179, 36,3, 15
179, 37,3, 15
179, 38,3, 15
179, 39,3, 15
179, 0,4, 15
179, 1,4, 15
179, 2,4, 15
179, 3,4, 15
179, 4,4, 15
179, 5,4, 15
179, 6,4, 15
179, 7,4, 15
179, 8,4, 15
179, 9,4, 15
179, 10,4, 15
179, 11,4, 15
179, 12,4, 15
179, 13,4, 15
179, 14,4, 15
179, 15,4, 15
179, 16,4, 15
179, 17,4, 15
179, 18,4, 15
179, 19,4, 15
179, 20,4, 15
179, 21,4, 15
179, 22,4, 15
179, 23,4, 15
179, 24,4, 15
179, 25,4, 15
179, 26,4, 15
179, 27,4, 15
179, 28,4, 15
179, 29,4, 15
179, 30,4, 15
179, 31,4, 15
179, 32,4, 15
179, 33,4, 15
179, 34,4, 15
179, 35,4, 15
179, 36,4, 15
179, 37,4, 15
179, 38,4, 15
179, 39,4, 15
180, 0,0, 15
180, 1,0, 15
180, 2,0, 15
180, 3,0, 15
180, 4,0, 15
180, 5,0, 15
180, 6,0, 15
180, 7,0, 15
180, 8,0, 15
180, 9,0, 15
180, 10,0, 15
180, 11,0, 15
180, 12,0, 15
180, 13,0, 15
180, 14,0, 15
180, 15,0, 15
180, 16,0, 15
180, 17,0, 15
180, 18,0, 15
180, 19,0, 15
180, 20,0, 15
180, 21,0, 15
180, 22,0, 15
180, 23,0, 15
180, 24,0, 15
180, 25,0, 15
180, 26,0, 15
180, 27,0, 15
180, 28,0, 15
180, 29,0, 15
180, 30,0, 15
180, 31,0, 15
180, 32,0, 15
180, 33,0, 15
180, 34,0, 15
180, 35,0, 15
180, 36,0, 15
180, 37,0, 15
180, 38,0, 15
180, 39,0, 15
180, 0,1, 15
180, 1,1, 15
180, 2,1, 15
180, 3,1, 15
180, 4,1, 15
180, 5,1, 15
180, 6,1, 15
180, 7,1, 15
180, 8,1, 15
180, 9,1, 15
180, 10,1, 15
180, 11,1, 15
180, 12,1, 15
180, 13,1, 15
180, 14,1, 15
180, 15,1, 15
180, 16,1, 15
180, 17,1, 15
180, 18,1, 15
180, 19,1, 15
180, 20,1, 15
180, 21,1, 15
180, 22,1, 15
180, 23,1, 15
180, 24,1, 15
180, 25,1, 15
180, 26,1, 15
180, 27,1, 15
180, 28,1, 15
180, 29,1, 15
180, 30,1, 15
180, 31,1, 15
180, 32,1, 15
180, 33,1, 15
180, 34,1, 15
180, 35,1, 15
180, 36,1, 15
180, 37,1, 15
180, 38,1, 15
180, 39,1, 15
180, 0,2, 15
180, 1,2, 15
180, 2,2, 15
180, 3,2, 15
180, 4,2, 15
180, 5,2, 15
180, 6,2, 15
180, 7,2, 15
180, 8,2, 15
180, 9,2, 15
180, 10,2, 15
180, 11,2, 15
180, 12,2, 15
180, 13,2, 15
180, 14,2, 15
180, 15,2, 15
180, 16,2, 15
180, 17,2, 15
180, 18,2, 15
180, 19,2, 15
180, 20,2, 15
180, 21,2, 15
180, 22,2, 15
180, 23,2, 15
180, 24,2, 15
180, 25,2, 15
180, 26,2, 15
180, 27,2, 15
180, 28,2, 15
180, 29,2, 15
180, 30,2, 15
180, 31,2, 15
180, 32,2, 15
180, 33,2, 15
180, 34,2, 15
180, 35,2, 15
180, 36,2, 15
180, 37,2, 15
180, 38,2, 15
180, 39,2, 15
180, 0,3, 15
180, 1,3, 15
180, 2,3, 15
180, 3,3, 15
180, 4,3, 15
180, 5,3, 15
180, 6,3, 15
180, 7,3, 15
180, 8,3, 15
180, 9,3, 15
180, 10,3, 15
180, 11,3, 15
180, 12,3, 15
180, 13,3, 15
180, 14,3, 15
180, 15,3, 15
180, 16,3, 15
180, 17,3, 15
180, 18,3, 15
180, 19,3, 15
180, 20,3, 15
180, 21,3, 15
180, 22,3, 15
180, 23,3, 15
180, 24,3, 15
180, 25,3, 15
180, 26,3, 15
180, 27,3, 15
180, 28,3, 15
180, 29,3, 15
180, 30,3, 15
180, 31,3, 15
180, 32,3, 15
180, 33,3, 15
180, 34,3, 15
180, 35,3, 15
180, 36,3, 15
180, 37,3, 15
180, 38,3, 15
180, 39,3, 15
180, 0,4, 15
180, 1,4, 15
180, 2,4, 15
180, 3,4, 15
180, 4,4, 15
180, 5,4, 15
180, 6,4, 15
180, 7,4, 15
180, 8,4, 15
180, 9,4, 15
180, 10,4, 15
180, 11,4, 15
180, 12,4, 15
180, 13,4, 15
180, 14,4, 15
180, 15,4, 15
180, 16,4, 15
180, 17,4, 15
180, 18,4, 15
180, 19,4, 15
180, 20,4, 15
180, 21,4, 15
180, 22,4, 15
180, 23,4, 15
180, 24,4, 15
180, 25,4, 15
180, 26,4, 15
180, 27,4, 15
180, 28,4, 15
180, 29,4, 15
180, 30,4, 15
180, 31,4, 15
180, 32,4, 15
180, 33,4, 15
180, 34,4, 15
180, 35,4, 15
180, 36,4, 15
180, 37,4, 15
180, 38,4, 15
180, 39,4, 15
181, 0,0, 15
181, 1,0, 15
181, 2,0, 15
181, 3,0, 15
181, 4,0, 15
181, 5,0, 15
181, 6,0, 15
181, 7,0, 15
181, 8,0, 15
181, 9,0, 15
181, 10,0, 15
181, 11,0, 15
181, 12,0, 15
181, 13,0, 15
181, 14,0, 15
181, 15,0, 15
181, 16,0, 15
181, 17,0, 15
181, 18,0, 15
181, 19,0, 15
181, 20,0, 15
181, 21,0, 15
181, 22,0, 15
181, 23,0, 15
181, 24,0, 15
181, 25,0, 15
181, 26,0, 15
181, 27,0, 15
181, 28,0, 15
181, 29,0, 15
181, 30,0, 15
181, 31,0, 15
181, 32,0, 15
181, 33,0, 15
181, 34,0, 15
181, 35,0, 15
181, 36,0, 15
181, 37,0, 15
181, 38,0, 15
181, 39,0, 15
181, 0,1, 15
181, 1,1, 15
181, 2,1, 15
181, 3,1, 15
181, 4,1, 15
181, 5,1, 15
181, 6,1, 15
181, 7,1, 15
181, 8,1, 15
181, 9,1, 15
181, 10,1, 15
181, 11,1, 15
181, 12,1, 15
181, 13,1, 15
181, 14,1, 15
181, 15,1, 15
181, 16,1, 15
181, 17,1, 15
181, 18,1, 15
181, 19,1, 15
181, 20,1, 15
181, 21,1, 15
181, 22,1, 15
181, 23,1, 15
181, 24,1, 15
181, 25,1, 15
181, 26,1, 15
181, 27,1, 15
181, 28,1, 15
181, 29,1, 15
181, 30,1, 15
181, 31,1, 15
181, 32,1, 15
181, 33,1, 15
181, 34,1, 15
181, 35,1, 15
181, 36,1, 15
181, 37,1, 15
181, 38,1, 15
181, 39,1, 15
181, 0,2, 15
181, 1,2, 15
181, 2,2, 15
181, 3,2, 15
181, 4,2, 15
181, 5,2, 15
181, 6,2, 15
181, 7,2, 15
181, 8,2, 15
181, 9,2, 15
181, 10,2, 15
181, 11,2, 15
181, 12,2, 15
181, 13,2, 15
181, 14,2, 15
181, 15,2, 15
181, 16,2, 15
181, 17,2, 15
181, 18,2, 15
181, 19,2, 15
181, 20,2, 15
181, 21,2, 15
181, 22,2, 15
181, 23,2, 15
181, 24,2, 15
181, 25,2, 15
181, 26,2, 15
181, 27,2, 15
181, 28,2, 15
181, 29,2, 15
181, 30,2, 15
181, 31,2, 15
181, 32,2, 15
181, 33,2, 15
181, 34,2, 15
181, 35,2, 15
181, 36,2, 15
181, 37,2, 15
181, 38,2, 15
181, 39,2, 15
181, 0,3, 15
181, 1,3, 15
181, 2,3, 15
181, 3,3, 15
181, 4,3, 15
181, 5,3, 15
181, 6,3, 15
181, 7,3, 15
181, 8,3, 15
181, 9,3, 15
181, 10,3, 15
181, 11,3, 15
181, 12,3, 15
181, 13,3, 15
181, 14,3, 15
181, 15,3, 15
181, 16,3, 15
181, 17,3, 15
181, 18,3, 15
181, 19,3, 15
181, 20,3, 15
181, 21,3, 15
181, 22,3, 15
181, 23,3, 15
181, 24,3, 15
181, 25,3, 15
181, 26,3, 15
181, 27,3, 15
181, 28,3, 15
181, 29,3, 15
181, 30,3, 15
181, 31,3, 15
181, 32,3, 15
181, 33,3, 15
181, 34,3, 15
181, 35,3, 15
181, 36,3, 15
181, 37,3, 15
181, 38,3, 15
181, 39,3, 15
181, 0,4, 15
181, 1,4, 15
181, 2,4, 15
181, 3,4, 15
181, 4,4, 15
181, 5,4, 15
181, 6,4, 15
181, 7,4, 15
181, 8,4, 15
181, 9,4, 15
181, 10,4, 15
181, 11,4, 15
181, 12,4, 15
181, 13,4, 15
181, 14,4, 15
181, 15,4, 15
181, 16,4, 15
181, 17,4, 15
181, 18,4, 15
181, 19,4, 15
181, 20,4, 15
181, 21,4, 15
181, 22,4, 15
181, 23,4, 15
181, 24,4, 15
181, 25,4, 15
181, 26,4, 15
181, 27,4, 15
181, 28,4, 15
181, 29,4, 15
181, 30,4, 15
181, 31,4, 15
181, 32,4, 15
181, 33,4, 15
181, 34,4, 15
181, 35,4, 15
181, 36,4, 15
181, 37,4, 15
181, 38,4, 15
181, 39,4, 15
182, 0,0, 15
182, 1,0, 15
182, 2,0, 15
182, 3,0, 15
182, 4,0, 15
182, 5,0, 15
182, 6,0, 15
182, 7,0, 15
182, 8,0, 15
182, 9,0, 15
182, 10,0, 15
182, 11,0, 15
182, 12,0, 15
182, 13,0, 15
182, 14,0, 15
182, 15,0, 15
182, 16,0, 15
182, 17,0, 15
182, 18,0, 15
182, 19,0, 15
182, 20,0, 15
182, 21,0, 15
182, 22,0, 15
182, 23,0, 15
182, 24,0, 15
182, 25,0, 15
182, 26,0, 15
182, 27,0, 15
182, 28,0, 15
182, 29,0, 15
182, 30,0, 15
182, 31,0, 15
182, 32,0, 15
182, 33,0, 15
182, 34,0, 15
182, 35,0, 15
182, 36,0, 15
182, 37,0, 15
182, 38,0, 15
182, 39,0, 15
182, 0,1, 15
182, 1,1, 15
182, 2,1, 15
182, 3,1, 15
182, 4,1, 15
182, 5,1, 15
182, 6,1, 15
182, 7,1, 15
182, 8,1, 15
182, 9,1, 15
182, 10,1, 15
182, 11,1, 15
182, 12,1, 15
182, 13,1, 15
182, 14,1, 15
182, 15,1, 15
182, 16,1, 15
182, 17,1, 15
182, 18,1, 15
182, 19,1, 15
182, 20,1, 15
182, 21,1, 15
182, 22,1, 15
182, 23,1, 15
182, 24,1, 15
182, 25,1, 15
182, 26,1, 15
182, 27,1, 15
182, 28,1, 15
182, 29,1, 15
182, 30,1, 15
182, 31,1, 15
182, 32,1, 15
182, 33,1, 15
182, 34,1, 15
182, 35,1, 15
182, 36,1, 15
182, 37,1, 15
182, 38,1, 15
182, 39,1, 15
182, 0,2, 15
182, 1,2, 15
182, 2,2, 15
182, 3,2, 15
182, 4,2, 15
182, 5,2, 15
182, 6,2, 15
182, 7,2, 15
182, 8,2, 15
182, 9,2, 15
182, 10,2, 15
182, 11,2, 15
182, 12,2, 15
182, 13,2, 15
182, 14,2, 15
182, 15,2, 15
182, 16,2, 15
182, 17,2, 15
182, 18,2, 15
182, 19,2, 15
182, 20,2, 15
182, 21,2, 15
182, 22,2, 15
182, 23,2, 15
182, 24,2, 15
182, 25,2, 15
182, 26,2, 15
182, 27,2, 15
182, 28,2, 15
182, 29,2, 15
182, 30,2, 15
182, 31,2, 15
182, 32,2, 15
182, 33,2, 15
182, 34,2, 15
182, 35,2, 15
182, 36,2, 15
182, 37,2, 15
182, 38,2, 15
182, 39,2, 15
182, 0,3, 15
182, 1,3, 15
182, 2,3, 15
182, 3,3, 15
182, 4,3, 15
182, 5,3, 15
182, 6,3, 15
182, 7,3, 15
182, 8,3, 15
182, 9,3, 15
182, 10,3, 15
182, 11,3, 15
182, 12,3, 15
182, 13,3, 15
182, 14,3, 15
182, 15,3, 15
182, 16,3, 15
182, 17,3, 15
182, 18,3, 15
182, 19,3, 15
182, 20,3, 15
182, 21,3, 15
182, 22,3, 15
182, 23,3, 15
182, 24,3, 15
182, 25,3, 15
182, 26,3, 15
182, 27,3, 15
182, 28,3, 15
182, 29,3, 15
182, 30,3, 15
182, 31,3, 15
182, 32,3, 15
182, 33,3, 15
182, 34,3, 15
182, 35,3, 15
182, 36,3, 15
182, 37,3, 15
182, 38,3, 15
182, 39,3, 15
182, 0,4, 15
182, 1,4, 15
182, 2,4, 15
182, 3,4, 15
182, 4,4, 15
182, 5,4, 15
182, 6,4, 15
182, 7,4, 15
182, 8,4, 15
182, 9,4, 15
182, 10,4, 15
182, 11,4, 15
182, 12,4, 15
182, 13,4, 15
182, 14,4, 15
182, 15,4, 15
182, 16,4, 15
182, 17,4, 15
182, 18,4, 15
182, 19,4, 15
182, 20,4, 15
182, 21,4, 15
182, 22,4, 15
182, 23,4, 15
182, 24,4, 15
182, 25,4, 15
182, 26,4, 15
182, 27,4, 15
182, 28,4, 15
182, 29,4, 15
182, 30,4, 15
182, 31,4, 15
182, 32,4, 15
182, 33,4, 15
182, 34,4, 15
182, 35,4, 15
182, 36,4, 15
182, 37,4, 15
182, 38,4, 15
182, 39,4, 15
183, 0,0, 15
183, 1,0, 15
183, 2,0, 15
183, 3,0, 15
183, 4,0, 15
183, 5,0, 15
183, 6,0, 15
183, 7,0, 15
183, 8,0, 15
183, 9,0, 15
183, 10,0, 15
183, 11,0, 15
183, 12,0, 15
183, 13,0, 15
183, 14,0, 15
183, 15,0, 15
183, 16,0, 15
183, 17,0, 15
183, 18,0, 15
183, 19,0, 15
183, 20,0, 15
183, 21,0, 15
183, 22,0, 15
183, 23,0, 15
183, 24,0, 15
183, 25,0, 15
183, 26,0, 15
183, 27,0, 15
183, 28,0, 15
183, 29,0, 15
183, 30,0, 15
183, 31,0, 15
183, 32,0, 15
183, 33,0, 15
183, 34,0, 15
183, 35,0, 15
183, 36,0, 15
183, 37,0, 15
183, 38,0, 15
183, 39,0, 15
183, 0,1, 15
183, 1,1, 15
183, 2,1, 15
183, 3,1, 15
183, 4,1, 15
183, 5,1, 15
183, 6,1, 15
183, 7,1, 15
183, 8,1, 15
183, 9,1, 15
183, 10,1, 15
183, 11,1, 15
183, 12,1, 15
183, 13,1, 15
183, 14,1, 15
183, 15,1, 15
183, 16,1, 15
183, 17,1, 15
183, 18,1, 15
183, 19,1, 15
183, 20,1, 15
183, 21,1, 15
183, 22,1, 15
183, 23,1, 15
183, 24,1, 15
183, 25,1, 15
183, 26,1, 15
183, 27,1, 15
183, 28,1, 15
183, 29,1, 15
183, 30,1, 15
183, 31,1, 15
183, 32,1, 15
183, 33,1, 15
183, 34,1, 15
183, 35,1, 15
183, 36,1, 15
183, 37,1, 15
183, 38,1, 15
183, 39,1, 15
183, 0,2, 15
183, 1,2, 15
183, 2,2, 15
183, 3,2, 15
183, 4,2, 15
183, 5,2, 15
183, 6,2, 15
183, 7,2, 15
183, 8,2, 15
183, 9,2, 15
183, 10,2, 15
183, 11,2, 15
183, 12,2, 15
183, 13,2, 15
183, 14,2, 15
183, 15,2, 15
183, 16,2, 15
183, 17,2, 15
183, 18,2, 15
183, 19,2, 15
183, 20,2, 15
183, 21,2, 15
183, 22,2, 15
183, 23,2, 15
183, 24,2, 15
183, 25,2, 15
183, 26,2, 15
183, 27,2, 15
183, 28,2, 15
183, 29,2, 15
183, 30,2, 15
183, 31,2, 15
183, 32,2, 15
183, 33,2, 15
183, 34,2, 15
183, 35,2, 15
183, 36,2, 15
183, 37,2, 15
183, 38,2, 15
183, 39,2, 15
183, 0,3, 15
183, 1,3, 15
183, 2,3, 15
183, 3,3, 15
183, 4,3, 15
183, 5,3, 15
183, 6,3, 15
183, 7,3, 15
183, 8,3, 15
183, 9,3, 15
183, 10,3, 15
183, 11,3, 15
183, 12,3, 15
183, 13,3, 15
183, 14,3, 15
183, 15,3, 15
183, 16,3, 15
183, 17,3, 15
183, 18,3, 15
183, 19,3, 15
183, 20,3, 15
183, 21,3, 15
183, 22,3, 15
183, 23,3, 15
183, 24,3, 15
183, 25,3, 15
183, 26,3, 15
183, 27,3, 15
183, 28,3, 15
183, 29,3, 15
183, 30,3, 15
183, 31,3, 15
183, 32,3, 15
183, 33,3, 15
183, 34,3, 15
183, 35,3, 15
183, 36,3, 15
183, 37,3, 15
183, 38,3, 15
183, 39,3, 15
183, 0,4, 15
183, 1,4, 15
183, 2,4, 15
183, 3,4, 15
183, 4,4, 15
183, 5,4, 15
183, 6,4, 15
183, 7,4, 15
183, 8,4, 15
183, 9,4, 15
183, 10,4, 15
183, 11,4, 15
183, 12,4, 15
183, 13,4, 15
183, 14,4, 15
183, 15,4, 15
183, 16,4, 15
183, 17,4, 15
183, 18,4, 15
183, 19,4, 15
183, 20,4, 15
183, 21,4, 15
183, 22,4, 15
183, 23,4, 15
183, 24,4, 15
183, 25,4, 15
183, 26,4, 15
183, 27,4, 15
183, 28,4, 15
183, 29,4, 15
183, 30,4, 15
183, 31,4, 15
183, 32,4, 15
183, 33,4, 15
183, 34,4, 15
183, 35,4, 15
183, 36,4, 15
183, 37,4, 15
183, 38,4, 15
183, 39,4, 15
184, 0,0, 15
184, 1,0, 15
184, 2,0, 15
184, 3,0, 15
184, 4,0, 15
184, 5,0, 15
184, 6,0, 15
184, 7,0, 15
184, 8,0, 15
184, 9,0, 15
184, 10,0, 15
184, 11,0, 15
184, 12,0, 15
184, 13,0, 15
184, 14,0, 15
184, 15,0, 15
184, 16,0, 15
184, 17,0, 15
184, 18,0, 15
184, 19,0, 15
184, 20,0, 15
184, 21,0, 15
184, 22,0, 15
184, 23,0, 15
184, 24,0, 15
184, 25,0, 15
184, 26,0, 15
184, 27,0, 15
184, 28,0, 15
184, 29,0, 15
184, 30,0, 15
184, 31,0, 15
184, 32,0, 15
184, 33,0, 15
184, 34,0, 15
184, 35,0, 15
184, 36,0, 15
184, 37,0, 15
184, 38,0, 15
184, 39,0, 15
184, 0,1, 15
184, 1,1, 15
184, 2,1, 15
184, 3,1, 15
184, 4,1, 15
184, 5,1, 15
184, 6,1, 15
184, 7,1, 15
184, 8,1, 15
184, 9,1, 15
184, 10,1, 15
184, 11,1, 15
184, 12,1, 15
184, 13,1, 15
184, 14,1, 15
184, 15,1, 15
184, 16,1, 15
184, 17,1, 15
184, 18,1, 15
184, 19,1, 15
184, 20,1, 15
184, 21,1, 15
184, 22,1, 15
184, 23,1, 15
184, 24,1, 15
184, 25,1, 15
184, 26,1, 15
184, 27,1, 15
184, 28,1, 15
184, 29,1, 15
184, 30,1, 15
184, 31,1, 15
184, 32,1, 15
184, 33,1, 15
184, 34,1, 15
184, 35,1, 15
184, 36,1, 15
184, 37,1, 15
184, 38,1, 15
184, 39,1, 15
184, 0,2, 15
184, 1,2, 15
184, 2,2, 15
184, 3,2, 15
184, 4,2, 15
184, 5,2, 15
184, 6,2, 15
184, 7,2, 15
184, 8,2, 15
184, 9,2, 15
184, 10,2, 15
184, 11,2, 15
184, 12,2, 15
184, 13,2, 15
184, 14,2, 15
184, 15,2, 15
184, 16,2, 15
184, 17,2, 15
184, 18,2, 15
184, 19,2, 15
184, 20,2, 15
184, 21,2, 15
184, 22,2, 15
184, 23,2, 15
184, 24,2, 15
184, 25,2, 15
184, 26,2, 15
184, 27,2, 15
184, 28,2, 15
184, 29,2, 15
184, 30,2, 15
184, 31,2, 15
184, 32,2, 15
184, 33,2, 15
184, 34,2, 15
184, 35,2, 15
184, 36,2, 15
184, 37,2, 15
184, 38,2, 15
184, 39,2, 15
184, 0,3, 15
184, 1,3, 15
184, 2,3, 15
184, 3,3, 15
184, 4,3, 15
184, 5,3, 15
184, 6,3, 15
184, 7,3, 15
184, 8,3, 15
184, 9,3, 15
184, 10,3, 15
184, 11,3, 15
184, 12,3, 15
184, 13,3, 15
184, 14,3, 15
184, 15,3, 15
184, 16,3, 15
184, 17,3, 15
184, 18,3, 15
184, 19,3, 15
184, 20,3, 15
184, 21,3, 15
184, 22,3, 15
184, 23,3, 15
184, 24,3, 15
184, 25,3, 15
184, 26,3, 15
184, 27,3, 15
184, 28,3, 15
184, 29,3, 15
184, 30,3, 15
184, 31,3, 15
184, 32,3, 15
184, 33,3, 15
184, 34,3, 15
184, 35,3, 15
184, 36,3, 15
184, 37,3, 15
184, 38,3, 15
184, 39,3, 15
184, 0,4, 15
184, 1,4, 15
184, 2,4, 15
184, 3,4, 15
184, 4,4, 15
184, 5,4, 15
184, 6,4, 15
184, 7,4, 15
184, 8,4, 15
184, 9,4, 15
184, 10,4, 15
184, 11,4, 15
184, 12,4, 15
184, 13,4, 15
184, 14,4, 15
184, 15,4, 15
184, 16,4, 15
184, 17,4, 15
184, 18,4, 15
184, 19,4, 15
184, 20,4, 15
184, 21,4, 15
184, 22,4, 15
184, 23,4, 15
184, 24,4, 15
184, 25,4, 15
184, 26,4, 15
184, 27,4, 15
184, 28,4, 15
184, 29,4, 15
184, 30,4, 15
184, 31,4, 15
184, 32,4, 15
184, 33,4, 15
184, 34,4, 15
184, 35,4, 15
184, 36,4, 15
184, 37,4, 15
184, 38,4, 15
184, 39,4, 15
185, 0,0, 15
185, 1,0, 15
185, 2,0, 15
185, 3,0, 15
185, 4,0, 15
185, 5,0, 15
185, 6,0, 15
185, 7,0, 15
185, 8,0, 15
185, 9,0, 15
185, 10,0, 15
185, 11,0, 15
185, 12,0, 15
185, 13,0, 15
185, 14,0, 15
185, 15,0, 15
185, 16,0, 15
185, 17,0, 15
185, 18,0, 15
185, 19,0, 15
185, 20,0, 15
185, 21,0, 15
185, 22,0, 15
185, 23,0, 15
185, 24,0, 15
185, 25,0, 15
185, 26,0, 15
185, 27,0, 15
185, 28,0, 15
185, 29,0, 15
185, 30,0, 15
185, 31,0, 15
185, 32,0, 15
185, 33,0, 15
185, 34,0, 15
185, 35,0, 15
185, 36,0, 15
185, 37,0, 15
185, 38,0, 15
185, 39,0, 15
185, 0,1, 15
185, 1,1, 15
185, 2,1, 15
185, 3,1, 15
185, 4,1, 15
185, 5,1, 15
185, 6,1, 15
185, 7,1, 15
185, 8,1, 15
185, 9,1, 15
185, 10,1, 15
185, 11,1, 15
185, 12,1, 15
185, 13,1, 15
185, 14,1, 15
185, 15,1, 15
185, 16,1, 15
185, 17,1, 15
185, 18,1, 15
185, 19,1, 15
185, 20,1, 15
185, 21,1, 15
185, 22,1, 15
185, 23,1, 15
185, 24,1, 15
185, 25,1, 15
185, 26,1, 15
185, 27,1, 15
185, 28,1, 15
185, 29,1, 15
185, 30,1, 15
185, 31,1, 15
185, 32,1, 15
185, 33,1, 15
185, 34,1, 15
185, 35,1, 15
185, 36,1, 15
185, 37,1, 15
185, 38,1, 15
185, 39,1, 15
185, 0,2, 15
185, 1,2, 15
185, 2,2, 15
185, 3,2, 15
185, 4,2, 15
185, 5,2, 15
185, 6,2, 15
185, 7,2, 15
185, 8,2, 15
185, 9,2, 15
185, 10,2, 15
185, 11,2, 15
185, 12,2, 15
185, 13,2, 15
185, 14,2, 15
185, 15,2, 15
185, 16,2, 15
185, 17,2, 15
185, 18,2, 15
185, 19,2, 15
185, 20,2, 15
185, 21,2, 15
185, 22,2, 15
185, 23,2, 15
185, 24,2, 15
185, 25,2, 15
185, 26,2, 15
185, 27,2, 15
185, 28,2, 15
185, 29,2, 15
185, 30,2, 15
185, 31,2, 15
185, 32,2, 15
185, 33,2, 15
185, 34,2, 15
185, 35,2, 15
185, 36,2, 15
185, 37,2, 15
185, 38,2, 15
185, 39,2, 15
185, 0,3, 15
185, 1,3, 15
185, 2,3, 15
185, 3,3, 15
185, 4,3, 15
185, 5,3, 15
185, 6,3, 15
185, 7,3, 15
185, 8,3, 15
185, 9,3, 15
185, 10,3, 15
185, 11,3, 15
185, 12,3, 15
185, 13,3, 15
185, 14,3, 15
185, 15,3, 15
185, 16,3, 15
185, 17,3, 15
185, 18,3, 15
185, 19,3, 15
185, 20,3, 15
185, 21,3, 15
185, 22,3, 15
185, 23,3, 15
185, 24,3, 15
185, 25,3, 15
185, 26,3, 15
185, 27,3, 15
185, 28,3, 15
185, 29,3, 15
185, 30,3, 15
185, 31,3, 15
185, 32,3, 15
185, 33,3, 15
185, 34,3, 15
185, 35,3, 15
185, 36,3, 15
185, 37,3, 15
185, 38,3, 15
185, 39,3, 15
185, 0,4, 15
185, 1,4, 15
185, 2,4, 15
185, 3,4, 15
185, 4,4, 15
185, 5,4, 15
185, 6,4, 15
185, 7,4, 15
185, 8,4, 15
185, 9,4, 15
185, 10,4, 15
185, 11,4, 15
185, 12,4, 15
185, 13,4, 15
185, 14,4, 15
185, 15,4, 15
185, 16,4, 15
185, 17,4, 15
185, 18,4, 15
185, 19,4, 15
185, 20,4, 15
185, 21,4, 15
185, 22,4, 15
185, 23,4, 15
185, 24,4, 15
185, 25,4, 15
185, 26,4, 15
185, 27,4, 15
185, 28,4, 15
185, 29,4, 15
185, 30,4, 15
185, 31,4, 15
185, 32,4, 15
185, 33,4, 15
185, 34,4, 15
185, 35,4, 15
185, 36,4, 15
185, 37,4, 15
185, 38,4, 15
185, 39,4, 15
186, 0,0, 15
186, 1,0, 15
186, 2,0, 15
186, 3,0, 15
186, 4,0, 15
186, 5,0, 15
186, 6,0, 15
186, 7,0, 15
186, 8,0, 15
186, 9,0, 15
186, 10,0, 15
186, 11,0, 15
186, 12,0, 15
186, 13,0, 15
186, 14,0, 15
186, 15,0, 15
186, 16,0, 15
186, 17,0, 15
186, 18,0, 15
186, 19,0, 15
186, 20,0, 15
186, 21,0, 15
186, 22,0, 15
186, 23,0, 15
186, 24,0, 15
186, 25,0, 15
186, 26,0, 15
186, 27,0, 15
186, 28,0, 15
186, 29,0, 15
186, 30,0, 15
186, 31,0, 15
186, 32,0, 15
186, 33,0, 15
186, 34,0, 15
186, 35,0, 15
186, 36,0, 15
186, 37,0, 15
186, 38,0, 15
186, 39,0, 15
186, 0,1, 15
186, 1,1, 15
186, 2,1, 15
186, 3,1, 15
186, 4,1, 15
186, 5,1, 15
186, 6,1, 15
186, 7,1, 15
186, 8,1, 15
186, 9,1, 15
186, 10,1, 15
186, 11,1, 15
186, 12,1, 15
186, 13,1, 15
186, 14,1, 15
186, 15,1, 15
186, 16,1, 15
186, 17,1, 15
186, 18,1, 15
186, 19,1, 15
186, 20,1, 15
186, 21,1, 15
186, 22,1, 15
186, 23,1, 15
186, 24,1, 15
186, 25,1, 15
186, 26,1, 15
186, 27,1, 15
186, 28,1, 15
186, 29,1, 15
186, 30,1, 15
186, 31,1, 15
186, 32,1, 15
186, 33,1, 15
186, 34,1, 15
186, 35,1, 15
186, 36,1, 15
186, 37,1, 15
186, 38,1, 15
186, 39,1, 15
186, 0,2, 15
186, 1,2, 15
186, 2,2, 15
186, 3,2, 15
186, 4,2, 15
186, 5,2, 15
186, 6,2, 15
186, 7,2, 15
186, 8,2, 15
186, 9,2, 15
186, 10,2, 15
186, 11,2, 15
186, 12,2, 15
186, 13,2, 15
186, 14,2, 15
186, 15,2, 15
186, 16,2, 15
186, 17,2, 15
186, 18,2, 15
186, 19,2, 15
186, 20,2, 15
186, 21,2, 15
186, 22,2, 15
186, 23,2, 15
186, 24,2, 15
186, 25,2, 15
186, 26,2, 15
186, 27,2, 15
186, 28,2, 15
186, 29,2, 15
186, 30,2, 15
186, 31,2, 15
186, 32,2, 15
186, 33,2, 15
186, 34,2, 15
186, 35,2, 15
186, 36,2, 15
186, 37,2, 15
186, 38,2, 15
186, 39,2, 15
186, 0,3, 15
186, 1,3, 15
186, 2,3, 15
186, 3,3, 15
186, 4,3, 15
186, 5,3, 15
186, 6,3, 15
186, 7,3, 15
186, 8,3, 15
186, 9,3, 15
186, 10,3, 15
186, 11,3, 15
186, 12,3, 15
186, 13,3, 15
186, 14,3, 15
186, 15,3, 15
186, 16,3, 15
186, 17,3, 15
186, 18,3, 15
186, 19,3, 15
186, 20,3, 15
186, 21,3, 15
186, 22,3, 15
186, 23,3, 15
186, 24,3, 15
186, 25,3, 15
186, 26,3, 15
186, 27,3, 15
186, 28,3, 15
186, 29,3, 15
186, 30,3, 15
186, 31,3, 15
186, 32,3, 15
186, 33,3, 15
186, 34,3, 15
186, 35,3, 15
186, 36,3, 15
186, 37,3, 15
186, 38,3, 15
186, 39,3, 15
186, 0,4, 15
186, 1,4, 15
186, 2,4, 15
186, 3,4, 15
186, 4,4, 15
186, 5,4, 15
186, 6,4, 15
186, 7,4, 15
186, 8,4, 15
186, 9,4, 15
186, 10,4, 15
186, 11,4, 15
186, 12,4, 15
186, 13,4, 15
186, 14,4, 15
186, 15,4, 15
186, 16,4, 15
186, 17,4, 15
186, 18,4, 15
186, 19,4, 15
186, 20,4, 15
186, 21,4, 15
186, 22,4, 15
186, 23,4, 15
186, 24,4, 15
186, 25,4, 15
186, 26,4, 15
186, 27,4, 15
186, 28,4, 15
186, 29,4, 15
186, 30,4, 15
186, 31,4, 15
186, 32,4, 15
186, 33,4, 15
186, 34,4, 15
186, 35,4, 15
186, 36,4, 15
186, 37,4, 15
186, 38,4, 15
186, 39,4, 15
187, 0,0, 15
187, 1,0, 15
187, 2,0, 15
187, 3,0, 15
187, 4,0, 15
187, 5,0, 15
187, 6,0, 15
187, 7,0, 15
187, 8,0, 15
187, 9,0, 15
187, 10,0, 15
187, 11,0, 15
187, 12,0, 15
187, 13,0, 15
187, 14,0, 15
187, 15,0, 15
187, 16,0, 15
187, 17,0, 15
187, 18,0, 15
187, 19,0, 15
187, 20,0, 15
187, 21,0, 15
187, 22,0, 15
187, 23,0, 15
187, 24,0, 15
187, 25,0, 15
187, 26,0, 15
187, 27,0, 15
187, 28,0, 15
187, 29,0, 15
187, 30,0, 15
187, 31,0, 15
187, 32,0, 15
187, 33,0, 15
187, 34,0, 15
187, 35,0, 15
187, 36,0, 15
187, 37,0, 15
187, 38,0, 15
187, 39,0, 15
187, 0,1, 15
187, 1,1, 15
187, 2,1, 15
187, 3,1, 15
187, 4,1, 15
187, 5,1, 15
187, 6,1, 15
187, 7,1, 15
187, 8,1, 15
187, 9,1, 15
187, 10,1, 15
187, 11,1, 15
187, 12,1, 15
187, 13,1, 15
187, 14,1, 15
187, 15,1, 15
187, 16,1, 15
187, 17,1, 15
187, 18,1, 15
187, 19,1, 15
187, 20,1, 15
187, 21,1, 15
187, 22,1, 15
187, 23,1, 15
187, 24,1, 15
187, 25,1, 15
187, 26,1, 15
187, 27,1, 15
187, 28,1, 15
187, 29,1, 15
187, 30,1, 15
187, 31,1, 15
187, 32,1, 15
187, 33,1, 15
187, 34,1, 15
187, 35,1, 15
187, 36,1, 15
187, 37,1, 15
187, 38,1, 15
187, 39,1, 15
187, 0,2, 15
187, 1,2, 15
187, 2,2, 15
187, 3,2, 15
187, 4,2, 15
187, 5,2, 15
187, 6,2, 15
187, 7,2, 15
187, 8,2, 15
187, 9,2, 15
187, 10,2, 15
187, 11,2, 15
187, 12,2, 15
187, 13,2, 15
187, 14,2, 15
187, 15,2, 15
187, 16,2, 15
187, 17,2, 15
187, 18,2, 15
187, 19,2, 15
187, 20,2, 15
187, 21,2, 15
187, 22,2, 15
187, 23,2, 15
187, 24,2, 15
187, 25,2, 15
187, 26,2, 15
187, 27,2, 15
187, 28,2, 15
187, 29,2, 15
187, 30,2, 15
187, 31,2, 15
187, 32,2, 15
187, 33,2, 15
187, 34,2, 15
187, 35,2, 15
187, 36,2, 15
187, 37,2, 15
187, 38,2, 15
187, 39,2, 15
187, 0,3, 15
187, 1,3, 15
187, 2,3, 15
187, 3,3, 15
187, 4,3, 15
187, 5,3, 15
187, 6,3, 15
187, 7,3, 15
187, 8,3, 15
187, 9,3, 15
187, 10,3, 15
187, 11,3, 15
187, 12,3, 15
187, 13,3, 15
187, 14,3, 15
187, 15,3, 15
187, 16,3, 15
187, 17,3, 15
187, 18,3, 15
187, 19,3, 15
187, 20,3, 15
187, 21,3, 15
187, 22,3, 15
187, 23,3, 15
187, 24,3, 15
187, 25,3, 15
187, 26,3, 15
187, 27,3, 15
187, 28,3, 15
187, 29,3, 15
187, 30,3, 15
187, 31,3, 15
187, 32,3, 15
187, 33,3, 15
187, 34,3, 15
187, 35,3, 15
187, 36,3, 15
187, 37,3, 15
187, 38,3, 15
187, 39,3, 15
187, 0,4, 15
187, 1,4, 15
187, 2,4, 15
187, 3,4, 15
187, 4,4, 15
187, 5,4, 15
187, 6,4, 15
187, 7,4, 15
187, 8,4, 15
187, 9,4, 15
187, 10,4, 15
187, 11,4, 15
187, 12,4, 15
187, 13,4, 15
187, 14,4, 15
187, 15,4, 15
187, 16,4, 15
187, 17,4, 15
187, 18,4, 15
187, 19,4, 15
187, 20,4, 15
187, 21,4, 15
187, 22,4, 15
187, 23,4, 15
187, 24,4, 15
187, 25,4, 15
187, 26,4, 15
187, 27,4, 15
187, 28,4, 15
187, 29,4, 15
187, 30,4, 15
187, 31,4, 15
187, 32,4, 15
187, 33,4, 15
187, 34,4, 15
187, 35,4, 15
187, 36,4, 15
187, 37,4, 15
187, 38,4, 15
187, 39,4, 15
188, 0,0, 15
188, 1,0, 15
188, 2,0, 15
188, 3,0, 15
188, 4,0, 15
188, 5,0, 15
188, 6,0, 15
188, 7,0, 15
188, 8,0, 15
188, 9,0, 15
188, 10,0, 15
188, 11,0, 15
188, 12,0, 15
188, 13,0, 15
188, 14,0, 15
188, 15,0, 15
188, 16,0, 15
188, 17,0, 15
188, 18,0, 15
188, 19,0, 15
188, 20,0, 15
188, 21,0, 15
188, 22,0, 15
188, 23,0, 15
188, 24,0, 15
188, 25,0, 15
188, 26,0, 15
188, 27,0, 15
188, 28,0, 15
188, 29,0, 15
188, 30,0, 15
188, 31,0, 15
188, 32,0, 15
188, 33,0, 15
188, 34,0, 15
188, 35,0, 15
188, 36,0, 15
188, 37,0, 15
188, 38,0, 15
188, 39,0, 15
188, 0,1, 15
188, 1,1, 15
188, 2,1, 15
188, 3,1, 15
188, 4,1, 15
188, 5,1, 15
188, 6,1, 15
188, 7,1, 15
188, 8,1, 15
188, 9,1, 15
188, 10,1, 15
188, 11,1, 15
188, 12,1, 15
188, 13,1, 15
188, 14,1, 15
188, 15,1, 15
188, 16,1, 15
188, 17,1, 15
188, 18,1, 15
188, 19,1, 15
188, 20,1, 15
188, 21,1, 15
188, 22,1, 15
188, 23,1, 15
188, 24,1, 15
188, 25,1, 15
188, 26,1, 15
188, 27,1, 15
188, 28,1, 15
188, 29,1, 15
188, 30,1, 15
188, 31,1, 15
188, 32,1, 15
188, 33,1, 15
188, 34,1, 15
188, 35,1, 15
188, 36,1, 15
188, 37,1, 15
188, 38,1, 15
188, 39,1, 15
188, 0,2, 15
188, 1,2, 15
188, 2,2, 15
188, 3,2, 15
188, 4,2, 15
188, 5,2, 15
188, 6,2, 15
188, 7,2, 15
188, 8,2, 15
188, 9,2, 15
188, 10,2, 15
188, 11,2, 15
188, 12,2, 15
188, 13,2, 15
188, 14,2, 15
188, 15,2, 15
188, 16,2, 15
188, 17,2, 15
188, 18,2, 15
188, 19,2, 15
188, 20,2, 15
188, 21,2, 15
188, 22,2, 15
188, 23,2, 15
188, 24,2, 15
188, 25,2, 15
188, 26,2, 15
188, 27,2, 15
188, 28,2, 15
188, 29,2, 15
188, 30,2, 15
188, 31,2, 15
188, 32,2, 15
188, 33,2, 15
188, 34,2, 15
188, 35,2, 15
188, 36,2, 15
188, 37,2, 15
188, 38,2, 15
188, 39,2, 15
188, 0,3, 15
188, 1,3, 15
188, 2,3, 15
188, 3,3, 15
188, 4,3, 15
188, 5,3, 15
188, 6,3, 15
188, 7,3, 15
188, 8,3, 15
188, 9,3, 15
188, 10,3, 15
188, 11,3, 15
188, 12,3, 15
188, 13,3, 15
188, 14,3, 15
188, 15,3, 15
188, 16,3, 15
188, 17,3, 15
188, 18,3, 15
188, 19,3, 15
188, 20,3, 15
188, 21,3, 15
188, 22,3, 15
188, 23,3, 15
188, 24,3, 15
188, 25,3, 15
188, 26,3, 15
188, 27,3, 15
188, 28,3, 15
188, 29,3, 15
188, 30,3, 15
188, 31,3, 15
188, 32,3, 15
188, 33,3, 15
188, 34,3, 15
188, 35,3, 15
188, 36,3, 15
188, 37,3, 15
188, 38,3, 15
188, 39,3, 15
188, 0,4, 15
188, 1,4, 15
188, 2,4, 15
188, 3,4, 15
188, 4,4, 15
188, 5,4, 15
188, 6,4, 15
188, 7,4, 15
188, 8,4, 15
188, 9,4, 15
188, 10,4, 15
188, 11,4, 15
188, 12,4, 15
188, 13,4, 15
188, 14,4, 15
188, 15,4, 15
188, 16,4, 15
188, 17,4, 15
188, 18,4, 15
188, 19,4, 15
188, 20,4, 15
188, 21,4, 15
188, 22,4, 15
188, 23,4, 15
188, 24,4, 15
188, 25,4, 15
188, 26,4, 15
188, 27,4, 15
188, 28,4, 15
188, 29,4, 15
188, 30,4, 15
188, 31,4, 15
188, 32,4, 15
188, 33,4, 15
188, 34,4, 15
188, 35,4, 15
188, 36,4, 15
188, 37,4, 15
188, 38,4, 15
188, 39,4, 15
189, 0,0, 15
189, 1,0, 15
189, 2,0, 15
189, 3,0, 15
189, 4,0, 15
189, 5,0, 15
189, 6,0, 15
189, 7,0, 15
189, 8,0, 15
189, 9,0, 15
189, 10,0, 15
189, 11,0, 15
189, 12,0, 15
189, 13,0, 15
189, 14,0, 15
189, 15,0, 15
189, 16,0, 15
189, 17,0, 15
189, 18,0, 15
189, 19,0, 15
189, 20,0, 15
189, 21,0, 15
189, 22,0, 15
189, 23,0, 15
189, 24,0, 15
189, 25,0, 15
189, 26,0, 15
189, 27,0, 15
189, 28,0, 15
189, 29,0, 15
189, 30,0, 15
189, 31,0, 15
189, 32,0, 15
189, 33,0, 15
189, 34,0, 15
189, 35,0, 15
189, 36,0, 15
189, 37,0, 15
189, 38,0, 15
189, 39,0, 15
189, 0,1, 15
189, 1,1, 15
189, 2,1, 15
189, 3,1, 15
189, 4,1, 15
189, 5,1, 15
189, 6,1, 15
189, 7,1, 15
189, 8,1, 15
189, 9,1, 15
189, 10,1, 15
189, 11,1, 15
189, 12,1, 15
189, 13,1, 15
189, 14,1, 15
189, 15,1, 15
189, 16,1, 15
189, 17,1, 15
189, 18,1, 15
189, 19,1, 15
189, 20,1, 15
189, 21,1, 15
189, 22,1, 15
189, 23,1, 15
189, 24,1, 15
189, 25,1, 15
189, 26,1, 15
189, 27,1, 15
189, 28,1, 15
189, 29,1, 15
189, 30,1, 15
189, 31,1, 15
189, 32,1, 15
189, 33,1, 15
189, 34,1, 15
189, 35,1, 15
189, 36,1, 15
189, 37,1, 15
189, 38,1, 15
189, 39,1, 15
189, 0,2, 15
189, 1,2, 15
189, 2,2, 15
189, 3,2, 15
189, 4,2, 15
189, 5,2, 15
189, 6,2, 15
189, 7,2, 15
189, 8,2, 15
189, 9,2, 15
189, 10,2, 15
189, 11,2, 15
189, 12,2, 15
189, 13,2, 15
189, 14,2, 15
189, 15,2, 15
189, 16,2, 15
189, 17,2, 15
189, 18,2, 15
189, 19,2, 15
189, 20,2, 15
189, 21,2, 15
189, 22,2, 15
189, 23,2, 15
189, 24,2, 15
189, 25,2, 15
189, 26,2, 15
189, 27,2, 15
189, 28,2, 15
189, 29,2, 15
189, 30,2, 15
189, 31,2, 15
189, 32,2, 15
189, 33,2, 15
189, 34,2, 15
189, 35,2, 15
189, 36,2, 15
189, 37,2, 15
189, 38,2, 15
189, 39,2, 15
189, 0,3, 15
189, 1,3, 15
189, 2,3, 15
189, 3,3, 15
189, 4,3, 15
189, 5,3, 15
189, 6,3, 15
189, 7,3, 15
189, 8,3, 15
189, 9,3, 15
189, 10,3, 15
189, 11,3, 15
189, 12,3, 15
189, 13,3, 15
189, 14,3, 15
189, 15,3, 15
189, 16,3, 15
189, 17,3, 15
189, 18,3, 15
189, 19,3, 15
189, 20,3, 15
189, 21,3, 15
189, 22,3, 15
189, 23,3, 15
189, 24,3, 15
189, 25,3, 15
189, 26,3, 15
189, 27,3, 15
189, 28,3, 15
189, 29,3, 15
189, 30,3, 15
189, 31,3, 15
189, 32,3, 15
189, 33,3, 15
189, 34,3, 15
189, 35,3, 15
189, 36,3, 15
189, 37,3, 15
189, 38,3, 15
189, 39,3, 15
189, 0,4, 15
189, 1,4, 15
189, 2,4, 15
189, 3,4, 15
189, 4,4, 15
189, 5,4, 15
189, 6,4, 15
189, 7,4, 15
189, 8,4, 15
189, 9,4, 15
189, 10,4, 15
189, 11,4, 15
189, 12,4, 15
189, 13,4, 15
189, 14,4, 15
189, 15,4, 15
189, 16,4, 15
189, 17,4, 15
189, 18,4, 15
189, 19,4, 15
189, 20,4, 15
189, 21,4, 15
189, 22,4, 15
189, 23,4, 15
189, 24,4, 15
189, 25,4, 15
189, 26,4, 15
189, 27,4, 15
189, 28,4, 15
189, 29,4, 15
189, 30,4, 15
189, 31,4, 15
189, 32,4, 15
189, 33,4, 15
189, 34,4, 15
189, 35,4, 15
189, 36,4, 15
189, 37,4, 15
189, 38,4, 15
189, 39,4, 15
190, 0,0, 15
190, 1,0, 15
190, 2,0, 15
190, 3,0, 15
190, 4,0, 15
190, 5,0, 15
190, 6,0, 15
190, 7,0, 15
190, 8,0, 15
190, 9,0, 15
190, 10,0, 15
190, 11,0, 15
190, 12,0, 15
190, 13,0, 15
190, 14,0, 15
190, 15,0, 15
190, 16,0, 15
190, 17,0, 15
190, 18,0, 15
190, 19,0, 15
190, 20,0, 15
190, 21,0, 15
190, 22,0, 15
190, 23,0, 15
190, 24,0, 15
190, 25,0, 15
190, 26,0, 15
190, 27,0, 15
190, 28,0, 15
190, 29,0, 15
190, 30,0, 15
190, 31,0, 15
190, 32,0, 15
190, 33,0, 15
190, 34,0, 15
190, 35,0, 15
190, 36,0, 15
190, 37,0, 15
190, 38,0, 15
190, 39,0, 15
190, 0,1, 15
190, 1,1, 15
190, 2,1, 15
190, 3,1, 15
190, 4,1, 15
190, 5,1, 15
190, 6,1, 15
190, 7,1, 15
190, 8,1, 15
190, 9,1, 15
190, 10,1, 15
190, 11,1, 15
190, 12,1, 15
190, 13,1, 15
190, 14,1, 15
190, 15,1, 15
190, 16,1, 15
190, 17,1, 15
190, 18,1, 15
190, 19,1, 15
190, 20,1, 15
190, 21,1, 15
190, 22,1, 15
190, 23,1, 15
190, 24,1, 15
190, 25,1, 15
190, 26,1, 15
190, 27,1, 15
190, 28,1, 15
190, 29,1, 15
190, 30,1, 15
190, 31,1, 15
190, 32,1, 15
190, 33,1, 15
190, 34,1, 15
190, 35,1, 15
190, 36,1, 15
190, 37,1, 15
190, 38,1, 15
190, 39,1, 15
190, 0,2, 15
190, 1,2, 15
190, 2,2, 15
190, 3,2, 15
190, 4,2, 15
190, 5,2, 15
190, 6,2, 15
190, 7,2, 15
190, 8,2, 15
190, 9,2, 15
190, 10,2, 15
190, 11,2, 15
190, 12,2, 15
190, 13,2, 15
190, 14,2, 15
190, 15,2, 15
190, 16,2, 15
190, 17,2, 15
190, 18,2, 15
190, 19,2, 15
190, 20,2, 15
190, 21,2, 15
190, 22,2, 15
190, 23,2, 15
190, 24,2, 15
190, 25,2, 15
190, 26,2, 15
190, 27,2, 15
190, 28,2, 15
190, 29,2, 15
190, 30,2, 15
190, 31,2, 15
190, 32,2, 15
190, 33,2, 15
190, 34,2, 15
190, 35,2, 15
190, 36,2, 15
190, 37,2, 15
190, 38,2, 15
190, 39,2, 15
190, 0,3, 15
190, 1,3, 15
190, 2,3, 15
190, 3,3, 15
190, 4,3, 15
190, 5,3, 15
190, 6,3, 15
190, 7,3, 15
190, 8,3, 15
190, 9,3, 15
190, 10,3, 15
190, 11,3, 15
190, 12,3, 15
190, 13,3, 15
190, 14,3, 15
190, 15,3, 15
190, 16,3, 15
190, 17,3, 15
190, 18,3, 15
190, 19,3, 15
190, 20,3, 15
190, 21,3, 15
190, 22,3, 15
190, 23,3, 15
190, 24,3, 15
190, 25,3, 15
190, 26,3, 15
190, 27,3, 15
190, 28,3, 15
190, 29,3, 15
190, 30,3, 15
190, 31,3, 15
190, 32,3, 15
190, 33,3, 15
190, 34,3, 15
190, 35,3, 15
190, 36,3, 15
190, 37,3, 15
190, 38,3, 15
190, 39,3, 15
190, 0,4, 15
190, 1,4, 15
190, 2,4, 15
190, 3,4, 15
190, 4,4, 15
190, 5,4, 15
190, 6,4, 15
190, 7,4, 15
190, 8,4, 15
190, 9,4, 15
190, 10,4, 15
190, 11,4, 15
190, 12,4, 15
190, 13,4, 15
190, 14,4, 15
190, 15,4, 15
190, 16,4, 15
190, 17,4, 15
190, 18,4, 15
190, 19,4, 15
190, 20,4, 15
190, 21,4, 15
190, 22,4, 15
190, 23,4, 15
190, 24,4, 15
190, 25,4, 15
190, 26,4, 15
190, 27,4, 15
190, 28,4, 15
190, 29,4, 15
190, 30,4, 15
190, 31,4, 15
190, 32,4, 15
190, 33,4, 15
190, 34,4, 15
190, 35,4, 15
190, 36,4, 15
190, 37,4, 15
190, 38,4, 15
190, 39,4, 15
191, 0,0, 15
191, 1,0, 15
191, 2,0, 15
191, 3,0, 15
191, 4,0, 15
191, 5,0, 15
191, 6,0, 15
191, 7,0, 15
191, 8,0, 15
191, 9,0, 15
191, 10,0, 15
191, 11,0, 15
191, 12,0, 15
191, 13,0, 15
191, 14,0, 15
191, 15,0, 15
191, 16,0, 15
191, 17,0, 15
191, 18,0, 15
191, 19,0, 15
191, 20,0, 15
191, 21,0, 15
191, 22,0, 15
191, 23,0, 15
191, 24,0, 15
191, 25,0, 15
191, 26,0, 15
191, 27,0, 15
191, 28,0, 15
191, 29,0, 15
191, 30,0, 15
191, 31,0, 15
191, 32,0, 15
191, 33,0, 15
191, 34,0, 15
191, 35,0, 15
191, 36,0, 15
191, 37,0, 15
191, 38,0, 15
191, 39,0, 15
191, 0,1, 15
191, 1,1, 15
191, 2,1, 15
191, 3,1, 15
191, 4,1, 15
191, 5,1, 15
191, 6,1, 15
191, 7,1, 15
191, 8,1, 15
191, 9,1, 15
191, 10,1, 15
191, 11,1, 15
191, 12,1, 15
191, 13,1, 15
191, 14,1, 15
191, 15,1, 15
191, 16,1, 15
191, 17,1, 15
191, 18,1, 15
191, 19,1, 15
191, 20,1, 15
191, 21,1, 15
191, 22,1, 15
191, 23,1, 15
191, 24,1, 15
191, 25,1, 15
191, 26,1, 15
191, 27,1, 15
191, 28,1, 15
191, 29,1, 15
191, 30,1, 15
191, 31,1, 15
191, 32,1, 15
191, 33,1, 15
191, 34,1, 15
191, 35,1, 15
191, 36,1, 15
191, 37,1, 15
191, 38,1, 15
191, 39,1, 15
191, 0,2, 15
191, 1,2, 15
191, 2,2, 15
191, 3,2, 15
191, 4,2, 15
191, 5,2, 15
191, 6,2, 15
191, 7,2, 15
191, 8,2, 15
191, 9,2, 15
191, 10,2, 15
191, 11,2, 15
191, 12,2, 15
191, 13,2, 15
191, 14,2, 15
191, 15,2, 15
191, 16,2, 15
191, 17,2, 15
191, 18,2, 15
191, 19,2, 15
191, 20,2, 15
191, 21,2, 15
191, 22,2, 15
191, 23,2, 15
191, 24,2, 15
191, 25,2, 15
191, 26,2, 15
191, 27,2, 15
191, 28,2, 15
191, 29,2, 15
191, 30,2, 15
191, 31,2, 15
191, 32,2, 15
191, 33,2, 15
191, 34,2, 15
191, 35,2, 15
191, 36,2, 15
191, 37,2, 15
191, 38,2, 15
191, 39,2, 15
191, 0,3, 15
191, 1,3, 15
191, 2,3, 15
191, 3,3, 15
191, 4,3, 15
191, 5,3, 15
191, 6,3, 15
191, 7,3, 15
191, 8,3, 15
191, 9,3, 15
191, 10,3, 15
191, 11,3, 15
191, 12,3, 15
191, 13,3, 15
191, 14,3, 15
191, 15,3, 15
191, 16,3, 15
191, 17,3, 15
191, 18,3, 15
191, 19,3, 15
191, 20,3, 15
191, 21,3, 15
191, 22,3, 15
191, 23,3, 15
191, 24,3, 15
191, 25,3, 15
191, 26,3, 15
191, 27,3, 15
191, 28,3, 15
191, 29,3, 15
191, 30,3, 15
191, 31,3, 15
191, 32,3, 15
191, 33,3, 15
191, 34,3, 15
191, 35,3, 15
191, 36,3, 15
191, 37,3, 15
191, 38,3, 15
191, 39,3, 15
191, 0,4, 15
191, 1,4, 15
191, 2,4, 15
191, 3,4, 15
191, 4,4, 15
191, 5,4, 15
191, 6,4, 15
191, 7,4, 15
191, 8,4, 15
191, 9,4, 15
191, 10,4, 15
191, 11,4, 15
191, 12,4, 15
191, 13,4, 15
191, 14,4, 15
191, 15,4, 15
191, 16,4, 15
191, 17,4, 15
191, 18,4, 15
191, 19,4, 15
191, 20,4, 15
191, 21,4, 15
191, 22,4, 15
191, 23,4, 15
191, 24,4, 15
191, 25,4, 15
191, 26,4, 15
191, 27,4, 15
191, 28,4, 15
191, 29,4, 15
191, 30,4, 15
191, 31,4, 15
191, 32,4, 15
191, 33,4, 15
191, 34,4, 15
191, 35,4, 15
191, 36,4, 15
191, 37,4, 15
191, 38,4, 15
191, 39,4, 15
192, 0,0, 15
192, 1,0, 15
192, 2,0, 15
192, 3,0, 15
192, 4,0, 15
192, 5,0, 15
192, 6,0, 15
192, 7,0, 15
192, 8,0, 15
192, 9,0, 15
192, 10,0, 15
192, 11,0, 15
192, 12,0, 15
192, 13,0, 15
192, 14,0, 15
192, 15,0, 15
192, 16,0, 15
192, 17,0, 15
192, 18,0, 15
192, 19,0, 15
192, 20,0, 15
192, 21,0, 15
192, 22,0, 15
192, 23,0, 15
192, 24,0, 15
192, 25,0, 15
192, 26,0, 15
192, 27,0, 15
192, 28,0, 15
192, 29,0, 15
192, 30,0, 15
192, 31,0, 15
192, 32,0, 15
192, 33,0, 15
192, 34,0, 15
192, 35,0, 15
192, 36,0, 15
192, 37,0, 15
192, 38,0, 15
192, 39,0, 15
192, 0,1, 15
192, 1,1, 15
192, 2,1, 15
192, 3,1, 15
192, 4,1, 15
192, 5,1, 15
192, 6,1, 15
192, 7,1, 15
192, 8,1, 15
192, 9,1, 15
192, 10,1, 15
192, 11,1, 15
192, 12,1, 15
192, 13,1, 15
192, 14,1, 15
192, 15,1, 15
192, 16,1, 15
192, 17,1, 15
192, 18,1, 15
192, 19,1, 15
192, 20,1, 15
192, 21,1, 15
192, 22,1, 15
192, 23,1, 15
192, 24,1, 15
192, 25,1, 15
192, 26,1, 15
192, 27,1, 15
192, 28,1, 15
192, 29,1, 15
192, 30,1, 15
192, 31,1, 15
192, 32,1, 15
192, 33,1, 15
192, 34,1, 15
192, 35,1, 15
192, 36,1, 15
192, 37,1, 15
192, 38,1, 15
192, 39,1, 15
192, 0,2, 15
192, 1,2, 15
192, 2,2, 15
192, 3,2, 15
192, 4,2, 15
192, 5,2, 15
192, 6,2, 15
192, 7,2, 15
192, 8,2, 15
192, 9,2, 15
192, 10,2, 15
192, 11,2, 15
192, 12,2, 15
192, 13,2, 15
192, 14,2, 15
192, 15,2, 15
192, 16,2, 15
192, 17,2, 15
192, 18,2, 15
192, 19,2, 15
192, 20,2, 15
192, 21,2, 15
192, 22,2, 15
192, 23,2, 15
192, 24,2, 15
192, 25,2, 15
192, 26,2, 15
192, 27,2, 15
192, 28,2, 15
192, 29,2, 15
192, 30,2, 15
192, 31,2, 15
192, 32,2, 15
192, 33,2, 15
192, 34,2, 15
192, 35,2, 15
192, 36,2, 15
192, 37,2, 15
192, 38,2, 15
192, 39,2, 15
192, 0,3, 15
192, 1,3, 15
192, 2,3, 15
192, 3,3, 15
192, 4,3, 15
192, 5,3, 15
192, 6,3, 15
192, 7,3, 15
192, 8,3, 15
192, 9,3, 15
192, 10,3, 15
192, 11,3, 15
192, 12,3, 15
192, 13,3, 15
192, 14,3, 15
192, 15,3, 15
192, 16,3, 15
192, 17,3, 15
192, 18,3, 15
192, 19,3, 15
192, 20,3, 15
192, 21,3, 15
192, 22,3, 15
192, 23,3, 15
192, 24,3, 15
192, 25,3, 15
192, 26,3, 15
192, 27,3, 15
192, 28,3, 15
192, 29,3, 15
192, 30,3, 15
192, 31,3, 15
192, 32,3, 15
192, 33,3, 15
192, 34,3, 15
192, 35,3, 15
192, 36,3, 15
192, 37,3, 15
192, 38,3, 15
192, 39,3, 15
192, 0,4, 15
192, 1,4, 15
192, 2,4, 15
192, 3,4, 15
192, 4,4, 15
192, 5,4, 15
192, 6,4, 15
192, 7,4, 15
192, 8,4, 15
192, 9,4, 15
192, 10,4, 15
192, 11,4, 15
192, 12,4, 15
192, 13,4, 15
192, 14,4, 15
192, 15,4, 15
192, 16,4, 15
192, 17,4, 15
192, 18,4, 15
192, 19,4, 15
192, 20,4, 15
192, 21,4, 15
192, 22,4, 15
192, 23,4, 15
192, 24,4, 15
192, 25,4, 15
192, 26,4, 15
192, 27,4, 15
192, 28,4, 15
192, 29,4, 15
192, 30,4, 15
192, 31,4, 15
192, 32,4, 15
192, 33,4, 15
192, 34,4, 15
192, 35,4, 15
192, 36,4, 15
192, 37,4, 15
192, 38,4, 15
192, 39,4, 15
193, 0,0, 15
193, 1,0, 15
193, 2,0, 15
193, 3,0, 15
193, 4,0, 15
193, 5,0, 15
193, 6,0, 15
193, 7,0, 15
193, 8,0, 15
193, 9,0, 15
193, 10,0, 15
193, 11,0, 15
193, 12,0, 15
193, 13,0, 15
193, 14,0, 15
193, 15,0, 15
193, 16,0, 15
193, 17,0, 15
193, 18,0, 15
193, 19,0, 15
193, 20,0, 15
193, 21,0, 15
193, 22,0, 15
193, 23,0, 15
193, 24,0, 15
193, 25,0, 15
193, 26,0, 15
193, 27,0, 15
193, 28,0, 15
193, 29,0, 15
193, 30,0, 15
193, 31,0, 15
193, 32,0, 15
193, 33,0, 15
193, 34,0, 15
193, 35,0, 15
193, 36,0, 15
193, 37,0, 15
193, 38,0, 15
193, 39,0, 15
193, 0,1, 15
193, 1,1, 15
193, 2,1, 15
193, 3,1, 15
193, 4,1, 15
193, 5,1, 15
193, 6,1, 15
193, 7,1, 15
193, 8,1, 15
193, 9,1, 15
193, 10,1, 15
193, 11,1, 15
193, 12,1, 15
193, 13,1, 15
193, 14,1, 15
193, 15,1, 15
193, 16,1, 15
193, 17,1, 15
193, 18,1, 15
193, 19,1, 15
193, 20,1, 15
193, 21,1, 15
193, 22,1, 15
193, 23,1, 15
193, 24,1, 15
193, 25,1, 15
193, 26,1, 15
193, 27,1, 15
193, 28,1, 15
193, 29,1, 15
193, 30,1, 15
193, 31,1, 15
193, 32,1, 15
193, 33,1, 15
193, 34,1, 15
193, 35,1, 15
193, 36,1, 15
193, 37,1, 15
193, 38,1, 15
193, 39,1, 15
193, 0,2, 15
193, 1,2, 15
193, 2,2, 15
193, 3,2, 15
193, 4,2, 15
193, 5,2, 15
193, 6,2, 15
193, 7,2, 15
193, 8,2, 15
193, 9,2, 15
193, 10,2, 15
193, 11,2, 15
193, 12,2, 15
193, 13,2, 15
193, 14,2, 15
193, 15,2, 15
193, 16,2, 15
193, 17,2, 15
193, 18,2, 15
193, 19,2, 15
193, 20,2, 15
193, 21,2, 15
193, 22,2, 15
193, 23,2, 15
193, 24,2, 15
193, 25,2, 15
193, 26,2, 15
193, 27,2, 15
193, 28,2, 15
193, 29,2, 15
193, 30,2, 15
193, 31,2, 15
193, 32,2, 15
193, 33,2, 15
193, 34,2, 15
193, 35,2, 15
193, 36,2, 15
193, 37,2, 15
193, 38,2, 15
193, 39,2, 15
193, 0,3, 15
193, 1,3, 15
193, 2,3, 15
193, 3,3, 15
193, 4,3, 15
193, 5,3, 15
193, 6,3, 15
193, 7,3, 15
193, 8,3, 15
193, 9,3, 15
193, 10,3, 15
193, 11,3, 15
193, 12,3, 15
193, 13,3, 15
193, 14,3, 15
193, 15,3, 15
193, 16,3, 15
193, 17,3, 15
193, 18,3, 15
193, 19,3, 15
193, 20,3, 15
193, 21,3, 15
193, 22,3, 15
193, 23,3, 15
193, 24,3, 15
193, 25,3, 15
193, 26,3, 15
193, 27,3, 15
193, 28,3, 15
193, 29,3, 15
193, 30,3, 15
193, 31,3, 15
193, 32,3, 15
193, 33,3, 15
193, 34,3, 15
193, 35,3, 15
193, 36,3, 15
193, 37,3, 15
193, 38,3, 15
193, 39,3, 15
193, 0,4, 15
193, 1,4, 15
193, 2,4, 15
193, 3,4, 15
193, 4,4, 15
193, 5,4, 15
193, 6,4, 15
193, 7,4, 15
193, 8,4, 15
193, 9,4, 15
193, 10,4, 15
193, 11,4, 15
193, 12,4, 15
193, 13,4, 15
193, 14,4, 15
193, 15,4, 15
193, 16,4, 15
193, 17,4, 15
193, 18,4, 15
193, 19,4, 15
193, 20,4, 15
193, 21,4, 15
193, 22,4, 15
193, 23,4, 15
193, 24,4, 15
193, 25,4, 15
193, 26,4, 15
193, 27,4, 15
193, 28,4, 15
193, 29,4, 15
193, 30,4, 15
193, 31,4, 15
193, 32,4, 15
193, 33,4, 15
193, 34,4, 15
193, 35,4, 15
193, 36,4, 15
193, 37,4, 15
193, 38,4, 15
193, 39,4, 15
194, 0,0, 15
194, 1,0, 15
194, 2,0, 15
194, 3,0, 15
194, 4,0, 15
194, 5,0, 15
194, 6,0, 15
194, 7,0, 15
194, 8,0, 15
194, 9,0, 15
194, 10,0, 15
194, 11,0, 15
194, 12,0, 15
194, 13,0, 15
194, 14,0, 15
194, 15,0, 15
194, 16,0, 15
194, 17,0, 15
194, 18,0, 15
194, 19,0, 15
194, 20,0, 15
194, 21,0, 15
194, 22,0, 15
194, 23,0, 15
194, 24,0, 15
194, 25,0, 15
194, 26,0, 15
194, 27,0, 15
194, 28,0, 15
194, 29,0, 15
194, 30,0, 15
194, 31,0, 15
194, 32,0, 15
194, 33,0, 15
194, 34,0, 15
194, 35,0, 15
194, 36,0, 15
194, 37,0, 15
194, 38,0, 15
194, 39,0, 15
194, 0,1, 15
194, 1,1, 15
194, 2,1, 15
194, 3,1, 15
194, 4,1, 15
194, 5,1, 15
194, 6,1, 15
194, 7,1, 15
194, 8,1, 15
194, 9,1, 15
194, 10,1, 15
194, 11,1, 15
194, 12,1, 15
194, 13,1, 15
194, 14,1, 15
194, 15,1, 15
194, 16,1, 15
194, 17,1, 15
194, 18,1, 15
194, 19,1, 15
194, 20,1, 15
194, 21,1, 15
194, 22,1, 15
194, 23,1, 15
194, 24,1, 15
194, 25,1, 15
194, 26,1, 15
194, 27,1, 15
194, 28,1, 15
194, 29,1, 15
194, 30,1, 15
194, 31,1, 15
194, 32,1, 15
194, 33,1, 15
194, 34,1, 15
194, 35,1, 15
194, 36,1, 15
194, 37,1, 15
194, 38,1, 15
194, 39,1, 15
194, 0,2, 15
194, 1,2, 15
194, 2,2, 15
194, 3,2, 15
194, 4,2, 15
194, 5,2, 15
194, 6,2, 15
194, 7,2, 15
194, 8,2, 15
194, 9,2, 15
194, 10,2, 15
194, 11,2, 15
194, 12,2, 15
194, 13,2, 15
194, 14,2, 15
194, 15,2, 15
194, 16,2, 15
194, 17,2, 15
194, 18,2, 15
194, 19,2, 15
194, 20,2, 15
194, 21,2, 15
194, 22,2, 15
194, 23,2, 15
194, 24,2, 15
194, 25,2, 15
194, 26,2, 15
194, 27,2, 15
194, 28,2, 15
194, 29,2, 15
194, 30,2, 15
194, 31,2, 15
194, 32,2, 15
194, 33,2, 15
194, 34,2, 15
194, 35,2, 15
194, 36,2, 15
194, 37,2, 15
194, 38,2, 15
194, 39,2, 15
194, 0,3, 15
194, 1,3, 15
194, 2,3, 15
194, 3,3, 15
194, 4,3, 15
194, 5,3, 15
194, 6,3, 15
194, 7,3, 15
194, 8,3, 15
194, 9,3, 15
194, 10,3, 15
194, 11,3, 15
194, 12,3, 15
194, 13,3, 15
194, 14,3, 15
194, 15,3, 15
194, 16,3, 15
194, 17,3, 15
194, 18,3, 15
194, 19,3, 15
194, 20,3, 15
194, 21,3, 15
194, 22,3, 15
194, 23,3, 15
194, 24,3, 15
194, 25,3, 15
194, 26,3, 15
194, 27,3, 15
194, 28,3, 15
194, 29,3, 15
194, 30,3, 15
194, 31,3, 15
194, 32,3, 15
194, 33,3, 15
194, 34,3, 15
194, 35,3, 15
194, 36,3, 15
194, 37,3, 15
194, 38,3, 15
194, 39,3, 15
194, 0,4, 15
194, 1,4, 15
194, 2,4, 15
194, 3,4, 15
194, 4,4, 15
194, 5,4, 15
194, 6,4, 15
194, 7,4, 15
194, 8,4, 15
194, 9,4, 15
194, 10,4, 15
194, 11,4, 15
194, 12,4, 15
194, 13,4, 15
194, 14,4, 15
194, 15,4, 15
194, 16,4, 15
194, 17,4, 15
194, 18,4, 15
194, 19,4, 15
194, 20,4, 15
194, 21,4, 15
194, 22,4, 15
194, 23,4, 15
194, 24,4, 15
194, 25,4, 15
194, 26,4, 15
194, 27,4, 15
194, 28,4, 15
194, 29,4, 15
194, 30,4, 15
194, 31,4, 15
194, 32,4, 15
194, 33,4, 15
194, 34,4, 15
194, 35,4, 15
194, 36,4, 15
194, 37,4, 15
194, 38,4, 15
194, 39,4, 15
195, 0,0, 15
195, 1,0, 15
195, 2,0, 15
195, 3,0, 15
195, 4,0, 15
195, 5,0, 15
195, 6,0, 15
195, 7,0, 15
195, 8,0, 15
195, 9,0, 15
195, 10,0, 15
195, 11,0, 15
195, 12,0, 15
195, 13,0, 15
195, 14,0, 15
195, 15,0, 15
195, 16,0, 15
195, 17,0, 15
195, 18,0, 15
195, 19,0, 15
195, 20,0, 15
195, 21,0, 15
195, 22,0, 15
195, 23,0, 15
195, 24,0, 15
195, 25,0, 15
195, 26,0, 15
195, 27,0, 15
195, 28,0, 15
195, 29,0, 15
195, 30,0, 15
195, 31,0, 15
195, 32,0, 15
195, 33,0, 15
195, 34,0, 15
195, 35,0, 15
195, 36,0, 15
195, 37,0, 15
195, 38,0, 15
195, 39,0, 15
195, 0,1, 15
195, 1,1, 15
195, 2,1, 15
195, 3,1, 15
195, 4,1, 15
195, 5,1, 15
195, 6,1, 15
195, 7,1, 15
195, 8,1, 15
195, 9,1, 15
195, 10,1, 15
195, 11,1, 15
195, 12,1, 15
195, 13,1, 15
195, 14,1, 15
195, 15,1, 15
195, 16,1, 15
195, 17,1, 15
195, 18,1, 15
195, 19,1, 15
195, 20,1, 15
195, 21,1, 15
195, 22,1, 15
195, 23,1, 15
195, 24,1, 15
195, 25,1, 15
195, 26,1, 15
195, 27,1, 15
195, 28,1, 15
195, 29,1, 15
195, 30,1, 15
195, 31,1, 15
195, 32,1, 15
195, 33,1, 15
195, 34,1, 15
195, 35,1, 15
195, 36,1, 15
195, 37,1, 15
195, 38,1, 15
195, 39,1, 15
195, 0,2, 15
195, 1,2, 15
195, 2,2, 15
195, 3,2, 15
195, 4,2, 15
195, 5,2, 15
195, 6,2, 15
195, 7,2, 15
195, 8,2, 15
195, 9,2, 15
195, 10,2, 15
195, 11,2, 15
195, 12,2, 15
195, 13,2, 15
195, 14,2, 15
195, 15,2, 15
195, 16,2, 15
195, 17,2, 15
195, 18,2, 15
195, 19,2, 15
195, 20,2, 15
195, 21,2, 15
195, 22,2, 15
195, 23,2, 15
195, 24,2, 15
195, 25,2, 15
195, 26,2, 15
195, 27,2, 15
195, 28,2, 15
195, 29,2, 15
195, 30,2, 15
195, 31,2, 15
195, 32,2, 15
195, 33,2, 15
195, 34,2, 15
195, 35,2, 15
195, 36,2, 15
195, 37,2, 15
195, 38,2, 15
195, 39,2, 15
195, 0,3, 15
195, 1,3, 15
195, 2,3, 15
195, 3,3, 15
195, 4,3, 15
195, 5,3, 15
195, 6,3, 15
195, 7,3, 15
195, 8,3, 15
195, 9,3, 15
195, 10,3, 15
195, 11,3, 15
195, 12,3, 15
195, 13,3, 15
195, 14,3, 15
195, 15,3, 15
195, 16,3, 15
195, 17,3, 15
195, 18,3, 15
195, 19,3, 15
195, 20,3, 15
195, 21,3, 15
195, 22,3, 15
195, 23,3, 15
195, 24,3, 15
195, 25,3, 15
195, 26,3, 15
195, 27,3, 15
195, 28,3, 15
195, 29,3, 15
195, 30,3, 15
195, 31,3, 15
195, 32,3, 15
195, 33,3, 15
195, 34,3, 15
195, 35,3, 15
195, 36,3, 15
195, 37,3, 15
195, 38,3, 15
195, 39,3, 15
195, 0,4, 15
195, 1,4, 15
195, 2,4, 15
195, 3,4, 15
195, 4,4, 15
195, 5,4, 15
195, 6,4, 15
195, 7,4, 15
195, 8,4, 15
195, 9,4, 15
195, 10,4, 15
195, 11,4, 15
195, 12,4, 15
195, 13,4, 15
195, 14,4, 15
195, 15,4, 15
195, 16,4, 15
195, 17,4, 15
195, 18,4, 15
195, 19,4, 15
195, 20,4, 15
195, 21,4, 15
195, 22,4, 15
195, 23,4, 15
195, 24,4, 15
195, 25,4, 15
195, 26,4, 15
195, 27,4, 15
195, 28,4, 15
195, 29,4, 15
195, 30,4, 15
195, 31,4, 15
195, 32,4, 15
195, 33,4, 15
195, 34,4, 15
195, 35,4, 15
195, 36,4, 15
195, 37,4, 15
195, 38,4, 15
195, 39,4, 15
196, 0,0, 15
196, 1,0, 15
196, 2,0, 15
196, 3,0, 15
196, 4,0, 15
196, 5,0, 15
196, 6,0, 15
196, 7,0, 15
196, 8,0, 15
196, 9,0, 15
196, 10,0, 15
196, 11,0, 15
196, 12,0, 15
196, 13,0, 15
196, 14,0, 15
196, 15,0, 15
196, 16,0, 15
196, 17,0, 15
196, 18,0, 15
196, 19,0, 15
196, 20,0, 15
196, 21,0, 15
196, 22,0, 15
196, 23,0, 15
196, 24,0, 15
196, 25,0, 15
196, 26,0, 15
196, 27,0, 15
196, 28,0, 15
196, 29,0, 15
196, 30,0, 15
196, 31,0, 15
196, 32,0, 15
196, 33,0, 15
196, 34,0, 15
196, 35,0, 15
196, 36,0, 15
196, 37,0, 15
196, 38,0, 15
196, 39,0, 15
196, 0,1, 15
196, 1,1, 15
196, 2,1, 15
196, 3,1, 15
196, 4,1, 15
196, 5,1, 15
196, 6,1, 15
196, 7,1, 15
196, 8,1, 15
196, 9,1, 15
196, 10,1, 15
196, 11,1, 15
196, 12,1, 15
196, 13,1, 15
196, 14,1, 15
196, 15,1, 15
196, 16,1, 15
196, 17,1, 15
196, 18,1, 15
196, 19,1, 15
196, 20,1, 15
196, 21,1, 15
196, 22,1, 15
196, 23,1, 15
196, 24,1, 15
196, 25,1, 15
196, 26,1, 15
196, 27,1, 15
196, 28,1, 15
196, 29,1, 15
196, 30,1, 15
196, 31,1, 15
196, 32,1, 15
196, 33,1, 15
196, 34,1, 15
196, 35,1, 15
196, 36,1, 15
196, 37,1, 15
196, 38,1, 15
196, 39,1, 15
196, 0,2, 15
196, 1,2, 15
196, 2,2, 15
196, 3,2, 15
196, 4,2, 15
196, 5,2, 15
196, 6,2, 15
196, 7,2, 15
196, 8,2, 15
196, 9,2, 15
196, 10,2, 15
196, 11,2, 15
196, 12,2, 15
196, 13,2, 15
196, 14,2, 15
196, 15,2, 15
196, 16,2, 15
196, 17,2, 15
196, 18,2, 15
196, 19,2, 15
196, 20,2, 15
196, 21,2, 15
196, 22,2, 15
196, 23,2, 15
196, 24,2, 15
196, 25,2, 15
196, 26,2, 15
196, 27,2, 15
196, 28,2, 15
196, 29,2, 15
196, 30,2, 15
196, 31,2, 15
196, 32,2, 15
196, 33,2, 15
196, 34,2, 15
196, 35,2, 15
196, 36,2, 15
196, 37,2, 15
196, 38,2, 15
196, 39,2, 15
196, 0,3, 15
196, 1,3, 15
196, 2,3, 15
196, 3,3, 15
196, 4,3, 15
196, 5,3, 15
196, 6,3, 15
196, 7,3, 15
196, 8,3, 15
196, 9,3, 15
196, 10,3, 15
196, 11,3, 15
196, 12,3, 15
196, 13,3, 15
196, 14,3, 15
196, 15,3, 15
196, 16,3, 15
196, 17,3, 15
196, 18,3, 15
196, 19,3, 15
196, 20,3, 15
196, 21,3, 15
196, 22,3, 15
196, 23,3, 15
196, 24,3, 15
196, 25,3, 15
196, 26,3, 15
196, 27,3, 15
196, 28,3, 15
196, 29,3, 15
196, 30,3, 15
196, 31,3, 15
196, 32,3, 15
196, 33,3, 15
196, 34,3, 15
196, 35,3, 15
196, 36,3, 15
196, 37,3, 15
196, 38,3, 15
196, 39,3, 15
196, 0,4, 15
196, 1,4, 15
196, 2,4, 15
196, 3,4, 15
196, 4,4, 15
196, 5,4, 15
196, 6,4, 15
196, 7,4, 15
196, 8,4, 15
196, 9,4, 15
196, 10,4, 15
196, 11,4, 15
196, 12,4, 15
196, 13,4, 15
196, 14,4, 15
196, 15,4, 15
196, 16,4, 15
196, 17,4, 15
196, 18,4, 15
196, 19,4, 15
196, 20,4, 15
196, 21,4, 15
196, 22,4, 15
196, 23,4, 15
196, 24,4, 15
196, 25,4, 15
196, 26,4, 15
196, 27,4, 15
196, 28,4, 15
196, 29,4, 15
196, 30,4, 15
196, 31,4, 15
196, 32,4, 15
196, 33,4, 15
196, 34,4, 15
196, 35,4, 15
196, 36,4, 15
196, 37,4, 15
196, 38,4, 15
196, 39,4, 15
197, 0,0, 15
197, 1,0, 15
197, 2,0, 15
197, 3,0, 15
197, 4,0, 15
197, 5,0, 15
197, 6,0, 15
197, 7,0, 15
197, 8,0, 15
197, 9,0, 15
197, 10,0, 15
197, 11,0, 15
197, 12,0, 15
197, 13,0, 15
197, 14,0, 15
197, 15,0, 15
197, 16,0, 15
197, 17,0, 15
197, 18,0, 15
197, 19,0, 15
197, 20,0, 15
197, 21,0, 15
197, 22,0, 15
197, 23,0, 15
197, 24,0, 15
197, 25,0, 15
197, 26,0, 15
197, 27,0, 15
197, 28,0, 15
197, 29,0, 15
197, 30,0, 15
197, 31,0, 15
197, 32,0, 15
197, 33,0, 15
197, 34,0, 15
197, 35,0, 15
197, 36,0, 15
197, 37,0, 15
197, 38,0, 15
197, 39,0, 15
197, 0,1, 15
197, 1,1, 15
197, 2,1, 15
197, 3,1, 15
197, 4,1, 15
197, 5,1, 15
197, 6,1, 15
197, 7,1, 15
197, 8,1, 15
197, 9,1, 15
197, 10,1, 15
197, 11,1, 15
197, 12,1, 15
197, 13,1, 15
197, 14,1, 15
197, 15,1, 15
197, 16,1, 15
197, 17,1, 15
197, 18,1, 15
197, 19,1, 15
197, 20,1, 15
197, 21,1, 15
197, 22,1, 15
197, 23,1, 15
197, 24,1, 15
197, 25,1, 15
197, 26,1, 15
197, 27,1, 15
197, 28,1, 15
197, 29,1, 15
197, 30,1, 15
197, 31,1, 15
197, 32,1, 15
197, 33,1, 15
197, 34,1, 15
197, 35,1, 15
197, 36,1, 15
197, 37,1, 15
197, 38,1, 15
197, 39,1, 15
197, 0,2, 15
197, 1,2, 15
197, 2,2, 15
197, 3,2, 15
197, 4,2, 15
197, 5,2, 15
197, 6,2, 15
197, 7,2, 15
197, 8,2, 15
197, 9,2, 15
197, 10,2, 15
197, 11,2, 15
197, 12,2, 15
197, 13,2, 15
197, 14,2, 15
197, 15,2, 15
197, 16,2, 15
197, 17,2, 15
197, 18,2, 15
197, 19,2, 15
197, 20,2, 15
197, 21,2, 15
197, 22,2, 15
197, 23,2, 15
197, 24,2, 15
197, 25,2, 15
197, 26,2, 15
197, 27,2, 15
197, 28,2, 15
197, 29,2, 15
197, 30,2, 15
197, 31,2, 15
197, 32,2, 15
197, 33,2, 15
197, 34,2, 15
197, 35,2, 15
197, 36,2, 15
197, 37,2, 15
197, 38,2, 15
197, 39,2, 15
197, 0,3, 15
197, 1,3, 15
197, 2,3, 15
197, 3,3, 15
197, 4,3, 15
197, 5,3, 15
197, 6,3, 15
197, 7,3, 15
197, 8,3, 15
197, 9,3, 15
197, 10,3, 15
197, 11,3, 15
197, 12,3, 15
197, 13,3, 15
197, 14,3, 15
197, 15,3, 15
197, 16,3, 15
197, 17,3, 15
197, 18,3, 15
197, 19,3, 15
197, 20,3, 15
197, 21,3, 15
197, 22,3, 15
197, 23,3, 15
197, 24,3, 15
197, 25,3, 15
197, 26,3, 15
197, 27,3, 15
197, 28,3, 15
197, 29,3, 15
197, 30,3, 15
197, 31,3, 15
197, 32,3, 15
197, 33,3, 15
197, 34,3, 15
197, 35,3, 15
197, 36,3, 15
197, 37,3, 15
197, 38,3, 15
197, 39,3, 15
197, 0,4, 15
197, 1,4, 15
197, 2,4, 15
197, 3,4, 15
197, 4,4, 15
197, 5,4, 15
197, 6,4, 15
197, 7,4, 15
197, 8,4, 15
197, 9,4, 15
197, 10,4, 15
197, 11,4, 15
197, 12,4, 15
197, 13,4, 15
197, 14,4, 15
197, 15,4, 15
197, 16,4, 15
197, 17,4, 15
197, 18,4, 15
197, 19,4, 15
197, 20,4, 15
197, 21,4, 15
197, 22,4, 15
197, 23,4, 15
197, 24,4, 15
197, 25,4, 15
197, 26,4, 15
197, 27,4, 15
197, 28,4, 15
197, 29,4, 15
197, 30,4, 15
197, 31,4, 15
197, 32,4, 15
197, 33,4, 15
197, 34,4, 15
197, 35,4, 15
197, 36,4, 15
197, 37,4, 15
197, 38,4, 15
197, 39,4, 15
198, 0,0, 15
198, 1,0, 15
198, 2,0, 15
198, 3,0, 15
198, 4,0, 15
198, 5,0, 15
198, 6,0, 15
198, 7,0, 15
198, 8,0, 15
198, 9,0, 15
198, 10,0, 15
198, 11,0, 15
198, 12,0, 15
198, 13,0, 15
198, 14,0, 15
198, 15,0, 15
198, 16,0, 15
198, 17,0, 15
198, 18,0, 15
198, 19,0, 15
198, 20,0, 15
198, 21,0, 15
198, 22,0, 15
198, 23,0, 15
198, 24,0, 15
198, 25,0, 15
198, 26,0, 15
198, 27,0, 15
198, 28,0, 15
198, 29,0, 15
198, 30,0, 15
198, 31,0, 15
198, 32,0, 15
198, 33,0, 15
198, 34,0, 15
198, 35,0, 15
198, 36,0, 15
198, 37,0, 15
198, 38,0, 15
198, 39,0, 15
198, 0,1, 15
198, 1,1, 15
198, 2,1, 15
198, 3,1, 15
198, 4,1, 15
198, 5,1, 15
198, 6,1, 15
198, 7,1, 15
198, 8,1, 15
198, 9,1, 15
198, 10,1, 15
198, 11,1, 15
198, 12,1, 15
198, 13,1, 15
198, 14,1, 15
198, 15,1, 15
198, 16,1, 15
198, 17,1, 15
198, 18,1, 15
198, 19,1, 15
198, 20,1, 15
198, 21,1, 15
198, 22,1, 15
198, 23,1, 15
198, 24,1, 15
198, 25,1, 15
198, 26,1, 15
198, 27,1, 15
198, 28,1, 15
198, 29,1, 15
198, 30,1, 15
198, 31,1, 15
198, 32,1, 15
198, 33,1, 15
198, 34,1, 15
198, 35,1, 15
198, 36,1, 15
198, 37,1, 15
198, 38,1, 15
198, 39,1, 15
198, 0,2, 15
198, 1,2, 15
198, 2,2, 15
198, 3,2, 15
198, 4,2, 15
198, 5,2, 15
198, 6,2, 15
198, 7,2, 15
198, 8,2, 15
198, 9,2, 15
198, 10,2, 15
198, 11,2, 15
198, 12,2, 15
198, 13,2, 15
198, 14,2, 15
198, 15,2, 15
198, 16,2, 15
198, 17,2, 15
198, 18,2, 15
198, 19,2, 15
198, 20,2, 15
198, 21,2, 15
198, 22,2, 15
198, 23,2, 15
198, 24,2, 15
198, 25,2, 15
198, 26,2, 15
198, 27,2, 15
198, 28,2, 15
198, 29,2, 15
198, 30,2, 15
198, 31,2, 15
198, 32,2, 15
198, 33,2, 15
198, 34,2, 15
198, 35,2, 15
198, 36,2, 15
198, 37,2, 15
198, 38,2, 15
198, 39,2, 15
198, 0,3, 15
198, 1,3, 15
198, 2,3, 15
198, 3,3, 15
198, 4,3, 15
198, 5,3, 15
198, 6,3, 15
198, 7,3, 15
198, 8,3, 15
198, 9,3, 15
198, 10,3, 15
198, 11,3, 15
198, 12,3, 15
198, 13,3, 15
198, 14,3, 15
198, 15,3, 15
198, 16,3, 15
198, 17,3, 15
198, 18,3, 15
198, 19,3, 15
198, 20,3, 15
198, 21,3, 15
198, 22,3, 15
198, 23,3, 15
198, 24,3, 15
198, 25,3, 15
198, 26,3, 15
198, 27,3, 15
198, 28,3, 15
198, 29,3, 15
198, 30,3, 15
198, 31,3, 15
198, 32,3, 15
198, 33,3, 15
198, 34,3, 15
198, 35,3, 15
198, 36,3, 15
198, 37,3, 15
198, 38,3, 15
198, 39,3, 15
198, 0,4, 15
198, 1,4, 15
198, 2,4, 15
198, 3,4, 15
198, 4,4, 15
198, 5,4, 15
198, 6,4, 15
198, 7,4, 15
198, 8,4, 15
198, 9,4, 15
198, 10,4, 15
198, 11,4, 15
198, 12,4, 15
198, 13,4, 15
198, 14,4, 15
198, 15,4, 15
198, 16,4, 15
198, 17,4, 15
198, 18,4, 15
198, 19,4, 15
198, 20,4, 15
198, 21,4, 15
198, 22,4, 15
198, 23,4, 15
198, 24,4, 15
198, 25,4, 15
198, 26,4, 15
198, 27,4, 15
198, 28,4, 15
198, 29,4, 15
198, 30,4, 15
198, 31,4, 15
198, 32,4, 15
198, 33,4, 15
198, 34,4, 15
198, 35,4, 15
198, 36,4, 15
198, 37,4, 15
198, 38,4, 15
198, 39,4, 15
199, 0,0, 15
199, 1,0, 15
199, 2,0, 15
199, 3,0, 15
199, 4,0, 15
199, 5,0, 15
199, 6,0, 15
199, 7,0, 15
199, 8,0, 15
199, 9,0, 15
199, 10,0, 15
199, 11,0, 15
199, 12,0, 15
199, 13,0, 15
199, 14,0, 15
199, 15,0, 15
199, 16,0, 15
199, 17,0, 15
199, 18,0, 15
199, 19,0, 15
199, 20,0, 15
199, 21,0, 15
199, 22,0, 15
199, 23,0, 15
199, 24,0, 15
199, 25,0, 15
199, 26,0, 15
199, 27,0, 15
199, 28,0, 15
199, 29,0, 15
199, 30,0, 15
199, 31,0, 15
199, 32,0, 15
199, 33,0, 15
199, 34,0, 15
199, 35,0, 15
199, 36,0, 15
199, 37,0, 15
199, 38,0, 15
199, 39,0, 15
199, 0,1, 15
199, 1,1, 15
199, 2,1, 15
199, 3,1, 15
199, 4,1, 15
199, 5,1, 15
199, 6,1, 15
199, 7,1, 15
199, 8,1, 15
199, 9,1, 15
199, 10,1, 15
199, 11,1, 15
199, 12,1, 15
199, 13,1, 15
199, 14,1, 15
199, 15,1, 15
199, 16,1, 15
199, 17,1, 15
199, 18,1, 15
199, 19,1, 15
199, 20,1, 15
199, 21,1, 15
199, 22,1, 15
199, 23,1, 15
199, 24,1, 15
199, 25,1, 15
199, 26,1, 15
199, 27,1, 15
199, 28,1, 15
199, 29,1, 15
199, 30,1, 15
199, 31,1, 15
199, 32,1, 15
199, 33,1, 15
199, 34,1, 15
199, 35,1, 15
199, 36,1, 15
199, 37,1, 15
199, 38,1, 15
199, 39,1, 15
199, 0,2, 15
199, 1,2, 15
199, 2,2, 15
199, 3,2, 15
199, 4,2, 15
199, 5,2, 15
199, 6,2, 15
199, 7,2, 15
199, 8,2, 15
199, 9,2, 15
199, 10,2, 15
199, 11,2, 15
199, 12,2, 15
199, 13,2, 15
199, 14,2, 15
199, 15,2, 15
199, 16,2, 15
199, 17,2, 15
199, 18,2, 15
199, 19,2, 15
199, 20,2, 15
199, 21,2, 15
199, 22,2, 15
199, 23,2, 15
199, 24,2, 15
199, 25,2, 15
199, 26,2, 15
199, 27,2, 15
199, 28,2, 15
199, 29,2, 15
199, 30,2, 15
199, 31,2, 15
199, 32,2, 15
199, 33,2, 15
199, 34,2, 15
199, 35,2, 15
199, 36,2, 15
199, 37,2, 15
199, 38,2, 15
199, 39,2, 15
199, 0,3, 15
199, 1,3, 15
199, 2,3, 15
199, 3,3, 15
199, 4,3, 15
199, 5,3, 15
199, 6,3, 15
199, 7,3, 15
199, 8,3, 15
199, 9,3, 15
199, 10,3, 15
199, 11,3, 15
199, 12,3, 15
199, 13,3, 15
199, 14,3, 15
199, 15,3, 15
199, 16,3, 15
199, 17,3, 15
199, 18,3, 15
199, 19,3, 15
199, 20,3, 15
199, 21,3, 15
199, 22,3, 15
199, 23,3, 15
199, 24,3, 15
199, 25,3, 15
199, 26,3, 15
199, 27,3, 15
199, 28,3, 15
199, 29,3, 15
199, 30,3, 15
199, 31,3, 15
199, 32,3, 15
199, 33,3, 15
199, 34,3, 15
199, 35,3, 15
199, 36,3, 15
199, 37,3, 15
199, 38,3, 15
199, 39,3, 15
199, 0,4, 15
199, 1,4, 15
199, 2,4, 15
199, 3,4, 15
199, 4,4, 15
199, 5,4, 15
199, 6,4, 15
199, 7,4, 15
199, 8,4, 15
199, 9,4, 15
199, 10,4, 15
199, 11,4, 15
199, 12,4, 15
199, 13,4, 15
199, 14,4, 15
199, 15,4, 15
199, 16,4, 15
199, 17,4, 15
199, 18,4, 15
199, 19,4, 15
199, 20,4, 15
199, 21,4, 15
199, 22,4, 15
199, 23,4, 15
199, 24,4, 15
199, 25,4, 15
199, 26,4, 15
199, 27,4, 15
199, 28,4, 15
199, 29,4, 15
199, 30,4, 15
199, 31,4, 15
199, 32,4, 15
199, 33,4, 15
199, 34,4, 15
199, 35,4, 15
199, 36,4, 15
199, 37,4, 15
199, 38,4, 15
199, 39,4, 15
200, 0,0, 15
200, 1,0, 15
200, 2,0, 15
200, 3,0, 15
200, 4,0, 15
200, 5,0, 15
200, 6,0, 15
200, 7,0, 15
200, 8,0, 15
200, 9,0, 15
200, 10,0, 15
200, 11,0, 15
200, 12,0, 15
200, 13,0, 15
200, 14,0, 15
200, 15,0, 15
200, 16,0, 15
200, 17,0, 15
200, 18,0, 15
200, 19,0, 15
200, 20,0, 15
200, 21,0, 15
200, 22,0, 15
200, 23,0, 15
200, 24,0, 15
200, 25,0, 15
200, 26,0, 15
200, 27,0, 15
200, 28,0, 15
200, 29,0, 15
200, 30,0, 15
200, 31,0, 15
200, 32,0, 15
200, 33,0, 15
200, 34,0, 15
200, 35,0, 15
200, 36,0, 15
200, 37,0, 15
200, 38,0, 15
200, 39,0, 15
200, 0,1, 15
200, 1,1, 15
200, 2,1, 15
200, 3,1, 15
200, 4,1, 15
200, 5,1, 15
200, 6,1, 15
200, 7,1, 15
200, 8,1, 15
200, 9,1, 15
200, 10,1, 15
200, 11,1, 15
200, 12,1, 15
200, 13,1, 15
200, 14,1, 15
200, 15,1, 15
200, 16,1, 15
200, 17,1, 15
200, 18,1, 15
200, 19,1, 15
200, 20,1, 15
200, 21,1, 15
200, 22,1, 15
200, 23,1, 15
200, 24,1, 15
200, 25,1, 15
200, 26,1, 15
200, 27,1, 15
200, 28,1, 15
200, 29,1, 15
200, 30,1, 15
200, 31,1, 15
200, 32,1, 15
200, 33,1, 15
200, 34,1, 15
200, 35,1, 15
200, 36,1, 15
200, 37,1, 15
200, 38,1, 15
200, 39,1, 15
200, 0,2, 15
200, 1,2, 15
200, 2,2, 15
200, 3,2, 15
200, 4,2, 15
200, 5,2, 15
200, 6,2, 15
200, 7,2, 15
200, 8,2, 15
200, 9,2, 15
200, 10,2, 15
200, 11,2, 15
200, 12,2, 15
200, 13,2, 15
200, 14,2, 15
200, 15,2, 15
200, 16,2, 15
200, 17,2, 15
200, 18,2, 15
200, 19,2, 15
200, 20,2, 15
200, 21,2, 15
200, 22,2, 15
200, 23,2, 15
200, 24,2, 15
200, 25,2, 15
200, 26,2, 15
200, 27,2, 15
200, 28,2, 15
200, 29,2, 15
200, 30,2, 15
200, 31,2, 15
200, 32,2, 15
200, 33,2, 15
200, 34,2, 15
200, 35,2, 15
200, 36,2, 15
200, 37,2, 15
200, 38,2, 15
200, 39,2, 15
200, 0,3, 15
200, 1,3, 15
200, 2,3, 15
200, 3,3, 15
200, 4,3, 15
200, 5,3, 15
200, 6,3, 15
200, 7,3, 15
200, 8,3, 15
200, 9,3, 15
200, 10,3, 15
200, 11,3, 15
200, 12,3, 15
200, 13,3, 15
200, 14,3, 15
200, 15,3, 15
200, 16,3, 15
200, 17,3, 15
200, 18,3, 15
200, 19,3, 15
200, 20,3, 15
200, 21,3, 15
200, 22,3, 15
200, 23,3, 15
200, 24,3, 15
200, 25,3, 15
200, 26,3, 15
200, 27,3, 15
200, 28,3, 15
200, 29,3, 15
200, 30,3, 15
200, 31,3, 15
200, 32,3, 15
200, 33,3, 15
200, 34,3, 15
200, 35,3, 15
200, 36,3, 15
200, 37,3, 15
200, 38,3, 15
200, 39,3, 15
200, 0,4, 15
200, 1,4, 15
200, 2,4, 15
200, 3,4, 15
200, 4,4, 15
200, 5,4, 15
200, 6,4, 15
200, 7,4, 15
200, 8,4, 15
200, 9,4, 15
200, 10,4, 15
200, 11,4, 15
200, 12,4, 15
200, 13,4, 15
200, 14,4, 15
200, 15,4, 15
200, 16,4, 15
200, 17,4, 15
200, 18,4, 15
200, 19,4, 15
200, 20,4, 15
200, 21,4, 15
200, 22,4, 15
200, 23,4, 15
200, 24,4, 15
200, 25,4, 15
200, 26,4, 15
200, 27,4, 15
200, 28,4, 15
200, 29,4, 15
200, 30,4, 15
200, 31,4, 15
200, 32,4, 15
200, 33,4, 15
200, 34,4, 15
200, 35,4, 15
200, 36,4, 15
200, 37,4, 15
200, 38,4, 15
200, 39,4, 15
201, 0,0, 15
201, 1,0, 15
201, 2,0, 15
201, 3,0, 15
201, 4,0, 15
201, 5,0, 15
201, 6,0, 15
201, 7,0, 15
201, 8,0, 15
201, 9,0, 15
201, 10,0, 15
201, 11,0, 15
201, 12,0, 15
201, 13,0, 15
201, 14,0, 15
201, 15,0, 15
201, 16,0, 15
201, 17,0, 15
201, 18,0, 15
201, 19,0, 15
201, 20,0, 15
201, 21,0, 15
201, 22,0, 15
201, 23,0, 15
201, 24,0, 15
201, 25,0, 15
201, 26,0, 15
201, 27,0, 15
201, 28,0, 15
201, 29,0, 15
201, 30,0, 15
201, 31,0, 15
201, 32,0, 15
201, 33,0, 15
201, 34,0, 15
201, 35,0, 15
201, 36,0, 15
201, 37,0, 15
201, 38,0, 15
201, 39,0, 15
201, 0,1, 15
201, 1,1, 15
201, 2,1, 15
201, 3,1, 15
201, 4,1, 15
201, 5,1, 15
201, 6,1, 15
201, 7,1, 15
201, 8,1, 15
201, 9,1, 15
201, 10,1, 15
201, 11,1, 15
201, 12,1, 15
201, 13,1, 15
201, 14,1, 15
201, 15,1, 15
201, 16,1, 15
201, 17,1, 15
201, 18,1, 15
201, 19,1, 15
201, 20,1, 15
201, 21,1, 15
201, 22,1, 15
201, 23,1, 15
201, 24,1, 15
201, 25,1, 15
201, 26,1, 15
201, 27,1, 15
201, 28,1, 15
201, 29,1, 15
201, 30,1, 15
201, 31,1, 15
201, 32,1, 15
201, 33,1, 15
201, 34,1, 15
201, 35,1, 15
201, 36,1, 15
201, 37,1, 15
201, 38,1, 15
201, 39,1, 15
201, 0,2, 15
201, 1,2, 15
201, 2,2, 15
201, 3,2, 15
201, 4,2, 15
201, 5,2, 15
201, 6,2, 15
201, 7,2, 15
201, 8,2, 15
201, 9,2, 15
201, 10,2, 15
201, 11,2, 15
201, 12,2, 15
201, 13,2, 15
201, 14,2, 15
201, 15,2, 15
201, 16,2, 15
201, 17,2, 15
201, 18,2, 15
201, 19,2, 15
201, 20,2, 15
201, 21,2, 15
201, 22,2, 15
201, 23,2, 15
201, 24,2, 15
201, 25,2, 15
201, 26,2, 15
201, 27,2, 15
201, 28,2, 15
201, 29,2, 15
201, 30,2, 15
201, 31,2, 15
201, 32,2, 15
201, 33,2, 15
201, 34,2, 15
201, 35,2, 15
201, 36,2, 15
201, 37,2, 15
201, 38,2, 15
201, 39,2, 15
201, 0,3, 15
201, 1,3, 15
201, 2,3, 15
201, 3,3, 15
201, 4,3, 15
201, 5,3, 15
201, 6,3, 15
201, 7,3, 15
201, 8,3, 15
201, 9,3, 15
201, 10,3, 15
201, 11,3, 15
201, 12,3, 15
201, 13,3, 15
201, 14,3, 15
201, 15,3, 15
201, 16,3, 15
201, 17,3, 15
201, 18,3, 15
201, 19,3, 15
201, 20,3, 15
201, 21,3, 15
201, 22,3, 15
201, 23,3, 15
201, 24,3, 15
201, 25,3, 15
201, 26,3, 15
201, 27,3, 15
201, 28,3, 15
201, 29,3, 15
201, 30,3, 15
201, 31,3, 15
201, 32,3, 15
201, 33,3, 15
201, 34,3, 15
201, 35,3, 15
201, 36,3, 15
201, 37,3, 15
201, 38,3, 15
201, 39,3, 15
201, 0,4, 15
201, 1,4, 15
201, 2,4, 15
201, 3,4, 15
201, 4,4, 15
201, 5,4, 15
201, 6,4, 15
201, 7,4, 15
201, 8,4, 15
201, 9,4, 15
201, 10,4, 15
201, 11,4, 15
201, 12,4, 15
201, 13,4, 15
201, 14,4, 15
201, 15,4, 15
201, 16,4, 15
201, 17,4, 15
201, 18,4, 15
201, 19,4, 15
201, 20,4, 15
201, 21,4, 15
201, 22,4, 15
201, 23,4, 15
201, 24,4, 15
201, 25,4, 15
201, 26,4, 15
201, 27,4, 15
201, 28,4, 15
201, 29,4, 15
201, 30,4, 15
201, 31,4, 15
201, 32,4, 15
201, 33,4, 15
201, 34,4, 15
201, 35,4, 15
201, 36,4, 15
201, 37,4, 15
201, 38,4, 15
201, 39,4, 15
202, 0,0, 15
202, 1,0, 15
202, 2,0, 15
202, 3,0, 15
202, 4,0, 15
202, 5,0, 15
202, 6,0, 15
202, 7,0, 15
202, 8,0, 15
202, 9,0, 15
202, 10,0, 15
202, 11,0, 15
202, 12,0, 15
202, 13,0, 15
202, 14,0, 15
202, 15,0, 15
202, 16,0, 15
202, 17,0, 15
202, 18,0, 15
202, 19,0, 15
202, 20,0, 15
202, 21,0, 15
202, 22,0, 15
202, 23,0, 15
202, 24,0, 15
202, 25,0, 15
202, 26,0, 15
202, 27,0, 15
202, 28,0, 15
202, 29,0, 15
202, 30,0, 15
202, 31,0, 15
202, 32,0, 15
202, 33,0, 15
202, 34,0, 15
202, 35,0, 15
202, 36,0, 15
202, 37,0, 15
202, 38,0, 15
202, 39,0, 15
202, 0,1, 15
202, 1,1, 15
202, 2,1, 15
202, 3,1, 15
202, 4,1, 15
202, 5,1, 15
202, 6,1, 15
202, 7,1, 15
202, 8,1, 15
202, 9,1, 15
202, 10,1, 15
202, 11,1, 15
202, 12,1, 15
202, 13,1, 15
202, 14,1, 15
202, 15,1, 15
202, 16,1, 15
202, 17,1, 15
202, 18,1, 15
202, 19,1, 15
202, 20,1, 15
202, 21,1, 15
202, 22,1, 15
202, 23,1, 15
202, 24,1, 15
202, 25,1, 15
202, 26,1, 15
202, 27,1, 15
202, 28,1, 15
202, 29,1, 15
202, 30,1, 15
202, 31,1, 15
202, 32,1, 15
202, 33,1, 15
202, 34,1, 15
202, 35,1, 15
202, 36,1, 15
202, 37,1, 15
202, 38,1, 15
202, 39,1, 15
202, 0,2, 15
202, 1,2, 15
202, 2,2, 15
202, 3,2, 15
202, 4,2, 15
202, 5,2, 15
202, 6,2, 15
202, 7,2, 15
202, 8,2, 15
202, 9,2, 15
202, 10,2, 15
202, 11,2, 15
202, 12,2, 15
202, 13,2, 15
202, 14,2, 15
202, 15,2, 15
202, 16,2, 15
202, 17,2, 15
202, 18,2, 15
202, 19,2, 15
202, 20,2, 15
202, 21,2, 15
202, 22,2, 15
202, 23,2, 15
202, 24,2, 15
202, 25,2, 15
202, 26,2, 15
202, 27,2, 15
202, 28,2, 15
202, 29,2, 15
202, 30,2, 15
202, 31,2, 15
202, 32,2, 15
202, 33,2, 15
202, 34,2, 15
202, 35,2, 15
202, 36,2, 15
202, 37,2, 15
202, 38,2, 15
202, 39,2, 15
202, 0,3, 15
202, 1,3, 15
202, 2,3, 15
202, 3,3, 15
202, 4,3, 15
202, 5,3, 15
202, 6,3, 15
202, 7,3, 15
202, 8,3, 15
202, 9,3, 15
202, 10,3, 15
202, 11,3, 15
202, 12,3, 15
202, 13,3, 15
202, 14,3, 15
202, 15,3, 15
202, 16,3, 15
202, 17,3, 15
202, 18,3, 15
202, 19,3, 15
202, 20,3, 15
202, 21,3, 15
202, 22,3, 15
202, 23,3, 15
202, 24,3, 15
202, 25,3, 15
202, 26,3, 15
202, 27,3, 15
202, 28,3, 15
202, 29,3, 15
202, 30,3, 15
202, 31,3, 15
202, 32,3, 15
202, 33,3, 15
202, 34,3, 15
202, 35,3, 15
202, 36,3, 15
202, 37,3, 15
202, 38,3, 15
202, 39,3, 15
202, 0,4, 15
202, 1,4, 15
202, 2,4, 15
202, 3,4, 15
202, 4,4, 15
202, 5,4, 15
202, 6,4, 15
202, 7,4, 15
202, 8,4, 15
202, 9,4, 15
202, 10,4, 15
202, 11,4, 15
202, 12,4, 15
202, 13,4, 15
202, 14,4, 15
202, 15,4, 15
202, 16,4, 15
202, 17,4, 15
202, 18,4, 15
202, 19,4, 15
202, 20,4, 15
202, 21,4, 15
202, 22,4, 15
202, 23,4, 15
202, 24,4, 15
202, 25,4, 15
202, 26,4, 15
202, 27,4, 15
202, 28,4, 15
202, 29,4, 15
202, 30,4, 15
202, 31,4, 15
202, 32,4, 15
202, 33,4, 15
202, 34,4, 15
202, 35,4, 15
202, 36,4, 15
202, 37,4, 15
202, 38,4, 15
202, 39,4, 15
203, 0,0, 15
203, 1,0, 15
203, 2,0, 15
203, 3,0, 15
203, 4,0, 15
203, 5,0, 15
203, 6,0, 15
203, 7,0, 15
203, 8,0, 15
203, 9,0, 15
203, 10,0, 15
203, 11,0, 15
203, 12,0, 15
203, 13,0, 15
203, 14,0, 15
203, 15,0, 15
203, 16,0, 15
203, 17,0, 15
203, 18,0, 15
203, 19,0, 15
203, 20,0, 15
203, 21,0, 15
203, 22,0, 15
203, 23,0, 15
203, 24,0, 15
203, 25,0, 15
203, 26,0, 15
203, 27,0, 15
203, 28,0, 15
203, 29,0, 15
203, 30,0, 15
203, 31,0, 15
203, 32,0, 15
203, 33,0, 15
203, 34,0, 15
203, 35,0, 15
203, 36,0, 15
203, 37,0, 15
203, 38,0, 15
203, 39,0, 15
203, 0,1, 15
203, 1,1, 15
203, 2,1, 15
203, 3,1, 15
203, 4,1, 15
203, 5,1, 15
203, 6,1, 15
203, 7,1, 15
203, 8,1, 15
203, 9,1, 15
203, 10,1, 15
203, 11,1, 15
203, 12,1, 15
203, 13,1, 15
203, 14,1, 15
203, 15,1, 15
203, 16,1, 15
203, 17,1, 15
203, 18,1, 15
203, 19,1, 15
203, 20,1, 15
203, 21,1, 15
203, 22,1, 15
203, 23,1, 15
203, 24,1, 15
203, 25,1, 15
203, 26,1, 15
203, 27,1, 15
203, 28,1, 15
203, 29,1, 15
203, 30,1, 15
203, 31,1, 15
203, 32,1, 15
203, 33,1, 15
203, 34,1, 15
203, 35,1, 15
203, 36,1, 15
203, 37,1, 15
203, 38,1, 15
203, 39,1, 15
203, 0,2, 15
203, 1,2, 15
203, 2,2, 15
203, 3,2, 15
203, 4,2, 15
203, 5,2, 15
203, 6,2, 15
203, 7,2, 15
203, 8,2, 15
203, 9,2, 15
203, 10,2, 15
203, 11,2, 15
203, 12,2, 15
203, 13,2, 15
203, 14,2, 15
203, 15,2, 15
203, 16,2, 15
203, 17,2, 15
203, 18,2, 15
203, 19,2, 15
203, 20,2, 15
203, 21,2, 15
203, 22,2, 15
203, 23,2, 15
203, 24,2, 15
203, 25,2, 15
203, 26,2, 15
203, 27,2, 15
203, 28,2, 15
203, 29,2, 15
203, 30,2, 15
203, 31,2, 15
203, 32,2, 15
203, 33,2, 15
203, 34,2, 15
203, 35,2, 15
203, 36,2, 15
203, 37,2, 15
203, 38,2, 15
203, 39,2, 15
203, 0,3, 15
203, 1,3, 15
203, 2,3, 15
203, 3,3, 15
203, 4,3, 15
203, 5,3, 15
203, 6,3, 15
203, 7,3, 15
203, 8,3, 15
203, 9,3, 15
203, 10,3, 15
203, 11,3, 15
203, 12,3, 15
203, 13,3, 15
203, 14,3, 15
203, 15,3, 15
203, 16,3, 15
203, 17,3, 15
203, 18,3, 15
203, 19,3, 15
203, 20,3, 15
203, 21,3, 15
203, 22,3, 15
203, 23,3, 15
203, 24,3, 15
203, 25,3, 15
203, 26,3, 15
203, 27,3, 15
203, 28,3, 15
203, 29,3, 15
203, 30,3, 15
203, 31,3, 15
203, 32,3, 15
203, 33,3, 15
203, 34,3, 15
203, 35,3, 15
203, 36,3, 15
203, 37,3, 15
203, 38,3, 15
203, 39,3, 15
203, 0,4, 15
203, 1,4, 15
203, 2,4, 15
203, 3,4, 15
203, 4,4, 15
203, 5,4, 15
203, 6,4, 15
203, 7,4, 15
203, 8,4, 15
203, 9,4, 15
203, 10,4, 15
203, 11,4, 15
203, 12,4, 15
203, 13,4, 15
203, 14,4, 15
203, 15,4, 15
203, 16,4, 15
203, 17,4, 15
203, 18,4, 15
203, 19,4, 15
203, 20,4, 15
203, 21,4, 15
203, 22,4, 15
203, 23,4, 15
203, 24,4, 15
203, 25,4, 15
203, 26,4, 15
203, 27,4, 15
203, 28,4, 15
203, 29,4, 15
203, 30,4, 15
203, 31,4, 15
203, 32,4, 15
203, 33,4, 15
203, 34,4, 15
203, 35,4, 15
203, 36,4, 15
203, 37,4, 15
203, 38,4, 15
203, 39,4, 15
204, 0,0, 15
204, 1,0, 15
204, 2,0, 15
204, 3,0, 15
204, 4,0, 15
204, 5,0, 15
204, 6,0, 15
204, 7,0, 15
204, 8,0, 15
204, 9,0, 15
204, 10,0, 15
204, 11,0, 15
204, 12,0, 15
204, 13,0, 15
204, 14,0, 15
204, 15,0, 15
204, 16,0, 15
204, 17,0, 15
204, 18,0, 15
204, 19,0, 15
204, 20,0, 15
204, 21,0, 15
204, 22,0, 15
204, 23,0, 15
204, 24,0, 15
204, 25,0, 15
204, 26,0, 15
204, 27,0, 15
204, 28,0, 15
204, 29,0, 15
204, 30,0, 15
204, 31,0, 15
204, 32,0, 15
204, 33,0, 15
204, 34,0, 15
204, 35,0, 15
204, 36,0, 15
204, 37,0, 15
204, 38,0, 15
204, 39,0, 15
204, 0,1, 15
204, 1,1, 15
204, 2,1, 15
204, 3,1, 15
204, 4,1, 15
204, 5,1, 15
204, 6,1, 15
204, 7,1, 15
204, 8,1, 15
204, 9,1, 15
204, 10,1, 15
204, 11,1, 15
204, 12,1, 15
204, 13,1, 15
204, 14,1, 15
204, 15,1, 15
204, 16,1, 15
204, 17,1, 15
204, 18,1, 15
204, 19,1, 15
204, 20,1, 15
204, 21,1, 15
204, 22,1, 15
204, 23,1, 15
204, 24,1, 15
204, 25,1, 15
204, 26,1, 15
204, 27,1, 15
204, 28,1, 15
204, 29,1, 15
204, 30,1, 15
204, 31,1, 15
204, 32,1, 15
204, 33,1, 15
204, 34,1, 15
204, 35,1, 15
204, 36,1, 15
204, 37,1, 15
204, 38,1, 15
204, 39,1, 15
204, 0,2, 15
204, 1,2, 15
204, 2,2, 15
204, 3,2, 15
204, 4,2, 15
204, 5,2, 15
204, 6,2, 15
204, 7,2, 15
204, 8,2, 15
204, 9,2, 15
204, 10,2, 15
204, 11,2, 15
204, 12,2, 15
204, 13,2, 15
204, 14,2, 15
204, 15,2, 15
204, 16,2, 15
204, 17,2, 15
204, 18,2, 15
204, 19,2, 15
204, 20,2, 15
204, 21,2, 15
204, 22,2, 15
204, 23,2, 15
204, 24,2, 15
204, 25,2, 15
204, 26,2, 15
204, 27,2, 15
204, 28,2, 15
204, 29,2, 15
204, 30,2, 15
204, 31,2, 15
204, 32,2, 15
204, 33,2, 15
204, 34,2, 15
204, 35,2, 15
204, 36,2, 15
204, 37,2, 15
204, 38,2, 15
204, 39,2, 15
204, 0,3, 15
204, 1,3, 15
204, 2,3, 15
204, 3,3, 15
204, 4,3, 15
204, 5,3, 15
204, 6,3, 15
204, 7,3, 15
204, 8,3, 15
204, 9,3, 15
204, 10,3, 15
204, 11,3, 15
204, 12,3, 15
204, 13,3, 15
204, 14,3, 15
204, 15,3, 15
204, 16,3, 15
204, 17,3, 15
204, 18,3, 15
204, 19,3, 15
204, 20,3, 15
204, 21,3, 15
204, 22,3, 15
204, 23,3, 15
204, 24,3, 15
204, 25,3, 15
204, 26,3, 15
204, 27,3, 15
204, 28,3, 15
204, 29,3, 15
204, 30,3, 15
204, 31,3, 15
204, 32,3, 15
204, 33,3, 15
204, 34,3, 15
204, 35,3, 15
204, 36,3, 15
204, 37,3, 15
204, 38,3, 15
204, 39,3, 15
204, 0,4, 15
204, 1,4, 15
204, 2,4, 15
204, 3,4, 15
204, 4,4, 15
204, 5,4, 15
204, 6,4, 15
204, 7,4, 15
204, 8,4, 15
204, 9,4, 15
204, 10,4, 15
204, 11,4, 15
204, 12,4, 15
204, 13,4, 15
204, 14,4, 15
204, 15,4, 15
204, 16,4, 15
204, 17,4, 15
204, 18,4, 15
204, 19,4, 15
204, 20,4, 15
204, 21,4, 15
204, 22,4, 15
204, 23,4, 15
204, 24,4, 15
204, 25,4, 15
204, 26,4, 15
204, 27,4, 15
204, 28,4, 15
204, 29,4, 15
204, 30,4, 15
204, 31,4, 15
204, 32,4, 15
204, 33,4, 15
204, 34,4, 15
204, 35,4, 15
204, 36,4, 15
204, 37,4, 15
204, 38,4, 15
204, 39,4, 15
205, 0,0, 15
205, 1,0, 15
205, 2,0, 15
205, 3,0, 15
205, 4,0, 15
205, 5,0, 15
205, 6,0, 15
205, 7,0, 15
205, 8,0, 15
205, 9,0, 15
205, 10,0, 15
205, 11,0, 15
205, 12,0, 15
205, 13,0, 15
205, 14,0, 15
205, 15,0, 15
205, 16,0, 15
205, 17,0, 15
205, 18,0, 15
205, 19,0, 15
205, 20,0, 15
205, 21,0, 15
205, 22,0, 15
205, 23,0, 15
205, 24,0, 15
205, 25,0, 15
205, 26,0, 15
205, 27,0, 15
205, 28,0, 15
205, 29,0, 15
205, 30,0, 15
205, 31,0, 15
205, 32,0, 15
205, 33,0, 15
205, 34,0, 15
205, 35,0, 15
205, 36,0, 15
205, 37,0, 15
205, 38,0, 15
205, 39,0, 15
205, 0,1, 15
205, 1,1, 15
205, 2,1, 15
205, 3,1, 15
205, 4,1, 15
205, 5,1, 15
205, 6,1, 15
205, 7,1, 15
205, 8,1, 15
205, 9,1, 15
205, 10,1, 15
205, 11,1, 15
205, 12,1, 15
205, 13,1, 15
205, 14,1, 15
205, 15,1, 15
205, 16,1, 15
205, 17,1, 15
205, 18,1, 15
205, 19,1, 15
205, 20,1, 15
205, 21,1, 15
205, 22,1, 15
205, 23,1, 15
205, 24,1, 15
205, 25,1, 15
205, 26,1, 15
205, 27,1, 15
205, 28,1, 15
205, 29,1, 15
205, 30,1, 15
205, 31,1, 15
205, 32,1, 15
205, 33,1, 15
205, 34,1, 15
205, 35,1, 15
205, 36,1, 15
205, 37,1, 15
205, 38,1, 15
205, 39,1, 15
205, 0,2, 15
205, 1,2, 15
205, 2,2, 15
205, 3,2, 15
205, 4,2, 15
205, 5,2, 15
205, 6,2, 15
205, 7,2, 15
205, 8,2, 15
205, 9,2, 15
205, 10,2, 15
205, 11,2, 15
205, 12,2, 15
205, 13,2, 15
205, 14,2, 15
205, 15,2, 15
205, 16,2, 15
205, 17,2, 15
205, 18,2, 15
205, 19,2, 15
205, 20,2, 15
205, 21,2, 15
205, 22,2, 15
205, 23,2, 15
205, 24,2, 15
205, 25,2, 15
205, 26,2, 15
205, 27,2, 15
205, 28,2, 15
205, 29,2, 15
205, 30,2, 15
205, 31,2, 15
205, 32,2, 15
205, 33,2, 15
205, 34,2, 15
205, 35,2, 15
205, 36,2, 15
205, 37,2, 15
205, 38,2, 15
205, 39,2, 15
205, 0,3, 15
205, 1,3, 15
205, 2,3, 15
205, 3,3, 15
205, 4,3, 15
205, 5,3, 15
205, 6,3, 15
205, 7,3, 15
205, 8,3, 15
205, 9,3, 15
205, 10,3, 15
205, 11,3, 15
205, 12,3, 15
205, 13,3, 15
205, 14,3, 15
205, 15,3, 15
205, 16,3, 15
205, 17,3, 15
205, 18,3, 15
205, 19,3, 15
205, 20,3, 15
205, 21,3, 15
205, 22,3, 15
205, 23,3, 15
205, 24,3, 15
205, 25,3, 15
205, 26,3, 15
205, 27,3, 15
205, 28,3, 15
205, 29,3, 15
205, 30,3, 15
205, 31,3, 15
205, 32,3, 15
205, 33,3, 15
205, 34,3, 15
205, 35,3, 15
205, 36,3, 15
205, 37,3, 15
205, 38,3, 15
205, 39,3, 15
205, 0,4, 15
205, 1,4, 15
205, 2,4, 15
205, 3,4, 15
205, 4,4, 15
205, 5,4, 15
205, 6,4, 15
205, 7,4, 15
205, 8,4, 15
205, 9,4, 15
205, 10,4, 15
205, 11,4, 15
205, 12,4, 15
205, 13,4, 15
205, 14,4, 15
205, 15,4, 15
205, 16,4, 15
205, 17,4, 15
205, 18,4, 15
205, 19,4, 15
205, 20,4, 15
205, 21,4, 15
205, 22,4, 15
205, 23,4, 15
205, 24,4, 15
205, 25,4, 15
205, 26,4, 15
205, 27,4, 15
205, 28,4, 15
205, 29,4, 15
205, 30,4, 15
205, 31,4, 15
205, 32,4, 15
205, 33,4, 15
205, 34,4, 15
205, 35,4, 15
205, 36,4, 15
205, 37,4, 15
205, 38,4, 15
205, 39,4, 15
206, 0,0, 15
206, 1,0, 15
206, 2,0, 15
206, 3,0, 15
206, 4,0, 15
206, 5,0, 15
206, 6,0, 15
206, 7,0, 15
206, 8,0, 15
206, 9,0, 15
206, 10,0, 15
206, 11,0, 15
206, 12,0, 15
206, 13,0, 15
206, 14,0, 15
206, 15,0, 15
206, 16,0, 15
206, 17,0, 15
206, 18,0, 15
206, 19,0, 15
206, 20,0, 15
206, 21,0, 15
206, 22,0, 15
206, 23,0, 15
206, 24,0, 15
206, 25,0, 15
206, 26,0, 15
206, 27,0, 15
206, 28,0, 15
206, 29,0, 15
206, 30,0, 15
206, 31,0, 15
206, 32,0, 15
206, 33,0, 15
206, 34,0, 15
206, 35,0, 15
206, 36,0, 15
206, 37,0, 15
206, 38,0, 15
206, 39,0, 15
206, 0,1, 15
206, 1,1, 15
206, 2,1, 15
206, 3,1, 15
206, 4,1, 15
206, 5,1, 15
206, 6,1, 15
206, 7,1, 15
206, 8,1, 15
206, 9,1, 15
206, 10,1, 15
206, 11,1, 15
206, 12,1, 15
206, 13,1, 15
206, 14,1, 15
206, 15,1, 15
206, 16,1, 15
206, 17,1, 15
206, 18,1, 15
206, 19,1, 15
206, 20,1, 15
206, 21,1, 15
206, 22,1, 15
206, 23,1, 15
206, 24,1, 15
206, 25,1, 15
206, 26,1, 15
206, 27,1, 15
206, 28,1, 15
206, 29,1, 15
206, 30,1, 15
206, 31,1, 15
206, 32,1, 15
206, 33,1, 15
206, 34,1, 15
206, 35,1, 15
206, 36,1, 15
206, 37,1, 15
206, 38,1, 15
206, 39,1, 15
206, 0,2, 15
206, 1,2, 15
206, 2,2, 15
206, 3,2, 15
206, 4,2, 15
206, 5,2, 15
206, 6,2, 15
206, 7,2, 15
206, 8,2, 15
206, 9,2, 15
206, 10,2, 15
206, 11,2, 15
206, 12,2, 15
206, 13,2, 15
206, 14,2, 15
206, 15,2, 15
206, 16,2, 15
206, 17,2, 15
206, 18,2, 15
206, 19,2, 15
206, 20,2, 15
206, 21,2, 15
206, 22,2, 15
206, 23,2, 15
206, 24,2, 15
206, 25,2, 15
206, 26,2, 15
206, 27,2, 15
206, 28,2, 15
206, 29,2, 15
206, 30,2, 15
206, 31,2, 15
206, 32,2, 15
206, 33,2, 15
206, 34,2, 15
206, 35,2, 15
206, 36,2, 15
206, 37,2, 15
206, 38,2, 15
206, 39,2, 15
206, 0,3, 15
206, 1,3, 15
206, 2,3, 15
206, 3,3, 15
206, 4,3, 15
206, 5,3, 15
206, 6,3, 15
206, 7,3, 15
206, 8,3, 15
206, 9,3, 15
206, 10,3, 15
206, 11,3, 15
206, 12,3, 15
206, 13,3, 15
206, 14,3, 15
206, 15,3, 15
206, 16,3, 15
206, 17,3, 15
206, 18,3, 15
206, 19,3, 15
206, 20,3, 15
206, 21,3, 15
206, 22,3, 15
206, 23,3, 15
206, 24,3, 15
206, 25,3, 15
206, 26,3, 15
206, 27,3, 15
206, 28,3, 15
206, 29,3, 15
206, 30,3, 15
206, 31,3, 15
206, 32,3, 15
206, 33,3, 15
206, 34,3, 15
206, 35,3, 15
206, 36,3, 15
206, 37,3, 15
206, 38,3, 15
206, 39,3, 15
206, 0,4, 15
206, 1,4, 15
206, 2,4, 15
206, 3,4, 15
206, 4,4, 15
206, 5,4, 15
206, 6,4, 15
206, 7,4, 15
206, 8,4, 15
206, 9,4, 15
206, 10,4, 15
206, 11,4, 15
206, 12,4, 15
206, 13,4, 15
206, 14,4, 15
206, 15,4, 15
206, 16,4, 15
206, 17,4, 15
206, 18,4, 15
206, 19,4, 15
206, 20,4, 15
206, 21,4, 15
206, 22,4, 15
206, 23,4, 15
206, 24,4, 15
206, 25,4, 15
206, 26,4, 15
206, 27,4, 15
206, 28,4, 15
206, 29,4, 15
206, 30,4, 15
206, 31,4, 15
206, 32,4, 15
206, 33,4, 15
206, 34,4, 15
206, 35,4, 15
206, 36,4, 15
206, 37,4, 15
206, 38,4, 15
206, 39,4, 15
207, 0,0, 15
207, 1,0, 15
207, 2,0, 15
207, 3,0, 15
207, 4,0, 15
207, 5,0, 15
207, 6,0, 15
207, 7,0, 15
207, 8,0, 15
207, 9,0, 15
207, 10,0, 15
207, 11,0, 15
207, 12,0, 15
207, 13,0, 15
207, 14,0, 15
207, 15,0, 15
207, 16,0, 15
207, 17,0, 15
207, 18,0, 15
207, 19,0, 15
207, 20,0, 15
207, 21,0, 15
207, 22,0, 15
207, 23,0, 15
207, 24,0, 15
207, 25,0, 15
207, 26,0, 15
207, 27,0, 15
207, 28,0, 15
207, 29,0, 15
207, 30,0, 15
207, 31,0, 15
207, 32,0, 15
207, 33,0, 15
207, 34,0, 15
207, 35,0, 15
207, 36,0, 15
207, 37,0, 15
207, 38,0, 15
207, 39,0, 15
207, 0,1, 15
207, 1,1, 15
207, 2,1, 15
207, 3,1, 15
207, 4,1, 15
207, 5,1, 15
207, 6,1, 15
207, 7,1, 15
207, 8,1, 15
207, 9,1, 15
207, 10,1, 15
207, 11,1, 15
207, 12,1, 15
207, 13,1, 15
207, 14,1, 15
207, 15,1, 15
207, 16,1, 15
207, 17,1, 15
207, 18,1, 15
207, 19,1, 15
207, 20,1, 15
207, 21,1, 15
207, 22,1, 15
207, 23,1, 15
207, 24,1, 15
207, 25,1, 15
207, 26,1, 15
207, 27,1, 15
207, 28,1, 15
207, 29,1, 15
207, 30,1, 15
207, 31,1, 15
207, 32,1, 15
207, 33,1, 15
207, 34,1, 15
207, 35,1, 15
207, 36,1, 15
207, 37,1, 15
207, 38,1, 15
207, 39,1, 15
207, 0,2, 15
207, 1,2, 15
207, 2,2, 15
207, 3,2, 15
207, 4,2, 15
207, 5,2, 15
207, 6,2, 15
207, 7,2, 15
207, 8,2, 15
207, 9,2, 15
207, 10,2, 15
207, 11,2, 15
207, 12,2, 15
207, 13,2, 15
207, 14,2, 15
207, 15,2, 15
207, 16,2, 15
207, 17,2, 15
207, 18,2, 15
207, 19,2, 15
207, 20,2, 15
207, 21,2, 15
207, 22,2, 15
207, 23,2, 15
207, 24,2, 15
207, 25,2, 15
207, 26,2, 15
207, 27,2, 15
207, 28,2, 15
207, 29,2, 15
207, 30,2, 15
207, 31,2, 15
207, 32,2, 15
207, 33,2, 15
207, 34,2, 15
207, 35,2, 15
207, 36,2, 15
207, 37,2, 15
207, 38,2, 15
207, 39,2, 15
207, 0,3, 15
207, 1,3, 15
207, 2,3, 15
207, 3,3, 15
207, 4,3, 15
207, 5,3, 15
207, 6,3, 15
207, 7,3, 15
207, 8,3, 15
207, 9,3, 15
207, 10,3, 15
207, 11,3, 15
207, 12,3, 15
207, 13,3, 15
207, 14,3, 15
207, 15,3, 15
207, 16,3, 15
207, 17,3, 15
207, 18,3, 15
207, 19,3, 15
207, 20,3, 15
207, 21,3, 15
207, 22,3, 15
207, 23,3, 15
207, 24,3, 15
207, 25,3, 15
207, 26,3, 15
207, 27,3, 15
207, 28,3, 15
207, 29,3, 15
207, 30,3, 15
207, 31,3, 15
207, 32,3, 15
207, 33,3, 15
207, 34,3, 15
207, 35,3, 15
207, 36,3, 15
207, 37,3, 15
207, 38,3, 15
207, 39,3, 15
207, 0,4, 15
207, 1,4, 15
207, 2,4, 15
207, 3,4, 15
207, 4,4, 15
207, 5,4, 15
207, 6,4, 15
207, 7,4, 15
207, 8,4, 15
207, 9,4, 15
207, 10,4, 15
207, 11,4, 15
207, 12,4, 15
207, 13,4, 15
207, 14,4, 15
207, 15,4, 15
207, 16,4, 15
207, 17,4, 15
207, 18,4, 15
207, 19,4, 15
207, 20,4, 15
207, 21,4, 15
207, 22,4, 15
207, 23,4, 15
207, 24,4, 15
207, 25,4, 15
207, 26,4, 15
207, 27,4, 15
207, 28,4, 15
207, 29,4, 15
207, 30,4, 15
207, 31,4, 15
207, 32,4, 15
207, 33,4, 15
207, 34,4, 15
207, 35,4, 15
207, 36,4, 15
207, 37,4, 15
207, 38,4, 15
207, 39,4, 15
208, 0,0, 15
208, 1,0, 15
208, 2,0, 15
208, 3,0, 15
208, 4,0, 15
208, 5,0, 15
208, 6,0, 15
208, 7,0, 15
208, 8,0, 15
208, 9,0, 15
208, 10,0, 15
208, 11,0, 15
208, 12,0, 15
208, 13,0, 15
208, 14,0, 15
208, 15,0, 15
208, 16,0, 15
208, 17,0, 15
208, 18,0, 15
208, 19,0, 15
208, 20,0, 15
208, 21,0, 15
208, 22,0, 15
208, 23,0, 15
208, 24,0, 15
208, 25,0, 15
208, 26,0, 15
208, 27,0, 15
208, 28,0, 15
208, 29,0, 15
208, 30,0, 15
208, 31,0, 15
208, 32,0, 15
208, 33,0, 15
208, 34,0, 15
208, 35,0, 15
208, 36,0, 15
208, 37,0, 15
208, 38,0, 15
208, 39,0, 15
208, 0,1, 15
208, 1,1, 15
208, 2,1, 15
208, 3,1, 15
208, 4,1, 15
208, 5,1, 15
208, 6,1, 15
208, 7,1, 15
208, 8,1, 15
208, 9,1, 15
208, 10,1, 15
208, 11,1, 15
208, 12,1, 15
208, 13,1, 15
208, 14,1, 15
208, 15,1, 15
208, 16,1, 15
208, 17,1, 15
208, 18,1, 15
208, 19,1, 15
208, 20,1, 15
208, 21,1, 15
208, 22,1, 15
208, 23,1, 15
208, 24,1, 15
208, 25,1, 15
208, 26,1, 15
208, 27,1, 15
208, 28,1, 15
208, 29,1, 15
208, 30,1, 15
208, 31,1, 15
208, 32,1, 15
208, 33,1, 15
208, 34,1, 15
208, 35,1, 15
208, 36,1, 15
208, 37,1, 15
208, 38,1, 15
208, 39,1, 15
208, 0,2, 15
208, 1,2, 15
208, 2,2, 15
208, 3,2, 15
208, 4,2, 15
208, 5,2, 15
208, 6,2, 15
208, 7,2, 15
208, 8,2, 15
208, 9,2, 15
208, 10,2, 15
208, 11,2, 15
208, 12,2, 15
208, 13,2, 15
208, 14,2, 15
208, 15,2, 15
208, 16,2, 15
208, 17,2, 15
208, 18,2, 15
208, 19,2, 15
208, 20,2, 15
208, 21,2, 15
208, 22,2, 15
208, 23,2, 15
208, 24,2, 15
208, 25,2, 15
208, 26,2, 15
208, 27,2, 15
208, 28,2, 15
208, 29,2, 15
208, 30,2, 15
208, 31,2, 15
208, 32,2, 15
208, 33,2, 15
208, 34,2, 15
208, 35,2, 15
208, 36,2, 15
208, 37,2, 15
208, 38,2, 15
208, 39,2, 15
208, 0,3, 15
208, 1,3, 15
208, 2,3, 15
208, 3,3, 15
208, 4,3, 15
208, 5,3, 15
208, 6,3, 15
208, 7,3, 15
208, 8,3, 15
208, 9,3, 15
208, 10,3, 15
208, 11,3, 15
208, 12,3, 15
208, 13,3, 15
208, 14,3, 15
208, 15,3, 15
208, 16,3, 15
208, 17,3, 15
208, 18,3, 15
208, 19,3, 15
208, 20,3, 15
208, 21,3, 15
208, 22,3, 15
208, 23,3, 15
208, 24,3, 15
208, 25,3, 15
208, 26,3, 15
208, 27,3, 15
208, 28,3, 15
208, 29,3, 15
208, 30,3, 15
208, 31,3, 15
208, 32,3, 15
208, 33,3, 15
208, 34,3, 15
208, 35,3, 15
208, 36,3, 15
208, 37,3, 15
208, 38,3, 15
208, 39,3, 15
208, 0,4, 15
208, 1,4, 15
208, 2,4, 15
208, 3,4, 15
208, 4,4, 15
208, 5,4, 15
208, 6,4, 15
208, 7,4, 15
208, 8,4, 15
208, 9,4, 15
208, 10,4, 15
208, 11,4, 15
208, 12,4, 15
208, 13,4, 15
208, 14,4, 15
208, 15,4, 15
208, 16,4, 15
208, 17,4, 15
208, 18,4, 15
208, 19,4, 15
208, 20,4, 15
208, 21,4, 15
208, 22,4, 15
208, 23,4, 15
208, 24,4, 15
208, 25,4, 15
208, 26,4, 15
208, 27,4, 15
208, 28,4, 15
208, 29,4, 15
208, 30,4, 15
208, 31,4, 15
208, 32,4, 15
208, 33,4, 15
208, 34,4, 15
208, 35,4, 15
208, 36,4, 15
208, 37,4, 15
208, 38,4, 15
208, 39,4, 15
209, 0,0, 15
209, 1,0, 15
209, 2,0, 15
209, 3,0, 15
209, 4,0, 15
209, 5,0, 15
209, 6,0, 15
209, 7,0, 15
209, 8,0, 15
209, 9,0, 15
209, 10,0, 15
209, 11,0, 15
209, 12,0, 15
209, 13,0, 15
209, 14,0, 15
209, 15,0, 15
209, 16,0, 15
209, 17,0, 15
209, 18,0, 15
209, 19,0, 15
209, 20,0, 15
209, 21,0, 15
209, 22,0, 15
209, 23,0, 15
209, 24,0, 15
209, 25,0, 15
209, 26,0, 15
209, 27,0, 15
209, 28,0, 15
209, 29,0, 15
209, 30,0, 15
209, 31,0, 15
209, 32,0, 15
209, 33,0, 15
209, 34,0, 15
209, 35,0, 15
209, 36,0, 15
209, 37,0, 15
209, 38,0, 15
209, 39,0, 15
209, 0,1, 15
209, 1,1, 15
209, 2,1, 15
209, 3,1, 15
209, 4,1, 15
209, 5,1, 15
209, 6,1, 15
209, 7,1, 15
209, 8,1, 15
209, 9,1, 15
209, 10,1, 15
209, 11,1, 15
209, 12,1, 15
209, 13,1, 15
209, 14,1, 15
209, 15,1, 15
209, 16,1, 15
209, 17,1, 15
209, 18,1, 15
209, 19,1, 15
209, 20,1, 15
209, 21,1, 15
209, 22,1, 15
209, 23,1, 15
209, 24,1, 15
209, 25,1, 15
209, 26,1, 15
209, 27,1, 15
209, 28,1, 15
209, 29,1, 15
209, 30,1, 15
209, 31,1, 15
209, 32,1, 15
209, 33,1, 15
209, 34,1, 15
209, 35,1, 15
209, 36,1, 15
209, 37,1, 15
209, 38,1, 15
209, 39,1, 15
209, 0,2, 15
209, 1,2, 15
209, 2,2, 15
209, 3,2, 15
209, 4,2, 15
209, 5,2, 15
209, 6,2, 15
209, 7,2, 15
209, 8,2, 15
209, 9,2, 15
209, 10,2, 15
209, 11,2, 15
209, 12,2, 15
209, 13,2, 15
209, 14,2, 15
209, 15,2, 15
209, 16,2, 15
209, 17,2, 15
209, 18,2, 15
209, 19,2, 15
209, 20,2, 15
209, 21,2, 15
209, 22,2, 15
209, 23,2, 15
209, 24,2, 15
209, 25,2, 15
209, 26,2, 15
209, 27,2, 15
209, 28,2, 15
209, 29,2, 15
209, 30,2, 15
209, 31,2, 15
209, 32,2, 15
209, 33,2, 15
209, 34,2, 15
209, 35,2, 15
209, 36,2, 15
209, 37,2, 15
209, 38,2, 15
209, 39,2, 15
209, 0,3, 15
209, 1,3, 15
209, 2,3, 15
209, 3,3, 15
209, 4,3, 15
209, 5,3, 15
209, 6,3, 15
209, 7,3, 15
209, 8,3, 15
209, 9,3, 15
209, 10,3, 15
209, 11,3, 15
209, 12,3, 15
209, 13,3, 15
209, 14,3, 15
209, 15,3, 15
209, 16,3, 15
209, 17,3, 15
209, 18,3, 15
209, 19,3, 15
209, 20,3, 15
209, 21,3, 15
209, 22,3, 15
209, 23,3, 15
209, 24,3, 15
209, 25,3, 15
209, 26,3, 15
209, 27,3, 15
209, 28,3, 15
209, 29,3, 15
209, 30,3, 15
209, 31,3, 15
209, 32,3, 15
209, 33,3, 15
209, 34,3, 15
209, 35,3, 15
209, 36,3, 15
209, 37,3, 15
209, 38,3, 15
209, 39,3, 15
209, 0,4, 15
209, 1,4, 15
209, 2,4, 15
209, 3,4, 15
209, 4,4, 15
209, 5,4, 15
209, 6,4, 15
209, 7,4, 15
209, 8,4, 15
209, 9,4, 15
209, 10,4, 15
209, 11,4, 15
209, 12,4, 15
209, 13,4, 15
209, 14,4, 15
209, 15,4, 15
209, 16,4, 15
209, 17,4, 15
209, 18,4, 15
209, 19,4, 15
209, 20,4, 15
209, 21,4, 15
209, 22,4, 15
209, 23,4, 15
209, 24,4, 15
209, 25,4, 15
209, 26,4, 15
209, 27,4, 15
209, 28,4, 15
209, 29,4, 15
209, 30,4, 15
209, 31,4, 15
209, 32,4, 15
209, 33,4, 15
209, 34,4, 15
209, 35,4, 15
209, 36,4, 15
209, 37,4, 15
209, 38,4, 15
209, 39,4, 15
210, 0,0, 15
210, 1,0, 15
210, 2,0, 15
210, 3,0, 15
210, 4,0, 15
210, 5,0, 15
210, 6,0, 15
210, 7,0, 15
210, 8,0, 15
210, 9,0, 15
210, 10,0, 15
210, 11,0, 15
210, 12,0, 15
210, 13,0, 15
210, 14,0, 15
210, 15,0, 15
210, 16,0, 15
210, 17,0, 15
210, 18,0, 15
210, 19,0, 15
210, 20,0, 15
210, 21,0, 15
210, 22,0, 15
210, 23,0, 15
210, 24,0, 15
210, 25,0, 15
210, 26,0, 15
210, 27,0, 15
210, 28,0, 15
210, 29,0, 15
210, 30,0, 15
210, 31,0, 15
210, 32,0, 15
210, 33,0, 15
210, 34,0, 15
210, 35,0, 15
210, 36,0, 15
210, 37,0, 15
210, 38,0, 15
210, 39,0, 15
210, 0,1, 15
210, 1,1, 15
210, 2,1, 15
210, 3,1, 15
210, 4,1, 15
210, 5,1, 15
210, 6,1, 15
210, 7,1, 15
210, 8,1, 15
210, 9,1, 15
210, 10,1, 15
210, 11,1, 15
210, 12,1, 15
210, 13,1, 15
210, 14,1, 15
210, 15,1, 15
210, 16,1, 15
210, 17,1, 15
210, 18,1, 15
210, 19,1, 15
210, 20,1, 15
210, 21,1, 15
210, 22,1, 15
210, 23,1, 15
210, 24,1, 15
210, 25,1, 15
210, 26,1, 15
210, 27,1, 15
210, 28,1, 15
210, 29,1, 15
210, 30,1, 15
210, 31,1, 15
210, 32,1, 15
210, 33,1, 15
210, 34,1, 15
210, 35,1, 15
210, 36,1, 15
210, 37,1, 15
210, 38,1, 15
210, 39,1, 15
210, 0,2, 15
210, 1,2, 15
210, 2,2, 15
210, 3,2, 15
210, 4,2, 15
210, 5,2, 15
210, 6,2, 15
210, 7,2, 15
210, 8,2, 15
210, 9,2, 15
210, 10,2, 15
210, 11,2, 15
210, 12,2, 15
210, 13,2, 15
210, 14,2, 15
210, 15,2, 15
210, 16,2, 15
210, 17,2, 15
210, 18,2, 15
210, 19,2, 15
210, 20,2, 15
210, 21,2, 15
210, 22,2, 15
210, 23,2, 15
210, 24,2, 15
210, 25,2, 15
210, 26,2, 15
210, 27,2, 15
210, 28,2, 15
210, 29,2, 15
210, 30,2, 15
210, 31,2, 15
210, 32,2, 15
210, 33,2, 15
210, 34,2, 15
210, 35,2, 15
210, 36,2, 15
210, 37,2, 15
210, 38,2, 15
210, 39,2, 15
210, 0,3, 15
210, 1,3, 15
210, 2,3, 15
210, 3,3, 15
210, 4,3, 15
210, 5,3, 15
210, 6,3, 15
210, 7,3, 15
210, 8,3, 15
210, 9,3, 15
210, 10,3, 15
210, 11,3, 15
210, 12,3, 15
210, 13,3, 15
210, 14,3, 15
210, 15,3, 15
210, 16,3, 15
210, 17,3, 15
210, 18,3, 15
210, 19,3, 15
210, 20,3, 15
210, 21,3, 15
210, 22,3, 15
210, 23,3, 15
210, 24,3, 15
210, 25,3, 15
210, 26,3, 15
210, 27,3, 15
210, 28,3, 15
210, 29,3, 15
210, 30,3, 15
210, 31,3, 15
210, 32,3, 15
210, 33,3, 15
210, 34,3, 15
210, 35,3, 15
210, 36,3, 15
210, 37,3, 15
210, 38,3, 15
210, 39,3, 15
210, 0,4, 15
210, 1,4, 15
210, 2,4, 15
210, 3,4, 15
210, 4,4, 15
210, 5,4, 15
210, 6,4, 15
210, 7,4, 15
210, 8,4, 15
210, 9,4, 15
210, 10,4, 15
210, 11,4, 15
210, 12,4, 15
210, 13,4, 15
210, 14,4, 15
210, 15,4, 15
210, 16,4, 15
210, 17,4, 15
210, 18,4, 15
210, 19,4, 15
210, 20,4, 15
210, 21,4, 15
210, 22,4, 15
210, 23,4, 15
210, 24,4, 15
210, 25,4, 15
210, 26,4, 15
210, 27,4, 15
210, 28,4, 15
210, 29,4, 15
210, 30,4, 15
210, 31,4, 15
210, 32,4, 15
210, 33,4, 15
210, 34,4, 15
210, 35,4, 15
210, 36,4, 15
210, 37,4, 15
210, 38,4, 15
210, 39,4, 15
211, 0,0, 15
211, 1,0, 15
211, 2,0, 15
211, 3,0, 15
211, 4,0, 15
211, 5,0, 15
211, 6,0, 15
211, 7,0, 15
211, 8,0, 15
211, 9,0, 15
211, 10,0, 15
211, 11,0, 15
211, 12,0, 15
211, 13,0, 15
211, 14,0, 15
211, 15,0, 15
211, 16,0, 15
211, 17,0, 15
211, 18,0, 15
211, 19,0, 15
211, 20,0, 15
211, 21,0, 15
211, 22,0, 15
211, 23,0, 15
211, 24,0, 15
211, 25,0, 15
211, 26,0, 15
211, 27,0, 15
211, 28,0, 15
211, 29,0, 15
211, 30,0, 15
211, 31,0, 15
211, 32,0, 15
211, 33,0, 15
211, 34,0, 15
211, 35,0, 15
211, 36,0, 15
211, 37,0, 15
211, 38,0, 15
211, 39,0, 15
211, 0,1, 15
211, 1,1, 15
211, 2,1, 15
211, 3,1, 15
211, 4,1, 15
211, 5,1, 15
211, 6,1, 15
211, 7,1, 15
211, 8,1, 15
211, 9,1, 15
211, 10,1, 15
211, 11,1, 15
211, 12,1, 15
211, 13,1, 15
211, 14,1, 15
211, 15,1, 15
211, 16,1, 15
211, 17,1, 15
211, 18,1, 15
211, 19,1, 15
211, 20,1, 15
211, 21,1, 15
211, 22,1, 15
211, 23,1, 15
211, 24,1, 15
211, 25,1, 15
211, 26,1, 15
211, 27,1, 15
211, 28,1, 15
211, 29,1, 15
211, 30,1, 15
211, 31,1, 15
211, 32,1, 15
211, 33,1, 15
211, 34,1, 15
211, 35,1, 15
211, 36,1, 15
211, 37,1, 15
211, 38,1, 15
211, 39,1, 15
211, 0,2, 15
211, 1,2, 15
211, 2,2, 15
211, 3,2, 15
211, 4,2, 15
211, 5,2, 15
211, 6,2, 15
211, 7,2, 15
211, 8,2, 15
211, 9,2, 15
211, 10,2, 15
211, 11,2, 15
211, 12,2, 15
211, 13,2, 15
211, 14,2, 15
211, 15,2, 15
211, 16,2, 15
211, 17,2, 15
211, 18,2, 15
211, 19,2, 15
211, 20,2, 15
211, 21,2, 15
211, 22,2, 15
211, 23,2, 15
211, 24,2, 15
211, 25,2, 15
211, 26,2, 15
211, 27,2, 15
211, 28,2, 15
211, 29,2, 15
211, 30,2, 15
211, 31,2, 15
211, 32,2, 15
211, 33,2, 15
211, 34,2, 15
211, 35,2, 15
211, 36,2, 15
211, 37,2, 15
211, 38,2, 15
211, 39,2, 15
211, 0,3, 15
211, 1,3, 15
211, 2,3, 15
211, 3,3, 15
211, 4,3, 15
211, 5,3, 15
211, 6,3, 15
211, 7,3, 15
211, 8,3, 15
211, 9,3, 15
211, 10,3, 15
211, 11,3, 15
211, 12,3, 15
211, 13,3, 15
211, 14,3, 15
211, 15,3, 15
211, 16,3, 15
211, 17,3, 15
211, 18,3, 15
211, 19,3, 15
211, 20,3, 15
211, 21,3, 15
211, 22,3, 15
211, 23,3, 15
211, 24,3, 15
211, 25,3, 15
211, 26,3, 15
211, 27,3, 15
211, 28,3, 15
211, 29,3, 15
211, 30,3, 15
211, 31,3, 15
211, 32,3, 15
211, 33,3, 15
211, 34,3, 15
211, 35,3, 15
211, 36,3, 15
211, 37,3, 15
211, 38,3, 15
211, 39,3, 15
211, 0,4, 15
211, 1,4, 15
211, 2,4, 15
211, 3,4, 15
211, 4,4, 15
211, 5,4, 15
211, 6,4, 15
211, 7,4, 15
211, 8,4, 15
211, 9,4, 15
211, 10,4, 15
211, 11,4, 15
211, 12,4, 15
211, 13,4, 15
211, 14,4, 15
211, 15,4, 15
211, 16,4, 15
211, 17,4, 15
211, 18,4, 15
211, 19,4, 15
211, 20,4, 15
211, 21,4, 15
211, 22,4, 15
211, 23,4, 15
211, 24,4, 15
211, 25,4, 15
211, 26,4, 15
211, 27,4, 15
211, 28,4, 15
211, 29,4, 15
211, 30,4, 15
211, 31,4, 15
211, 32,4, 15
211, 33,4, 15
211, 34,4, 15
211, 35,4, 15
211, 36,4, 15
211, 37,4, 15
211, 38,4, 15
211, 39,4, 15
212, 0,0, 15
212, 1,0, 15
212, 2,0, 15
212, 3,0, 15
212, 4,0, 15
212, 5,0, 15
212, 6,0, 15
212, 7,0, 15
212, 8,0, 15
212, 9,0, 15
212, 10,0, 15
212, 11,0, 15
212, 12,0, 15
212, 13,0, 15
212, 14,0, 15
212, 15,0, 15
212, 16,0, 15
212, 17,0, 15
212, 18,0, 15
212, 19,0, 15
212, 20,0, 15
212, 21,0, 15
212, 22,0, 15
212, 23,0, 15
212, 24,0, 15
212, 25,0, 15
212, 26,0, 15
212, 27,0, 15
212, 28,0, 15
212, 29,0, 15
212, 30,0, 15
212, 31,0, 15
212, 32,0, 15
212, 33,0, 15
212, 34,0, 15
212, 35,0, 15
212, 36,0, 15
212, 37,0, 15
212, 38,0, 15
212, 39,0, 15
212, 0,1, 15
212, 1,1, 15
212, 2,1, 15
212, 3,1, 15
212, 4,1, 15
212, 5,1, 15
212, 6,1, 15
212, 7,1, 15
212, 8,1, 15
212, 9,1, 15
212, 10,1, 15
212, 11,1, 15
212, 12,1, 15
212, 13,1, 15
212, 14,1, 15
212, 15,1, 15
212, 16,1, 15
212, 17,1, 15
212, 18,1, 15
212, 19,1, 15
212, 20,1, 15
212, 21,1, 15
212, 22,1, 15
212, 23,1, 15
212, 24,1, 15
212, 25,1, 15
212, 26,1, 15
212, 27,1, 15
212, 28,1, 15
212, 29,1, 15
212, 30,1, 15
212, 31,1, 15
212, 32,1, 15
212, 33,1, 15
212, 34,1, 15
212, 35,1, 15
212, 36,1, 15
212, 37,1, 15
212, 38,1, 15
212, 39,1, 15
212, 0,2, 15
212, 1,2, 15
212, 2,2, 15
212, 3,2, 15
212, 4,2, 15
212, 5,2, 15
212, 6,2, 15
212, 7,2, 15
212, 8,2, 15
212, 9,2, 15
212, 10,2, 15
212, 11,2, 15
212, 12,2, 15
212, 13,2, 15
212, 14,2, 15
212, 15,2, 15
212, 16,2, 15
212, 17,2, 15
212, 18,2, 15
212, 19,2, 15
212, 20,2, 15
212, 21,2, 15
212, 22,2, 15
212, 23,2, 15
212, 24,2, 15
212, 25,2, 15
212, 26,2, 15
212, 27,2, 15
212, 28,2, 15
212, 29,2, 15
212, 30,2, 15
212, 31,2, 15
212, 32,2, 15
212, 33,2, 15
212, 34,2, 15
212, 35,2, 15
212, 36,2, 15
212, 37,2, 15
212, 38,2, 15
212, 39,2, 15
212, 0,3, 15
212, 1,3, 15
212, 2,3, 15
212, 3,3, 15
212, 4,3, 15
212, 5,3, 15
212, 6,3, 15
212, 7,3, 15
212, 8,3, 15
212, 9,3, 15
212, 10,3, 15
212, 11,3, 15
212, 12,3, 15
212, 13,3, 15
212, 14,3, 15
212, 15,3, 15
212, 16,3, 15
212, 17,3, 15
212, 18,3, 15
212, 19,3, 15
212, 20,3, 15
212, 21,3, 15
212, 22,3, 15
212, 23,3, 15
212, 24,3, 15
212, 25,3, 15
212, 26,3, 15
212, 27,3, 15
212, 28,3, 15
212, 29,3, 15
212, 30,3, 15
212, 31,3, 15
212, 32,3, 15
212, 33,3, 15
212, 34,3, 15
212, 35,3, 15
212, 36,3, 15
212, 37,3, 15
212, 38,3, 15
212, 39,3, 15
212, 0,4, 15
212, 1,4, 15
212, 2,4, 15
212, 3,4, 15
212, 4,4, 15
212, 5,4, 15
212, 6,4, 15
212, 7,4, 15
212, 8,4, 15
212, 9,4, 15
212, 10,4, 15
212, 11,4, 15
212, 12,4, 15
212, 13,4, 15
212, 14,4, 15
212, 15,4, 15
212, 16,4, 15
212, 17,4, 15
212, 18,4, 15
212, 19,4, 15
212, 20,4, 15
212, 21,4, 15
212, 22,4, 15
212, 23,4, 15
212, 24,4, 15
212, 25,4, 15
212, 26,4, 15
212, 27,4, 15
212, 28,4, 15
212, 29,4, 15
212, 30,4, 15
212, 31,4, 15
212, 32,4, 15
212, 33,4, 15
212, 34,4, 15
212, 35,4, 15
212, 36,4, 15
212, 37,4, 15
212, 38,4, 15
212, 39,4, 15
213, 0,0, 15
213, 1,0, 15
213, 2,0, 15
213, 3,0, 15
213, 4,0, 15
213, 5,0, 15
213, 6,0, 15
213, 7,0, 15
213, 8,0, 15
213, 9,0, 15
213, 10,0, 15
213, 11,0, 15
213, 12,0, 15
213, 13,0, 15
213, 14,0, 15
213, 15,0, 15
213, 16,0, 15
213, 17,0, 15
213, 18,0, 15
213, 19,0, 15
213, 20,0, 15
213, 21,0, 15
213, 22,0, 15
213, 23,0, 15
213, 24,0, 15
213, 25,0, 15
213, 26,0, 15
213, 27,0, 15
213, 28,0, 15
213, 29,0, 15
213, 30,0, 15
213, 31,0, 15
213, 32,0, 15
213, 33,0, 15
213, 34,0, 15
213, 35,0, 15
213, 36,0, 15
213, 37,0, 15
213, 38,0, 15
213, 39,0, 15
213, 0,1, 15
213, 1,1, 15
213, 2,1, 15
213, 3,1, 15
213, 4,1, 15
213, 5,1, 15
213, 6,1, 15
213, 7,1, 15
213, 8,1, 15
213, 9,1, 15
213, 10,1, 15
213, 11,1, 15
213, 12,1, 15
213, 13,1, 15
213, 14,1, 15
213, 15,1, 15
213, 16,1, 15
213, 17,1, 15
213, 18,1, 15
213, 19,1, 15
213, 20,1, 15
213, 21,1, 15
213, 22,1, 15
213, 23,1, 15
213, 24,1, 15
213, 25,1, 15
213, 26,1, 15
213, 27,1, 15
213, 28,1, 15
213, 29,1, 15
213, 30,1, 15
213, 31,1, 15
213, 32,1, 15
213, 33,1, 15
213, 34,1, 15
213, 35,1, 15
213, 36,1, 15
213, 37,1, 15
213, 38,1, 15
213, 39,1, 15
213, 0,2, 15
213, 1,2, 15
213, 2,2, 15
213, 3,2, 15
213, 4,2, 15
213, 5,2, 15
213, 6,2, 15
213, 7,2, 15
213, 8,2, 15
213, 9,2, 15
213, 10,2, 15
213, 11,2, 15
213, 12,2, 15
213, 13,2, 15
213, 14,2, 15
213, 15,2, 15
213, 16,2, 15
213, 17,2, 15
213, 18,2, 15
213, 19,2, 15
213, 20,2, 15
213, 21,2, 15
213, 22,2, 15
213, 23,2, 15
213, 24,2, 15
213, 25,2, 15
213, 26,2, 15
213, 27,2, 15
213, 28,2, 15
213, 29,2, 15
213, 30,2, 15
213, 31,2, 15
213, 32,2, 15
213, 33,2, 15
213, 34,2, 15
213, 35,2, 15
213, 36,2, 15
213, 37,2, 15
213, 38,2, 15
213, 39,2, 15
213, 0,3, 15
213, 1,3, 15
213, 2,3, 15
213, 3,3, 15
213, 4,3, 15
213, 5,3, 15
213, 6,3, 15
213, 7,3, 15
213, 8,3, 15
213, 9,3, 15
213, 10,3, 15
213, 11,3, 15
213, 12,3, 15
213, 13,3, 15
213, 14,3, 15
213, 15,3, 15
213, 16,3, 15
213, 17,3, 15
213, 18,3, 15
213, 19,3, 15
213, 20,3, 15
213, 21,3, 15
213, 22,3, 15
213, 23,3, 15
213, 24,3, 15
213, 25,3, 15
213, 26,3, 15
213, 27,3, 15
213, 28,3, 15
213, 29,3, 15
213, 30,3, 15
213, 31,3, 15
213, 32,3, 15
213, 33,3, 15
213, 34,3, 15
213, 35,3, 15
213, 36,3, 15
213, 37,3, 15
213, 38,3, 15
213, 39,3, 15
213, 0,4, 15
213, 1,4, 15
213, 2,4, 15
213, 3,4, 15
213, 4,4, 15
213, 5,4, 15
213, 6,4, 15
213, 7,4, 15
213, 8,4, 15
213, 9,4, 15
213, 10,4, 15
213, 11,4, 15
213, 12,4, 15
213, 13,4, 15
213, 14,4, 15
213, 15,4, 15
213, 16,4, 15
213, 17,4, 15
213, 18,4, 15
213, 19,4, 15
213, 20,4, 15
213, 21,4, 15
213, 22,4, 15
213, 23,4, 15
213, 24,4, 15
213, 25,4, 15
213, 26,4, 15
213, 27,4, 15
213, 28,4, 15
213, 29,4, 15
213, 30,4, 15
213, 31,4, 15
213, 32,4, 15
213, 33,4, 15
213, 34,4, 15
213, 35,4, 15
213, 36,4, 15
213, 37,4, 15
213, 38,4, 15
213, 39,4, 15
214, 0,0, 15
214, 1,0, 15
214, 2,0, 15
214, 3,0, 15
214, 4,0, 15
214, 5,0, 15
214, 6,0, 15
214, 7,0, 15
214, 8,0, 15
214, 9,0, 15
214, 10,0, 15
214, 11,0, 15
214, 12,0, 15
214, 13,0, 15
214, 14,0, 15
214, 15,0, 15
214, 16,0, 15
214, 17,0, 15
214, 18,0, 15
214, 19,0, 15
214, 20,0, 15
214, 21,0, 15
214, 22,0, 15
214, 23,0, 15
214, 24,0, 15
214, 25,0, 15
214, 26,0, 15
214, 27,0, 15
214, 28,0, 15
214, 29,0, 15
214, 30,0, 15
214, 31,0, 15
214, 32,0, 15
214, 33,0, 15
214, 34,0, 15
214, 35,0, 15
214, 36,0, 15
214, 37,0, 15
214, 38,0, 15
214, 39,0, 15
214, 0,1, 15
214, 1,1, 15
214, 2,1, 15
214, 3,1, 15
214, 4,1, 15
214, 5,1, 15
214, 6,1, 15
214, 7,1, 15
214, 8,1, 15
214, 9,1, 15
214, 10,1, 15
214, 11,1, 15
214, 12,1, 15
214, 13,1, 15
214, 14,1, 15
214, 15,1, 15
214, 16,1, 15
214, 17,1, 15
214, 18,1, 15
214, 19,1, 15
214, 20,1, 15
214, 21,1, 15
214, 22,1, 15
214, 23,1, 15
214, 24,1, 15
214, 25,1, 15
214, 26,1, 15
214, 27,1, 15
214, 28,1, 15
214, 29,1, 15
214, 30,1, 15
214, 31,1, 15
214, 32,1, 15
214, 33,1, 15
214, 34,1, 15
214, 35,1, 15
214, 36,1, 15
214, 37,1, 15
214, 38,1, 15
214, 39,1, 15
214, 0,2, 15
214, 1,2, 15
214, 2,2, 15
214, 3,2, 15
214, 4,2, 15
214, 5,2, 15
214, 6,2, 15
214, 7,2, 15
214, 8,2, 15
214, 9,2, 15
214, 10,2, 15
214, 11,2, 15
214, 12,2, 15
214, 13,2, 15
214, 14,2, 15
214, 15,2, 15
214, 16,2, 15
214, 17,2, 15
214, 18,2, 15
214, 19,2, 15
214, 20,2, 15
214, 21,2, 15
214, 22,2, 15
214, 23,2, 15
214, 24,2, 15
214, 25,2, 15
214, 26,2, 15
214, 27,2, 15
214, 28,2, 15
214, 29,2, 15
214, 30,2, 15
214, 31,2, 15
214, 32,2, 15
214, 33,2, 15
214, 34,2, 15
214, 35,2, 15
214, 36,2, 15
214, 37,2, 15
214, 38,2, 15
214, 39,2, 15
214, 0,3, 15
214, 1,3, 15
214, 2,3, 15
214, 3,3, 15
214, 4,3, 15
214, 5,3, 15
214, 6,3, 15
214, 7,3, 15
214, 8,3, 15
214, 9,3, 15
214, 10,3, 15
214, 11,3, 15
214, 12,3, 15
214, 13,3, 15
214, 14,3, 15
214, 15,3, 15
214, 16,3, 15
214, 17,3, 15
214, 18,3, 15
214, 19,3, 15
214, 20,3, 15
214, 21,3, 15
214, 22,3, 15
214, 23,3, 15
214, 24,3, 15
214, 25,3, 15
214, 26,3, 15
214, 27,3, 15
214, 28,3, 15
214, 29,3, 15
214, 30,3, 15
214, 31,3, 15
214, 32,3, 15
214, 33,3, 15
214, 34,3, 15
214, 35,3, 15
214, 36,3, 15
214, 37,3, 15
214, 38,3, 15
214, 39,3, 15
214, 0,4, 15
214, 1,4, 15
214, 2,4, 15
214, 3,4, 15
214, 4,4, 15
214, 5,4, 15
214, 6,4, 15
214, 7,4, 15
214, 8,4, 15
214, 9,4, 15
214, 10,4, 15
214, 11,4, 15
214, 12,4, 15
214, 13,4, 15
214, 14,4, 15
214, 15,4, 15
214, 16,4, 15
214, 17,4, 15
214, 18,4, 15
214, 19,4, 15
214, 20,4, 15
214, 21,4, 15
214, 22,4, 15
214, 23,4, 15
214, 24,4, 15
214, 25,4, 15
214, 26,4, 15
214, 27,4, 15
214, 28,4, 15
214, 29,4, 15
214, 30,4, 15
214, 31,4, 15
214, 32,4, 15
214, 33,4, 15
214, 34,4, 15
214, 35,4, 15
214, 36,4, 15
214, 37,4, 15
214, 38,4, 15
214, 39,4, 15
215, 0,0, 15
215, 1,0, 15
215, 2,0, 15
215, 3,0, 15
215, 4,0, 15
215, 5,0, 15
215, 6,0, 15
215, 7,0, 15
215, 8,0, 15
215, 9,0, 15
215, 10,0, 15
215, 11,0, 15
215, 12,0, 15
215, 13,0, 15
215, 14,0, 15
215, 15,0, 15
215, 16,0, 15
215, 17,0, 15
215, 18,0, 15
215, 19,0, 15
215, 20,0, 15
215, 21,0, 15
215, 22,0, 15
215, 23,0, 15
215, 24,0, 15
215, 25,0, 15
215, 26,0, 15
215, 27,0, 15
215, 28,0, 15
215, 29,0, 15
215, 30,0, 15
215, 31,0, 15
215, 32,0, 15
215, 33,0, 15
215, 34,0, 15
215, 35,0, 15
215, 36,0, 15
215, 37,0, 15
215, 38,0, 15
215, 39,0, 15
215, 0,1, 15
215, 1,1, 15
215, 2,1, 15
215, 3,1, 15
215, 4,1, 15
215, 5,1, 15
215, 6,1, 15
215, 7,1, 15
215, 8,1, 15
215, 9,1, 15
215, 10,1, 15
215, 11,1, 15
215, 12,1, 15
215, 13,1, 15
215, 14,1, 15
215, 15,1, 15
215, 16,1, 15
215, 17,1, 15
215, 18,1, 15
215, 19,1, 15
215, 20,1, 15
215, 21,1, 15
215, 22,1, 15
215, 23,1, 15
215, 24,1, 15
215, 25,1, 15
215, 26,1, 15
215, 27,1, 15
215, 28,1, 15
215, 29,1, 15
215, 30,1, 15
215, 31,1, 15
215, 32,1, 15
215, 33,1, 15
215, 34,1, 15
215, 35,1, 15
215, 36,1, 15
215, 37,1, 15
215, 38,1, 15
215, 39,1, 15
215, 0,2, 15
215, 1,2, 15
215, 2,2, 15
215, 3,2, 15
215, 4,2, 15
215, 5,2, 15
215, 6,2, 15
215, 7,2, 15
215, 8,2, 15
215, 9,2, 15
215, 10,2, 15
215, 11,2, 15
215, 12,2, 15
215, 13,2, 15
215, 14,2, 15
215, 15,2, 15
215, 16,2, 15
215, 17,2, 15
215, 18,2, 15
215, 19,2, 15
215, 20,2, 15
215, 21,2, 15
215, 22,2, 15
215, 23,2, 15
215, 24,2, 15
215, 25,2, 15
215, 26,2, 15
215, 27,2, 15
215, 28,2, 15
215, 29,2, 15
215, 30,2, 15
215, 31,2, 15
215, 32,2, 15
215, 33,2, 15
215, 34,2, 15
215, 35,2, 15
215, 36,2, 15
215, 37,2, 15
215, 38,2, 15
215, 39,2, 15
215, 0,3, 15
215, 1,3, 15
215, 2,3, 15
215, 3,3, 15
215, 4,3, 15
215, 5,3, 15
215, 6,3, 15
215, 7,3, 15
215, 8,3, 15
215, 9,3, 15
215, 10,3, 15
215, 11,3, 15
215, 12,3, 15
215, 13,3, 15
215, 14,3, 15
215, 15,3, 15
215, 16,3, 15
215, 17,3, 15
215, 18,3, 15
215, 19,3, 15
215, 20,3, 15
215, 21,3, 15
215, 22,3, 15
215, 23,3, 15
215, 24,3, 15
215, 25,3, 15
215, 26,3, 15
215, 27,3, 15
215, 28,3, 15
215, 29,3, 15
215, 30,3, 15
215, 31,3, 15
215, 32,3, 15
215, 33,3, 15
215, 34,3, 15
215, 35,3, 15
215, 36,3, 15
215, 37,3, 15
215, 38,3, 15
215, 39,3, 15
215, 0,4, 15
215, 1,4, 15
215, 2,4, 15
215, 3,4, 15
215, 4,4, 15
215, 5,4, 15
215, 6,4, 15
215, 7,4, 15
215, 8,4, 15
215, 9,4, 15
215, 10,4, 15
215, 11,4, 15
215, 12,4, 15
215, 13,4, 15
215, 14,4, 15
215, 15,4, 15
215, 16,4, 15
215, 17,4, 15
215, 18,4, 15
215, 19,4, 15
215, 20,4, 15
215, 21,4, 15
215, 22,4, 15
215, 23,4, 15
215, 24,4, 15
215, 25,4, 15
215, 26,4, 15
215, 27,4, 15
215, 28,4, 15
215, 29,4, 15
215, 30,4, 15
215, 31,4, 15
215, 32,4, 15
215, 33,4, 15
215, 34,4, 15
215, 35,4, 15
215, 36,4, 15
215, 37,4, 15
215, 38,4, 15
215, 39,4, 15
216, 0,0, 15
216, 1,0, 15
216, 2,0, 15
216, 3,0, 15
216, 4,0, 15
216, 5,0, 15
216, 6,0, 15
216, 7,0, 15
216, 8,0, 15
216, 9,0, 15
216, 10,0, 15
216, 11,0, 15
216, 12,0, 15
216, 13,0, 15
216, 14,0, 15
216, 15,0, 15
216, 16,0, 15
216, 17,0, 15
216, 18,0, 15
216, 19,0, 15
216, 20,0, 15
216, 21,0, 15
216, 22,0, 15
216, 23,0, 15
216, 24,0, 15
216, 25,0, 15
216, 26,0, 15
216, 27,0, 15
216, 28,0, 15
216, 29,0, 15
216, 30,0, 15
216, 31,0, 15
216, 32,0, 15
216, 33,0, 15
216, 34,0, 15
216, 35,0, 15
216, 36,0, 15
216, 37,0, 15
216, 38,0, 15
216, 39,0, 15
216, 0,1, 15
216, 1,1, 15
216, 2,1, 15
216, 3,1, 15
216, 4,1, 15
216, 5,1, 15
216, 6,1, 15
216, 7,1, 15
216, 8,1, 15
216, 9,1, 15
216, 10,1, 15
216, 11,1, 15
216, 12,1, 15
216, 13,1, 15
216, 14,1, 15
216, 15,1, 15
216, 16,1, 15
216, 17,1, 15
216, 18,1, 15
216, 19,1, 15
216, 20,1, 15
216, 21,1, 15
216, 22,1, 15
216, 23,1, 15
216, 24,1, 15
216, 25,1, 15
216, 26,1, 15
216, 27,1, 15
216, 28,1, 15
216, 29,1, 15
216, 30,1, 15
216, 31,1, 15
216, 32,1, 15
216, 33,1, 15
216, 34,1, 15
216, 35,1, 15
216, 36,1, 15
216, 37,1, 15
216, 38,1, 15
216, 39,1, 15
216, 0,2, 15
216, 1,2, 15
216, 2,2, 15
216, 3,2, 15
216, 4,2, 15
216, 5,2, 15
216, 6,2, 15
216, 7,2, 15
216, 8,2, 15
216, 9,2, 15
216, 10,2, 15
216, 11,2, 15
216, 12,2, 15
216, 13,2, 15
216, 14,2, 15
216, 15,2, 15
216, 16,2, 15
216, 17,2, 15
216, 18,2, 15
216, 19,2, 15
216, 20,2, 15
216, 21,2, 15
216, 22,2, 15
216, 23,2, 15
216, 24,2, 15
216, 25,2, 15
216, 26,2, 15
216, 27,2, 15
216, 28,2, 15
216, 29,2, 15
216, 30,2, 15
216, 31,2, 15
216, 32,2, 15
216, 33,2, 15
216, 34,2, 15
216, 35,2, 15
216, 36,2, 15
216, 37,2, 15
216, 38,2, 15
216, 39,2, 15
216, 0,3, 15
216, 1,3, 15
216, 2,3, 15
216, 3,3, 15
216, 4,3, 15
216, 5,3, 15
216, 6,3, 15
216, 7,3, 15
216, 8,3, 15
216, 9,3, 15
216, 10,3, 15
216, 11,3, 15
216, 12,3, 15
216, 13,3, 15
216, 14,3, 15
216, 15,3, 15
216, 16,3, 15
216, 17,3, 15
216, 18,3, 15
216, 19,3, 15
216, 20,3, 15
216, 21,3, 15
216, 22,3, 15
216, 23,3, 15
216, 24,3, 15
216, 25,3, 15
216, 26,3, 15
216, 27,3, 15
216, 28,3, 15
216, 29,3, 15
216, 30,3, 15
216, 31,3, 15
216, 32,3, 15
216, 33,3, 15
216, 34,3, 15
216, 35,3, 15
216, 36,3, 15
216, 37,3, 15
216, 38,3, 15
216, 39,3, 15
216, 0,4, 15
216, 1,4, 15
216, 2,4, 15
216, 3,4, 15
216, 4,4, 15
216, 5,4, 15
216, 6,4, 15
216, 7,4, 15
216, 8,4, 15
216, 9,4, 15
216, 10,4, 15
216, 11,4, 15
216, 12,4, 15
216, 13,4, 15
216, 14,4, 15
216, 15,4, 15
216, 16,4, 15
216, 17,4, 15
216, 18,4, 15
216, 19,4, 15
216, 20,4, 15
216, 21,4, 15
216, 22,4, 15
216, 23,4, 15
216, 24,4, 15
216, 25,4, 15
216, 26,4, 15
216, 27,4, 15
216, 28,4, 15
216, 29,4, 15
216, 30,4, 15
216, 31,4, 15
216, 32,4, 15
216, 33,4, 15
216, 34,4, 15
216, 35,4, 15
216, 36,4, 15
216, 37,4, 15
216, 38,4, 15
216, 39,4, 15
217, 0,0, 15
217, 1,0, 15
217, 2,0, 15
217, 3,0, 15
217, 4,0, 15
217, 5,0, 15
217, 6,0, 15
217, 7,0, 15
217, 8,0, 15
217, 9,0, 15
217, 10,0, 15
217, 11,0, 15
217, 12,0, 15
217, 13,0, 15
217, 14,0, 15
217, 15,0, 15
217, 16,0, 15
217, 17,0, 15
217, 18,0, 15
217, 19,0, 15
217, 20,0, 15
217, 21,0, 15
217, 22,0, 15
217, 23,0, 15
217, 24,0, 15
217, 25,0, 15
217, 26,0, 15
217, 27,0, 15
217, 28,0, 15
217, 29,0, 15
217, 30,0, 15
217, 31,0, 15
217, 32,0, 15
217, 33,0, 15
217, 34,0, 15
217, 35,0, 15
217, 36,0, 15
217, 37,0, 15
217, 38,0, 15
217, 39,0, 15
217, 0,1, 15
217, 1,1, 15
217, 2,1, 15
217, 3,1, 15
217, 4,1, 15
217, 5,1, 15
217, 6,1, 15
217, 7,1, 15
217, 8,1, 15
217, 9,1, 15
217, 10,1, 15
217, 11,1, 15
217, 12,1, 15
217, 13,1, 15
217, 14,1, 15
217, 15,1, 15
217, 16,1, 15
217, 17,1, 15
217, 18,1, 15
217, 19,1, 15
217, 20,1, 15
217, 21,1, 15
217, 22,1, 15
217, 23,1, 15
217, 24,1, 15
217, 25,1, 15
217, 26,1, 15
217, 27,1, 15
217, 28,1, 15
217, 29,1, 15
217, 30,1, 15
217, 31,1, 15
217, 32,1, 15
217, 33,1, 15
217, 34,1, 15
217, 35,1, 15
217, 36,1, 15
217, 37,1, 15
217, 38,1, 15
217, 39,1, 15
217, 0,2, 15
217, 1,2, 15
217, 2,2, 15
217, 3,2, 15
217, 4,2, 15
217, 5,2, 15
217, 6,2, 15
217, 7,2, 15
217, 8,2, 15
217, 9,2, 15
217, 10,2, 15
217, 11,2, 15
217, 12,2, 15
217, 13,2, 15
217, 14,2, 15
217, 15,2, 15
217, 16,2, 15
217, 17,2, 15
217, 18,2, 15
217, 19,2, 15
217, 20,2, 15
217, 21,2, 15
217, 22,2, 15
217, 23,2, 15
217, 24,2, 15
217, 25,2, 15
217, 26,2, 15
217, 27,2, 15
217, 28,2, 15
217, 29,2, 15
217, 30,2, 15
217, 31,2, 15
217, 32,2, 15
217, 33,2, 15
217, 34,2, 15
217, 35,2, 15
217, 36,2, 15
217, 37,2, 15
217, 38,2, 15
217, 39,2, 15
217, 0,3, 15
217, 1,3, 15
217, 2,3, 15
217, 3,3, 15
217, 4,3, 15
217, 5,3, 15
217, 6,3, 15
217, 7,3, 15
217, 8,3, 15
217, 9,3, 15
217, 10,3, 15
217, 11,3, 15
217, 12,3, 15
217, 13,3, 15
217, 14,3, 15
217, 15,3, 15
217, 16,3, 15
217, 17,3, 15
217, 18,3, 15
217, 19,3, 15
217, 20,3, 15
217, 21,3, 15
217, 22,3, 15
217, 23,3, 15
217, 24,3, 15
217, 25,3, 15
217, 26,3, 15
217, 27,3, 15
217, 28,3, 15
217, 29,3, 15
217, 30,3, 15
217, 31,3, 15
217, 32,3, 15
217, 33,3, 15
217, 34,3, 15
217, 35,3, 15
217, 36,3, 15
217, 37,3, 15
217, 38,3, 15
217, 39,3, 15
217, 0,4, 15
217, 1,4, 15
217, 2,4, 15
217, 3,4, 15
217, 4,4, 15
217, 5,4, 15
217, 6,4, 15
217, 7,4, 15
217, 8,4, 15
217, 9,4, 15
217, 10,4, 15
217, 11,4, 15
217, 12,4, 15
217, 13,4, 15
217, 14,4, 15
217, 15,4, 15
217, 16,4, 15
217, 17,4, 15
217, 18,4, 15
217, 19,4, 15
217, 20,4, 15
217, 21,4, 15
217, 22,4, 15
217, 23,4, 15
217, 24,4, 15
217, 25,4, 15
217, 26,4, 15
217, 27,4, 15
217, 28,4, 15
217, 29,4, 15
217, 30,4, 15
217, 31,4, 15
217, 32,4, 15
217, 33,4, 15
217, 34,4, 15
217, 35,4, 15
217, 36,4, 15
217, 37,4, 15
217, 38,4, 15
217, 39,4, 15
218, 0,0, 15
218, 1,0, 15
218, 2,0, 15
218, 3,0, 15
218, 4,0, 15
218, 5,0, 15
218, 6,0, 15
218, 7,0, 15
218, 8,0, 15
218, 9,0, 15
218, 10,0, 15
218, 11,0, 15
218, 12,0, 15
218, 13,0, 15
218, 14,0, 15
218, 15,0, 15
218, 16,0, 15
218, 17,0, 15
218, 18,0, 15
218, 19,0, 15
218, 20,0, 15
218, 21,0, 15
218, 22,0, 15
218, 23,0, 15
218, 24,0, 15
218, 25,0, 15
218, 26,0, 15
218, 27,0, 15
218, 28,0, 15
218, 29,0, 15
218, 30,0, 15
218, 31,0, 15
218, 32,0, 15
218, 33,0, 15
218, 34,0, 15
218, 35,0, 15
218, 36,0, 15
218, 37,0, 15
218, 38,0, 15
218, 39,0, 15
218, 0,1, 15
218, 1,1, 15
218, 2,1, 15
218, 3,1, 15
218, 4,1, 15
218, 5,1, 15
218, 6,1, 15
218, 7,1, 15
218, 8,1, 15
218, 9,1, 15
218, 10,1, 15
218, 11,1, 15
218, 12,1, 15
218, 13,1, 15
218, 14,1, 15
218, 15,1, 15
218, 16,1, 15
218, 17,1, 15
218, 18,1, 15
218, 19,1, 15
218, 20,1, 15
218, 21,1, 15
218, 22,1, 15
218, 23,1, 15
218, 24,1, 15
218, 25,1, 15
218, 26,1, 15
218, 27,1, 15
218, 28,1, 15
218, 29,1, 15
218, 30,1, 15
218, 31,1, 15
218, 32,1, 15
218, 33,1, 15
218, 34,1, 15
218, 35,1, 15
218, 36,1, 15
218, 37,1, 15
218, 38,1, 15
218, 39,1, 15
218, 0,2, 15
218, 1,2, 15
218, 2,2, 15
218, 3,2, 15
218, 4,2, 15
218, 5,2, 15
218, 6,2, 15
218, 7,2, 15
218, 8,2, 15
218, 9,2, 15
218, 10,2, 15
218, 11,2, 15
218, 12,2, 15
218, 13,2, 15
218, 14,2, 15
218, 15,2, 15
218, 16,2, 15
218, 17,2, 15
218, 18,2, 15
218, 19,2, 15
218, 20,2, 15
218, 21,2, 15
218, 22,2, 15
218, 23,2, 15
218, 24,2, 15
218, 25,2, 15
218, 26,2, 15
218, 27,2, 15
218, 28,2, 15
218, 29,2, 15
218, 30,2, 15
218, 31,2, 15
218, 32,2, 15
218, 33,2, 15
218, 34,2, 15
218, 35,2, 15
218, 36,2, 15
218, 37,2, 15
218, 38,2, 15
218, 39,2, 15
218, 0,3, 15
218, 1,3, 15
218, 2,3, 15
218, 3,3, 15
218, 4,3, 15
218, 5,3, 15
218, 6,3, 15
218, 7,3, 15
218, 8,3, 15
218, 9,3, 15
218, 10,3, 15
218, 11,3, 15
218, 12,3, 15
218, 13,3, 15
218, 14,3, 15
218, 15,3, 15
218, 16,3, 15
218, 17,3, 15
218, 18,3, 15
218, 19,3, 15
218, 20,3, 15
218, 21,3, 15
218, 22,3, 15
218, 23,3, 15
218, 24,3, 15
218, 25,3, 15
218, 26,3, 15
218, 27,3, 15
218, 28,3, 15
218, 29,3, 15
218, 30,3, 15
218, 31,3, 15
218, 32,3, 15
218, 33,3, 15
218, 34,3, 15
218, 35,3, 15
218, 36,3, 15
218, 37,3, 15
218, 38,3, 15
218, 39,3, 15
218, 0,4, 15
218, 1,4, 15
218, 2,4, 15
218, 3,4, 15
218, 4,4, 15
218, 5,4, 15
218, 6,4, 15
218, 7,4, 15
218, 8,4, 15
218, 9,4, 15
218, 10,4, 15
218, 11,4, 15
218, 12,4, 15
218, 13,4, 15
218, 14,4, 15
218, 15,4, 15
218, 16,4, 15
218, 17,4, 15
218, 18,4, 15
218, 19,4, 15
218, 20,4, 15
218, 21,4, 15
218, 22,4, 15
218, 23,4, 15
218, 24,4, 15
218, 25,4, 15
218, 26,4, 15
218, 27,4, 15
218, 28,4, 15
218, 29,4, 15
218, 30,4, 15
218, 31,4, 15
218, 32,4, 15
218, 33,4, 15
218, 34,4, 15
218, 35,4, 15
218, 36,4, 15
218, 37,4, 15
218, 38,4, 15
218, 39,4, 15
219, 0,0, 15
219, 1,0, 15
219, 2,0, 15
219, 3,0, 15
219, 4,0, 15
219, 5,0, 15
219, 6,0, 15
219, 7,0, 15
219, 8,0, 15
219, 9,0, 15
219, 10,0, 15
219, 11,0, 15
219, 12,0, 15
219, 13,0, 15
219, 14,0, 15
219, 15,0, 15
219, 16,0, 15
219, 17,0, 15
219, 18,0, 15
219, 19,0, 15
219, 20,0, 15
219, 21,0, 15
219, 22,0, 15
219, 23,0, 15
219, 24,0, 15
219, 25,0, 15
219, 26,0, 15
219, 27,0, 15
219, 28,0, 15
219, 29,0, 15
219, 30,0, 15
219, 31,0, 15
219, 32,0, 15
219, 33,0, 15
219, 34,0, 15
219, 35,0, 15
219, 36,0, 15
219, 37,0, 15
219, 38,0, 15
219, 39,0, 15
219, 0,1, 15
219, 1,1, 15
219, 2,1, 15
219, 3,1, 15
219, 4,1, 15
219, 5,1, 15
219, 6,1, 15
219, 7,1, 15
219, 8,1, 15
219, 9,1, 15
219, 10,1, 15
219, 11,1, 15
219, 12,1, 15
219, 13,1, 15
219, 14,1, 15
219, 15,1, 15
219, 16,1, 15
219, 17,1, 15
219, 18,1, 15
219, 19,1, 15
219, 20,1, 15
219, 21,1, 15
219, 22,1, 15
219, 23,1, 15
219, 24,1, 15
219, 25,1, 15
219, 26,1, 15
219, 27,1, 15
219, 28,1, 15
219, 29,1, 15
219, 30,1, 15
219, 31,1, 15
219, 32,1, 15
219, 33,1, 15
219, 34,1, 15
219, 35,1, 15
219, 36,1, 15
219, 37,1, 15
219, 38,1, 15
219, 39,1, 15
219, 0,2, 15
219, 1,2, 15
219, 2,2, 15
219, 3,2, 15
219, 4,2, 15
219, 5,2, 15
219, 6,2, 15
219, 7,2, 15
219, 8,2, 15
219, 9,2, 15
219, 10,2, 15
219, 11,2, 15
219, 12,2, 15
219, 13,2, 15
219, 14,2, 15
219, 15,2, 15
219, 16,2, 15
219, 17,2, 15
219, 18,2, 15
219, 19,2, 15
219, 20,2, 15
219, 21,2, 15
219, 22,2, 15
219, 23,2, 15
219, 24,2, 15
219, 25,2, 15
219, 26,2, 15
219, 27,2, 15
219, 28,2, 15
219, 29,2, 15
219, 30,2, 15
219, 31,2, 15
219, 32,2, 15
219, 33,2, 15
219, 34,2, 15
219, 35,2, 15
219, 36,2, 15
219, 37,2, 15
219, 38,2, 15
219, 39,2, 15
219, 0,3, 15
219, 1,3, 15
219, 2,3, 15
219, 3,3, 15
219, 4,3, 15
219, 5,3, 15
219, 6,3, 15
219, 7,3, 15
219, 8,3, 15
219, 9,3, 15
219, 10,3, 15
219, 11,3, 15
219, 12,3, 15
219, 13,3, 15
219, 14,3, 15
219, 15,3, 15
219, 16,3, 15
219, 17,3, 15
219, 18,3, 15
219, 19,3, 15
219, 20,3, 15
219, 21,3, 15
219, 22,3, 15
219, 23,3, 15
219, 24,3, 15
219, 25,3, 15
219, 26,3, 15
219, 27,3, 15
219, 28,3, 15
219, 29,3, 15
219, 30,3, 15
219, 31,3, 15
219, 32,3, 15
219, 33,3, 15
219, 34,3, 15
219, 35,3, 15
219, 36,3, 15
219, 37,3, 15
219, 38,3, 15
219, 39,3, 15
219, 0,4, 15
219, 1,4, 15
219, 2,4, 15
219, 3,4, 15
219, 4,4, 15
219, 5,4, 15
219, 6,4, 15
219, 7,4, 15
219, 8,4, 15
219, 9,4, 15
219, 10,4, 15
219, 11,4, 15
219, 12,4, 15
219, 13,4, 15
219, 14,4, 15
219, 15,4, 15
219, 16,4, 15
219, 17,4, 15
219, 18,4, 15
219, 19,4, 15
219, 20,4, 15
219, 21,4, 15
219, 22,4, 15
219, 23,4, 15
219, 24,4, 15
219, 25,4, 15
219, 26,4, 15
219, 27,4, 15
219, 28,4, 15
219, 29,4, 15
219, 30,4, 15
219, 31,4, 15
219, 32,4, 15
219, 33,4, 15
219, 34,4, 15
219, 35,4, 15
219, 36,4, 15
219, 37,4, 15
219, 38,4, 15
219, 39,4, 15
220, 0,0, 15
220, 1,0, 15
220, 2,0, 15
220, 3,0, 15
220, 4,0, 15
220, 5,0, 15
220, 6,0, 15
220, 7,0, 15
220, 8,0, 15
220, 9,0, 15
220, 10,0, 15
220, 11,0, 15
220, 12,0, 15
220, 13,0, 15
220, 14,0, 15
220, 15,0, 15
220, 16,0, 15
220, 17,0, 15
220, 18,0, 15
220, 19,0, 15
220, 20,0, 15
220, 21,0, 15
220, 22,0, 15
220, 23,0, 15
220, 24,0, 15
220, 25,0, 15
220, 26,0, 15
220, 27,0, 15
220, 28,0, 15
220, 29,0, 15
220, 30,0, 15
220, 31,0, 15
220, 32,0, 15
220, 33,0, 15
220, 34,0, 15
220, 35,0, 15
220, 36,0, 15
220, 37,0, 15
220, 38,0, 15
220, 39,0, 15
220, 0,1, 15
220, 1,1, 15
220, 2,1, 15
220, 3,1, 15
220, 4,1, 15
220, 5,1, 15
220, 6,1, 15
220, 7,1, 15
220, 8,1, 15
220, 9,1, 15
220, 10,1, 15
220, 11,1, 15
220, 12,1, 15
220, 13,1, 15
220, 14,1, 15
220, 15,1, 15
220, 16,1, 15
220, 17,1, 15
220, 18,1, 15
220, 19,1, 15
220, 20,1, 15
220, 21,1, 15
220, 22,1, 15
220, 23,1, 15
220, 24,1, 15
220, 25,1, 15
220, 26,1, 15
220, 27,1, 15
220, 28,1, 15
220, 29,1, 15
220, 30,1, 15
220, 31,1, 15
220, 32,1, 15
220, 33,1, 15
220, 34,1, 15
220, 35,1, 15
220, 36,1, 15
220, 37,1, 15
220, 38,1, 15
220, 39,1, 15
220, 0,2, 15
220, 1,2, 15
220, 2,2, 15
220, 3,2, 15
220, 4,2, 15
220, 5,2, 15
220, 6,2, 15
220, 7,2, 15
220, 8,2, 15
220, 9,2, 15
220, 10,2, 15
220, 11,2, 15
220, 12,2, 15
220, 13,2, 15
220, 14,2, 15
220, 15,2, 15
220, 16,2, 15
220, 17,2, 15
220, 18,2, 15
220, 19,2, 15
220, 20,2, 15
220, 21,2, 15
220, 22,2, 15
220, 23,2, 15
220, 24,2, 15
220, 25,2, 15
220, 26,2, 15
220, 27,2, 15
220, 28,2, 15
220, 29,2, 15
220, 30,2, 15
220, 31,2, 15
220, 32,2, 15
220, 33,2, 15
220, 34,2, 15
220, 35,2, 15
220, 36,2, 15
220, 37,2, 15
220, 38,2, 15
220, 39,2, 15
220, 0,3, 15
220, 1,3, 15
220, 2,3, 15
220, 3,3, 15
220, 4,3, 15
220, 5,3, 15
220, 6,3, 15
220, 7,3, 15
220, 8,3, 15
220, 9,3, 15
220, 10,3, 15
220, 11,3, 15
220, 12,3, 15
220, 13,3, 15
220, 14,3, 15
220, 15,3, 15
220, 16,3, 15
220, 17,3, 15
220, 18,3, 15
220, 19,3, 15
220, 20,3, 15
220, 21,3, 15
220, 22,3, 15
220, 23,3, 15
220, 24,3, 15
220, 25,3, 15
220, 26,3, 15
220, 27,3, 15
220, 28,3, 15
220, 29,3, 15
220, 30,3, 15
220, 31,3, 15
220, 32,3, 15
220, 33,3, 15
220, 34,3, 15
220, 35,3, 15
220, 36,3, 15
220, 37,3, 15
220, 38,3, 15
220, 39,3, 15
220, 0,4, 15
220, 1,4, 15
220, 2,4, 15
220, 3,4, 15
220, 4,4, 15
220, 5,4, 15
220, 6,4, 15
220, 7,4, 15
220, 8,4, 15
220, 9,4, 15
220, 10,4, 15
220, 11,4, 15
220, 12,4, 15
220, 13,4, 15
220, 14,4, 15
220, 15,4, 15
220, 16,4, 15
220, 17,4, 15
220, 18,4, 15
220, 19,4, 15
220, 20,4, 15
220, 21,4, 15
220, 22,4, 15
220, 23,4, 15
220, 24,4, 15
220, 25,4, 15
220, 26,4, 15
220, 27,4, 15
220, 28,4, 15
220, 29,4, 15
220, 30,4, 15
220, 31,4, 15
220, 32,4, 15
220, 33,4, 15
220, 34,4, 15
220, 35,4, 15
220, 36,4, 15
220, 37,4, 15
220, 38,4, 15
220, 39,4, 15
221, 0,0, 15
221, 1,0, 15
221, 2,0, 15
221, 3,0, 15
221, 4,0, 15
221, 5,0, 15
221, 6,0, 15
221, 7,0, 15
221, 8,0, 15
221, 9,0, 15
221, 10,0, 15
221, 11,0, 15
221, 12,0, 15
221, 13,0, 15
221, 14,0, 15
221, 15,0, 15
221, 16,0, 15
221, 17,0, 15
221, 18,0, 15
221, 19,0, 15
221, 20,0, 15
221, 21,0, 15
221, 22,0, 15
221, 23,0, 15
221, 24,0, 15
221, 25,0, 15
221, 26,0, 15
221, 27,0, 15
221, 28,0, 15
221, 29,0, 15
221, 30,0, 15
221, 31,0, 15
221, 32,0, 15
221, 33,0, 15
221, 34,0, 15
221, 35,0, 15
221, 36,0, 15
221, 37,0, 15
221, 38,0, 15
221, 39,0, 15
221, 0,1, 15
221, 1,1, 15
221, 2,1, 15
221, 3,1, 15
221, 4,1, 15
221, 5,1, 15
221, 6,1, 15
221, 7,1, 15
221, 8,1, 15
221, 9,1, 15
221, 10,1, 15
221, 11,1, 15
221, 12,1, 15
221, 13,1, 15
221, 14,1, 15
221, 15,1, 15
221, 16,1, 15
221, 17,1, 15
221, 18,1, 15
221, 19,1, 15
221, 20,1, 15
221, 21,1, 15
221, 22,1, 15
221, 23,1, 15
221, 24,1, 15
221, 25,1, 15
221, 26,1, 15
221, 27,1, 15
221, 28,1, 15
221, 29,1, 15
221, 30,1, 15
221, 31,1, 15
221, 32,1, 15
221, 33,1, 15
221, 34,1, 15
221, 35,1, 15
221, 36,1, 15
221, 37,1, 15
221, 38,1, 15
221, 39,1, 15
221, 0,2, 15
221, 1,2, 15
221, 2,2, 15
221, 3,2, 15
221, 4,2, 15
221, 5,2, 15
221, 6,2, 15
221, 7,2, 15
221, 8,2, 15
221, 9,2, 15
221, 10,2, 15
221, 11,2, 15
221, 12,2, 15
221, 13,2, 15
221, 14,2, 15
221, 15,2, 15
221, 16,2, 15
221, 17,2, 15
221, 18,2, 15
221, 19,2, 15
221, 20,2, 15
221, 21,2, 15
221, 22,2, 15
221, 23,2, 15
221, 24,2, 15
221, 25,2, 15
221, 26,2, 15
221, 27,2, 15
221, 28,2, 15
221, 29,2, 15
221, 30,2, 15
221, 31,2, 15
221, 32,2, 15
221, 33,2, 15
221, 34,2, 15
221, 35,2, 15
221, 36,2, 15
221, 37,2, 15
221, 38,2, 15
221, 39,2, 15
221, 0,3, 15
221, 1,3, 15
221, 2,3, 15
221, 3,3, 15
221, 4,3, 15
221, 5,3, 15
221, 6,3, 15
221, 7,3, 15
221, 8,3, 15
221, 9,3, 15
221, 10,3, 15
221, 11,3, 15
221, 12,3, 15
221, 13,3, 15
221, 14,3, 15
221, 15,3, 15
221, 16,3, 15
221, 17,3, 15
221, 18,3, 15
221, 19,3, 15
221, 20,3, 15
221, 21,3, 15
221, 22,3, 15
221, 23,3, 15
221, 24,3, 15
221, 25,3, 15
221, 26,3, 15
221, 27,3, 15
221, 28,3, 15
221, 29,3, 15
221, 30,3, 15
221, 31,3, 15
221, 32,3, 15
221, 33,3, 15
221, 34,3, 15
221, 35,3, 15
221, 36,3, 15
221, 37,3, 15
221, 38,3, 15
221, 39,3, 15
221, 0,4, 15
221, 1,4, 15
221, 2,4, 15
221, 3,4, 15
221, 4,4, 15
221, 5,4, 15
221, 6,4, 15
221, 7,4, 15
221, 8,4, 15
221, 9,4, 15
221, 10,4, 15
221, 11,4, 15
221, 12,4, 15
221, 13,4, 15
221, 14,4, 15
221, 15,4, 15
221, 16,4, 15
221, 17,4, 15
221, 18,4, 15
221, 19,4, 15
221, 20,4, 15
221, 21,4, 15
221, 22,4, 15
221, 23,4, 15
221, 24,4, 15
221, 25,4, 15
221, 26,4, 15
221, 27,4, 15
221, 28,4, 15
221, 29,4, 15
221, 30,4, 15
221, 31,4, 15
221, 32,4, 15
221, 33,4, 15
221, 34,4, 15
221, 35,4, 15
221, 36,4, 15
221, 37,4, 15
221, 38,4, 15
221, 39,4, 15
222, 0,0, 15
222, 1,0, 15
222, 2,0, 15
222, 3,0, 15
222, 4,0, 15
222, 5,0, 15
222, 6,0, 15
222, 7,0, 15
222, 8,0, 15
222, 9,0, 15
222, 10,0, 15
222, 11,0, 15
222, 12,0, 15
222, 13,0, 15
222, 14,0, 15
222, 15,0, 15
222, 16,0, 15
222, 17,0, 15
222, 18,0, 15
222, 19,0, 15
222, 20,0, 15
222, 21,0, 15
222, 22,0, 15
222, 23,0, 15
222, 24,0, 15
222, 25,0, 15
222, 26,0, 15
222, 27,0, 15
222, 28,0, 15
222, 29,0, 15
222, 30,0, 15
222, 31,0, 15
222, 32,0, 15
222, 33,0, 15
222, 34,0, 15
222, 35,0, 15
222, 36,0, 15
222, 37,0, 15
222, 38,0, 15
222, 39,0, 15
222, 0,1, 15
222, 1,1, 15
222, 2,1, 15
222, 3,1, 15
222, 4,1, 15
222, 5,1, 15
222, 6,1, 15
222, 7,1, 15
222, 8,1, 15
222, 9,1, 15
222, 10,1, 15
222, 11,1, 15
222, 12,1, 15
222, 13,1, 15
222, 14,1, 15
222, 15,1, 15
222, 16,1, 15
222, 17,1, 15
222, 18,1, 15
222, 19,1, 15
222, 20,1, 15
222, 21,1, 15
222, 22,1, 15
222, 23,1, 15
222, 24,1, 15
222, 25,1, 15
222, 26,1, 15
222, 27,1, 15
222, 28,1, 15
222, 29,1, 15
222, 30,1, 15
222, 31,1, 15
222, 32,1, 15
222, 33,1, 15
222, 34,1, 15
222, 35,1, 15
222, 36,1, 15
222, 37,1, 15
222, 38,1, 15
222, 39,1, 15
222, 0,2, 15
222, 1,2, 15
222, 2,2, 15
222, 3,2, 15
222, 4,2, 15
222, 5,2, 15
222, 6,2, 15
222, 7,2, 15
222, 8,2, 15
222, 9,2, 15
222, 10,2, 15
222, 11,2, 15
222, 12,2, 15
222, 13,2, 15
222, 14,2, 15
222, 15,2, 15
222, 16,2, 15
222, 17,2, 15
222, 18,2, 15
222, 19,2, 15
222, 20,2, 15
222, 21,2, 15
222, 22,2, 15
222, 23,2, 15
222, 24,2, 15
222, 25,2, 15
222, 26,2, 15
222, 27,2, 15
222, 28,2, 15
222, 29,2, 15
222, 30,2, 15
222, 31,2, 15
222, 32,2, 15
222, 33,2, 15
222, 34,2, 15
222, 35,2, 15
222, 36,2, 15
222, 37,2, 15
222, 38,2, 15
222, 39,2, 15
222, 0,3, 15
222, 1,3, 15
222, 2,3, 15
222, 3,3, 15
222, 4,3, 15
222, 5,3, 15
222, 6,3, 15
222, 7,3, 15
222, 8,3, 15
222, 9,3, 15
222, 10,3, 15
222, 11,3, 15
222, 12,3, 15
222, 13,3, 15
222, 14,3, 15
222, 15,3, 15
222, 16,3, 15
222, 17,3, 15
222, 18,3, 15
222, 19,3, 15
222, 20,3, 15
222, 21,3, 15
222, 22,3, 15
222, 23,3, 15
222, 24,3, 15
222, 25,3, 15
222, 26,3, 15
222, 27,3, 15
222, 28,3, 15
222, 29,3, 15
222, 30,3, 15
222, 31,3, 15
222, 32,3, 15
222, 33,3, 15
222, 34,3, 15
222, 35,3, 15
222, 36,3, 15
222, 37,3, 15
222, 38,3, 15
222, 39,3, 15
222, 0,4, 15
222, 1,4, 15
222, 2,4, 15
222, 3,4, 15
222, 4,4, 15
222, 5,4, 15
222, 6,4, 15
222, 7,4, 15
222, 8,4, 15
222, 9,4, 15
222, 10,4, 15
222, 11,4, 15
222, 12,4, 15
222, 13,4, 15
222, 14,4, 15
222, 15,4, 15
222, 16,4, 15
222, 17,4, 15
222, 18,4, 15
222, 19,4, 15
222, 20,4, 15
222, 21,4, 15
222, 22,4, 15
222, 23,4, 15
222, 24,4, 15
222, 25,4, 15
222, 26,4, 15
222, 27,4, 15
222, 28,4, 15
222, 29,4, 15
222, 30,4, 15
222, 31,4, 15
222, 32,4, 15
222, 33,4, 15
222, 34,4, 15
222, 35,4, 15
222, 36,4, 15
222, 37,4, 15
222, 38,4, 15
222, 39,4, 15
223, 0,0, 15
223, 1,0, 15
223, 2,0, 15
223, 3,0, 15
223, 4,0, 15
223, 5,0, 15
223, 6,0, 15
223, 7,0, 15
223, 8,0, 15
223, 9,0, 15
223, 10,0, 15
223, 11,0, 15
223, 12,0, 15
223, 13,0, 15
223, 14,0, 15
223, 15,0, 15
223, 16,0, 15
223, 17,0, 15
223, 18,0, 15
223, 19,0, 15
223, 20,0, 15
223, 21,0, 15
223, 22,0, 15
223, 23,0, 15
223, 24,0, 15
223, 25,0, 15
223, 26,0, 15
223, 27,0, 15
223, 28,0, 15
223, 29,0, 15
223, 30,0, 15
223, 31,0, 15
223, 32,0, 15
223, 33,0, 15
223, 34,0, 15
223, 35,0, 15
223, 36,0, 15
223, 37,0, 15
223, 38,0, 15
223, 39,0, 15
223, 0,1, 15
223, 1,1, 15
223, 2,1, 15
223, 3,1, 15
223, 4,1, 15
223, 5,1, 15
223, 6,1, 15
223, 7,1, 15
223, 8,1, 15
223, 9,1, 15
223, 10,1, 15
223, 11,1, 15
223, 12,1, 15
223, 13,1, 15
223, 14,1, 15
223, 15,1, 15
223, 16,1, 15
223, 17,1, 15
223, 18,1, 15
223, 19,1, 15
223, 20,1, 15
223, 21,1, 15
223, 22,1, 15
223, 23,1, 15
223, 24,1, 15
223, 25,1, 15
223, 26,1, 15
223, 27,1, 15
223, 28,1, 15
223, 29,1, 15
223, 30,1, 15
223, 31,1, 15
223, 32,1, 15
223, 33,1, 15
223, 34,1, 15
223, 35,1, 15
223, 36,1, 15
223, 37,1, 15
223, 38,1, 15
223, 39,1, 15
223, 0,2, 15
223, 1,2, 15
223, 2,2, 15
223, 3,2, 15
223, 4,2, 15
223, 5,2, 15
223, 6,2, 15
223, 7,2, 15
223, 8,2, 15
223, 9,2, 15
223, 10,2, 15
223, 11,2, 15
223, 12,2, 15
223, 13,2, 15
223, 14,2, 15
223, 15,2, 15
223, 16,2, 15
223, 17,2, 15
223, 18,2, 15
223, 19,2, 15
223, 20,2, 15
223, 21,2, 15
223, 22,2, 15
223, 23,2, 15
223, 24,2, 15
223, 25,2, 15
223, 26,2, 15
223, 27,2, 15
223, 28,2, 15
223, 29,2, 15
223, 30,2, 15
223, 31,2, 15
223, 32,2, 15
223, 33,2, 15
223, 34,2, 15
223, 35,2, 15
223, 36,2, 15
223, 37,2, 15
223, 38,2, 15
223, 39,2, 15
223, 0,3, 15
223, 1,3, 15
223, 2,3, 15
223, 3,3, 15
223, 4,3, 15
223, 5,3, 15
223, 6,3, 15
223, 7,3, 15
223, 8,3, 15
223, 9,3, 15
223, 10,3, 15
223, 11,3, 15
223, 12,3, 15
223, 13,3, 15
223, 14,3, 15
223, 15,3, 15
223, 16,3, 15
223, 17,3, 15
223, 18,3, 15
223, 19,3, 15
223, 20,3, 15
223, 21,3, 15
223, 22,3, 15
223, 23,3, 15
223, 24,3, 15
223, 25,3, 15
223, 26,3, 15
223, 27,3, 15
223, 28,3, 15
223, 29,3, 15
223, 30,3, 15
223, 31,3, 15
223, 32,3, 15
223, 33,3, 15
223, 34,3, 15
223, 35,3, 15
223, 36,3, 15
223, 37,3, 15
223, 38,3, 15
223, 39,3, 15
223, 0,4, 15
223, 1,4, 15
223, 2,4, 15
223, 3,4, 15
223, 4,4, 15
223, 5,4, 15
223, 6,4, 15
223, 7,4, 15
223, 8,4, 15
223, 9,4, 15
223, 10,4, 15
223, 11,4, 15
223, 12,4, 15
223, 13,4, 15
223, 14,4, 15
223, 15,4, 15
223, 16,4, 15
223, 17,4, 15
223, 18,4, 15
223, 19,4, 15
223, 20,4, 15
223, 21,4, 15
223, 22,4, 15
223, 23,4, 15
223, 24,4, 15
223, 25,4, 15
223, 26,4, 15
223, 27,4, 15
223, 28,4, 15
223, 29,4, 15
223, 30,4, 15
223, 31,4, 15
223, 32,4, 15
223, 33,4, 15
223, 34,4, 15
223, 35,4, 15
223, 36,4, 15
223, 37,4, 15
223, 38,4, 15
223, 39,4, 15
224, 0,0, 15
224, 1,0, 15
224, 2,0, 15
224, 3,0, 15
224, 4,0, 15
224, 5,0, 15
224, 6,0, 15
224, 7,0, 15
224, 8,0, 15
224, 9,0, 15
224, 10,0, 15
224, 11,0, 15
224, 12,0, 15
224, 13,0, 15
224, 14,0, 15
224, 15,0, 15
224, 16,0, 15
224, 17,0, 15
224, 18,0, 15
224, 19,0, 15
224, 20,0, 15
224, 21,0, 15
224, 22,0, 15
224, 23,0, 15
224, 24,0, 15
224, 25,0, 15
224, 26,0, 15
224, 27,0, 15
224, 28,0, 15
224, 29,0, 15
224, 30,0, 15
224, 31,0, 15
224, 32,0, 15
224, 33,0, 15
224, 34,0, 15
224, 35,0, 15
224, 36,0, 15
224, 37,0, 15
224, 38,0, 15
224, 39,0, 15
224, 0,1, 15
224, 1,1, 15
224, 2,1, 15
224, 3,1, 15
224, 4,1, 15
224, 5,1, 15
224, 6,1, 15
224, 7,1, 15
224, 8,1, 15
224, 9,1, 15
224, 10,1, 15
224, 11,1, 15
224, 12,1, 15
224, 13,1, 15
224, 14,1, 15
224, 15,1, 15
224, 16,1, 15
224, 17,1, 15
224, 18,1, 15
224, 19,1, 15
224, 20,1, 15
224, 21,1, 15
224, 22,1, 15
224, 23,1, 15
224, 24,1, 15
224, 25,1, 15
224, 26,1, 15
224, 27,1, 15
224, 28,1, 15
224, 29,1, 15
224, 30,1, 15
224, 31,1, 15
224, 32,1, 15
224, 33,1, 15
224, 34,1, 15
224, 35,1, 15
224, 36,1, 15
224, 37,1, 15
224, 38,1, 15
224, 39,1, 15
224, 0,2, 15
224, 1,2, 15
224, 2,2, 15
224, 3,2, 15
224, 4,2, 15
224, 5,2, 15
224, 6,2, 15
224, 7,2, 15
224, 8,2, 15
224, 9,2, 15
224, 10,2, 15
224, 11,2, 15
224, 12,2, 15
224, 13,2, 15
224, 14,2, 15
224, 15,2, 15
224, 16,2, 15
224, 17,2, 15
224, 18,2, 15
224, 19,2, 15
224, 20,2, 15
224, 21,2, 15
224, 22,2, 15
224, 23,2, 15
224, 24,2, 15
224, 25,2, 15
224, 26,2, 15
224, 27,2, 15
224, 28,2, 15
224, 29,2, 15
224, 30,2, 15
224, 31,2, 15
224, 32,2, 15
224, 33,2, 15
224, 34,2, 15
224, 35,2, 15
224, 36,2, 15
224, 37,2, 15
224, 38,2, 15
224, 39,2, 15
224, 0,3, 15
224, 1,3, 15
224, 2,3, 15
224, 3,3, 15
224, 4,3, 15
224, 5,3, 15
224, 6,3, 15
224, 7,3, 15
224, 8,3, 15
224, 9,3, 15
224, 10,3, 15
224, 11,3, 15
224, 12,3, 15
224, 13,3, 15
224, 14,3, 15
224, 15,3, 15
224, 16,3, 15
224, 17,3, 15
224, 18,3, 15
224, 19,3, 15
224, 20,3, 15
224, 21,3, 15
224, 22,3, 15
224, 23,3, 15
224, 24,3, 15
224, 25,3, 15
224, 26,3, 15
224, 27,3, 15
224, 28,3, 15
224, 29,3, 15
224, 30,3, 15
224, 31,3, 15
224, 32,3, 15
224, 33,3, 15
224, 34,3, 15
224, 35,3, 15
224, 36,3, 15
224, 37,3, 15
224, 38,3, 15
224, 39,3, 15
224, 0,4, 15
224, 1,4, 15
224, 2,4, 15
224, 3,4, 15
224, 4,4, 15
224, 5,4, 15
224, 6,4, 15
224, 7,4, 15
224, 8,4, 15
224, 9,4, 15
224, 10,4, 15
224, 11,4, 15
224, 12,4, 15
224, 13,4, 15
224, 14,4, 15
224, 15,4, 15
224, 16,4, 15
224, 17,4, 15
224, 18,4, 15
224, 19,4, 15
224, 20,4, 15
224, 21,4, 15
224, 22,4, 15
224, 23,4, 15
224, 24,4, 15
224, 25,4, 15
224, 26,4, 15
224, 27,4, 15
224, 28,4, 15
224, 29,4, 15
224, 30,4, 15
224, 31,4, 15
224, 32,4, 15
224, 33,4, 15
224, 34,4, 15
224, 35,4, 15
224, 36,4, 15
224, 37,4, 15
224, 38,4, 15
224, 39,4, 15
225, 0,0, 15
225, 1,0, 15
225, 2,0, 15
225, 3,0, 15
225, 4,0, 15
225, 5,0, 15
225, 6,0, 15
225, 7,0, 15
225, 8,0, 15
225, 9,0, 15
225, 10,0, 15
225, 11,0, 15
225, 12,0, 15
225, 13,0, 15
225, 14,0, 15
225, 15,0, 15
225, 16,0, 15
225, 17,0, 15
225, 18,0, 15
225, 19,0, 15
225, 20,0, 15
225, 21,0, 15
225, 22,0, 15
225, 23,0, 15
225, 24,0, 15
225, 25,0, 15
225, 26,0, 15
225, 27,0, 15
225, 28,0, 15
225, 29,0, 15
225, 30,0, 15
225, 31,0, 15
225, 32,0, 15
225, 33,0, 15
225, 34,0, 15
225, 35,0, 15
225, 36,0, 15
225, 37,0, 15
225, 38,0, 15
225, 39,0, 15
225, 0,1, 15
225, 1,1, 15
225, 2,1, 15
225, 3,1, 15
225, 4,1, 15
225, 5,1, 15
225, 6,1, 15
225, 7,1, 15
225, 8,1, 15
225, 9,1, 15
225, 10,1, 15
225, 11,1, 15
225, 12,1, 15
225, 13,1, 15
225, 14,1, 15
225, 15,1, 15
225, 16,1, 15
225, 17,1, 15
225, 18,1, 15
225, 19,1, 15
225, 20,1, 15
225, 21,1, 15
225, 22,1, 15
225, 23,1, 15
225, 24,1, 15
225, 25,1, 15
225, 26,1, 15
225, 27,1, 15
225, 28,1, 15
225, 29,1, 15
225, 30,1, 15
225, 31,1, 15
225, 32,1, 15
225, 33,1, 15
225, 34,1, 15
225, 35,1, 15
225, 36,1, 15
225, 37,1, 15
225, 38,1, 15
225, 39,1, 15
225, 0,2, 15
225, 1,2, 15
225, 2,2, 15
225, 3,2, 15
225, 4,2, 15
225, 5,2, 15
225, 6,2, 15
225, 7,2, 15
225, 8,2, 15
225, 9,2, 15
225, 10,2, 15
225, 11,2, 15
225, 12,2, 15
225, 13,2, 15
225, 14,2, 15
225, 15,2, 15
225, 16,2, 15
225, 17,2, 15
225, 18,2, 15
225, 19,2, 15
225, 20,2, 15
225, 21,2, 15
225, 22,2, 15
225, 23,2, 15
225, 24,2, 15
225, 25,2, 15
225, 26,2, 15
225, 27,2, 15
225, 28,2, 15
225, 29,2, 15
225, 30,2, 15
225, 31,2, 15
225, 32,2, 15
225, 33,2, 15
225, 34,2, 15
225, 35,2, 15
225, 36,2, 15
225, 37,2, 15
225, 38,2, 15
225, 39,2, 15
225, 0,3, 15
225, 1,3, 15
225, 2,3, 15
225, 3,3, 15
225, 4,3, 15
225, 5,3, 15
225, 6,3, 15
225, 7,3, 15
225, 8,3, 15
225, 9,3, 15
225, 10,3, 15
225, 11,3, 15
225, 12,3, 15
225, 13,3, 15
225, 14,3, 15
225, 15,3, 15
225, 16,3, 15
225, 17,3, 15
225, 18,3, 15
225, 19,3, 15
225, 20,3, 15
225, 21,3, 15
225, 22,3, 15
225, 23,3, 15
225, 24,3, 15
225, 25,3, 15
225, 26,3, 15
225, 27,3, 15
225, 28,3, 15
225, 29,3, 15
225, 30,3, 15
225, 31,3, 15
225, 32,3, 15
225, 33,3, 15
225, 34,3, 15
225, 35,3, 15
225, 36,3, 15
225, 37,3, 15
225, 38,3, 15
225, 39,3, 15
225, 0,4, 15
225, 1,4, 15
225, 2,4, 15
225, 3,4, 15
225, 4,4, 15
225, 5,4, 15
225, 6,4, 15
225, 7,4, 15
225, 8,4, 15
225, 9,4, 15
225, 10,4, 15
225, 11,4, 15
225, 12,4, 15
225, 13,4, 15
225, 14,4, 15
225, 15,4, 15
225, 16,4, 15
225, 17,4, 15
225, 18,4, 15
225, 19,4, 15
225, 20,4, 15
225, 21,4, 15
225, 22,4, 15
225, 23,4, 15
225, 24,4, 15
225, 25,4, 15
225, 26,4, 15
225, 27,4, 15
225, 28,4, 15
225, 29,4, 15
225, 30,4, 15
225, 31,4, 15
225, 32,4, 15
225, 33,4, 15
225, 34,4, 15
225, 35,4, 15
225, 36,4, 15
225, 37,4, 15
225, 38,4, 15
225, 39,4, 15
226, 0,0, 15
226, 1,0, 15
226, 2,0, 15
226, 3,0, 15
226, 4,0, 15
226, 5,0, 15
226, 6,0, 15
226, 7,0, 15
226, 8,0, 15
226, 9,0, 15
226, 10,0, 15
226, 11,0, 15
226, 12,0, 15
226, 13,0, 15
226, 14,0, 15
226, 15,0, 15
226, 16,0, 15
226, 17,0, 15
226, 18,0, 15
226, 19,0, 15
226, 20,0, 15
226, 21,0, 15
226, 22,0, 15
226, 23,0, 15
226, 24,0, 15
226, 25,0, 15
226, 26,0, 15
226, 27,0, 15
226, 28,0, 15
226, 29,0, 15
226, 30,0, 15
226, 31,0, 15
226, 32,0, 15
226, 33,0, 15
226, 34,0, 15
226, 35,0, 15
226, 36,0, 15
226, 37,0, 15
226, 38,0, 15
226, 39,0, 15
226, 0,1, 15
226, 1,1, 15
226, 2,1, 15
226, 3,1, 15
226, 4,1, 15
226, 5,1, 15
226, 6,1, 15
226, 7,1, 15
226, 8,1, 15
226, 9,1, 15
226, 10,1, 15
226, 11,1, 15
226, 12,1, 15
226, 13,1, 15
226, 14,1, 15
226, 15,1, 15
226, 16,1, 15
226, 17,1, 15
226, 18,1, 15
226, 19,1, 15
226, 20,1, 15
226, 21,1, 15
226, 22,1, 15
226, 23,1, 15
226, 24,1, 15
226, 25,1, 15
226, 26,1, 15
226, 27,1, 15
226, 28,1, 15
226, 29,1, 15
226, 30,1, 15
226, 31,1, 15
226, 32,1, 15
226, 33,1, 15
226, 34,1, 15
226, 35,1, 15
226, 36,1, 15
226, 37,1, 15
226, 38,1, 15
226, 39,1, 15
226, 0,2, 15
226, 1,2, 15
226, 2,2, 15
226, 3,2, 15
226, 4,2, 15
226, 5,2, 15
226, 6,2, 15
226, 7,2, 15
226, 8,2, 15
226, 9,2, 15
226, 10,2, 15
226, 11,2, 15
226, 12,2, 15
226, 13,2, 15
226, 14,2, 15
226, 15,2, 15
226, 16,2, 15
226, 17,2, 15
226, 18,2, 15
226, 19,2, 15
226, 20,2, 15
226, 21,2, 15
226, 22,2, 15
226, 23,2, 15
226, 24,2, 15
226, 25,2, 15
226, 26,2, 15
226, 27,2, 15
226, 28,2, 15
226, 29,2, 15
226, 30,2, 15
226, 31,2, 15
226, 32,2, 15
226, 33,2, 15
226, 34,2, 15
226, 35,2, 15
226, 36,2, 15
226, 37,2, 15
226, 38,2, 15
226, 39,2, 15
226, 0,3, 15
226, 1,3, 15
226, 2,3, 15
226, 3,3, 15
226, 4,3, 15
226, 5,3, 15
226, 6,3, 15
226, 7,3, 15
226, 8,3, 15
226, 9,3, 15
226, 10,3, 15
226, 11,3, 15
226, 12,3, 15
226, 13,3, 15
226, 14,3, 15
226, 15,3, 15
226, 16,3, 15
226, 17,3, 15
226, 18,3, 15
226, 19,3, 15
226, 20,3, 15
226, 21,3, 15
226, 22,3, 15
226, 23,3, 15
226, 24,3, 15
226, 25,3, 15
226, 26,3, 15
226, 27,3, 15
226, 28,3, 15
226, 29,3, 15
226, 30,3, 15
226, 31,3, 15
226, 32,3, 15
226, 33,3, 15
226, 34,3, 15
226, 35,3, 15
226, 36,3, 15
226, 37,3, 15
226, 38,3, 15
226, 39,3, 15
226, 0,4, 15
226, 1,4, 15
226, 2,4, 15
226, 3,4, 15
226, 4,4, 15
226, 5,4, 15
226, 6,4, 15
226, 7,4, 15
226, 8,4, 15
226, 9,4, 15
226, 10,4, 15
226, 11,4, 15
226, 12,4, 15
226, 13,4, 15
226, 14,4, 15
226, 15,4, 15
226, 16,4, 15
226, 17,4, 15
226, 18,4, 15
226, 19,4, 15
226, 20,4, 15
226, 21,4, 15
226, 22,4, 15
226, 23,4, 15
226, 24,4, 15
226, 25,4, 15
226, 26,4, 15
226, 27,4, 15
226, 28,4, 15
226, 29,4, 15
226, 30,4, 15
226, 31,4, 15
226, 32,4, 15
226, 33,4, 15
226, 34,4, 15
226, 35,4, 15
226, 36,4, 15
226, 37,4, 15
226, 38,4, 15
226, 39,4, 15
227, 0,0, 15
227, 1,0, 15
227, 2,0, 15
227, 3,0, 15
227, 4,0, 15
227, 5,0, 15
227, 6,0, 15
227, 7,0, 15
227, 8,0, 15
227, 9,0, 15
227, 10,0, 15
227, 11,0, 15
227, 12,0, 15
227, 13,0, 15
227, 14,0, 15
227, 15,0, 15
227, 16,0, 15
227, 17,0, 15
227, 18,0, 15
227, 19,0, 15
227, 20,0, 15
227, 21,0, 15
227, 22,0, 15
227, 23,0, 15
227, 24,0, 15
227, 25,0, 15
227, 26,0, 15
227, 27,0, 15
227, 28,0, 15
227, 29,0, 15
227, 30,0, 15
227, 31,0, 15
227, 32,0, 15
227, 33,0, 15
227, 34,0, 15
227, 35,0, 15
227, 36,0, 15
227, 37,0, 15
227, 38,0, 15
227, 39,0, 15
227, 0,1, 15
227, 1,1, 15
227, 2,1, 15
227, 3,1, 15
227, 4,1, 15
227, 5,1, 15
227, 6,1, 15
227, 7,1, 15
227, 8,1, 15
227, 9,1, 15
227, 10,1, 15
227, 11,1, 15
227, 12,1, 15
227, 13,1, 15
227, 14,1, 15
227, 15,1, 15
227, 16,1, 15
227, 17,1, 15
227, 18,1, 15
227, 19,1, 15
227, 20,1, 15
227, 21,1, 15
227, 22,1, 15
227, 23,1, 15
227, 24,1, 15
227, 25,1, 15
227, 26,1, 15
227, 27,1, 15
227, 28,1, 15
227, 29,1, 15
227, 30,1, 15
227, 31,1, 15
227, 32,1, 15
227, 33,1, 15
227, 34,1, 15
227, 35,1, 15
227, 36,1, 15
227, 37,1, 15
227, 38,1, 15
227, 39,1, 15
227, 0,2, 15
227, 1,2, 15
227, 2,2, 15
227, 3,2, 15
227, 4,2, 15
227, 5,2, 15
227, 6,2, 15
227, 7,2, 15
227, 8,2, 15
227, 9,2, 15
227, 10,2, 15
227, 11,2, 15
227, 12,2, 15
227, 13,2, 15
227, 14,2, 15
227, 15,2, 15
227, 16,2, 15
227, 17,2, 15
227, 18,2, 15
227, 19,2, 15
227, 20,2, 15
227, 21,2, 15
227, 22,2, 15
227, 23,2, 15
227, 24,2, 15
227, 25,2, 15
227, 26,2, 15
227, 27,2, 15
227, 28,2, 15
227, 29,2, 15
227, 30,2, 15
227, 31,2, 15
227, 32,2, 15
227, 33,2, 15
227, 34,2, 15
227, 35,2, 15
227, 36,2, 15
227, 37,2, 15
227, 38,2, 15
227, 39,2, 15
227, 0,3, 15
227, 1,3, 15
227, 2,3, 15
227, 3,3, 15
227, 4,3, 15
227, 5,3, 15
227, 6,3, 15
227, 7,3, 15
227, 8,3, 15
227, 9,3, 15
227, 10,3, 15
227, 11,3, 15
227, 12,3, 15
227, 13,3, 15
227, 14,3, 15
227, 15,3, 15
227, 16,3, 15
227, 17,3, 15
227, 18,3, 15
227, 19,3, 15
227, 20,3, 15
227, 21,3, 15
227, 22,3, 15
227, 23,3, 15
227, 24,3, 15
227, 25,3, 15
227, 26,3, 15
227, 27,3, 15
227, 28,3, 15
227, 29,3, 15
227, 30,3, 15
227, 31,3, 15
227, 32,3, 15
227, 33,3, 15
227, 34,3, 15
227, 35,3, 15
227, 36,3, 15
227, 37,3, 15
227, 38,3, 15
227, 39,3, 15
227, 0,4, 15
227, 1,4, 15
227, 2,4, 15
227, 3,4, 15
227, 4,4, 15
227, 5,4, 15
227, 6,4, 15
227, 7,4, 15
227, 8,4, 15
227, 9,4, 15
227, 10,4, 15
227, 11,4, 15
227, 12,4, 15
227, 13,4, 15
227, 14,4, 15
227, 15,4, 15
227, 16,4, 15
227, 17,4, 15
227, 18,4, 15
227, 19,4, 15
227, 20,4, 15
227, 21,4, 15
227, 22,4, 15
227, 23,4, 15
227, 24,4, 15
227, 25,4, 15
227, 26,4, 15
227, 27,4, 15
227, 28,4, 15
227, 29,4, 15
227, 30,4, 15
227, 31,4, 15
227, 32,4, 15
227, 33,4, 15
227, 34,4, 15
227, 35,4, 15
227, 36,4, 15
227, 37,4, 15
227, 38,4, 15
227, 39,4, 15
228, 0,0, 15
228, 1,0, 15
228, 2,0, 15
228, 3,0, 15
228, 4,0, 15
228, 5,0, 15
228, 6,0, 15
228, 7,0, 15
228, 8,0, 15
228, 9,0, 15
228, 10,0, 15
228, 11,0, 15
228, 12,0, 15
228, 13,0, 15
228, 14,0, 15
228, 15,0, 15
228, 16,0, 15
228, 17,0, 15
228, 18,0, 15
228, 19,0, 15
228, 20,0, 15
228, 21,0, 15
228, 22,0, 15
228, 23,0, 15
228, 24,0, 15
228, 25,0, 15
228, 26,0, 15
228, 27,0, 15
228, 28,0, 15
228, 29,0, 15
228, 30,0, 15
228, 31,0, 15
228, 32,0, 15
228, 33,0, 15
228, 34,0, 15
228, 35,0, 15
228, 36,0, 15
228, 37,0, 15
228, 38,0, 15
228, 39,0, 15
228, 0,1, 15
228, 1,1, 15
228, 2,1, 15
228, 3,1, 15
228, 4,1, 15
228, 5,1, 15
228, 6,1, 15
228, 7,1, 15
228, 8,1, 15
228, 9,1, 15
228, 10,1, 15
228, 11,1, 15
228, 12,1, 15
228, 13,1, 15
228, 14,1, 15
228, 15,1, 15
228, 16,1, 15
228, 17,1, 15
228, 18,1, 15
228, 19,1, 15
228, 20,1, 15
228, 21,1, 15
228, 22,1, 15
228, 23,1, 15
228, 24,1, 15
228, 25,1, 15
228, 26,1, 15
228, 27,1, 15
228, 28,1, 15
228, 29,1, 15
228, 30,1, 15
228, 31,1, 15
228, 32,1, 15
228, 33,1, 15
228, 34,1, 15
228, 35,1, 15
228, 36,1, 15
228, 37,1, 15
228, 38,1, 15
228, 39,1, 15
228, 0,2, 15
228, 1,2, 15
228, 2,2, 15
228, 3,2, 15
228, 4,2, 15
228, 5,2, 15
228, 6,2, 15
228, 7,2, 15
228, 8,2, 15
228, 9,2, 15
228, 10,2, 15
228, 11,2, 15
228, 12,2, 15
228, 13,2, 15
228, 14,2, 15
228, 15,2, 15
228, 16,2, 15
228, 17,2, 15
228, 18,2, 15
228, 19,2, 15
228, 20,2, 15
228, 21,2, 15
228, 22,2, 15
228, 23,2, 15
228, 24,2, 15
228, 25,2, 15
228, 26,2, 15
228, 27,2, 15
228, 28,2, 15
228, 29,2, 15
228, 30,2, 15
228, 31,2, 15
228, 32,2, 15
228, 33,2, 15
228, 34,2, 15
228, 35,2, 15
228, 36,2, 15
228, 37,2, 15
228, 38,2, 15
228, 39,2, 15
228, 0,3, 15
228, 1,3, 15
228, 2,3, 15
228, 3,3, 15
228, 4,3, 15
228, 5,3, 15
228, 6,3, 15
228, 7,3, 15
228, 8,3, 15
228, 9,3, 15
228, 10,3, 15
228, 11,3, 15
228, 12,3, 15
228, 13,3, 15
228, 14,3, 15
228, 15,3, 15
228, 16,3, 15
228, 17,3, 15
228, 18,3, 15
228, 19,3, 15
228, 20,3, 15
228, 21,3, 15
228, 22,3, 15
228, 23,3, 15
228, 24,3, 15
228, 25,3, 15
228, 26,3, 15
228, 27,3, 15
228, 28,3, 15
228, 29,3, 15
228, 30,3, 15
228, 31,3, 15
228, 32,3, 15
228, 33,3, 15
228, 34,3, 15
228, 35,3, 15
228, 36,3, 15
228, 37,3, 15
228, 38,3, 15
228, 39,3, 15
228, 0,4, 15
228, 1,4, 15
228, 2,4, 15
228, 3,4, 15
228, 4,4, 15
228, 5,4, 15
228, 6,4, 15
228, 7,4, 15
228, 8,4, 15
228, 9,4, 15
228, 10,4, 15
228, 11,4, 15
228, 12,4, 15
228, 13,4, 15
228, 14,4, 15
228, 15,4, 15
228, 16,4, 15
228, 17,4, 15
228, 18,4, 15
228, 19,4, 15
228, 20,4, 15
228, 21,4, 15
228, 22,4, 15
228, 23,4, 15
228, 24,4, 15
228, 25,4, 15
228, 26,4, 15
228, 27,4, 15
228, 28,4, 15
228, 29,4, 15
228, 30,4, 15
228, 31,4, 15
228, 32,4, 15
228, 33,4, 15
228, 34,4, 15
228, 35,4, 15
228, 36,4, 15
228, 37,4, 15
228, 38,4, 15
228, 39,4, 15
229, 0,0, 15
229, 1,0, 15
229, 2,0, 15
229, 3,0, 15
229, 4,0, 15
229, 5,0, 15
229, 6,0, 15
229, 7,0, 15
229, 8,0, 15
229, 9,0, 15
229, 10,0, 15
229, 11,0, 15
229, 12,0, 15
229, 13,0, 15
229, 14,0, 15
229, 15,0, 15
229, 16,0, 15
229, 17,0, 15
229, 18,0, 15
229, 19,0, 15
229, 20,0, 15
229, 21,0, 15
229, 22,0, 15
229, 23,0, 15
229, 24,0, 15
229, 25,0, 15
229, 26,0, 15
229, 27,0, 15
229, 28,0, 15
229, 29,0, 15
229, 30,0, 15
229, 31,0, 15
229, 32,0, 15
229, 33,0, 15
229, 34,0, 15
229, 35,0, 15
229, 36,0, 15
229, 37,0, 15
229, 38,0, 15
229, 39,0, 15
229, 0,1, 15
229, 1,1, 15
229, 2,1, 15
229, 3,1, 15
229, 4,1, 15
229, 5,1, 15
229, 6,1, 15
229, 7,1, 15
229, 8,1, 15
229, 9,1, 15
229, 10,1, 15
229, 11,1, 15
229, 12,1, 15
229, 13,1, 15
229, 14,1, 15
229, 15,1, 15
229, 16,1, 15
229, 17,1, 15
229, 18,1, 15
229, 19,1, 15
229, 20,1, 15
229, 21,1, 15
229, 22,1, 15
229, 23,1, 15
229, 24,1, 15
229, 25,1, 15
229, 26,1, 15
229, 27,1, 15
229, 28,1, 15
229, 29,1, 15
229, 30,1, 15
229, 31,1, 15
229, 32,1, 15
229, 33,1, 15
229, 34,1, 15
229, 35,1, 15
229, 36,1, 15
229, 37,1, 15
229, 38,1, 15
229, 39,1, 15
229, 0,2, 15
229, 1,2, 15
229, 2,2, 15
229, 3,2, 15
229, 4,2, 15
229, 5,2, 15
229, 6,2, 15
229, 7,2, 15
229, 8,2, 15
229, 9,2, 15
229, 10,2, 15
229, 11,2, 15
229, 12,2, 15
229, 13,2, 15
229, 14,2, 15
229, 15,2, 15
229, 16,2, 15
229, 17,2, 15
229, 18,2, 15
229, 19,2, 15
229, 20,2, 15
229, 21,2, 15
229, 22,2, 15
229, 23,2, 15
229, 24,2, 15
229, 25,2, 15
229, 26,2, 15
229, 27,2, 15
229, 28,2, 15
229, 29,2, 15
229, 30,2, 15
229, 31,2, 15
229, 32,2, 15
229, 33,2, 15
229, 34,2, 15
229, 35,2, 15
229, 36,2, 15
229, 37,2, 15
229, 38,2, 15
229, 39,2, 15
229, 0,3, 15
229, 1,3, 15
229, 2,3, 15
229, 3,3, 15
229, 4,3, 15
229, 5,3, 15
229, 6,3, 15
229, 7,3, 15
229, 8,3, 15
229, 9,3, 15
229, 10,3, 15
229, 11,3, 15
229, 12,3, 15
229, 13,3, 15
229, 14,3, 15
229, 15,3, 15
229, 16,3, 15
229, 17,3, 15
229, 18,3, 15
229, 19,3, 15
229, 20,3, 15
229, 21,3, 15
229, 22,3, 15
229, 23,3, 15
229, 24,3, 15
229, 25,3, 15
229, 26,3, 15
229, 27,3, 15
229, 28,3, 15
229, 29,3, 15
229, 30,3, 15
229, 31,3, 15
229, 32,3, 15
229, 33,3, 15
229, 34,3, 15
229, 35,3, 15
229, 36,3, 15
229, 37,3, 15
229, 38,3, 15
229, 39,3, 15
229, 0,4, 15
229, 1,4, 15
229, 2,4, 15
229, 3,4, 15
229, 4,4, 15
229, 5,4, 15
229, 6,4, 15
229, 7,4, 15
229, 8,4, 15
229, 9,4, 15
229, 10,4, 15
229, 11,4, 15
229, 12,4, 15
229, 13,4, 15
229, 14,4, 15
229, 15,4, 15
229, 16,4, 15
229, 17,4, 15
229, 18,4, 15
229, 19,4, 15
229, 20,4, 15
229, 21,4, 15
229, 22,4, 15
229, 23,4, 15
229, 24,4, 15
229, 25,4, 15
229, 26,4, 15
229, 27,4, 15
229, 28,4, 15
229, 29,4, 15
229, 30,4, 15
229, 31,4, 15
229, 32,4, 15
229, 33,4, 15
229, 34,4, 15
229, 35,4, 15
229, 36,4, 15
229, 37,4, 15
229, 38,4, 15
229, 39,4, 15
230, 0,0, 15
230, 1,0, 15
230, 2,0, 15
230, 3,0, 15
230, 4,0, 15
230, 5,0, 15
230, 6,0, 15
230, 7,0, 15
230, 8,0, 15
230, 9,0, 15
230, 10,0, 15
230, 11,0, 15
230, 12,0, 15
230, 13,0, 15
230, 14,0, 15
230, 15,0, 15
230, 16,0, 15
230, 17,0, 15
230, 18,0, 15
230, 19,0, 15
230, 20,0, 15
230, 21,0, 15
230, 22,0, 15
230, 23,0, 15
230, 24,0, 15
230, 25,0, 15
230, 26,0, 15
230, 27,0, 15
230, 28,0, 15
230, 29,0, 15
230, 30,0, 15
230, 31,0, 15
230, 32,0, 15
230, 33,0, 15
230, 34,0, 15
230, 35,0, 15
230, 36,0, 15
230, 37,0, 15
230, 38,0, 15
230, 39,0, 15
230, 0,1, 15
230, 1,1, 15
230, 2,1, 15
230, 3,1, 15
230, 4,1, 15
230, 5,1, 15
230, 6,1, 15
230, 7,1, 15
230, 8,1, 15
230, 9,1, 15
230, 10,1, 15
230, 11,1, 15
230, 12,1, 15
230, 13,1, 15
230, 14,1, 15
230, 15,1, 15
230, 16,1, 15
230, 17,1, 15
230, 18,1, 15
230, 19,1, 15
230, 20,1, 15
230, 21,1, 15
230, 22,1, 15
230, 23,1, 15
230, 24,1, 15
230, 25,1, 15
230, 26,1, 15
230, 27,1, 15
230, 28,1, 15
230, 29,1, 15
230, 30,1, 15
230, 31,1, 15
230, 32,1, 15
230, 33,1, 15
230, 34,1, 15
230, 35,1, 15
230, 36,1, 15
230, 37,1, 15
230, 38,1, 15
230, 39,1, 15
230, 0,2, 15
230, 1,2, 15
230, 2,2, 15
230, 3,2, 15
230, 4,2, 15
230, 5,2, 15
230, 6,2, 15
230, 7,2, 15
230, 8,2, 15
230, 9,2, 15
230, 10,2, 15
230, 11,2, 15
230, 12,2, 15
230, 13,2, 15
230, 14,2, 15
230, 15,2, 15
230, 16,2, 15
230, 17,2, 15
230, 18,2, 15
230, 19,2, 15
230, 20,2, 15
230, 21,2, 15
230, 22,2, 15
230, 23,2, 15
230, 24,2, 15
230, 25,2, 15
230, 26,2, 15
230, 27,2, 15
230, 28,2, 15
230, 29,2, 15
230, 30,2, 15
230, 31,2, 15
230, 32,2, 15
230, 33,2, 15
230, 34,2, 15
230, 35,2, 15
230, 36,2, 15
230, 37,2, 15
230, 38,2, 15
230, 39,2, 15
230, 0,3, 15
230, 1,3, 15
230, 2,3, 15
230, 3,3, 15
230, 4,3, 15
230, 5,3, 15
230, 6,3, 15
230, 7,3, 15
230, 8,3, 15
230, 9,3, 15
230, 10,3, 15
230, 11,3, 15
230, 12,3, 15
230, 13,3, 15
230, 14,3, 15
230, 15,3, 15
230, 16,3, 15
230, 17,3, 15
230, 18,3, 15
230, 19,3, 15
230, 20,3, 15
230, 21,3, 15
230, 22,3, 15
230, 23,3, 15
230, 24,3, 15
230, 25,3, 15
230, 26,3, 15
230, 27,3, 15
230, 28,3, 15
230, 29,3, 15
230, 30,3, 15
230, 31,3, 15
230, 32,3, 15
230, 33,3, 15
230, 34,3, 15
230, 35,3, 15
230, 36,3, 15
230, 37,3, 15
230, 38,3, 15
230, 39,3, 15
230, 0,4, 15
230, 1,4, 15
230, 2,4, 15
230, 3,4, 15
230, 4,4, 15
230, 5,4, 15
230, 6,4, 15
230, 7,4, 15
230, 8,4, 15
230, 9,4, 15
230, 10,4, 15
230, 11,4, 15
230, 12,4, 15
230, 13,4, 15
230, 14,4, 15
230, 15,4, 15
230, 16,4, 15
230, 17,4, 15
230, 18,4, 15
230, 19,4, 15
230, 20,4, 15
230, 21,4, 15
230, 22,4, 15
230, 23,4, 15
230, 24,4, 15
230, 25,4, 15
230, 26,4, 15
230, 27,4, 15
230, 28,4, 15
230, 29,4, 15
230, 30,4, 15
230, 31,4, 15
230, 32,4, 15
230, 33,4, 15
230, 34,4, 15
230, 35,4, 15
230, 36,4, 15
230, 37,4, 15
230, 38,4, 15
230, 39,4, 15
231, 0,0, 15
231, 1,0, 15
231, 2,0, 15
231, 3,0, 15
231, 4,0, 15
231, 5,0, 15
231, 6,0, 15
231, 7,0, 15
231, 8,0, 15
231, 9,0, 15
231, 10,0, 15
231, 11,0, 15
231, 12,0, 15
231, 13,0, 15
231, 14,0, 15
231, 15,0, 15
231, 16,0, 15
231, 17,0, 15
231, 18,0, 15
231, 19,0, 15
231, 20,0, 15
231, 21,0, 15
231, 22,0, 15
231, 23,0, 15
231, 24,0, 15
231, 25,0, 15
231, 26,0, 15
231, 27,0, 15
231, 28,0, 15
231, 29,0, 15
231, 30,0, 15
231, 31,0, 15
231, 32,0, 15
231, 33,0, 15
231, 34,0, 15
231, 35,0, 15
231, 36,0, 15
231, 37,0, 15
231, 38,0, 15
231, 39,0, 15
231, 0,1, 15
231, 1,1, 15
231, 2,1, 15
231, 3,1, 15
231, 4,1, 15
231, 5,1, 15
231, 6,1, 15
231, 7,1, 15
231, 8,1, 15
231, 9,1, 15
231, 10,1, 15
231, 11,1, 15
231, 12,1, 15
231, 13,1, 15
231, 14,1, 15
231, 15,1, 15
231, 16,1, 15
231, 17,1, 15
231, 18,1, 15
231, 19,1, 15
231, 20,1, 15
231, 21,1, 15
231, 22,1, 15
231, 23,1, 15
231, 24,1, 15
231, 25,1, 15
231, 26,1, 15
231, 27,1, 15
231, 28,1, 15
231, 29,1, 15
231, 30,1, 15
231, 31,1, 15
231, 32,1, 15
231, 33,1, 15
231, 34,1, 15
231, 35,1, 15
231, 36,1, 15
231, 37,1, 15
231, 38,1, 15
231, 39,1, 15
231, 0,2, 15
231, 1,2, 15
231, 2,2, 15
231, 3,2, 15
231, 4,2, 15
231, 5,2, 15
231, 6,2, 15
231, 7,2, 15
231, 8,2, 15
231, 9,2, 15
231, 10,2, 15
231, 11,2, 15
231, 12,2, 15
231, 13,2, 15
231, 14,2, 15
231, 15,2, 15
231, 16,2, 15
231, 17,2, 15
231, 18,2, 15
231, 19,2, 15
231, 20,2, 15
231, 21,2, 15
231, 22,2, 15
231, 23,2, 15
231, 24,2, 15
231, 25,2, 15
231, 26,2, 15
231, 27,2, 15
231, 28,2, 15
231, 29,2, 15
231, 30,2, 15
231, 31,2, 15
231, 32,2, 15
231, 33,2, 15
231, 34,2, 15
231, 35,2, 15
231, 36,2, 15
231, 37,2, 15
231, 38,2, 15
231, 39,2, 15
231, 0,3, 15
231, 1,3, 15
231, 2,3, 15
231, 3,3, 15
231, 4,3, 15
231, 5,3, 15
231, 6,3, 15
231, 7,3, 15
231, 8,3, 15
231, 9,3, 15
231, 10,3, 15
231, 11,3, 15
231, 12,3, 15
231, 13,3, 15
231, 14,3, 15
231, 15,3, 15
231, 16,3, 15
231, 17,3, 15
231, 18,3, 15
231, 19,3, 15
231, 20,3, 15
231, 21,3, 15
231, 22,3, 15
231, 23,3, 15
231, 24,3, 15
231, 25,3, 15
231, 26,3, 15
231, 27,3, 15
231, 28,3, 15
231, 29,3, 15
231, 30,3, 15
231, 31,3, 15
231, 32,3, 15
231, 33,3, 15
231, 34,3, 15
231, 35,3, 15
231, 36,3, 15
231, 37,3, 15
231, 38,3, 15
231, 39,3, 15
231, 0,4, 15
231, 1,4, 15
231, 2,4, 15
231, 3,4, 15
231, 4,4, 15
231, 5,4, 15
231, 6,4, 15
231, 7,4, 15
231, 8,4, 15
231, 9,4, 15
231, 10,4, 15
231, 11,4, 15
231, 12,4, 15
231, 13,4, 15
231, 14,4, 15
231, 15,4, 15
231, 16,4, 15
231, 17,4, 15
231, 18,4, 15
231, 19,4, 15
231, 20,4, 15
231, 21,4, 15
231, 22,4, 15
231, 23,4, 15
231, 24,4, 15
231, 25,4, 15
231, 26,4, 15
231, 27,4, 15
231, 28,4, 15
231, 29,4, 15
231, 30,4, 15
231, 31,4, 15
231, 32,4, 15
231, 33,4, 15
231, 34,4, 15
231, 35,4, 15
231, 36,4, 15
231, 37,4, 15
231, 38,4, 15
231, 39,4, 15
232, 0,0, 15
232, 1,0, 15
232, 2,0, 15
232, 3,0, 15
232, 4,0, 15
232, 5,0, 15
232, 6,0, 15
232, 7,0, 15
232, 8,0, 15
232, 9,0, 15
232, 10,0, 15
232, 11,0, 15
232, 12,0, 15
232, 13,0, 15
232, 14,0, 15
232, 15,0, 15
232, 16,0, 15
232, 17,0, 15
232, 18,0, 15
232, 19,0, 15
232, 20,0, 15
232, 21,0, 15
232, 22,0, 15
232, 23,0, 15
232, 24,0, 15
232, 25,0, 15
232, 26,0, 15
232, 27,0, 15
232, 28,0, 15
232, 29,0, 15
232, 30,0, 15
232, 31,0, 15
232, 32,0, 15
232, 33,0, 15
232, 34,0, 15
232, 35,0, 15
232, 36,0, 15
232, 37,0, 15
232, 38,0, 15
232, 39,0, 15
232, 0,1, 15
232, 1,1, 15
232, 2,1, 15
232, 3,1, 15
232, 4,1, 15
232, 5,1, 15
232, 6,1, 15
232, 7,1, 15
232, 8,1, 15
232, 9,1, 15
232, 10,1, 15
232, 11,1, 15
232, 12,1, 15
232, 13,1, 15
232, 14,1, 15
232, 15,1, 15
232, 16,1, 15
232, 17,1, 15
232, 18,1, 15
232, 19,1, 15
232, 20,1, 15
232, 21,1, 15
232, 22,1, 15
232, 23,1, 15
232, 24,1, 15
232, 25,1, 15
232, 26,1, 15
232, 27,1, 15
232, 28,1, 15
232, 29,1, 15
232, 30,1, 15
232, 31,1, 15
232, 32,1, 15
232, 33,1, 15
232, 34,1, 15
232, 35,1, 15
232, 36,1, 15
232, 37,1, 15
232, 38,1, 15
232, 39,1, 15
232, 0,2, 15
232, 1,2, 15
232, 2,2, 15
232, 3,2, 15
232, 4,2, 15
232, 5,2, 15
232, 6,2, 15
232, 7,2, 15
232, 8,2, 15
232, 9,2, 15
232, 10,2, 15
232, 11,2, 15
232, 12,2, 15
232, 13,2, 15
232, 14,2, 15
232, 15,2, 15
232, 16,2, 15
232, 17,2, 15
232, 18,2, 15
232, 19,2, 15
232, 20,2, 15
232, 21,2, 15
232, 22,2, 15
232, 23,2, 15
232, 24,2, 15
232, 25,2, 15
232, 26,2, 15
232, 27,2, 15
232, 28,2, 15
232, 29,2, 15
232, 30,2, 15
232, 31,2, 15
232, 32,2, 15
232, 33,2, 15
232, 34,2, 15
232, 35,2, 15
232, 36,2, 15
232, 37,2, 15
232, 38,2, 15
232, 39,2, 15
232, 0,3, 15
232, 1,3, 15
232, 2,3, 15
232, 3,3, 15
232, 4,3, 15
232, 5,3, 15
232, 6,3, 15
232, 7,3, 15
232, 8,3, 15
232, 9,3, 15
232, 10,3, 15
232, 11,3, 15
232, 12,3, 15
232, 13,3, 15
232, 14,3, 15
232, 15,3, 15
232, 16,3, 15
232, 17,3, 15
232, 18,3, 15
232, 19,3, 15
232, 20,3, 15
232, 21,3, 15
232, 22,3, 15
232, 23,3, 15
232, 24,3, 15
232, 25,3, 15
232, 26,3, 15
232, 27,3, 15
232, 28,3, 15
232, 29,3, 15
232, 30,3, 15
232, 31,3, 15
232, 32,3, 15
232, 33,3, 15
232, 34,3, 15
232, 35,3, 15
232, 36,3, 15
232, 37,3, 15
232, 38,3, 15
232, 39,3, 15
232, 0,4, 15
232, 1,4, 15
232, 2,4, 15
232, 3,4, 15
232, 4,4, 15
232, 5,4, 15
232, 6,4, 15
232, 7,4, 15
232, 8,4, 15
232, 9,4, 15
232, 10,4, 15
232, 11,4, 15
232, 12,4, 15
232, 13,4, 15
232, 14,4, 15
232, 15,4, 15
232, 16,4, 15
232, 17,4, 15
232, 18,4, 15
232, 19,4, 15
232, 20,4, 15
232, 21,4, 15
232, 22,4, 15
232, 23,4, 15
232, 24,4, 15
232, 25,4, 15
232, 26,4, 15
232, 27,4, 15
232, 28,4, 15
232, 29,4, 15
232, 30,4, 15
232, 31,4, 15
232, 32,4, 15
232, 33,4, 15
232, 34,4, 15
232, 35,4, 15
232, 36,4, 15
232, 37,4, 15
232, 38,4, 15
232, 39,4, 15
233, 0,0, 15
233, 1,0, 15
233, 2,0, 15
233, 3,0, 15
233, 4,0, 15
233, 5,0, 15
233, 6,0, 15
233, 7,0, 15
233, 8,0, 15
233, 9,0, 15
233, 10,0, 15
233, 11,0, 15
233, 12,0, 15
233, 13,0, 15
233, 14,0, 15
233, 15,0, 15
233, 16,0, 15
233, 17,0, 15
233, 18,0, 15
233, 19,0, 15
233, 20,0, 15
233, 21,0, 15
233, 22,0, 15
233, 23,0, 15
233, 24,0, 15
233, 25,0, 15
233, 26,0, 15
233, 27,0, 15
233, 28,0, 15
233, 29,0, 15
233, 30,0, 15
233, 31,0, 15
233, 32,0, 15
233, 33,0, 15
233, 34,0, 15
233, 35,0, 15
233, 36,0, 15
233, 37,0, 15
233, 38,0, 15
233, 39,0, 15
233, 0,1, 15
233, 1,1, 15
233, 2,1, 15
233, 3,1, 15
233, 4,1, 15
233, 5,1, 15
233, 6,1, 15
233, 7,1, 15
233, 8,1, 15
233, 9,1, 15
233, 10,1, 15
233, 11,1, 15
233, 12,1, 15
233, 13,1, 15
233, 14,1, 15
233, 15,1, 15
233, 16,1, 15
233, 17,1, 15
233, 18,1, 15
233, 19,1, 15
233, 20,1, 15
233, 21,1, 15
233, 22,1, 15
233, 23,1, 15
233, 24,1, 15
233, 25,1, 15
233, 26,1, 15
233, 27,1, 15
233, 28,1, 15
233, 29,1, 15
233, 30,1, 15
233, 31,1, 15
233, 32,1, 15
233, 33,1, 15
233, 34,1, 15
233, 35,1, 15
233, 36,1, 15
233, 37,1, 15
233, 38,1, 15
233, 39,1, 15
233, 0,2, 15
233, 1,2, 15
233, 2,2, 15
233, 3,2, 15
233, 4,2, 15
233, 5,2, 15
233, 6,2, 15
233, 7,2, 15
233, 8,2, 15
233, 9,2, 15
233, 10,2, 15
233, 11,2, 15
233, 12,2, 15
233, 13,2, 15
233, 14,2, 15
233, 15,2, 15
233, 16,2, 15
233, 17,2, 15
233, 18,2, 15
233, 19,2, 15
233, 20,2, 15
233, 21,2, 15
233, 22,2, 15
233, 23,2, 15
233, 24,2, 15
233, 25,2, 15
233, 26,2, 15
233, 27,2, 15
233, 28,2, 15
233, 29,2, 15
233, 30,2, 15
233, 31,2, 15
233, 32,2, 15
233, 33,2, 15
233, 34,2, 15
233, 35,2, 15
233, 36,2, 15
233, 37,2, 15
233, 38,2, 15
233, 39,2, 15
233, 0,3, 15
233, 1,3, 15
233, 2,3, 15
233, 3,3, 15
233, 4,3, 15
233, 5,3, 15
233, 6,3, 15
233, 7,3, 15
233, 8,3, 15
233, 9,3, 15
233, 10,3, 15
233, 11,3, 15
233, 12,3, 15
233, 13,3, 15
233, 14,3, 15
233, 15,3, 15
233, 16,3, 15
233, 17,3, 15
233, 18,3, 15
233, 19,3, 15
233, 20,3, 15
233, 21,3, 15
233, 22,3, 15
233, 23,3, 15
233, 24,3, 15
233, 25,3, 15
233, 26,3, 15
233, 27,3, 15
233, 28,3, 15
233, 29,3, 15
233, 30,3, 15
233, 31,3, 15
233, 32,3, 15
233, 33,3, 15
233, 34,3, 15
233, 35,3, 15
233, 36,3, 15
233, 37,3, 15
233, 38,3, 15
233, 39,3, 15
233, 0,4, 15
233, 1,4, 15
233, 2,4, 15
233, 3,4, 15
233, 4,4, 15
233, 5,4, 15
233, 6,4, 15
233, 7,4, 15
233, 8,4, 15
233, 9,4, 15
233, 10,4, 15
233, 11,4, 15
233, 12,4, 15
233, 13,4, 15
233, 14,4, 15
233, 15,4, 15
233, 16,4, 15
233, 17,4, 15
233, 18,4, 15
233, 19,4, 15
233, 20,4, 15
233, 21,4, 15
233, 22,4, 15
233, 23,4, 15
233, 24,4, 15
233, 25,4, 15
233, 26,4, 15
233, 27,4, 15
233, 28,4, 15
233, 29,4, 15
233, 30,4, 15
233, 31,4, 15
233, 32,4, 15
233, 33,4, 15
233, 34,4, 15
233, 35,4, 15
233, 36,4, 15
233, 37,4, 15
233, 38,4, 15
233, 39,4, 15
234, 0,0, 15
234, 1,0, 15
234, 2,0, 15
234, 3,0, 15
234, 4,0, 15
234, 5,0, 15
234, 6,0, 15
234, 7,0, 15
234, 8,0, 15
234, 9,0, 15
234, 10,0, 15
234, 11,0, 15
234, 12,0, 15
234, 13,0, 15
234, 14,0, 15
234, 15,0, 15
234, 16,0, 15
234, 17,0, 15
234, 18,0, 15
234, 19,0, 15
234, 20,0, 15
234, 21,0, 15
234, 22,0, 15
234, 23,0, 15
234, 24,0, 15
234, 25,0, 15
234, 26,0, 15
234, 27,0, 15
234, 28,0, 15
234, 29,0, 15
234, 30,0, 15
234, 31,0, 15
234, 32,0, 15
234, 33,0, 15
234, 34,0, 15
234, 35,0, 15
234, 36,0, 15
234, 37,0, 15
234, 38,0, 15
234, 39,0, 15
234, 0,1, 15
234, 1,1, 15
234, 2,1, 15
234, 3,1, 15
234, 4,1, 15
234, 5,1, 15
234, 6,1, 15
234, 7,1, 15
234, 8,1, 15
234, 9,1, 15
234, 10,1, 15
234, 11,1, 15
234, 12,1, 15
234, 13,1, 15
234, 14,1, 15
234, 15,1, 15
234, 16,1, 15
234, 17,1, 15
234, 18,1, 15
234, 19,1, 15
234, 20,1, 15
234, 21,1, 15
234, 22,1, 15
234, 23,1, 15
234, 24,1, 15
234, 25,1, 15
234, 26,1, 15
234, 27,1, 15
234, 28,1, 15
234, 29,1, 15
234, 30,1, 15
234, 31,1, 15
234, 32,1, 15
234, 33,1, 15
234, 34,1, 15
234, 35,1, 15
234, 36,1, 15
234, 37,1, 15
234, 38,1, 15
234, 39,1, 15
234, 0,2, 15
234, 1,2, 15
234, 2,2, 15
234, 3,2, 15
234, 4,2, 15
234, 5,2, 15
234, 6,2, 15
234, 7,2, 15
234, 8,2, 15
234, 9,2, 15
234, 10,2, 15
234, 11,2, 15
234, 12,2, 15
234, 13,2, 15
234, 14,2, 15
234, 15,2, 15
234, 16,2, 15
234, 17,2, 15
234, 18,2, 15
234, 19,2, 15
234, 20,2, 15
234, 21,2, 15
234, 22,2, 15
234, 23,2, 15
234, 24,2, 15
234, 25,2, 15
234, 26,2, 15
234, 27,2, 15
234, 28,2, 15
234, 29,2, 15
234, 30,2, 15
234, 31,2, 15
234, 32,2, 15
234, 33,2, 15
234, 34,2, 15
234, 35,2, 15
234, 36,2, 15
234, 37,2, 15
234, 38,2, 15
234, 39,2, 15
234, 0,3, 15
234, 1,3, 15
234, 2,3, 15
234, 3,3, 15
234, 4,3, 15
234, 5,3, 15
234, 6,3, 15
234, 7,3, 15
234, 8,3, 15
234, 9,3, 15
234, 10,3, 15
234, 11,3, 15
234, 12,3, 15
234, 13,3, 15
234, 14,3, 15
234, 15,3, 15
234, 16,3, 15
234, 17,3, 15
234, 18,3, 15
234, 19,3, 15
234, 20,3, 15
234, 21,3, 15
234, 22,3, 15
234, 23,3, 15
234, 24,3, 15
234, 25,3, 15
234, 26,3, 15
234, 27,3, 15
234, 28,3, 15
234, 29,3, 15
234, 30,3, 15
234, 31,3, 15
234, 32,3, 15
234, 33,3, 15
234, 34,3, 15
234, 35,3, 15
234, 36,3, 15
234, 37,3, 15
234, 38,3, 15
234, 39,3, 15
234, 0,4, 15
234, 1,4, 15
234, 2,4, 15
234, 3,4, 15
234, 4,4, 15
234, 5,4, 15
234, 6,4, 15
234, 7,4, 15
234, 8,4, 15
234, 9,4, 15
234, 10,4, 15
234, 11,4, 15
234, 12,4, 15
234, 13,4, 15
234, 14,4, 15
234, 15,4, 15
234, 16,4, 15
234, 17,4, 15
234, 18,4, 15
234, 19,4, 15
234, 20,4, 15
234, 21,4, 15
234, 22,4, 15
234, 23,4, 15
234, 24,4, 15
234, 25,4, 15
234, 26,4, 15
234, 27,4, 15
234, 28,4, 15
234, 29,4, 15
234, 30,4, 15
234, 31,4, 15
234, 32,4, 15
234, 33,4, 15
234, 34,4, 15
234, 35,4, 15
234, 36,4, 15
234, 37,4, 15
234, 38,4, 15
234, 39,4, 15
235, 0,0, 15
235, 1,0, 15
235, 2,0, 15
235, 3,0, 15
235, 4,0, 15
235, 5,0, 15
235, 6,0, 15
235, 7,0, 15
235, 8,0, 15
235, 9,0, 15
235, 10,0, 15
235, 11,0, 15
235, 12,0, 15
235, 13,0, 15
235, 14,0, 15
235, 15,0, 15
235, 16,0, 15
235, 17,0, 15
235, 18,0, 15
235, 19,0, 15
235, 20,0, 15
235, 21,0, 15
235, 22,0, 15
235, 23,0, 15
235, 24,0, 15
235, 25,0, 15
235, 26,0, 15
235, 27,0, 15
235, 28,0, 15
235, 29,0, 15
235, 30,0, 15
235, 31,0, 15
235, 32,0, 15
235, 33,0, 15
235, 34,0, 15
235, 35,0, 15
235, 36,0, 15
235, 37,0, 15
235, 38,0, 15
235, 39,0, 15
235, 0,1, 15
235, 1,1, 15
235, 2,1, 15
235, 3,1, 15
235, 4,1, 15
235, 5,1, 15
235, 6,1, 15
235, 7,1, 15
235, 8,1, 15
235, 9,1, 15
235, 10,1, 15
235, 11,1, 15
235, 12,1, 15
235, 13,1, 15
235, 14,1, 15
235, 15,1, 15
235, 16,1, 15
235, 17,1, 15
235, 18,1, 15
235, 19,1, 15
235, 20,1, 15
235, 21,1, 15
235, 22,1, 15
235, 23,1, 15
235, 24,1, 15
235, 25,1, 15
235, 26,1, 15
235, 27,1, 15
235, 28,1, 15
235, 29,1, 15
235, 30,1, 15
235, 31,1, 15
235, 32,1, 15
235, 33,1, 15
235, 34,1, 15
235, 35,1, 15
235, 36,1, 15
235, 37,1, 15
235, 38,1, 15
235, 39,1, 15
235, 0,2, 15
235, 1,2, 15
235, 2,2, 15
235, 3,2, 15
235, 4,2, 15
235, 5,2, 15
235, 6,2, 15
235, 7,2, 15
235, 8,2, 15
235, 9,2, 15
235, 10,2, 15
235, 11,2, 15
235, 12,2, 15
235, 13,2, 15
235, 14,2, 15
235, 15,2, 15
235, 16,2, 15
235, 17,2, 15
235, 18,2, 15
235, 19,2, 15
235, 20,2, 15
235, 21,2, 15
235, 22,2, 15
235, 23,2, 15
235, 24,2, 15
235, 25,2, 15
235, 26,2, 15
235, 27,2, 15
235, 28,2, 15
235, 29,2, 15
235, 30,2, 15
235, 31,2, 15
235, 32,2, 15
235, 33,2, 15
235, 34,2, 15
235, 35,2, 15
235, 36,2, 15
235, 37,2, 15
235, 38,2, 15
235, 39,2, 15
235, 0,3, 15
235, 1,3, 15
235, 2,3, 15
235, 3,3, 15
235, 4,3, 15
235, 5,3, 15
235, 6,3, 15
235, 7,3, 15
235, 8,3, 15
235, 9,3, 15
235, 10,3, 15
235, 11,3, 15
235, 12,3, 15
235, 13,3, 15
235, 14,3, 15
235, 15,3, 15
235, 16,3, 15
235, 17,3, 15
235, 18,3, 15
235, 19,3, 15
235, 20,3, 15
235, 21,3, 15
235, 22,3, 15
235, 23,3, 15
235, 24,3, 15
235, 25,3, 15
235, 26,3, 15
235, 27,3, 15
235, 28,3, 15
235, 29,3, 15
235, 30,3, 15
235, 31,3, 15
235, 32,3, 15
235, 33,3, 15
235, 34,3, 15
235, 35,3, 15
235, 36,3, 15
235, 37,3, 15
235, 38,3, 15
235, 39,3, 15
235, 0,4, 15
235, 1,4, 15
235, 2,4, 15
235, 3,4, 15
235, 4,4, 15
235, 5,4, 15
235, 6,4, 15
235, 7,4, 15
235, 8,4, 15
235, 9,4, 15
235, 10,4, 15
235, 11,4, 15
235, 12,4, 15
235, 13,4, 15
235, 14,4, 15
235, 15,4, 15
235, 16,4, 15
235, 17,4, 15
235, 18,4, 15
235, 19,4, 15
235, 20,4, 15
235, 21,4, 15
235, 22,4, 15
235, 23,4, 15
235, 24,4, 15
235, 25,4, 15
235, 26,4, 15
235, 27,4, 15
235, 28,4, 15
235, 29,4, 15
235, 30,4, 15
235, 31,4, 15
235, 32,4, 15
235, 33,4, 15
235, 34,4, 15
235, 35,4, 15
235, 36,4, 15
235, 37,4, 15
235, 38,4, 15
235, 39,4, 15
236, 0,0, 15
236, 1,0, 15
236, 2,0, 15
236, 3,0, 15
236, 4,0, 15
236, 5,0, 15
236, 6,0, 15
236, 7,0, 15
236, 8,0, 15
236, 9,0, 15
236, 10,0, 15
236, 11,0, 15
236, 12,0, 15
236, 13,0, 15
236, 14,0, 15
236, 15,0, 15
236, 16,0, 15
236, 17,0, 15
236, 18,0, 15
236, 19,0, 15
236, 20,0, 15
236, 21,0, 15
236, 22,0, 15
236, 23,0, 15
236, 24,0, 15
236, 25,0, 15
236, 26,0, 15
236, 27,0, 15
236, 28,0, 15
236, 29,0, 15
236, 30,0, 15
236, 31,0, 15
236, 32,0, 15
236, 33,0, 15
236, 34,0, 15
236, 35,0, 15
236, 36,0, 15
236, 37,0, 15
236, 38,0, 15
236, 39,0, 15
236, 0,1, 15
236, 1,1, 15
236, 2,1, 15
236, 3,1, 15
236, 4,1, 15
236, 5,1, 15
236, 6,1, 15
236, 7,1, 15
236, 8,1, 15
236, 9,1, 15
236, 10,1, 15
236, 11,1, 15
236, 12,1, 15
236, 13,1, 15
236, 14,1, 15
236, 15,1, 15
236, 16,1, 15
236, 17,1, 15
236, 18,1, 15
236, 19,1, 15
236, 20,1, 15
236, 21,1, 15
236, 22,1, 15
236, 23,1, 15
236, 24,1, 15
236, 25,1, 15
236, 26,1, 15
236, 27,1, 15
236, 28,1, 15
236, 29,1, 15
236, 30,1, 15
236, 31,1, 15
236, 32,1, 15
236, 33,1, 15
236, 34,1, 15
236, 35,1, 15
236, 36,1, 15
236, 37,1, 15
236, 38,1, 15
236, 39,1, 15
236, 0,2, 15
236, 1,2, 15
236, 2,2, 15
236, 3,2, 15
236, 4,2, 15
236, 5,2, 15
236, 6,2, 15
236, 7,2, 15
236, 8,2, 15
236, 9,2, 15
236, 10,2, 15
236, 11,2, 15
236, 12,2, 15
236, 13,2, 15
236, 14,2, 15
236, 15,2, 15
236, 16,2, 15
236, 17,2, 15
236, 18,2, 15
236, 19,2, 15
236, 20,2, 15
236, 21,2, 15
236, 22,2, 15
236, 23,2, 15
236, 24,2, 15
236, 25,2, 15
236, 26,2, 15
236, 27,2, 15
236, 28,2, 15
236, 29,2, 15
236, 30,2, 15
236, 31,2, 15
236, 32,2, 15
236, 33,2, 15
236, 34,2, 15
236, 35,2, 15
236, 36,2, 15
236, 37,2, 15
236, 38,2, 15
236, 39,2, 15
236, 0,3, 15
236, 1,3, 15
236, 2,3, 15
236, 3,3, 15
236, 4,3, 15
236, 5,3, 15
236, 6,3, 15
236, 7,3, 15
236, 8,3, 15
236, 9,3, 15
236, 10,3, 15
236, 11,3, 15
236, 12,3, 15
236, 13,3, 15
236, 14,3, 15
236, 15,3, 15
236, 16,3, 15
236, 17,3, 15
236, 18,3, 15
236, 19,3, 15
236, 20,3, 15
236, 21,3, 15
236, 22,3, 15
236, 23,3, 15
236, 24,3, 15
236, 25,3, 15
236, 26,3, 15
236, 27,3, 15
236, 28,3, 15
236, 29,3, 15
236, 30,3, 15
236, 31,3, 15
236, 32,3, 15
236, 33,3, 15
236, 34,3, 15
236, 35,3, 15
236, 36,3, 15
236, 37,3, 15
236, 38,3, 15
236, 39,3, 15
236, 0,4, 15
236, 1,4, 15
236, 2,4, 15
236, 3,4, 15
236, 4,4, 15
236, 5,4, 15
236, 6,4, 15
236, 7,4, 15
236, 8,4, 15
236, 9,4, 15
236, 10,4, 15
236, 11,4, 15
236, 12,4, 15
236, 13,4, 15
236, 14,4, 15
236, 15,4, 15
236, 16,4, 15
236, 17,4, 15
236, 18,4, 15
236, 19,4, 15
236, 20,4, 15
236, 21,4, 15
236, 22,4, 15
236, 23,4, 15
236, 24,4, 15
236, 25,4, 15
236, 26,4, 15
236, 27,4, 15
236, 28,4, 15
236, 29,4, 15
236, 30,4, 15
236, 31,4, 15
236, 32,4, 15
236, 33,4, 15
236, 34,4, 15
236, 35,4, 15
236, 36,4, 15
236, 37,4, 15
236, 38,4, 15
236, 39,4, 15
237, 0,0, 15
237, 1,0, 15
237, 2,0, 15
237, 3,0, 15
237, 4,0, 15
237, 5,0, 15
237, 6,0, 15
237, 7,0, 15
237, 8,0, 15
237, 9,0, 15
237, 10,0, 15
237, 11,0, 15
237, 12,0, 15
237, 13,0, 15
237, 14,0, 15
237, 15,0, 15
237, 16,0, 15
237, 17,0, 15
237, 18,0, 15
237, 19,0, 15
237, 20,0, 15
237, 21,0, 15
237, 22,0, 15
237, 23,0, 15
237, 24,0, 15
237, 25,0, 15
237, 26,0, 15
237, 27,0, 15
237, 28,0, 15
237, 29,0, 15
237, 30,0, 15
237, 31,0, 15
237, 32,0, 15
237, 33,0, 15
237, 34,0, 15
237, 35,0, 15
237, 36,0, 15
237, 37,0, 15
237, 38,0, 15
237, 39,0, 15
237, 0,1, 15
237, 1,1, 15
237, 2,1, 15
237, 3,1, 15
237, 4,1, 15
237, 5,1, 15
237, 6,1, 15
237, 7,1, 15
237, 8,1, 15
237, 9,1, 15
237, 10,1, 15
237, 11,1, 15
237, 12,1, 15
237, 13,1, 15
237, 14,1, 15
237, 15,1, 15
237, 16,1, 15
237, 17,1, 15
237, 18,1, 15
237, 19,1, 15
237, 20,1, 15
237, 21,1, 15
237, 22,1, 15
237, 23,1, 15
237, 24,1, 15
237, 25,1, 15
237, 26,1, 15
237, 27,1, 15
237, 28,1, 15
237, 29,1, 15
237, 30,1, 15
237, 31,1, 15
237, 32,1, 15
237, 33,1, 15
237, 34,1, 15
237, 35,1, 15
237, 36,1, 15
237, 37,1, 15
237, 38,1, 15
237, 39,1, 15
237, 0,2, 15
237, 1,2, 15
237, 2,2, 15
237, 3,2, 15
237, 4,2, 15
237, 5,2, 15
237, 6,2, 15
237, 7,2, 15
237, 8,2, 15
237, 9,2, 15
237, 10,2, 15
237, 11,2, 15
237, 12,2, 15
237, 13,2, 15
237, 14,2, 15
237, 15,2, 15
237, 16,2, 15
237, 17,2, 15
237, 18,2, 15
237, 19,2, 15
237, 20,2, 15
237, 21,2, 15
237, 22,2, 15
237, 23,2, 15
237, 24,2, 15
237, 25,2, 15
237, 26,2, 15
237, 27,2, 15
237, 28,2, 15
237, 29,2, 15
237, 30,2, 15
237, 31,2, 15
237, 32,2, 15
237, 33,2, 15
237, 34,2, 15
237, 35,2, 15
237, 36,2, 15
237, 37,2, 15
237, 38,2, 15
237, 39,2, 15
237, 0,3, 15
237, 1,3, 15
237, 2,3, 15
237, 3,3, 15
237, 4,3, 15
237, 5,3, 15
237, 6,3, 15
237, 7,3, 15
237, 8,3, 15
237, 9,3, 15
237, 10,3, 15
237, 11,3, 15
237, 12,3, 15
237, 13,3, 15
237, 14,3, 15
237, 15,3, 15
237, 16,3, 15
237, 17,3, 15
237, 18,3, 15
237, 19,3, 15
237, 20,3, 15
237, 21,3, 15
237, 22,3, 15
237, 23,3, 15
237, 24,3, 15
237, 25,3, 15
237, 26,3, 15
237, 27,3, 15
237, 28,3, 15
237, 29,3, 15
237, 30,3, 15
237, 31,3, 15
237, 32,3, 15
237, 33,3, 15
237, 34,3, 15
237, 35,3, 15
237, 36,3, 15
237, 37,3, 15
237, 38,3, 15
237, 39,3, 15
237, 0,4, 15
237, 1,4, 15
237, 2,4, 15
237, 3,4, 15
237, 4,4, 15
237, 5,4, 15
237, 6,4, 15
237, 7,4, 15
237, 8,4, 15
237, 9,4, 15
237, 10,4, 15
237, 11,4, 15
237, 12,4, 15
237, 13,4, 15
237, 14,4, 15
237, 15,4, 15
237, 16,4, 15
237, 17,4, 15
237, 18,4, 15
237, 19,4, 15
237, 20,4, 15
237, 21,4, 15
237, 22,4, 15
237, 23,4, 15
237, 24,4, 15
237, 25,4, 15
237, 26,4, 15
237, 27,4, 15
237, 28,4, 15
237, 29,4, 15
237, 30,4, 15
237, 31,4, 15
237, 32,4, 15
237, 33,4, 15
237, 34,4, 15
237, 35,4, 15
237, 36,4, 15
237, 37,4, 15
237, 38,4, 15
237, 39,4, 15
238, 0,0, 15
238, 1,0, 15
238, 2,0, 15
238, 3,0, 15
238, 4,0, 15
238, 5,0, 15
238, 6,0, 15
238, 7,0, 15
238, 8,0, 15
238, 9,0, 15
238, 10,0, 15
238, 11,0, 15
238, 12,0, 15
238, 13,0, 15
238, 14,0, 15
238, 15,0, 15
238, 16,0, 15
238, 17,0, 15
238, 18,0, 15
238, 19,0, 15
238, 20,0, 15
238, 21,0, 15
238, 22,0, 15
238, 23,0, 15
238, 24,0, 15
238, 25,0, 15
238, 26,0, 15
238, 27,0, 15
238, 28,0, 15
238, 29,0, 15
238, 30,0, 15
238, 31,0, 15
238, 32,0, 15
238, 33,0, 15
238, 34,0, 15
238, 35,0, 15
238, 36,0, 15
238, 37,0, 15
238, 38,0, 15
238, 39,0, 15
238, 0,1, 15
238, 1,1, 15
238, 2,1, 15
238, 3,1, 15
238, 4,1, 15
238, 5,1, 15
238, 6,1, 15
238, 7,1, 15
238, 8,1, 15
238, 9,1, 15
238, 10,1, 15
238, 11,1, 15
238, 12,1, 15
238, 13,1, 15
238, 14,1, 15
238, 15,1, 15
238, 16,1, 15
238, 17,1, 15
238, 18,1, 15
238, 19,1, 15
238, 20,1, 15
238, 21,1, 15
238, 22,1, 15
238, 23,1, 15
238, 24,1, 15
238, 25,1, 15
238, 26,1, 15
238, 27,1, 15
238, 28,1, 15
238, 29,1, 15
238, 30,1, 15
238, 31,1, 15
238, 32,1, 15
238, 33,1, 15
238, 34,1, 15
238, 35,1, 15
238, 36,1, 15
238, 37,1, 15
238, 38,1, 15
238, 39,1, 15
238, 0,2, 15
238, 1,2, 15
238, 2,2, 15
238, 3,2, 15
238, 4,2, 15
238, 5,2, 15
238, 6,2, 15
238, 7,2, 15
238, 8,2, 15
238, 9,2, 15
238, 10,2, 15
238, 11,2, 15
238, 12,2, 15
238, 13,2, 15
238, 14,2, 15
238, 15,2, 15
238, 16,2, 15
238, 17,2, 15
238, 18,2, 15
238, 19,2, 15
238, 20,2, 15
238, 21,2, 15
238, 22,2, 15
238, 23,2, 15
238, 24,2, 15
238, 25,2, 15
238, 26,2, 15
238, 27,2, 15
238, 28,2, 15
238, 29,2, 15
238, 30,2, 15
238, 31,2, 15
238, 32,2, 15
238, 33,2, 15
238, 34,2, 15
238, 35,2, 15
238, 36,2, 15
238, 37,2, 15
238, 38,2, 15
238, 39,2, 15
238, 0,3, 15
238, 1,3, 15
238, 2,3, 15
238, 3,3, 15
238, 4,3, 15
238, 5,3, 15
238, 6,3, 15
238, 7,3, 15
238, 8,3, 15
238, 9,3, 15
238, 10,3, 15
238, 11,3, 15
238, 12,3, 15
238, 13,3, 15
238, 14,3, 15
238, 15,3, 15
238, 16,3, 15
238, 17,3, 15
238, 18,3, 15
238, 19,3, 15
238, 20,3, 15
238, 21,3, 15
238, 22,3, 15
238, 23,3, 15
238, 24,3, 15
238, 25,3, 15
238, 26,3, 15
238, 27,3, 15
238, 28,3, 15
238, 29,3, 15
238, 30,3, 15
238, 31,3, 15
238, 32,3, 15
238, 33,3, 15
238, 34,3, 15
238, 35,3, 15
238, 36,3, 15
238, 37,3, 15
238, 38,3, 15
238, 39,3, 15
238, 0,4, 15
238, 1,4, 15
238, 2,4, 15
238, 3,4, 15
238, 4,4, 15
238, 5,4, 15
238, 6,4, 15
238, 7,4, 15
238, 8,4, 15
238, 9,4, 15
238, 10,4, 15
238, 11,4, 15
238, 12,4, 15
238, 13,4, 15
238, 14,4, 15
238, 15,4, 15
238, 16,4, 15
238, 17,4, 15
238, 18,4, 15
238, 19,4, 15
238, 20,4, 15
238, 21,4, 15
238, 22,4, 15
238, 23,4, 15
238, 24,4, 15
238, 25,4, 15
238, 26,4, 15
238, 27,4, 15
238, 28,4, 15
238, 29,4, 15
238, 30,4, 15
238, 31,4, 15
238, 32,4, 15
238, 33,4, 15
238, 34,4, 15
238, 35,4, 15
238, 36,4, 15
238, 37,4, 15
238, 38,4, 15
238, 39,4, 15
239, 0,0, 15
239, 1,0, 15
239, 2,0, 15
239, 3,0, 15
239, 4,0, 15
239, 5,0, 15
239, 6,0, 15
239, 7,0, 15
239, 8,0, 15
239, 9,0, 15
239, 10,0, 15
239, 11,0, 15
239, 12,0, 15
239, 13,0, 15
239, 14,0, 15
239, 15,0, 15
239, 16,0, 15
239, 17,0, 15
239, 18,0, 15
239, 19,0, 15
239, 20,0, 15
239, 21,0, 15
239, 22,0, 15
239, 23,0, 15
239, 24,0, 15
239, 25,0, 15
239, 26,0, 15
239, 27,0, 15
239, 28,0, 15
239, 29,0, 15
239, 30,0, 15
239, 31,0, 15
239, 32,0, 15
239, 33,0, 15
239, 34,0, 15
239, 35,0, 15
239, 36,0, 15
239, 37,0, 15
239, 38,0, 15
239, 39,0, 15
239, 0,1, 15
239, 1,1, 15
239, 2,1, 15
239, 3,1, 15
239, 4,1, 15
239, 5,1, 15
239, 6,1, 15
239, 7,1, 15
239, 8,1, 15
239, 9,1, 15
239, 10,1, 15
239, 11,1, 15
239, 12,1, 15
239, 13,1, 15
239, 14,1, 15
239, 15,1, 15
239, 16,1, 15
239, 17,1, 15
239, 18,1, 15
239, 19,1, 15
239, 20,1, 15
239, 21,1, 15
239, 22,1, 15
239, 23,1, 15
239, 24,1, 15
239, 25,1, 15
239, 26,1, 15
239, 27,1, 15
239, 28,1, 15
239, 29,1, 15
239, 30,1, 15
239, 31,1, 15
239, 32,1, 15
239, 33,1, 15
239, 34,1, 15
239, 35,1, 15
239, 36,1, 15
239, 37,1, 15
239, 38,1, 15
239, 39,1, 15
239, 0,2, 15
239, 1,2, 15
239, 2,2, 15
239, 3,2, 15
239, 4,2, 15
239, 5,2, 15
239, 6,2, 15
239, 7,2, 15
239, 8,2, 15
239, 9,2, 15
239, 10,2, 15
239, 11,2, 15
239, 12,2, 15
239, 13,2, 15
239, 14,2, 15
239, 15,2, 15
239, 16,2, 15
239, 17,2, 15
239, 18,2, 15
239, 19,2, 15
239, 20,2, 15
239, 21,2, 15
239, 22,2, 15
239, 23,2, 15
239, 24,2, 15
239, 25,2, 15
239, 26,2, 15
239, 27,2, 15
239, 28,2, 15
239, 29,2, 15
239, 30,2, 15
239, 31,2, 15
239, 32,2, 15
239, 33,2, 15
239, 34,2, 15
239, 35,2, 15
239, 36,2, 15
239, 37,2, 15
239, 38,2, 15
239, 39,2, 15
239, 0,3, 15
239, 1,3, 15
239, 2,3, 15
239, 3,3, 15
239, 4,3, 15
239, 5,3, 15
239, 6,3, 15
239, 7,3, 15
239, 8,3, 15
239, 9,3, 15
239, 10,3, 15
239, 11,3, 15
239, 12,3, 15
239, 13,3, 15
239, 14,3, 15
239, 15,3, 15
239, 16,3, 15
239, 17,3, 15
239, 18,3, 15
239, 19,3, 15
239, 20,3, 15
239, 21,3, 15
239, 22,3, 15
239, 23,3, 15
239, 24,3, 15
239, 25,3, 15
239, 26,3, 15
239, 27,3, 15
239, 28,3, 15
239, 29,3, 15
239, 30,3, 15
239, 31,3, 15
239, 32,3, 15
239, 33,3, 15
239, 34,3, 15
239, 35,3, 15
239, 36,3, 15
239, 37,3, 15
239, 38,3, 15
239, 39,3, 15
239, 0,4, 15
239, 1,4, 15
239, 2,4, 15
239, 3,4, 15
239, 4,4, 15
239, 5,4, 15
239, 6,4, 15
239, 7,4, 15
239, 8,4, 15
239, 9,4, 15
239, 10,4, 15
239, 11,4, 15
239, 12,4, 15
239, 13,4, 15
239, 14,4, 15
239, 15,4, 15
239, 16,4, 15
239, 17,4, 15
239, 18,4, 15
239, 19,4, 15
239, 20,4, 15
239, 21,4, 15
239, 22,4, 15
239, 23,4, 15
239, 24,4, 15
239, 25,4, 15
239, 26,4, 15
239, 27,4, 15
239, 28,4, 15
239, 29,4, 15
239, 30,4, 15
239, 31,4, 15
239, 32,4, 15
239, 33,4, 15
239, 34,4, 15
239, 35,4, 15
239, 36,4, 15
239, 37,4, 15
239, 38,4, 15
239, 39,4, 15
240, 0,0, 15
240, 1,0, 15
240, 2,0, 15
240, 3,0, 15
240, 4,0, 15
240, 5,0, 15
240, 6,0, 15
240, 7,0, 15
240, 8,0, 15
240, 9,0, 15
240, 10,0, 15
240, 11,0, 15
240, 12,0, 15
240, 13,0, 15
240, 14,0, 15
240, 15,0, 15
240, 16,0, 15
240, 17,0, 15
240, 18,0, 15
240, 19,0, 15
240, 20,0, 15
240, 21,0, 15
240, 22,0, 15
240, 23,0, 15
240, 24,0, 15
240, 25,0, 15
240, 26,0, 15
240, 27,0, 15
240, 28,0, 15
240, 29,0, 15
240, 30,0, 15
240, 31,0, 15
240, 32,0, 15
240, 33,0, 15
240, 34,0, 15
240, 35,0, 15
240, 36,0, 15
240, 37,0, 15
240, 38,0, 15
240, 39,0, 15
240, 0,1, 15
240, 1,1, 15
240, 2,1, 15
240, 3,1, 15
240, 4,1, 15
240, 5,1, 15
240, 6,1, 15
240, 7,1, 15
240, 8,1, 15
240, 9,1, 15
240, 10,1, 15
240, 11,1, 15
240, 12,1, 15
240, 13,1, 15
240, 14,1, 15
240, 15,1, 15
240, 16,1, 15
240, 17,1, 15
240, 18,1, 15
240, 19,1, 15
240, 20,1, 15
240, 21,1, 15
240, 22,1, 15
240, 23,1, 15
240, 24,1, 15
240, 25,1, 15
240, 26,1, 15
240, 27,1, 15
240, 28,1, 15
240, 29,1, 15
240, 30,1, 15
240, 31,1, 15
240, 32,1, 15
240, 33,1, 15
240, 34,1, 15
240, 35,1, 15
240, 36,1, 15
240, 37,1, 15
240, 38,1, 15
240, 39,1, 15
240, 0,2, 15
240, 1,2, 15
240, 2,2, 15
240, 3,2, 15
240, 4,2, 15
240, 5,2, 15
240, 6,2, 15
240, 7,2, 15
240, 8,2, 15
240, 9,2, 15
240, 10,2, 15
240, 11,2, 15
240, 12,2, 15
240, 13,2, 15
240, 14,2, 15
240, 15,2, 15
240, 16,2, 15
240, 17,2, 15
240, 18,2, 15
240, 19,2, 15
240, 20,2, 15
240, 21,2, 15
240, 22,2, 15
240, 23,2, 15
240, 24,2, 15
240, 25,2, 15
240, 26,2, 15
240, 27,2, 15
240, 28,2, 15
240, 29,2, 15
240, 30,2, 15
240, 31,2, 15
240, 32,2, 15
240, 33,2, 15
240, 34,2, 15
240, 35,2, 15
240, 36,2, 15
240, 37,2, 15
240, 38,2, 15
240, 39,2, 15
240, 0,3, 15
240, 1,3, 15
240, 2,3, 15
240, 3,3, 15
240, 4,3, 15
240, 5,3, 15
240, 6,3, 15
240, 7,3, 15
240, 8,3, 15
240, 9,3, 15
240, 10,3, 15
240, 11,3, 15
240, 12,3, 15
240, 13,3, 15
240, 14,3, 15
240, 15,3, 15
240, 16,3, 15
240, 17,3, 15
240, 18,3, 15
240, 19,3, 15
240, 20,3, 15
240, 21,3, 15
240, 22,3, 15
240, 23,3, 15
240, 24,3, 15
240, 25,3, 15
240, 26,3, 15
240, 27,3, 15
240, 28,3, 15
240, 29,3, 15
240, 30,3, 15
240, 31,3, 15
240, 32,3, 15
240, 33,3, 15
240, 34,3, 15
240, 35,3, 15
240, 36,3, 15
240, 37,3, 15
240, 38,3, 15
240, 39,3, 15
240, 0,4, 15
240, 1,4, 15
240, 2,4, 15
240, 3,4, 15
240, 4,4, 15
240, 5,4, 15
240, 6,4, 15
240, 7,4, 15
240, 8,4, 15
240, 9,4, 15
240, 10,4, 15
240, 11,4, 15
240, 12,4, 15
240, 13,4, 15
240, 14,4, 15
240, 15,4, 15
240, 16,4, 15
240, 17,4, 15
240, 18,4, 15
240, 19,4, 15
240, 20,4, 15
240, 21,4, 15
240, 22,4, 15
240, 23,4, 15
240, 24,4, 15
240, 25,4, 15
240, 26,4, 15
240, 27,4, 15
240, 28,4, 15
240, 29,4, 15
240, 30,4, 15
240, 31,4, 15
240, 32,4, 15
240, 33,4, 15
240, 34,4, 15
240, 35,4, 15
240, 36,4, 15
240, 37,4, 15
240, 38,4, 15
240, 39,4, 15
241, 0,0, 15
241, 1,0, 15
241, 2,0, 15
241, 3,0, 15
241, 4,0, 15
241, 5,0, 15
241, 6,0, 15
241, 7,0, 15
241, 8,0, 15
241, 9,0, 15
241, 10,0, 15
241, 11,0, 15
241, 12,0, 15
241, 13,0, 15
241, 14,0, 15
241, 15,0, 15
241, 16,0, 15
241, 17,0, 15
241, 18,0, 15
241, 19,0, 15
241, 20,0, 15
241, 21,0, 15
241, 22,0, 15
241, 23,0, 15
241, 24,0, 15
241, 25,0, 15
241, 26,0, 15
241, 27,0, 15
241, 28,0, 15
241, 29,0, 15
241, 30,0, 15
241, 31,0, 15
241, 32,0, 15
241, 33,0, 15
241, 34,0, 15
241, 35,0, 15
241, 36,0, 15
241, 37,0, 15
241, 38,0, 15
241, 39,0, 15
241, 0,1, 15
241, 1,1, 15
241, 2,1, 15
241, 3,1, 15
241, 4,1, 15
241, 5,1, 15
241, 6,1, 15
241, 7,1, 15
241, 8,1, 15
241, 9,1, 15
241, 10,1, 15
241, 11,1, 15
241, 12,1, 15
241, 13,1, 15
241, 14,1, 15
241, 15,1, 15
241, 16,1, 15
241, 17,1, 15
241, 18,1, 15
241, 19,1, 15
241, 20,1, 15
241, 21,1, 15
241, 22,1, 15
241, 23,1, 15
241, 24,1, 15
241, 25,1, 15
241, 26,1, 15
241, 27,1, 15
241, 28,1, 15
241, 29,1, 15
241, 30,1, 15
241, 31,1, 15
241, 32,1, 15
241, 33,1, 15
241, 34,1, 15
241, 35,1, 15
241, 36,1, 15
241, 37,1, 15
241, 38,1, 15
241, 39,1, 15
241, 0,2, 15
241, 1,2, 15
241, 2,2, 15
241, 3,2, 15
241, 4,2, 15
241, 5,2, 15
241, 6,2, 15
241, 7,2, 15
241, 8,2, 15
241, 9,2, 15
241, 10,2, 15
241, 11,2, 15
241, 12,2, 15
241, 13,2, 15
241, 14,2, 15
241, 15,2, 15
241, 16,2, 15
241, 17,2, 15
241, 18,2, 15
241, 19,2, 15
241, 20,2, 15
241, 21,2, 15
241, 22,2, 15
241, 23,2, 15
241, 24,2, 15
241, 25,2, 15
241, 26,2, 15
241, 27,2, 15
241, 28,2, 15
241, 29,2, 15
241, 30,2, 15
241, 31,2, 15
241, 32,2, 15
241, 33,2, 15
241, 34,2, 15
241, 35,2, 15
241, 36,2, 15
241, 37,2, 15
241, 38,2, 15
241, 39,2, 15
241, 0,3, 15
241, 1,3, 15
241, 2,3, 15
241, 3,3, 15
241, 4,3, 15
241, 5,3, 15
241, 6,3, 15
241, 7,3, 15
241, 8,3, 15
241, 9,3, 15
241, 10,3, 15
241, 11,3, 15
241, 12,3, 15
241, 13,3, 15
241, 14,3, 15
241, 15,3, 15
241, 16,3, 15
241, 17,3, 15
241, 18,3, 15
241, 19,3, 15
241, 20,3, 15
241, 21,3, 15
241, 22,3, 15
241, 23,3, 15
241, 24,3, 15
241, 25,3, 15
241, 26,3, 15
241, 27,3, 15
241, 28,3, 15
241, 29,3, 15
241, 30,3, 15
241, 31,3, 15
241, 32,3, 15
241, 33,3, 15
241, 34,3, 15
241, 35,3, 15
241, 36,3, 15
241, 37,3, 15
241, 38,3, 15
241, 39,3, 15
241, 0,4, 15
241, 1,4, 15
241, 2,4, 15
241, 3,4, 15
241, 4,4, 15
241, 5,4, 15
241, 6,4, 15
241, 7,4, 15
241, 8,4, 15
241, 9,4, 15
241, 10,4, 15
241, 11,4, 15
241, 12,4, 15
241, 13,4, 15
241, 14,4, 15
241, 15,4, 15
241, 16,4, 15
241, 17,4, 15
241, 18,4, 15
241, 19,4, 15
241, 20,4, 15
241, 21,4, 15
241, 22,4, 15
241, 23,4, 15
241, 24,4, 15
241, 25,4, 15
241, 26,4, 15
241, 27,4, 15
241, 28,4, 15
241, 29,4, 15
241, 30,4, 15
241, 31,4, 15
241, 32,4, 15
241, 33,4, 15
241, 34,4, 15
241, 35,4, 15
241, 36,4, 15
241, 37,4, 15
241, 38,4, 15
241, 39,4, 15
242, 0,0, 15
242, 1,0, 15
242, 2,0, 15
242, 3,0, 15
242, 4,0, 15
242, 5,0, 15
242, 6,0, 15
242, 7,0, 15
242, 8,0, 15
242, 9,0, 15
242, 10,0, 15
242, 11,0, 15
242, 12,0, 15
242, 13,0, 15
242, 14,0, 15
242, 15,0, 15
242, 16,0, 15
242, 17,0, 15
242, 18,0, 15
242, 19,0, 15
242, 20,0, 15
242, 21,0, 15
242, 22,0, 15
242, 23,0, 15
242, 24,0, 15
242, 25,0, 15
242, 26,0, 15
242, 27,0, 15
242, 28,0, 15
242, 29,0, 15
242, 30,0, 15
242, 31,0, 15
242, 32,0, 15
242, 33,0, 15
242, 34,0, 15
242, 35,0, 15
242, 36,0, 15
242, 37,0, 15
242, 38,0, 15
242, 39,0, 15
242, 0,1, 15
242, 1,1, 15
242, 2,1, 15
242, 3,1, 15
242, 4,1, 15
242, 5,1, 15
242, 6,1, 15
242, 7,1, 15
242, 8,1, 15
242, 9,1, 15
242, 10,1, 15
242, 11,1, 15
242, 12,1, 15
242, 13,1, 15
242, 14,1, 15
242, 15,1, 15
242, 16,1, 15
242, 17,1, 15
242, 18,1, 15
242, 19,1, 15
242, 20,1, 15
242, 21,1, 15
242, 22,1, 15
242, 23,1, 15
242, 24,1, 15
242, 25,1, 15
242, 26,1, 15
242, 27,1, 15
242, 28,1, 15
242, 29,1, 15
242, 30,1, 15
242, 31,1, 15
242, 32,1, 15
242, 33,1, 15
242, 34,1, 15
242, 35,1, 15
242, 36,1, 15
242, 37,1, 15
242, 38,1, 15
242, 39,1, 15
242, 0,2, 15
242, 1,2, 15
242, 2,2, 15
242, 3,2, 15
242, 4,2, 15
242, 5,2, 15
242, 6,2, 15
242, 7,2, 15
242, 8,2, 15
242, 9,2, 15
242, 10,2, 15
242, 11,2, 15
242, 12,2, 15
242, 13,2, 15
242, 14,2, 15
242, 15,2, 15
242, 16,2, 15
242, 17,2, 15
242, 18,2, 15
242, 19,2, 15
242, 20,2, 15
242, 21,2, 15
242, 22,2, 15
242, 23,2, 15
242, 24,2, 15
242, 25,2, 15
242, 26,2, 15
242, 27,2, 15
242, 28,2, 15
242, 29,2, 15
242, 30,2, 15
242, 31,2, 15
242, 32,2, 15
242, 33,2, 15
242, 34,2, 15
242, 35,2, 15
242, 36,2, 15
242, 37,2, 15
242, 38,2, 15
242, 39,2, 15
242, 0,3, 15
242, 1,3, 15
242, 2,3, 15
242, 3,3, 15
242, 4,3, 15
242, 5,3, 15
242, 6,3, 15
242, 7,3, 15
242, 8,3, 15
242, 9,3, 15
242, 10,3, 15
242, 11,3, 15
242, 12,3, 15
242, 13,3, 15
242, 14,3, 15
242, 15,3, 15
242, 16,3, 15
242, 17,3, 15
242, 18,3, 15
242, 19,3, 15
242, 20,3, 15
242, 21,3, 15
242, 22,3, 15
242, 23,3, 15
242, 24,3, 15
242, 25,3, 15
242, 26,3, 15
242, 27,3, 15
242, 28,3, 15
242, 29,3, 15
242, 30,3, 15
242, 31,3, 15
242, 32,3, 15
242, 33,3, 15
242, 34,3, 15
242, 35,3, 15
242, 36,3, 15
242, 37,3, 15
242, 38,3, 15
242, 39,3, 15
242, 0,4, 15
242, 1,4, 15
242, 2,4, 15
242, 3,4, 15
242, 4,4, 15
242, 5,4, 15
242, 6,4, 15
242, 7,4, 15
242, 8,4, 15
242, 9,4, 15
242, 10,4, 15
242, 11,4, 15
242, 12,4, 15
242, 13,4, 15
242, 14,4, 15
242, 15,4, 15
242, 16,4, 15
242, 17,4, 15
242, 18,4, 15
242, 19,4, 15
242, 20,4, 15
242, 21,4, 15
242, 22,4, 15
242, 23,4, 15
242, 24,4, 15
242, 25,4, 15
242, 26,4, 15
242, 27,4, 15
242, 28,4, 15
242, 29,4, 15
242, 30,4, 15
242, 31,4, 15
242, 32,4, 15
242, 33,4, 15
242, 34,4, 15
242, 35,4, 15
242, 36,4, 15
242, 37,4, 15
242, 38,4, 15
242, 39,4, 15
243, 0,0, 15
243, 1,0, 15
243, 2,0, 15
243, 3,0, 15
243, 4,0, 15
243, 5,0, 15
243, 6,0, 15
243, 7,0, 15
243, 8,0, 15
243, 9,0, 15
243, 10,0, 15
243, 11,0, 15
243, 12,0, 15
243, 13,0, 15
243, 14,0, 15
243, 15,0, 15
243, 16,0, 15
243, 17,0, 15
243, 18,0, 15
243, 19,0, 15
243, 20,0, 15
243, 21,0, 15
243, 22,0, 15
243, 23,0, 15
243, 24,0, 15
243, 25,0, 15
243, 26,0, 15
243, 27,0, 15
243, 28,0, 15
243, 29,0, 15
243, 30,0, 15
243, 31,0, 15
243, 32,0, 15
243, 33,0, 15
243, 34,0, 15
243, 35,0, 15
243, 36,0, 15
243, 37,0, 15
243, 38,0, 15
243, 39,0, 15
243, 0,1, 15
243, 1,1, 15
243, 2,1, 15
243, 3,1, 15
243, 4,1, 15
243, 5,1, 15
243, 6,1, 15
243, 7,1, 15
243, 8,1, 15
243, 9,1, 15
243, 10,1, 15
243, 11,1, 15
243, 12,1, 15
243, 13,1, 15
243, 14,1, 15
243, 15,1, 15
243, 16,1, 15
243, 17,1, 15
243, 18,1, 15
243, 19,1, 15
243, 20,1, 15
243, 21,1, 15
243, 22,1, 15
243, 23,1, 15
243, 24,1, 15
243, 25,1, 15
243, 26,1, 15
243, 27,1, 15
243, 28,1, 15
243, 29,1, 15
243, 30,1, 15
243, 31,1, 15
243, 32,1, 15
243, 33,1, 15
243, 34,1, 15
243, 35,1, 15
243, 36,1, 15
243, 37,1, 15
243, 38,1, 15
243, 39,1, 15
243, 0,2, 15
243, 1,2, 15
243, 2,2, 15
243, 3,2, 15
243, 4,2, 15
243, 5,2, 15
243, 6,2, 15
243, 7,2, 15
243, 8,2, 15
243, 9,2, 15
243, 10,2, 15
243, 11,2, 15
243, 12,2, 15
243, 13,2, 15
243, 14,2, 15
243, 15,2, 15
243, 16,2, 15
243, 17,2, 15
243, 18,2, 15
243, 19,2, 15
243, 20,2, 15
243, 21,2, 15
243, 22,2, 15
243, 23,2, 15
243, 24,2, 15
243, 25,2, 15
243, 26,2, 15
243, 27,2, 15
243, 28,2, 15
243, 29,2, 15
243, 30,2, 15
243, 31,2, 15
243, 32,2, 15
243, 33,2, 15
243, 34,2, 15
243, 35,2, 15
243, 36,2, 15
243, 37,2, 15
243, 38,2, 15
243, 39,2, 15
243, 0,3, 15
243, 1,3, 15
243, 2,3, 15
243, 3,3, 15
243, 4,3, 15
243, 5,3, 15
243, 6,3, 15
243, 7,3, 15
243, 8,3, 15
243, 9,3, 15
243, 10,3, 15
243, 11,3, 15
243, 12,3, 15
243, 13,3, 15
243, 14,3, 15
243, 15,3, 15
243, 16,3, 15
243, 17,3, 15
243, 18,3, 15
243, 19,3, 15
243, 20,3, 15
243, 21,3, 15
243, 22,3, 15
243, 23,3, 15
243, 24,3, 15
243, 25,3, 15
243, 26,3, 15
243, 27,3, 15
243, 28,3, 15
243, 29,3, 15
243, 30,3, 15
243, 31,3, 15
243, 32,3, 15
243, 33,3, 15
243, 34,3, 15
243, 35,3, 15
243, 36,3, 15
243, 37,3, 15
243, 38,3, 15
243, 39,3, 15
243, 0,4, 15
243, 1,4, 15
243, 2,4, 15
243, 3,4, 15
243, 4,4, 15
243, 5,4, 15
243, 6,4, 15
243, 7,4, 15
243, 8,4, 15
243, 9,4, 15
243, 10,4, 15
243, 11,4, 15
243, 12,4, 15
243, 13,4, 15
243, 14,4, 15
243, 15,4, 15
243, 16,4, 15
243, 17,4, 15
243, 18,4, 15
243, 19,4, 15
243, 20,4, 15
243, 21,4, 15
243, 22,4, 15
243, 23,4, 15
243, 24,4, 15
243, 25,4, 15
243, 26,4, 15
243, 27,4, 15
243, 28,4, 15
243, 29,4, 15
243, 30,4, 15
243, 31,4, 15
243, 32,4, 15
243, 33,4, 15
243, 34,4, 15
243, 35,4, 15
243, 36,4, 15
243, 37,4, 15
243, 38,4, 15
243, 39,4, 15
244, 0,0, 15
244, 1,0, 15
244, 2,0, 15
244, 3,0, 15
244, 4,0, 15
244, 5,0, 15
244, 6,0, 15
244, 7,0, 15
244, 8,0, 15
244, 9,0, 15
244, 10,0, 15
244, 11,0, 15
244, 12,0, 15
244, 13,0, 15
244, 14,0, 15
244, 15,0, 15
244, 16,0, 15
244, 17,0, 15
244, 18,0, 15
244, 19,0, 15
244, 20,0, 15
244, 21,0, 15
244, 22,0, 15
244, 23,0, 15
244, 24,0, 15
244, 25,0, 15
244, 26,0, 15
244, 27,0, 15
244, 28,0, 15
244, 29,0, 15
244, 30,0, 15
244, 31,0, 15
244, 32,0, 15
244, 33,0, 15
244, 34,0, 15
244, 35,0, 15
244, 36,0, 15
244, 37,0, 15
244, 38,0, 15
244, 39,0, 15
244, 0,1, 15
244, 1,1, 15
244, 2,1, 15
244, 3,1, 15
244, 4,1, 15
244, 5,1, 15
244, 6,1, 15
244, 7,1, 15
244, 8,1, 15
244, 9,1, 15
244, 10,1, 15
244, 11,1, 15
244, 12,1, 15
244, 13,1, 15
244, 14,1, 15
244, 15,1, 15
244, 16,1, 15
244, 17,1, 15
244, 18,1, 15
244, 19,1, 15
244, 20,1, 15
244, 21,1, 15
244, 22,1, 15
244, 23,1, 15
244, 24,1, 15
244, 25,1, 15
244, 26,1, 15
244, 27,1, 15
244, 28,1, 15
244, 29,1, 15
244, 30,1, 15
244, 31,1, 15
244, 32,1, 15
244, 33,1, 15
244, 34,1, 15
244, 35,1, 15
244, 36,1, 15
244, 37,1, 15
244, 38,1, 15
244, 39,1, 15
244, 0,2, 15
244, 1,2, 15
244, 2,2, 15
244, 3,2, 15
244, 4,2, 15
244, 5,2, 15
244, 6,2, 15
244, 7,2, 15
244, 8,2, 15
244, 9,2, 15
244, 10,2, 15
244, 11,2, 15
244, 12,2, 15
244, 13,2, 15
244, 14,2, 15
244, 15,2, 15
244, 16,2, 15
244, 17,2, 15
244, 18,2, 15
244, 19,2, 15
244, 20,2, 15
244, 21,2, 15
244, 22,2, 15
244, 23,2, 15
244, 24,2, 15
244, 25,2, 15
244, 26,2, 15
244, 27,2, 15
244, 28,2, 15
244, 29,2, 15
244, 30,2, 15
244, 31,2, 15
244, 32,2, 15
244, 33,2, 15
244, 34,2, 15
244, 35,2, 15
244, 36,2, 15
244, 37,2, 15
244, 38,2, 15
244, 39,2, 15
244, 0,3, 15
244, 1,3, 15
244, 2,3, 15
244, 3,3, 15
244, 4,3, 15
244, 5,3, 15
244, 6,3, 15
244, 7,3, 15
244, 8,3, 15
244, 9,3, 15
244, 10,3, 15
244, 11,3, 15
244, 12,3, 15
244, 13,3, 15
244, 14,3, 15
244, 15,3, 15
244, 16,3, 15
244, 17,3, 15
244, 18,3, 15
244, 19,3, 15
244, 20,3, 15
244, 21,3, 15
244, 22,3, 15
244, 23,3, 15
244, 24,3, 15
244, 25,3, 15
244, 26,3, 15
244, 27,3, 15
244, 28,3, 15
244, 29,3, 15
244, 30,3, 15
244, 31,3, 15
244, 32,3, 15
244, 33,3, 15
244, 34,3, 15
244, 35,3, 15
244, 36,3, 15
244, 37,3, 15
244, 38,3, 15
244, 39,3, 15
244, 0,4, 15
244, 1,4, 15
244, 2,4, 15
244, 3,4, 15
244, 4,4, 15
244, 5,4, 15
244, 6,4, 15
244, 7,4, 15
244, 8,4, 15
244, 9,4, 15
244, 10,4, 15
244, 11,4, 15
244, 12,4, 15
244, 13,4, 15
244, 14,4, 15
244, 15,4, 15
244, 16,4, 15
244, 17,4, 15
244, 18,4, 15
244, 19,4, 15
244, 20,4, 15
244, 21,4, 15
244, 22,4, 15
244, 23,4, 15
244, 24,4, 15
244, 25,4, 15
244, 26,4, 15
244, 27,4, 15
244, 28,4, 15
244, 29,4, 15
244, 30,4, 15
244, 31,4, 15
244, 32,4, 15
244, 33,4, 15
244, 34,4, 15
244, 35,4, 15
244, 36,4, 15
244, 37,4, 15
244, 38,4, 15
244, 39,4, 15
245, 0,0, 15
245, 1,0, 15
245, 2,0, 15
245, 3,0, 15
245, 4,0, 15
245, 5,0, 15
245, 6,0, 15
245, 7,0, 15
245, 8,0, 15
245, 9,0, 15
245, 10,0, 15
245, 11,0, 15
245, 12,0, 15
245, 13,0, 15
245, 14,0, 15
245, 15,0, 15
245, 16,0, 15
245, 17,0, 15
245, 18,0, 15
245, 19,0, 15
245, 20,0, 15
245, 21,0, 15
245, 22,0, 15
245, 23,0, 15
245, 24,0, 15
245, 25,0, 15
245, 26,0, 15
245, 27,0, 15
245, 28,0, 15
245, 29,0, 15
245, 30,0, 15
245, 31,0, 15
245, 32,0, 15
245, 33,0, 15
245, 34,0, 15
245, 35,0, 15
245, 36,0, 15
245, 37,0, 15
245, 38,0, 15
245, 39,0, 15
245, 0,1, 15
245, 1,1, 15
245, 2,1, 15
245, 3,1, 15
245, 4,1, 15
245, 5,1, 15
245, 6,1, 15
245, 7,1, 15
245, 8,1, 15
245, 9,1, 15
245, 10,1, 15
245, 11,1, 15
245, 12,1, 15
245, 13,1, 15
245, 14,1, 15
245, 15,1, 15
245, 16,1, 15
245, 17,1, 15
245, 18,1, 15
245, 19,1, 15
245, 20,1, 15
245, 21,1, 15
245, 22,1, 15
245, 23,1, 15
245, 24,1, 15
245, 25,1, 15
245, 26,1, 15
245, 27,1, 15
245, 28,1, 15
245, 29,1, 15
245, 30,1, 15
245, 31,1, 15
245, 32,1, 15
245, 33,1, 15
245, 34,1, 15
245, 35,1, 15
245, 36,1, 15
245, 37,1, 15
245, 38,1, 15
245, 39,1, 15
245, 0,2, 15
245, 1,2, 15
245, 2,2, 15
245, 3,2, 15
245, 4,2, 15
245, 5,2, 15
245, 6,2, 15
245, 7,2, 15
245, 8,2, 15
245, 9,2, 15
245, 10,2, 15
245, 11,2, 15
245, 12,2, 15
245, 13,2, 15
245, 14,2, 15
245, 15,2, 15
245, 16,2, 15
245, 17,2, 15
245, 18,2, 15
245, 19,2, 15
245, 20,2, 15
245, 21,2, 15
245, 22,2, 15
245, 23,2, 15
245, 24,2, 15
245, 25,2, 15
245, 26,2, 15
245, 27,2, 15
245, 28,2, 15
245, 29,2, 15
245, 30,2, 15
245, 31,2, 15
245, 32,2, 15
245, 33,2, 15
245, 34,2, 15
245, 35,2, 15
245, 36,2, 15
245, 37,2, 15
245, 38,2, 15
245, 39,2, 15
245, 0,3, 15
245, 1,3, 15
245, 2,3, 15
245, 3,3, 15
245, 4,3, 15
245, 5,3, 15
245, 6,3, 15
245, 7,3, 15
245, 8,3, 15
245, 9,3, 15
245, 10,3, 15
245, 11,3, 15
245, 12,3, 15
245, 13,3, 15
245, 14,3, 15
245, 15,3, 15
245, 16,3, 15
245, 17,3, 15
245, 18,3, 15
245, 19,3, 15
245, 20,3, 15
245, 21,3, 15
245, 22,3, 15
245, 23,3, 15
245, 24,3, 15
245, 25,3, 15
245, 26,3, 15
245, 27,3, 15
245, 28,3, 15
245, 29,3, 15
245, 30,3, 15
245, 31,3, 15
245, 32,3, 15
245, 33,3, 15
245, 34,3, 15
245, 35,3, 15
245, 36,3, 15
245, 37,3, 15
245, 38,3, 15
245, 39,3, 15
245, 0,4, 15
245, 1,4, 15
245, 2,4, 15
245, 3,4, 15
245, 4,4, 15
245, 5,4, 15
245, 6,4, 15
245, 7,4, 15
245, 8,4, 15
245, 9,4, 15
245, 10,4, 15
245, 11,4, 15
245, 12,4, 15
245, 13,4, 15
245, 14,4, 15
245, 15,4, 15
245, 16,4, 15
245, 17,4, 15
245, 18,4, 15
245, 19,4, 15
245, 20,4, 15
245, 21,4, 15
245, 22,4, 15
245, 23,4, 15
245, 24,4, 15
245, 25,4, 15
245, 26,4, 15
245, 27,4, 15
245, 28,4, 15
245, 29,4, 15
245, 30,4, 15
245, 31,4, 15
245, 32,4, 15
245, 33,4, 15
245, 34,4, 15
245, 35,4, 15
245, 36,4, 15
245, 37,4, 15
245, 38,4, 15
245, 39,4, 15
246, 0,0, 15
246, 1,0, 15
246, 2,0, 15
246, 3,0, 15
246, 4,0, 15
246, 5,0, 15
246, 6,0, 15
246, 7,0, 15
246, 8,0, 15
246, 9,0, 15
246, 10,0, 15
246, 11,0, 15
246, 12,0, 15
246, 13,0, 15
246, 14,0, 15
246, 15,0, 15
246, 16,0, 15
246, 17,0, 15
246, 18,0, 15
246, 19,0, 15
246, 20,0, 15
246, 21,0, 15
246, 22,0, 15
246, 23,0, 15
246, 24,0, 15
246, 25,0, 15
246, 26,0, 15
246, 27,0, 15
246, 28,0, 15
246, 29,0, 15
246, 30,0, 15
246, 31,0, 15
246, 32,0, 15
246, 33,0, 15
246, 34,0, 15
246, 35,0, 15
246, 36,0, 15
246, 37,0, 15
246, 38,0, 15
246, 39,0, 15
246, 0,1, 15
246, 1,1, 15
246, 2,1, 15
246, 3,1, 15
246, 4,1, 15
246, 5,1, 15
246, 6,1, 15
246, 7,1, 15
246, 8,1, 15
246, 9,1, 15
246, 10,1, 15
246, 11,1, 15
246, 12,1, 15
246, 13,1, 15
246, 14,1, 15
246, 15,1, 15
246, 16,1, 15
246, 17,1, 15
246, 18,1, 15
246, 19,1, 15
246, 20,1, 15
246, 21,1, 15
246, 22,1, 15
246, 23,1, 15
246, 24,1, 15
246, 25,1, 15
246, 26,1, 15
246, 27,1, 15
246, 28,1, 15
246, 29,1, 15
246, 30,1, 15
246, 31,1, 15
246, 32,1, 15
246, 33,1, 15
246, 34,1, 15
246, 35,1, 15
246, 36,1, 15
246, 37,1, 15
246, 38,1, 15
246, 39,1, 15
246, 0,2, 15
246, 1,2, 15
246, 2,2, 15
246, 3,2, 15
246, 4,2, 15
246, 5,2, 15
246, 6,2, 15
246, 7,2, 15
246, 8,2, 15
246, 9,2, 15
246, 10,2, 15
246, 11,2, 15
246, 12,2, 15
246, 13,2, 15
246, 14,2, 15
246, 15,2, 15
246, 16,2, 15
246, 17,2, 15
246, 18,2, 15
246, 19,2, 15
246, 20,2, 15
246, 21,2, 15
246, 22,2, 15
246, 23,2, 15
246, 24,2, 15
246, 25,2, 15
246, 26,2, 15
246, 27,2, 15
246, 28,2, 15
246, 29,2, 15
246, 30,2, 15
246, 31,2, 15
246, 32,2, 15
246, 33,2, 15
246, 34,2, 15
246, 35,2, 15
246, 36,2, 15
246, 37,2, 15
246, 38,2, 15
246, 39,2, 15
246, 0,3, 15
246, 1,3, 15
246, 2,3, 15
246, 3,3, 15
246, 4,3, 15
246, 5,3, 15
246, 6,3, 15
246, 7,3, 15
246, 8,3, 15
246, 9,3, 15
246, 10,3, 15
246, 11,3, 15
246, 12,3, 15
246, 13,3, 15
246, 14,3, 15
246, 15,3, 15
246, 16,3, 15
246, 17,3, 15
246, 18,3, 15
246, 19,3, 15
246, 20,3, 15
246, 21,3, 15
246, 22,3, 15
246, 23,3, 15
246, 24,3, 15
246, 25,3, 15
246, 26,3, 15
246, 27,3, 15
246, 28,3, 15
246, 29,3, 15
246, 30,3, 15
246, 31,3, 15
246, 32,3, 15
246, 33,3, 15
246, 34,3, 15
246, 35,3, 15
246, 36,3, 15
246, 37,3, 15
246, 38,3, 15
246, 39,3, 15
246, 0,4, 15
246, 1,4, 15
246, 2,4, 15
246, 3,4, 15
246, 4,4, 15
246, 5,4, 15
246, 6,4, 15
246, 7,4, 15
246, 8,4, 15
246, 9,4, 15
246, 10,4, 15
246, 11,4, 15
246, 12,4, 15
246, 13,4, 15
246, 14,4, 15
246, 15,4, 15
246, 16,4, 15
246, 17,4, 15
246, 18,4, 15
246, 19,4, 15
246, 20,4, 15
246, 21,4, 15
246, 22,4, 15
246, 23,4, 15
246, 24,4, 15
246, 25,4, 15
246, 26,4, 15
246, 27,4, 15
246, 28,4, 15
246, 29,4, 15
246, 30,4, 15
246, 31,4, 15
246, 32,4, 15
246, 33,4, 15
246, 34,4, 15
246, 35,4, 15
246, 36,4, 15
246, 37,4, 15
246, 38,4, 15
246, 39,4, 15
247, 0,0, 15
247, 1,0, 15
247, 2,0, 15
247, 3,0, 15
247, 4,0, 15
247, 5,0, 15
247, 6,0, 15
247, 7,0, 15
247, 8,0, 15
247, 9,0, 15
247, 10,0, 15
247, 11,0, 15
247, 12,0, 15
247, 13,0, 15
247, 14,0, 15
247, 15,0, 15
247, 16,0, 15
247, 17,0, 15
247, 18,0, 15
247, 19,0, 15
247, 20,0, 15
247, 21,0, 15
247, 22,0, 15
247, 23,0, 15
247, 24,0, 15
247, 25,0, 15
247, 26,0, 15
247, 27,0, 15
247, 28,0, 15
247, 29,0, 15
247, 30,0, 15
247, 31,0, 15
247, 32,0, 15
247, 33,0, 15
247, 34,0, 15
247, 35,0, 15
247, 36,0, 15
247, 37,0, 15
247, 38,0, 15
247, 39,0, 15
247, 0,1, 15
247, 1,1, 15
247, 2,1, 15
247, 3,1, 15
247, 4,1, 15
247, 5,1, 15
247, 6,1, 15
247, 7,1, 15
247, 8,1, 15
247, 9,1, 15
247, 10,1, 15
247, 11,1, 15
247, 12,1, 15
247, 13,1, 15
247, 14,1, 15
247, 15,1, 15
247, 16,1, 15
247, 17,1, 15
247, 18,1, 15
247, 19,1, 15
247, 20,1, 15
247, 21,1, 15
247, 22,1, 15
247, 23,1, 15
247, 24,1, 15
247, 25,1, 15
247, 26,1, 15
247, 27,1, 15
247, 28,1, 15
247, 29,1, 15
247, 30,1, 15
247, 31,1, 15
247, 32,1, 15
247, 33,1, 15
247, 34,1, 15
247, 35,1, 15
247, 36,1, 15
247, 37,1, 15
247, 38,1, 15
247, 39,1, 15
247, 0,2, 15
247, 1,2, 15
247, 2,2, 15
247, 3,2, 15
247, 4,2, 15
247, 5,2, 15
247, 6,2, 15
247, 7,2, 15
247, 8,2, 15
247, 9,2, 15
247, 10,2, 15
247, 11,2, 15
247, 12,2, 15
247, 13,2, 15
247, 14,2, 15
247, 15,2, 15
247, 16,2, 15
247, 17,2, 15
247, 18,2, 15
247, 19,2, 15
247, 20,2, 15
247, 21,2, 15
247, 22,2, 15
247, 23,2, 15
247, 24,2, 15
247, 25,2, 15
247, 26,2, 15
247, 27,2, 15
247, 28,2, 15
247, 29,2, 15
247, 30,2, 15
247, 31,2, 15
247, 32,2, 15
247, 33,2, 15
247, 34,2, 15
247, 35,2, 15
247, 36,2, 15
247, 37,2, 15
247, 38,2, 15
247, 39,2, 15
247, 0,3, 15
247, 1,3, 15
247, 2,3, 15
247, 3,3, 15
247, 4,3, 15
247, 5,3, 15
247, 6,3, 15
247, 7,3, 15
247, 8,3, 15
247, 9,3, 15
247, 10,3, 15
247, 11,3, 15
247, 12,3, 15
247, 13,3, 15
247, 14,3, 15
247, 15,3, 15
247, 16,3, 15
247, 17,3, 15
247, 18,3, 15
247, 19,3, 15
247, 20,3, 15
247, 21,3, 15
247, 22,3, 15
247, 23,3, 15
247, 24,3, 15
247, 25,3, 15
247, 26,3, 15
247, 27,3, 15
247, 28,3, 15
247, 29,3, 15
247, 30,3, 15
247, 31,3, 15
247, 32,3, 15
247, 33,3, 15
247, 34,3, 15
247, 35,3, 15
247, 36,3, 15
247, 37,3, 15
247, 38,3, 15
247, 39,3, 15
247, 0,4, 15
247, 1,4, 15
247, 2,4, 15
247, 3,4, 15
247, 4,4, 15
247, 5,4, 15
247, 6,4, 15
247, 7,4, 15
247, 8,4, 15
247, 9,4, 15
247, 10,4, 15
247, 11,4, 15
247, 12,4, 15
247, 13,4, 15
247, 14,4, 15
247, 15,4, 15
247, 16,4, 15
247, 17,4, 15
247, 18,4, 15
247, 19,4, 15
247, 20,4, 15
247, 21,4, 15
247, 22,4, 15
247, 23,4, 15
247, 24,4, 15
247, 25,4, 15
247, 26,4, 15
247, 27,4, 15
247, 28,4, 15
247, 29,4, 15
247, 30,4, 15
247, 31,4, 15
247, 32,4, 15
247, 33,4, 15
247, 34,4, 15
247, 35,4, 15
247, 36,4, 15
247, 37,4, 15
247, 38,4, 15
247, 39,4, 15
248, 0,0, 15
248, 1,0, 15
248, 2,0, 15
248, 3,0, 15
248, 4,0, 15
248, 5,0, 15
248, 6,0, 15
248, 7,0, 15
248, 8,0, 15
248, 9,0, 15
248, 10,0, 15
248, 11,0, 15
248, 12,0, 15
248, 13,0, 15
248, 14,0, 15
248, 15,0, 15
248, 16,0, 15
248, 17,0, 15
248, 18,0, 15
248, 19,0, 15
248, 20,0, 15
248, 21,0, 15
248, 22,0, 15
248, 23,0, 15
248, 24,0, 15
248, 25,0, 15
248, 26,0, 15
248, 27,0, 15
248, 28,0, 15
248, 29,0, 15
248, 30,0, 15
248, 31,0, 15
248, 32,0, 15
248, 33,0, 15
248, 34,0, 15
248, 35,0, 15
248, 36,0, 15
248, 37,0, 15
248, 38,0, 15
248, 39,0, 15
248, 0,1, 15
248, 1,1, 15
248, 2,1, 15
248, 3,1, 15
248, 4,1, 15
248, 5,1, 15
248, 6,1, 15
248, 7,1, 15
248, 8,1, 15
248, 9,1, 15
248, 10,1, 15
248, 11,1, 15
248, 12,1, 15
248, 13,1, 15
248, 14,1, 15
248, 15,1, 15
248, 16,1, 15
248, 17,1, 15
248, 18,1, 15
248, 19,1, 15
248, 20,1, 15
248, 21,1, 15
248, 22,1, 15
248, 23,1, 15
248, 24,1, 15
248, 25,1, 15
248, 26,1, 15
248, 27,1, 15
248, 28,1, 15
248, 29,1, 15
248, 30,1, 15
248, 31,1, 15
248, 32,1, 15
248, 33,1, 15
248, 34,1, 15
248, 35,1, 15
248, 36,1, 15
248, 37,1, 15
248, 38,1, 15
248, 39,1, 15
248, 0,2, 15
248, 1,2, 15
248, 2,2, 15
248, 3,2, 15
248, 4,2, 15
248, 5,2, 15
248, 6,2, 15
248, 7,2, 15
248, 8,2, 15
248, 9,2, 15
248, 10,2, 15
248, 11,2, 15
248, 12,2, 15
248, 13,2, 15
248, 14,2, 15
248, 15,2, 15
248, 16,2, 15
248, 17,2, 15
248, 18,2, 15
248, 19,2, 15
248, 20,2, 15
248, 21,2, 15
248, 22,2, 15
248, 23,2, 15
248, 24,2, 15
248, 25,2, 15
248, 26,2, 15
248, 27,2, 15
248, 28,2, 15
248, 29,2, 15
248, 30,2, 15
248, 31,2, 15
248, 32,2, 15
248, 33,2, 15
248, 34,2, 15
248, 35,2, 15
248, 36,2, 15
248, 37,2, 15
248, 38,2, 15
248, 39,2, 15
248, 0,3, 15
248, 1,3, 15
248, 2,3, 15
248, 3,3, 15
248, 4,3, 15
248, 5,3, 15
248, 6,3, 15
248, 7,3, 15
248, 8,3, 15
248, 9,3, 15
248, 10,3, 15
248, 11,3, 15
248, 12,3, 15
248, 13,3, 15
248, 14,3, 15
248, 15,3, 15
248, 16,3, 15
248, 17,3, 15
248, 18,3, 15
248, 19,3, 15
248, 20,3, 15
248, 21,3, 15
248, 22,3, 15
248, 23,3, 15
248, 24,3, 15
248, 25,3, 15
248, 26,3, 15
248, 27,3, 15
248, 28,3, 15
248, 29,3, 15
248, 30,3, 15
248, 31,3, 15
248, 32,3, 15
248, 33,3, 15
248, 34,3, 15
248, 35,3, 15
248, 36,3, 15
248, 37,3, 15
248, 38,3, 15
248, 39,3, 15
248, 0,4, 15
248, 1,4, 15
248, 2,4, 15
248, 3,4, 15
248, 4,4, 15
248, 5,4, 15
248, 6,4, 15
248, 7,4, 15
248, 8,4, 15
248, 9,4, 15
248, 10,4, 15
248, 11,4, 15
248, 12,4, 15
248, 13,4, 15
248, 14,4, 15
248, 15,4, 15
248, 16,4, 15
248, 17,4, 15
248, 18,4, 15
248, 19,4, 15
248, 20,4, 15
248, 21,4, 15
248, 22,4, 15
248, 23,4, 15
248, 24,4, 15
248, 25,4, 15
248, 26,4, 15
248, 27,4, 15
248, 28,4, 15
248, 29,4, 15
248, 30,4, 15
248, 31,4, 15
248, 32,4, 15
248, 33,4, 15
248, 34,4, 15
248, 35,4, 15
248, 36,4, 15
248, 37,4, 15
248, 38,4, 15
248, 39,4, 15
249, 0,0, 15
249, 1,0, 15
249, 2,0, 15
249, 3,0, 15
249, 4,0, 15
249, 5,0, 15
249, 6,0, 15
249, 7,0, 15
249, 8,0, 15
249, 9,0, 15
249, 10,0, 15
249, 11,0, 15
249, 12,0, 15
249, 13,0, 15
249, 14,0, 15
249, 15,0, 15
249, 16,0, 15
249, 17,0, 15
249, 18,0, 15
249, 19,0, 15
249, 20,0, 15
249, 21,0, 15
249, 22,0, 15
249, 23,0, 15
249, 24,0, 15
249, 25,0, 15
249, 26,0, 15
249, 27,0, 15
249, 28,0, 15
249, 29,0, 15
249, 30,0, 15
249, 31,0, 15
249, 32,0, 15
249, 33,0, 15
249, 34,0, 15
249, 35,0, 15
249, 36,0, 15
249, 37,0, 15
249, 38,0, 15
249, 39,0, 15
249, 0,1, 15
249, 1,1, 15
249, 2,1, 15
249, 3,1, 15
249, 4,1, 15
249, 5,1, 15
249, 6,1, 15
249, 7,1, 15
249, 8,1, 15
249, 9,1, 15
249, 10,1, 15
249, 11,1, 15
249, 12,1, 15
249, 13,1, 15
249, 14,1, 15
249, 15,1, 15
249, 16,1, 15
249, 17,1, 15
249, 18,1, 15
249, 19,1, 15
249, 20,1, 15
249, 21,1, 15
249, 22,1, 15
249, 23,1, 15
249, 24,1, 15
249, 25,1, 15
249, 26,1, 15
249, 27,1, 15
249, 28,1, 15
249, 29,1, 15
249, 30,1, 15
249, 31,1, 15
249, 32,1, 15
249, 33,1, 15
249, 34,1, 15
249, 35,1, 15
249, 36,1, 15
249, 37,1, 15
249, 38,1, 15
249, 39,1, 15
249, 0,2, 15
249, 1,2, 15
249, 2,2, 15
249, 3,2, 15
249, 4,2, 15
249, 5,2, 15
249, 6,2, 15
249, 7,2, 15
249, 8,2, 15
249, 9,2, 15
249, 10,2, 15
249, 11,2, 15
249, 12,2, 15
249, 13,2, 15
249, 14,2, 15
249, 15,2, 15
249, 16,2, 15
249, 17,2, 15
249, 18,2, 15
249, 19,2, 15
249, 20,2, 15
249, 21,2, 15
249, 22,2, 15
249, 23,2, 15
249, 24,2, 15
249, 25,2, 15
249, 26,2, 15
249, 27,2, 15
249, 28,2, 15
249, 29,2, 15
249, 30,2, 15
249, 31,2, 15
249, 32,2, 15
249, 33,2, 15
249, 34,2, 15
249, 35,2, 15
249, 36,2, 15
249, 37,2, 15
249, 38,2, 15
249, 39,2, 15
249, 0,3, 15
249, 1,3, 15
249, 2,3, 15
249, 3,3, 15
249, 4,3, 15
249, 5,3, 15
249, 6,3, 15
249, 7,3, 15
249, 8,3, 15
249, 9,3, 15
249, 10,3, 15
249, 11,3, 15
249, 12,3, 15
249, 13,3, 15
249, 14,3, 15
249, 15,3, 15
249, 16,3, 15
249, 17,3, 15
249, 18,3, 15
249, 19,3, 15
249, 20,3, 15
249, 21,3, 15
249, 22,3, 15
249, 23,3, 15
249, 24,3, 15
249, 25,3, 15
249, 26,3, 15
249, 27,3, 15
249, 28,3, 15
249, 29,3, 15
249, 30,3, 15
249, 31,3, 15
249, 32,3, 15
249, 33,3, 15
249, 34,3, 15
249, 35,3, 15
249, 36,3, 15
249, 37,3, 15
249, 38,3, 15
249, 39,3, 15
249, 0,4, 15
249, 1,4, 15
249, 2,4, 15
249, 3,4, 15
249, 4,4, 15
249, 5,4, 15
249, 6,4, 15
249, 7,4, 15
249, 8,4, 15
249, 9,4, 15
249, 10,4, 15
249, 11,4, 15
249, 12,4, 15
249, 13,4, 15
249, 14,4, 15
249, 15,4, 15
249, 16,4, 15
249, 17,4, 15
249, 18,4, 15
249, 19,4, 15
249, 20,4, 15
249, 21,4, 15
249, 22,4, 15
249, 23,4, 15
249, 24,4, 15
249, 25,4, 15
249, 26,4, 15
249, 27,4, 15
249, 28,4, 15
249, 29,4, 15
249, 30,4, 15
249, 31,4, 15
249, 32,4, 15
249, 33,4, 15
249, 34,4, 15
249, 35,4, 15
249, 36,4, 15
249, 37,4, 15
249, 38,4, 15
249, 39,4, 15
250, 0,0, 15
250, 1,0, 15
250, 2,0, 15
250, 3,0, 15
250, 4,0, 15
250, 5,0, 15
250, 6,0, 15
250, 7,0, 15
250, 8,0, 15
250, 9,0, 15
250, 10,0, 15
250, 11,0, 15
250, 12,0, 15
250, 13,0, 15
250, 14,0, 15
250, 15,0, 15
250, 16,0, 15
250, 17,0, 15
250, 18,0, 15
250, 19,0, 15
250, 20,0, 15
250, 21,0, 15
250, 22,0, 15
250, 23,0, 15
250, 24,0, 15
250, 25,0, 15
250, 26,0, 15
250, 27,0, 15
250, 28,0, 15
250, 29,0, 15
250, 30,0, 15
250, 31,0, 15
250, 32,0, 15
250, 33,0, 15
250, 34,0, 15
250, 35,0, 15
250, 36,0, 15
250, 37,0, 15
250, 38,0, 15
250, 39,0, 15
250, 0,1, 15
250, 1,1, 15
250, 2,1, 15
250, 3,1, 15
250, 4,1, 15
250, 5,1, 15
250, 6,1, 15
250, 7,1, 15
250, 8,1, 15
250, 9,1, 15
250, 10,1, 15
250, 11,1, 15
250, 12,1, 15
250, 13,1, 15
250, 14,1, 15
250, 15,1, 15
250, 16,1, 15
250, 17,1, 15
250, 18,1, 15
250, 19,1, 15
250, 20,1, 15
250, 21,1, 15
250, 22,1, 15
250, 23,1, 15
250, 24,1, 15
250, 25,1, 15
250, 26,1, 15
250, 27,1, 15
250, 28,1, 15
250, 29,1, 15
250, 30,1, 15
250, 31,1, 15
250, 32,1, 15
250, 33,1, 15
250, 34,1, 15
250, 35,1, 15
250, 36,1, 15
250, 37,1, 15
250, 38,1, 15
250, 39,1, 15
250, 0,2, 15
250, 1,2, 15
250, 2,2, 15
250, 3,2, 15
250, 4,2, 15
250, 5,2, 15
250, 6,2, 15
250, 7,2, 15
250, 8,2, 15
250, 9,2, 15
250, 10,2, 15
250, 11,2, 15
250, 12,2, 15
250, 13,2, 15
250, 14,2, 15
250, 15,2, 15
250, 16,2, 15
250, 17,2, 15
250, 18,2, 15
250, 19,2, 15
250, 20,2, 15
250, 21,2, 15
250, 22,2, 15
250, 23,2, 15
250, 24,2, 15
250, 25,2, 15
250, 26,2, 15
250, 27,2, 15
250, 28,2, 15
250, 29,2, 15
250, 30,2, 15
250, 31,2, 15
250, 32,2, 15
250, 33,2, 15
250, 34,2, 15
250, 35,2, 15
250, 36,2, 15
250, 37,2, 15
250, 38,2, 15
250, 39,2, 15
250, 0,3, 15
250, 1,3, 15
250, 2,3, 15
250, 3,3, 15
250, 4,3, 15
250, 5,3, 15
250, 6,3, 15
250, 7,3, 15
250, 8,3, 15
250, 9,3, 15
250, 10,3, 15
250, 11,3, 15
250, 12,3, 15
250, 13,3, 15
250, 14,3, 15
250, 15,3, 15
250, 16,3, 15
250, 17,3, 15
250, 18,3, 15
250, 19,3, 15
250, 20,3, 15
250, 21,3, 15
250, 22,3, 15
250, 23,3, 15
250, 24,3, 15
250, 25,3, 15
250, 26,3, 15
250, 27,3, 15
250, 28,3, 15
250, 29,3, 15
250, 30,3, 15
250, 31,3, 15
250, 32,3, 15
250, 33,3, 15
250, 34,3, 15
250, 35,3, 15
250, 36,3, 15
250, 37,3, 15
250, 38,3, 15
250, 39,3, 15
250, 0,4, 15
250, 1,4, 15
250, 2,4, 15
250, 3,4, 15
250, 4,4, 15
250, 5,4, 15
250, 6,4, 15
250, 7,4, 15
250, 8,4, 15
250, 9,4, 15
250, 10,4, 15
250, 11,4, 15
250, 12,4, 15
250, 13,4, 15
250, 14,4, 15
250, 15,4, 15
250, 16,4, 15
250, 17,4, 15
250, 18,4, 15
250, 19,4, 15
250, 20,4, 15
250, 21,4, 15
250, 22,4, 15
250, 23,4, 15
250, 24,4, 15
250, 25,4, 15
250, 26,4, 15
250, 27,4, 15
250, 28,4, 15
250, 29,4, 15
250, 30,4, 15
250, 31,4, 15
250, 32,4, 15
250, 33,4, 15
250, 34,4, 15
250, 35,4, 15
250, 36,4, 15
250, 37,4, 15
250, 38,4, 15
250, 39,4, 15
251, 0,0, 15
251, 1,0, 15
251, 2,0, 15
251, 3,0, 15
251, 4,0, 15
251, 5,0, 15
251, 6,0, 15
251, 7,0, 15
251, 8,0, 15
251, 9,0, 15
251, 10,0, 15
251, 11,0, 15
251, 12,0, 15
251, 13,0, 15
251, 14,0, 15
251, 15,0, 15
251, 16,0, 15
251, 17,0, 15
251, 18,0, 15
251, 19,0, 15
251, 20,0, 15
251, 21,0, 15
251, 22,0, 15
251, 23,0, 15
251, 24,0, 15
251, 25,0, 15
251, 26,0, 15
251, 27,0, 15
251, 28,0, 15
251, 29,0, 15
251, 30,0, 15
251, 31,0, 15
251, 32,0, 15
251, 33,0, 15
251, 34,0, 15
251, 35,0, 15
251, 36,0, 15
251, 37,0, 15
251, 38,0, 15
251, 39,0, 15
251, 0,1, 15
251, 1,1, 15
251, 2,1, 15
251, 3,1, 15
251, 4,1, 15
251, 5,1, 15
251, 6,1, 15
251, 7,1, 15
251, 8,1, 15
251, 9,1, 15
251, 10,1, 15
251, 11,1, 15
251, 12,1, 15
251, 13,1, 15
251, 14,1, 15
251, 15,1, 15
251, 16,1, 15
251, 17,1, 15
251, 18,1, 15
251, 19,1, 15
251, 20,1, 15
251, 21,1, 15
251, 22,1, 15
251, 23,1, 15
251, 24,1, 15
251, 25,1, 15
251, 26,1, 15
251, 27,1, 15
251, 28,1, 15
251, 29,1, 15
251, 30,1, 15
251, 31,1, 15
251, 32,1, 15
251, 33,1, 15
251, 34,1, 15
251, 35,1, 15
251, 36,1, 15
251, 37,1, 15
251, 38,1, 15
251, 39,1, 15
251, 0,2, 15
251, 1,2, 15
251, 2,2, 15
251, 3,2, 15
251, 4,2, 15
251, 5,2, 15
251, 6,2, 15
251, 7,2, 15
251, 8,2, 15
251, 9,2, 15
251, 10,2, 15
251, 11,2, 15
251, 12,2, 15
251, 13,2, 15
251, 14,2, 15
251, 15,2, 15
251, 16,2, 15
251, 17,2, 15
251, 18,2, 15
251, 19,2, 15
251, 20,2, 15
251, 21,2, 15
251, 22,2, 15
251, 23,2, 15
251, 24,2, 15
251, 25,2, 15
251, 26,2, 15
251, 27,2, 15
251, 28,2, 15
251, 29,2, 15
251, 30,2, 15
251, 31,2, 15
251, 32,2, 15
251, 33,2, 15
251, 34,2, 15
251, 35,2, 15
251, 36,2, 15
251, 37,2, 15
251, 38,2, 15
251, 39,2, 15
251, 0,3, 15
251, 1,3, 15
251, 2,3, 15
251, 3,3, 15
251, 4,3, 15
251, 5,3, 15
251, 6,3, 15
251, 7,3, 15
251, 8,3, 15
251, 9,3, 15
251, 10,3, 15
251, 11,3, 15
251, 12,3, 15
251, 13,3, 15
251, 14,3, 15
251, 15,3, 15
251, 16,3, 15
251, 17,3, 15
251, 18,3, 15
251, 19,3, 15
251, 20,3, 15
251, 21,3, 15
251, 22,3, 15
251, 23,3, 15
251, 24,3, 15
251, 25,3, 15
251, 26,3, 15
251, 27,3, 15
251, 28,3, 15
251, 29,3, 15
251, 30,3, 15
251, 31,3, 15
251, 32,3, 15
251, 33,3, 15
251, 34,3, 15
251, 35,3, 15
251, 36,3, 15
251, 37,3, 15
251, 38,3, 15
251, 39,3, 15
251, 0,4, 15
251, 1,4, 15
251, 2,4, 15
251, 3,4, 15
251, 4,4, 15
251, 5,4, 15
251, 6,4, 15
251, 7,4, 15
251, 8,4, 15
251, 9,4, 15
251, 10,4, 15
251, 11,4, 15
251, 12,4, 15
251, 13,4, 15
251, 14,4, 15
251, 15,4, 15
251, 16,4, 15
251, 17,4, 15
251, 18,4, 15
251, 19,4, 15
251, 20,4, 15
251, 21,4, 15
251, 22,4, 15
251, 23,4, 15
251, 24,4, 15
251, 25,4, 15
251, 26,4, 15
251, 27,4, 15
251, 28,4, 15
251, 29,4, 15
251, 30,4, 15
251, 31,4, 15
251, 32,4, 15
251, 33,4, 15
251, 34,4, 15
251, 35,4, 15
251, 36,4, 15
251, 37,4, 15
251, 38,4, 15
251, 39,4, 15
252, 0,0, 15
252, 1,0, 15
252, 2,0, 15
252, 3,0, 15
252, 4,0, 15
252, 5,0, 15
252, 6,0, 15
252, 7,0, 15
252, 8,0, 15
252, 9,0, 15
252, 10,0, 15
252, 11,0, 15
252, 12,0, 15
252, 13,0, 15
252, 14,0, 15
252, 15,0, 15
252, 16,0, 15
252, 17,0, 15
252, 18,0, 15
252, 19,0, 15
252, 20,0, 15
252, 21,0, 15
252, 22,0, 15
252, 23,0, 15
252, 24,0, 15
252, 25,0, 15
252, 26,0, 15
252, 27,0, 15
252, 28,0, 15
252, 29,0, 15
252, 30,0, 15
252, 31,0, 15
252, 32,0, 15
252, 33,0, 15
252, 34,0, 15
252, 35,0, 15
252, 36,0, 15
252, 37,0, 15
252, 38,0, 15
252, 39,0, 15
252, 0,1, 15
252, 1,1, 15
252, 2,1, 15
252, 3,1, 15
252, 4,1, 15
252, 5,1, 15
252, 6,1, 15
252, 7,1, 15
252, 8,1, 15
252, 9,1, 15
252, 10,1, 15
252, 11,1, 15
252, 12,1, 15
252, 13,1, 15
252, 14,1, 15
252, 15,1, 15
252, 16,1, 15
252, 17,1, 15
252, 18,1, 15
252, 19,1, 15
252, 20,1, 15
252, 21,1, 15
252, 22,1, 15
252, 23,1, 15
252, 24,1, 15
252, 25,1, 15
252, 26,1, 15
252, 27,1, 15
252, 28,1, 15
252, 29,1, 15
252, 30,1, 15
252, 31,1, 15
252, 32,1, 15
252, 33,1, 15
252, 34,1, 15
252, 35,1, 15
252, 36,1, 15
252, 37,1, 15
252, 38,1, 15
252, 39,1, 15
252, 0,2, 15
252, 1,2, 15
252, 2,2, 15
252, 3,2, 15
252, 4,2, 15
252, 5,2, 15
252, 6,2, 15
252, 7,2, 15
252, 8,2, 15
252, 9,2, 15
252, 10,2, 15
252, 11,2, 15
252, 12,2, 15
252, 13,2, 15
252, 14,2, 15
252, 15,2, 15
252, 16,2, 15
252, 17,2, 15
252, 18,2, 15
252, 19,2, 15
252, 20,2, 15
252, 21,2, 15
252, 22,2, 15
252, 23,2, 15
252, 24,2, 15
252, 25,2, 15
252, 26,2, 15
252, 27,2, 15
252, 28,2, 15
252, 29,2, 15
252, 30,2, 15
252, 31,2, 15
252, 32,2, 15
252, 33,2, 15
252, 34,2, 15
252, 35,2, 15
252, 36,2, 15
252, 37,2, 15
252, 38,2, 15
252, 39,2, 15
252, 0,3, 15
252, 1,3, 15
252, 2,3, 15
252, 3,3, 15
252, 4,3, 15
252, 5,3, 15
252, 6,3, 15
252, 7,3, 15
252, 8,3, 15
252, 9,3, 15
252, 10,3, 15
252, 11,3, 15
252, 12,3, 15
252, 13,3, 15
252, 14,3, 15
252, 15,3, 15
252, 16,3, 15
252, 17,3, 15
252, 18,3, 15
252, 19,3, 15
252, 20,3, 15
252, 21,3, 15
252, 22,3, 15
252, 23,3, 15
252, 24,3, 15
252, 25,3, 15
252, 26,3, 15
252, 27,3, 15
252, 28,3, 15
252, 29,3, 15
252, 30,3, 15
252, 31,3, 15
252, 32,3, 15
252, 33,3, 15
252, 34,3, 15
252, 35,3, 15
252, 36,3, 15
252, 37,3, 15
252, 38,3, 15
252, 39,3, 15
252, 0,4, 15
252, 1,4, 15
252, 2,4, 15
252, 3,4, 15
252, 4,4, 15
252, 5,4, 15
252, 6,4, 15
252, 7,4, 15
252, 8,4, 15
252, 9,4, 15
252, 10,4, 15
252, 11,4, 15
252, 12,4, 15
252, 13,4, 15
252, 14,4, 15
252, 15,4, 15
252, 16,4, 15
252, 17,4, 15
252, 18,4, 15
252, 19,4, 15
252, 20,4, 15
252, 21,4, 15
252, 22,4, 15
252, 23,4, 15
252, 24,4, 15
252, 25,4, 15
252, 26,4, 15
252, 27,4, 15
252, 28,4, 15
252, 29,4, 15
252, 30,4, 15
252, 31,4, 15
252, 32,4, 15
252, 33,4, 15
252, 34,4, 15
252, 35,4, 15
252, 36,4, 15
252, 37,4, 15
252, 38,4, 15
252, 39,4, 15
253, 0,0, 15
253, 1,0, 15
253, 2,0, 15
253, 3,0, 15
253, 4,0, 15
253, 5,0, 15
253, 6,0, 15
253, 7,0, 15
253, 8,0, 15
253, 9,0, 15
253, 10,0, 15
253, 11,0, 15
253, 12,0, 15
253, 13,0, 15
253, 14,0, 15
253, 15,0, 15
253, 16,0, 15
253, 17,0, 15
253, 18,0, 15
253, 19,0, 15
253, 20,0, 15
253, 21,0, 15
253, 22,0, 15
253, 23,0, 15
253, 24,0, 15
253, 25,0, 15
253, 26,0, 15
253, 27,0, 15
253, 28,0, 15
253, 29,0, 15
253, 30,0, 15
253, 31,0, 15
253, 32,0, 15
253, 33,0, 15
253, 34,0, 15
253, 35,0, 15
253, 36,0, 15
253, 37,0, 15
253, 38,0, 15
253, 39,0, 15
253, 0,1, 15
253, 1,1, 15
253, 2,1, 15
253, 3,1, 15
253, 4,1, 15
253, 5,1, 15
253, 6,1, 15
253, 7,1, 15
253, 8,1, 15
253, 9,1, 15
253, 10,1, 15
253, 11,1, 15
253, 12,1, 15
253, 13,1, 15
253, 14,1, 15
253, 15,1, 15
253, 16,1, 15
253, 17,1, 15
253, 18,1, 15
253, 19,1, 15
253, 20,1, 15
253, 21,1, 15
253, 22,1, 15
253, 23,1, 15
253, 24,1, 15
253, 25,1, 15
253, 26,1, 15
253, 27,1, 15
253, 28,1, 15
253, 29,1, 15
253, 30,1, 15
253, 31,1, 15
253, 32,1, 15
253, 33,1, 15
253, 34,1, 15
253, 35,1, 15
253, 36,1, 15
253, 37,1, 15
253, 38,1, 15
253, 39,1, 15
253, 0,2, 15
253, 1,2, 15
253, 2,2, 15
253, 3,2, 15
253, 4,2, 15
253, 5,2, 15
253, 6,2, 15
253, 7,2, 15
253, 8,2, 15
253, 9,2, 15
253, 10,2, 15
253, 11,2, 15
253, 12,2, 15
253, 13,2, 15
253, 14,2, 15
253, 15,2, 15
253, 16,2, 15
253, 17,2, 15
253, 18,2, 15
253, 19,2, 15
253, 20,2, 15
253, 21,2, 15
253, 22,2, 15
253, 23,2, 15
253, 24,2, 15
253, 25,2, 15
253, 26,2, 15
253, 27,2, 15
253, 28,2, 15
253, 29,2, 15
253, 30,2, 15
253, 31,2, 15
253, 32,2, 15
253, 33,2, 15
253, 34,2, 15
253, 35,2, 15
253, 36,2, 15
253, 37,2, 15
253, 38,2, 15
253, 39,2, 15
253, 0,3, 15
253, 1,3, 15
253, 2,3, 15
253, 3,3, 15
253, 4,3, 15
253, 5,3, 15
253, 6,3, 15
253, 7,3, 15
253, 8,3, 15
253, 9,3, 15
253, 10,3, 15
253, 11,3, 15
253, 12,3, 15
253, 13,3, 15
253, 14,3, 15
253, 15,3, 15
253, 16,3, 15
253, 17,3, 15
253, 18,3, 15
253, 19,3, 15
253, 20,3, 15
253, 21,3, 15
253, 22,3, 15
253, 23,3, 15
253, 24,3, 15
253, 25,3, 15
253, 26,3, 15
253, 27,3, 15
253, 28,3, 15
253, 29,3, 15
253, 30,3, 15
253, 31,3, 15
253, 32,3, 15
253, 33,3, 15
253, 34,3, 15
253, 35,3, 15
253, 36,3, 15
253, 37,3, 15
253, 38,3, 15
253, 39,3, 15
253, 0,4, 15
253, 1,4, 15
253, 2,4, 15
253, 3,4, 15
253, 4,4, 15
253, 5,4, 15
253, 6,4, 15
253, 7,4, 15
253, 8,4, 15
253, 9,4, 15
253, 10,4, 15
253, 11,4, 15
253, 12,4, 15
253, 13,4, 15
253, 14,4, 15
253, 15,4, 15
253, 16,4, 15
253, 17,4, 15
253, 18,4, 15
253, 19,4, 15
253, 20,4, 15
253, 21,4, 15
253, 22,4, 15
253, 23,4, 15
253, 24,4, 15
253, 25,4, 15
253, 26,4, 15
253, 27,4, 15
253, 28,4, 15
253, 29,4, 15
253, 30,4, 15
253, 31,4, 15
253, 32,4, 15
253, 33,4, 15
253, 34,4, 15
253, 35,4, 15
253, 36,4, 15
253, 37,4, 15
253, 38,4, 15
253, 39,4, 15
254, 0,0, 15
254, 1,0, 15
254, 2,0, 15
254, 3,0, 15
254, 4,0, 15
254, 5,0, 15
254, 6,0, 15
254, 7,0, 15
254, 8,0, 15
254, 9,0, 15
254, 10,0, 15
254, 11,0, 15
254, 12,0, 15
254, 13,0, 15
254, 14,0, 15
254, 15,0, 15
254, 16,0, 15
254, 17,0, 15
254, 18,0, 15
254, 19,0, 15
254, 20,0, 15
254, 21,0, 15
254, 22,0, 15
254, 23,0, 15
254, 24,0, 15
254, 25,0, 15
254, 26,0, 15
254, 27,0, 15
254, 28,0, 15
254, 29,0, 15
254, 30,0, 15
254, 31,0, 15
254, 32,0, 15
254, 33,0, 15
254, 34,0, 15
254, 35,0, 15
254, 36,0, 15
254, 37,0, 15
254, 38,0, 15
254, 39,0, 15
254, 0,1, 15
254, 1,1, 15
254, 2,1, 15
254, 3,1, 15
254, 4,1, 15
254, 5,1, 15
254, 6,1, 15
254, 7,1, 15
254, 8,1, 15
254, 9,1, 15
254, 10,1, 15
254, 11,1, 15
254, 12,1, 15
254, 13,1, 15
254, 14,1, 15
254, 15,1, 15
254, 16,1, 15
254, 17,1, 15
254, 18,1, 15
254, 19,1, 15
254, 20,1, 15
254, 21,1, 15
254, 22,1, 15
254, 23,1, 15
254, 24,1, 15
254, 25,1, 15
254, 26,1, 15
254, 27,1, 15
254, 28,1, 15
254, 29,1, 15
254, 30,1, 15
254, 31,1, 15
254, 32,1, 15
254, 33,1, 15
254, 34,1, 15
254, 35,1, 15
254, 36,1, 15
254, 37,1, 15
254, 38,1, 15
254, 39,1, 15
254, 0,2, 15
254, 1,2, 15
254, 2,2, 15
254, 3,2, 15
254, 4,2, 15
254, 5,2, 15
254, 6,2, 15
254, 7,2, 15
254, 8,2, 15
254, 9,2, 15
254, 10,2, 15
254, 11,2, 15
254, 12,2, 15
254, 13,2, 15
254, 14,2, 15
254, 15,2, 15
254, 16,2, 15
254, 17,2, 15
254, 18,2, 15
254, 19,2, 15
254, 20,2, 15
254, 21,2, 15
254, 22,2, 15
254, 23,2, 15
254, 24,2, 15
254, 25,2, 15
254, 26,2, 15
254, 27,2, 15
254, 28,2, 15
254, 29,2, 15
254, 30,2, 15
254, 31,2, 15
254, 32,2, 15
254, 33,2, 15
254, 34,2, 15
254, 35,2, 15
254, 36,2, 15
254, 37,2, 15
254, 38,2, 15
254, 39,2, 15
254, 0,3, 15
254, 1,3, 15
254, 2,3, 15
254, 3,3, 15
254, 4,3, 15
254, 5,3, 15
254, 6,3, 15
254, 7,3, 15
254, 8,3, 15
254, 9,3, 15
254, 10,3, 15
254, 11,3, 15
254, 12,3, 15
254, 13,3, 15
254, 14,3, 15
254, 15,3, 15
254, 16,3, 15
254, 17,3, 15
254, 18,3, 15
254, 19,3, 15
254, 20,3, 15
254, 21,3, 15
254, 22,3, 15
254, 23,3, 15
254, 24,3, 15
254, 25,3, 15
254, 26,3, 15
254, 27,3, 15
254, 28,3, 15
254, 29,3, 15
254, 30,3, 15
254, 31,3, 15
254, 32,3, 15
254, 33,3, 15
254, 34,3, 15
254, 35,3, 15
254, 36,3, 15
254, 37,3, 15
254, 38,3, 15
254, 39,3, 15
254, 0,4, 15
254, 1,4, 15
254, 2,4, 15
254, 3,4, 15
254, 4,4, 15
254, 5,4, 15
254, 6,4, 15
254, 7,4, 15
254, 8,4, 15
254, 9,4, 15
254, 10,4, 15
254, 11,4, 15
254, 12,4, 15
254, 13,4, 15
254, 14,4, 15
254, 15,4, 15
254, 16,4, 15
254, 17,4, 15
254, 18,4, 15
254, 19,4, 15
254, 20,4, 15
254, 21,4, 15
254, 22,4, 15
254, 23,4, 15
254, 24,4, 15
254, 25,4, 15
254, 26,4, 15
254, 27,4, 15
254, 28,4, 15
254, 29,4, 15
254, 30,4, 15
254, 31,4, 15
254, 32,4, 15
254, 33,4, 15
254, 34,4, 15
254, 35,4, 15
254, 36,4, 15
254, 37,4, 15
254, 38,4, 15
254, 39,4, 15
255, 0,0, 15
255, 1,0, 15
255, 2,0, 15
255, 3,0, 15
255, 4,0, 15
255, 5,0, 15
255, 6,0, 15
255, 7,0, 15
255, 8,0, 15
255, 9,0, 15
255, 10,0, 15
255, 11,0, 15
255, 12,0, 15
255, 13,0, 15
255, 14,0, 15
255, 15,0, 15
255, 16,0, 15
255, 17,0, 15
255, 18,0, 15
255, 19,0, 15
255, 20,0, 15
255, 21,0, 15
255, 22,0, 15
255, 23,0, 15
255, 24,0, 15
255, 25,0, 15
255, 26,0, 15
255, 27,0, 15
255, 28,0, 15
255, 29,0, 15
255, 30,0, 15
255, 31,0, 15
255, 32,0, 15
255, 33,0, 15
255, 34,0, 15
255, 35,0, 15
255, 36,0, 15
255, 37,0, 15
255, 38,0, 15
255, 39,0, 15
255, 0,1, 15
255, 1,1, 15
255, 2,1, 15
255, 3,1, 15
255, 4,1, 15
255, 5,1, 15
255, 6,1, 15
255, 7,1, 15
255, 8,1, 15
255, 9,1, 15
255, 10,1, 15
255, 11,1, 15
255, 12,1, 15
255, 13,1, 15
255, 14,1, 15
255, 15,1, 15
255, 16,1, 15
255, 17,1, 15
255, 18,1, 15
255, 19,1, 15
255, 20,1, 15
255, 21,1, 15
255, 22,1, 15
255, 23,1, 15
255, 24,1, 15
255, 25,1, 15
255, 26,1, 15
255, 27,1, 15
255, 28,1, 15
255, 29,1, 15
255, 30,1, 15
255, 31,1, 15
255, 32,1, 15
255, 33,1, 15
255, 34,1, 15
255, 35,1, 15
255, 36,1, 15
255, 37,1, 15
255, 38,1, 15
255, 39,1, 15
255, 0,2, 15
255, 1,2, 15
255, 2,2, 15
255, 3,2, 15
255, 4,2, 15
255, 5,2, 15
255, 6,2, 15
255, 7,2, 15
255, 8,2, 15
255, 9,2, 15
255, 10,2, 15
255, 11,2, 15
255, 12,2, 15
255, 13,2, 15
255, 14,2, 15
255, 15,2, 15
255, 16,2, 15
255, 17,2, 15
255, 18,2, 15
255, 19,2, 15
255, 20,2, 15
255, 21,2, 15
255, 22,2, 15
255, 23,2, 15
255, 24,2, 15
255, 25,2, 15
255, 26,2, 15
255, 27,2, 15
255, 28,2, 15
255, 29,2, 15
255, 30,2, 15
255, 31,2, 15
255, 32,2, 15
255, 33,2, 15
255, 34,2, 15
255, 35,2, 15
255, 36,2, 15
255, 37,2, 15
255, 38,2, 15
255, 39,2, 15
255, 0,3, 15
255, 1,3, 15
255, 2,3, 15
255, 3,3, 15
255, 4,3, 15
255, 5,3, 15
255, 6,3, 15
255, 7,3, 15
255, 8,3, 15
255, 9,3, 15
255, 10,3, 15
255, 11,3, 15
255, 12,3, 15
255, 13,3, 15
255, 14,3, 15
255, 15,3, 15
255, 16,3, 15
255, 17,3, 15
255, 18,3, 15
255, 19,3, 15
255, 20,3, 15
255, 21,3, 15
255, 22,3, 15
255, 23,3, 15
255, 24,3, 15
255, 25,3, 15
255, 26,3, 15
255, 27,3, 15
255, 28,3, 15
255, 29,3, 15
255, 30,3, 15
255, 31,3, 15
255, 32,3, 15
255, 33,3, 15
255, 34,3, 15
255, 35,3, 15
255, 36,3, 15
255, 37,3, 15
255, 38,3, 15
255, 39,3, 15
255, 0,4, 15
255, 1,4, 15
255, 2,4, 15
255, 3,4, 15
255, 4,4, 15
255, 5,4, 15
255, 6,4, 15
255, 7,4, 15
255, 8,4, 15
255, 9,4, 15
255, 10,4, 15
255, 11,4, 15
255, 12,4, 15
255, 13,4, 15
255, 14,4, 15
255, 15,4, 15
255, 16,4, 15
255, 17,4, 15
255, 18,4, 15
255, 19,4, 15
255, 20,4, 15
255, 21,4, 15
255, 22,4, 15
255, 23,4, 15
255, 24,4, 15
255, 25,4, 15
255, 26,4, 15
255, 27,4, 15
255, 28,4, 15
255, 29,4, 15
255, 30,4, 15
255, 31,4, 15
255, 32,4, 15
255, 33,4, 15
255, 34,4, 15
255, 35,4, 15
255, 36,4, 15
255, 37,4, 15
255, 38,4, 15
255, 39,4, 15
256, 0,0, 15
256, 1,0, 15
256, 2,0, 15
256, 3,0, 15
256, 4,0, 15
256, 5,0, 15
256, 6,0, 15
256, 7,0, 15
256, 8,0, 15
256, 9,0, 15
256, 10,0, 15
256, 11,0, 15
256, 12,0, 15
256, 13,0, 15
256, 14,0, 15
256, 15,0, 15
256, 16,0, 15
256, 17,0, 15
256, 18,0, 15
256, 19,0, 15
256, 20,0, 15
256, 21,0, 15
256, 22,0, 15
256, 23,0, 15
256, 24,0, 15
256, 25,0, 15
256, 26,0, 15
256, 27,0, 15
256, 28,0, 15
256, 29,0, 15
256, 30,0, 15
256, 31,0, 15
256, 32,0, 15
256, 33,0, 15
256, 34,0, 15
256, 35,0, 15
256, 36,0, 15
256, 37,0, 15
256, 38,0, 15
256, 39,0, 15
256, 0,1, 15
256, 1,1, 15
256, 2,1, 15
256, 3,1, 15
256, 4,1, 15
256, 5,1, 15
256, 6,1, 15
256, 7,1, 15
256, 8,1, 15
256, 9,1, 15
256, 10,1, 15
256, 11,1, 15
256, 12,1, 15
256, 13,1, 15
256, 14,1, 15
256, 15,1, 15
256, 16,1, 15
256, 17,1, 15
256, 18,1, 15
256, 19,1, 15
256, 20,1, 15
256, 21,1, 15
256, 22,1, 15
256, 23,1, 15
256, 24,1, 15
256, 25,1, 15
256, 26,1, 15
256, 27,1, 15
256, 28,1, 15
256, 29,1, 15
256, 30,1, 15
256, 31,1, 15
256, 32,1, 15
256, 33,1, 15
256, 34,1, 15
256, 35,1, 15
256, 36,1, 15
256, 37,1, 15
256, 38,1, 15
256, 39,1, 15
256, 0,2, 15
256, 1,2, 15
256, 2,2, 15
256, 3,2, 15
256, 4,2, 15
256, 5,2, 15
256, 6,2, 15
256, 7,2, 15
256, 8,2, 15
256, 9,2, 15
256, 10,2, 15
256, 11,2, 15
256, 12,2, 15
256, 13,2, 15
256, 14,2, 15
256, 15,2, 15
256, 16,2, 15
256, 17,2, 15
256, 18,2, 15
256, 19,2, 15
256, 20,2, 15
256, 21,2, 15
256, 22,2, 15
256, 23,2, 15
256, 24,2, 15
256, 25,2, 15
256, 26,2, 15
256, 27,2, 15
256, 28,2, 15
256, 29,2, 15
256, 30,2, 15
256, 31,2, 15
256, 32,2, 15
256, 33,2, 15
256, 34,2, 15
256, 35,2, 15
256, 36,2, 15
256, 37,2, 15
256, 38,2, 15
256, 39,2, 15
256, 0,3, 15
256, 1,3, 15
256, 2,3, 15
256, 3,3, 15
256, 4,3, 15
256, 5,3, 15
256, 6,3, 15
256, 7,3, 15
256, 8,3, 15
256, 9,3, 15
256, 10,3, 15
256, 11,3, 15
256, 12,3, 15
256, 13,3, 15
256, 14,3, 15
256, 15,3, 15
256, 16,3, 15
256, 17,3, 15
256, 18,3, 15
256, 19,3, 15
256, 20,3, 15
256, 21,3, 15
256, 22,3, 15
256, 23,3, 15
256, 24,3, 15
256, 25,3, 15
256, 26,3, 15
256, 27,3, 15
256, 28,3, 15
256, 29,3, 15
256, 30,3, 15
256, 31,3, 15
256, 32,3, 15
256, 33,3, 15
256, 34,3, 15
256, 35,3, 15
256, 36,3, 15
256, 37,3, 15
256, 38,3, 15
256, 39,3, 15
256, 0,4, 15
256, 1,4, 15
256, 2,4, 15
256, 3,4, 15
256, 4,4, 15
256, 5,4, 15
256, 6,4, 15
256, 7,4, 15
256, 8,4, 15
256, 9,4, 15
256, 10,4, 15
256, 11,4, 15
256, 12,4, 15
256, 13,4, 15
256, 14,4, 15
256, 15,4, 15
256, 16,4, 15
256, 17,4, 15
256, 18,4, 15
256, 19,4, 15
256, 20,4, 15
256, 21,4, 15
256, 22,4, 15
256, 23,4, 15
256, 24,4, 15
256, 25,4, 15
256, 26,4, 15
256, 27,4, 15
256, 28,4, 15
256, 29,4, 15
256, 30,4, 15
256, 31,4, 15
256, 32,4, 15
256, 33,4, 15
256, 34,4, 15
256, 35,4, 15
256, 36,4, 15
256, 37,4, 15
256, 38,4, 15
256, 39,4, 15
257, 0,0, 15
257, 1,0, 15
257, 2,0, 15
257, 3,0, 15
257, 4,0, 15
257, 5,0, 15
257, 6,0, 15
257, 7,0, 15
257, 8,0, 15
257, 9,0, 15
257, 10,0, 15
257, 11,0, 15
257, 12,0, 15
257, 13,0, 15
257, 14,0, 15
257, 15,0, 15
257, 16,0, 15
257, 17,0, 15
257, 18,0, 15
257, 19,0, 15
257, 20,0, 15
257, 21,0, 15
257, 22,0, 15
257, 23,0, 15
257, 24,0, 15
257, 25,0, 15
257, 26,0, 15
257, 27,0, 15
257, 28,0, 15
257, 29,0, 15
257, 30,0, 15
257, 31,0, 15
257, 32,0, 15
257, 33,0, 15
257, 34,0, 15
257, 35,0, 15
257, 36,0, 15
257, 37,0, 15
257, 38,0, 15
257, 39,0, 15
257, 0,1, 15
257, 1,1, 15
257, 2,1, 15
257, 3,1, 15
257, 4,1, 15
257, 5,1, 15
257, 6,1, 15
257, 7,1, 15
257, 8,1, 15
257, 9,1, 15
257, 10,1, 15
257, 11,1, 15
257, 12,1, 15
257, 13,1, 15
257, 14,1, 15
257, 15,1, 15
257, 16,1, 15
257, 17,1, 15
257, 18,1, 15
257, 19,1, 15
257, 20,1, 15
257, 21,1, 15
257, 22,1, 15
257, 23,1, 15
257, 24,1, 15
257, 25,1, 15
257, 26,1, 15
257, 27,1, 15
257, 28,1, 15
257, 29,1, 15
257, 30,1, 15
257, 31,1, 15
257, 32,1, 15
257, 33,1, 15
257, 34,1, 15
257, 35,1, 15
257, 36,1, 15
257, 37,1, 15
257, 38,1, 15
257, 39,1, 15
257, 0,2, 15
257, 1,2, 15
257, 2,2, 15
257, 3,2, 15
257, 4,2, 15
257, 5,2, 15
257, 6,2, 15
257, 7,2, 15
257, 8,2, 15
257, 9,2, 15
257, 10,2, 15
257, 11,2, 15
257, 12,2, 15
257, 13,2, 15
257, 14,2, 15
257, 15,2, 15
257, 16,2, 15
257, 17,2, 15
257, 18,2, 15
257, 19,2, 15
257, 20,2, 15
257, 21,2, 15
257, 22,2, 15
257, 23,2, 15
257, 24,2, 15
257, 25,2, 15
257, 26,2, 15
257, 27,2, 15
257, 28,2, 15
257, 29,2, 15
257, 30,2, 15
257, 31,2, 15
257, 32,2, 15
257, 33,2, 15
257, 34,2, 15
257, 35,2, 15
257, 36,2, 15
257, 37,2, 15
257, 38,2, 15
257, 39,2, 15
257, 0,3, 15
257, 1,3, 15
257, 2,3, 15
257, 3,3, 15
257, 4,3, 15
257, 5,3, 15
257, 6,3, 15
257, 7,3, 15
257, 8,3, 15
257, 9,3, 15
257, 10,3, 15
257, 11,3, 15
257, 12,3, 15
257, 13,3, 15
257, 14,3, 15
257, 15,3, 15
257, 16,3, 15
257, 17,3, 15
257, 18,3, 15
257, 19,3, 15
257, 20,3, 15
257, 21,3, 15
257, 22,3, 15
257, 23,3, 15
257, 24,3, 15
257, 25,3, 15
257, 26,3, 15
257, 27,3, 15
257, 28,3, 15
257, 29,3, 15
257, 30,3, 15
257, 31,3, 15
257, 32,3, 15
257, 33,3, 15
257, 34,3, 15
257, 35,3, 15
257, 36,3, 15
257, 37,3, 15
257, 38,3, 15
257, 39,3, 15
257, 0,4, 15
257, 1,4, 15
257, 2,4, 15
257, 3,4, 15
257, 4,4, 15
257, 5,4, 15
257, 6,4, 15
257, 7,4, 15
257, 8,4, 15
257, 9,4, 15
257, 10,4, 15
257, 11,4, 15
257, 12,4, 15
257, 13,4, 15
257, 14,4, 15
257, 15,4, 15
257, 16,4, 15
257, 17,4, 15
257, 18,4, 15
257, 19,4, 15
257, 20,4, 15
257, 21,4, 15
257, 22,4, 15
257, 23,4, 15
257, 24,4, 15
257, 25,4, 15
257, 26,4, 15
257, 27,4, 15
257, 28,4, 15
257, 29,4, 15
257, 30,4, 15
257, 31,4, 15
257, 32,4, 15
257, 33,4, 15
257, 34,4, 15
257, 35,4, 15
257, 36,4, 15
257, 37,4, 15
257, 38,4, 15
257, 39,4, 15
258, 0,0, 15
258, 1,0, 15
258, 2,0, 15
258, 3,0, 15
258, 4,0, 15
258, 5,0, 15
258, 6,0, 15
258, 7,0, 15
258, 8,0, 15
258, 9,0, 15
258, 10,0, 15
258, 11,0, 15
258, 12,0, 15
258, 13,0, 15
258, 14,0, 15
258, 15,0, 15
258, 16,0, 15
258, 17,0, 15
258, 18,0, 15
258, 19,0, 15
258, 20,0, 15
258, 21,0, 15
258, 22,0, 15
258, 23,0, 15
258, 24,0, 15
258, 25,0, 15
258, 26,0, 15
258, 27,0, 15
258, 28,0, 15
258, 29,0, 15
258, 30,0, 15
258, 31,0, 15
258, 32,0, 15
258, 33,0, 15
258, 34,0, 15
258, 35,0, 15
258, 36,0, 15
258, 37,0, 15
258, 38,0, 15
258, 39,0, 15
258, 0,1, 15
258, 1,1, 15
258, 2,1, 15
258, 3,1, 15
258, 4,1, 15
258, 5,1, 15
258, 6,1, 15
258, 7,1, 15
258, 8,1, 15
258, 9,1, 15
258, 10,1, 15
258, 11,1, 15
258, 12,1, 15
258, 13,1, 15
258, 14,1, 15
258, 15,1, 15
258, 16,1, 15
258, 17,1, 15
258, 18,1, 15
258, 19,1, 15
258, 20,1, 15
258, 21,1, 15
258, 22,1, 15
258, 23,1, 15
258, 24,1, 15
258, 25,1, 15
258, 26,1, 15
258, 27,1, 15
258, 28,1, 15
258, 29,1, 15
258, 30,1, 15
258, 31,1, 15
258, 32,1, 15
258, 33,1, 15
258, 34,1, 15
258, 35,1, 15
258, 36,1, 15
258, 37,1, 15
258, 38,1, 15
258, 39,1, 15
258, 0,2, 15
258, 1,2, 15
258, 2,2, 15
258, 3,2, 15
258, 4,2, 15
258, 5,2, 15
258, 6,2, 15
258, 7,2, 15
258, 8,2, 15
258, 9,2, 15
258, 10,2, 15
258, 11,2, 15
258, 12,2, 15
258, 13,2, 15
258, 14,2, 15
258, 15,2, 15
258, 16,2, 15
258, 17,2, 15
258, 18,2, 15
258, 19,2, 15
258, 20,2, 15
258, 21,2, 15
258, 22,2, 15
258, 23,2, 15
258, 24,2, 15
258, 25,2, 15
258, 26,2, 15
258, 27,2, 15
258, 28,2, 15
258, 29,2, 15
258, 30,2, 15
258, 31,2, 15
258, 32,2, 15
258, 33,2, 15
258, 34,2, 15
258, 35,2, 15
258, 36,2, 15
258, 37,2, 15
258, 38,2, 15
258, 39,2, 15
258, 0,3, 15
258, 1,3, 15
258, 2,3, 15
258, 3,3, 15
258, 4,3, 15
258, 5,3, 15
258, 6,3, 15
258, 7,3, 15
258, 8,3, 15
258, 9,3, 15
258, 10,3, 15
258, 11,3, 15
258, 12,3, 15
258, 13,3, 15
258, 14,3, 15
258, 15,3, 15
258, 16,3, 15
258, 17,3, 15
258, 18,3, 15
258, 19,3, 15
258, 20,3, 15
258, 21,3, 15
258, 22,3, 15
258, 23,3, 15
258, 24,3, 15
258, 25,3, 15
258, 26,3, 15
258, 27,3, 15
258, 28,3, 15
258, 29,3, 15
258, 30,3, 15
258, 31,3, 15
258, 32,3, 15
258, 33,3, 15
258, 34,3, 15
258, 35,3, 15
258, 36,3, 15
258, 37,3, 15
258, 38,3, 15
258, 39,3, 15
258, 0,4, 15
258, 1,4, 15
258, 2,4, 15
258, 3,4, 15
258, 4,4, 15
258, 5,4, 15
258, 6,4, 15
258, 7,4, 15
258, 8,4, 15
258, 9,4, 15
258, 10,4, 15
258, 11,4, 15
258, 12,4, 15
258, 13,4, 15
258, 14,4, 15
258, 15,4, 15
258, 16,4, 15
258, 17,4, 15
258, 18,4, 15
258, 19,4, 15
258, 20,4, 15
258, 21,4, 15
258, 22,4, 15
258, 23,4, 15
258, 24,4, 15
258, 25,4, 15
258, 26,4, 15
258, 27,4, 15
258, 28,4, 15
258, 29,4, 15
258, 30,4, 15
258, 31,4, 15
258, 32,4, 15
258, 33,4, 15
258, 34,4, 15
258, 35,4, 15
258, 36,4, 15
258, 37,4, 15
258, 38,4, 15
258, 39,4, 15
259, 0,0, 15
259, 1,0, 15
259, 2,0, 15
259, 3,0, 15
259, 4,0, 15
259, 5,0, 15
259, 6,0, 15
259, 7,0, 15
259, 8,0, 15
259, 9,0, 15
259, 10,0, 15
259, 11,0, 15
259, 12,0, 15
259, 13,0, 15
259, 14,0, 15
259, 15,0, 15
259, 16,0, 15
259, 17,0, 15
259, 18,0, 15
259, 19,0, 15
259, 20,0, 15
259, 21,0, 15
259, 22,0, 15
259, 23,0, 15
259, 24,0, 15
259, 25,0, 15
259, 26,0, 15
259, 27,0, 15
259, 28,0, 15
259, 29,0, 15
259, 30,0, 15
259, 31,0, 15
259, 32,0, 15
259, 33,0, 15
259, 34,0, 15
259, 35,0, 15
259, 36,0, 15
259, 37,0, 15
259, 38,0, 15
259, 39,0, 15
259, 0,1, 15
259, 1,1, 15
259, 2,1, 15
259, 3,1, 15
259, 4,1, 15
259, 5,1, 15
259, 6,1, 15
259, 7,1, 15
259, 8,1, 15
259, 9,1, 15
259, 10,1, 15
259, 11,1, 15
259, 12,1, 15
259, 13,1, 15
259, 14,1, 15
259, 15,1, 15
259, 16,1, 15
259, 17,1, 15
259, 18,1, 15
259, 19,1, 15
259, 20,1, 15
259, 21,1, 15
259, 22,1, 15
259, 23,1, 15
259, 24,1, 15
259, 25,1, 15
259, 26,1, 15
259, 27,1, 15
259, 28,1, 15
259, 29,1, 15
259, 30,1, 15
259, 31,1, 15
259, 32,1, 15
259, 33,1, 15
259, 34,1, 15
259, 35,1, 15
259, 36,1, 15
259, 37,1, 15
259, 38,1, 15
259, 39,1, 15
259, 0,2, 15
259, 1,2, 15
259, 2,2, 15
259, 3,2, 15
259, 4,2, 15
259, 5,2, 15
259, 6,2, 15
259, 7,2, 15
259, 8,2, 15
259, 9,2, 15
259, 10,2, 15
259, 11,2, 15
259, 12,2, 15
259, 13,2, 15
259, 14,2, 15
259, 15,2, 15
259, 16,2, 15
259, 17,2, 15
259, 18,2, 15
259, 19,2, 15
259, 20,2, 15
259, 21,2, 15
259, 22,2, 15
259, 23,2, 15
259, 24,2, 15
259, 25,2, 15
259, 26,2, 15
259, 27,2, 15
259, 28,2, 15
259, 29,2, 15
259, 30,2, 15
259, 31,2, 15
259, 32,2, 15
259, 33,2, 15
259, 34,2, 15
259, 35,2, 15
259, 36,2, 15
259, 37,2, 15
259, 38,2, 15
259, 39,2, 15
259, 0,3, 15
259, 1,3, 15
259, 2,3, 15
259, 3,3, 15
259, 4,3, 15
259, 5,3, 15
259, 6,3, 15
259, 7,3, 15
259, 8,3, 15
259, 9,3, 15
259, 10,3, 15
259, 11,3, 15
259, 12,3, 15
259, 13,3, 15
259, 14,3, 15
259, 15,3, 15
259, 16,3, 15
259, 17,3, 15
259, 18,3, 15
259, 19,3, 15
259, 20,3, 15
259, 21,3, 15
259, 22,3, 15
259, 23,3, 15
259, 24,3, 15
259, 25,3, 15
259, 26,3, 15
259, 27,3, 15
259, 28,3, 15
259, 29,3, 15
259, 30,3, 15
259, 31,3, 15
259, 32,3, 15
259, 33,3, 15
259, 34,3, 15
259, 35,3, 15
259, 36,3, 15
259, 37,3, 15
259, 38,3, 15
259, 39,3, 15
259, 0,4, 15
259, 1,4, 15
259, 2,4, 15
259, 3,4, 15
259, 4,4, 15
259, 5,4, 15
259, 6,4, 15
259, 7,4, 15
259, 8,4, 15
259, 9,4, 15
259, 10,4, 15
259, 11,4, 15
259, 12,4, 15
259, 13,4, 15
259, 14,4, 15
259, 15,4, 15
259, 16,4, 15
259, 17,4, 15
259, 18,4, 15
259, 19,4, 15
259, 20,4, 15
259, 21,4, 15
259, 22,4, 15
259, 23,4, 15
259, 24,4, 15
259, 25,4, 15
259, 26,4, 15
259, 27,4, 15
259, 28,4, 15
259, 29,4, 15
259, 30,4, 15
259, 31,4, 15
259, 32,4, 15
259, 33,4, 15
259, 34,4, 15
259, 35,4, 15
259, 36,4, 15
259, 37,4, 15
259, 38,4, 15
259, 39,4, 15
260, 0,0, 15
260, 1,0, 15
260, 2,0, 15
260, 3,0, 15
260, 4,0, 15
260, 5,0, 15
260, 6,0, 15
260, 7,0, 15
260, 8,0, 15
260, 9,0, 15
260, 10,0, 15
260, 11,0, 15
260, 12,0, 15
260, 13,0, 15
260, 14,0, 15
260, 15,0, 15
260, 16,0, 15
260, 17,0, 15
260, 18,0, 15
260, 19,0, 15
260, 20,0, 15
260, 21,0, 15
260, 22,0, 15
260, 23,0, 15
260, 24,0, 15
260, 25,0, 15
260, 26,0, 15
260, 27,0, 15
260, 28,0, 15
260, 29,0, 15
260, 30,0, 15
260, 31,0, 15
260, 32,0, 15
260, 33,0, 15
260, 34,0, 15
260, 35,0, 15
260, 36,0, 15
260, 37,0, 15
260, 38,0, 15
260, 39,0, 15
260, 0,1, 15
260, 1,1, 15
260, 2,1, 15
260, 3,1, 15
260, 4,1, 15
260, 5,1, 15
260, 6,1, 15
260, 7,1, 15
260, 8,1, 15
260, 9,1, 15
260, 10,1, 15
260, 11,1, 15
260, 12,1, 15
260, 13,1, 15
260, 14,1, 15
260, 15,1, 15
260, 16,1, 15
260, 17,1, 15
260, 18,1, 15
260, 19,1, 15
260, 20,1, 15
260, 21,1, 15
260, 22,1, 15
260, 23,1, 15
260, 24,1, 15
260, 25,1, 15
260, 26,1, 15
260, 27,1, 15
260, 28,1, 15
260, 29,1, 15
260, 30,1, 15
260, 31,1, 15
260, 32,1, 15
260, 33,1, 15
260, 34,1, 15
260, 35,1, 15
260, 36,1, 15
260, 37,1, 15
260, 38,1, 15
260, 39,1, 15
260, 0,2, 15
260, 1,2, 15
260, 2,2, 15
260, 3,2, 15
260, 4,2, 15
260, 5,2, 15
260, 6,2, 15
260, 7,2, 15
260, 8,2, 15
260, 9,2, 15
260, 10,2, 15
260, 11,2, 15
260, 12,2, 15
260, 13,2, 15
260, 14,2, 15
260, 15,2, 15
260, 16,2, 15
260, 17,2, 15
260, 18,2, 15
260, 19,2, 15
260, 20,2, 15
260, 21,2, 15
260, 22,2, 15
260, 23,2, 15
260, 24,2, 15
260, 25,2, 15
260, 26,2, 15
260, 27,2, 15
260, 28,2, 15
260, 29,2, 15
260, 30,2, 15
260, 31,2, 15
260, 32,2, 15
260, 33,2, 15
260, 34,2, 15
260, 35,2, 15
260, 36,2, 15
260, 37,2, 15
260, 38,2, 15
260, 39,2, 15
260, 0,3, 15
260, 1,3, 15
260, 2,3, 15
260, 3,3, 15
260, 4,3, 15
260, 5,3, 15
260, 6,3, 15
260, 7,3, 15
260, 8,3, 15
260, 9,3, 15
260, 10,3, 15
260, 11,3, 15
260, 12,3, 15
260, 13,3, 15
260, 14,3, 15
260, 15,3, 15
260, 16,3, 15
260, 17,3, 15
260, 18,3, 15
260, 19,3, 15
260, 20,3, 15
260, 21,3, 15
260, 22,3, 15
260, 23,3, 15
260, 24,3, 15
260, 25,3, 15
260, 26,3, 15
260, 27,3, 15
260, 28,3, 15
260, 29,3, 15
260, 30,3, 15
260, 31,3, 15
260, 32,3, 15
260, 33,3, 15
260, 34,3, 15
260, 35,3, 15
260, 36,3, 15
260, 37,3, 15
260, 38,3, 15
260, 39,3, 15
260, 0,4, 15
260, 1,4, 15
260, 2,4, 15
260, 3,4, 15
260, 4,4, 15
260, 5,4, 15
260, 6,4, 15
260, 7,4, 15
260, 8,4, 15
260, 9,4, 15
260, 10,4, 15
260, 11,4, 15
260, 12,4, 15
260, 13,4, 15
260, 14,4, 15
260, 15,4, 15
260, 16,4, 15
260, 17,4, 15
260, 18,4, 15
260, 19,4, 15
260, 20,4, 15
260, 21,4, 15
260, 22,4, 15
260, 23,4, 15
260, 24,4, 15
260, 25,4, 15
260, 26,4, 15
260, 27,4, 15
260, 28,4, 15
260, 29,4, 15
260, 30,4, 15
260, 31,4, 15
260, 32,4, 15
260, 33,4, 15
260, 34,4, 15
260, 35,4, 15
260, 36,4, 15
260, 37,4, 15
260, 38,4, 15
260, 39,4, 15
261, 0,0, 15
261, 1,0, 15
261, 2,0, 15
261, 3,0, 15
261, 4,0, 15
261, 5,0, 15
261, 6,0, 15
261, 7,0, 15
261, 8,0, 15
261, 9,0, 15
261, 10,0, 15
261, 11,0, 15
261, 12,0, 15
261, 13,0, 15
261, 14,0, 15
261, 15,0, 15
261, 16,0, 15
261, 17,0, 15
261, 18,0, 15
261, 19,0, 15
261, 20,0, 15
261, 21,0, 15
261, 22,0, 15
261, 23,0, 15
261, 24,0, 15
261, 25,0, 15
261, 26,0, 15
261, 27,0, 15
261, 28,0, 15
261, 29,0, 15
261, 30,0, 15
261, 31,0, 15
261, 32,0, 15
261, 33,0, 15
261, 34,0, 15
261, 35,0, 15
261, 36,0, 15
261, 37,0, 15
261, 38,0, 15
261, 39,0, 15
261, 0,1, 15
261, 1,1, 15
261, 2,1, 15
261, 3,1, 15
261, 4,1, 15
261, 5,1, 15
261, 6,1, 15
261, 7,1, 15
261, 8,1, 15
261, 9,1, 15
261, 10,1, 15
261, 11,1, 15
261, 12,1, 15
261, 13,1, 15
261, 14,1, 15
261, 15,1, 15
261, 16,1, 15
261, 17,1, 15
261, 18,1, 15
261, 19,1, 15
261, 20,1, 15
261, 21,1, 15
261, 22,1, 15
261, 23,1, 15
261, 24,1, 15
261, 25,1, 15
261, 26,1, 15
261, 27,1, 15
261, 28,1, 15
261, 29,1, 15
261, 30,1, 15
261, 31,1, 15
261, 32,1, 15
261, 33,1, 15
261, 34,1, 15
261, 35,1, 15
261, 36,1, 15
261, 37,1, 15
261, 38,1, 15
261, 39,1, 15
261, 0,2, 15
261, 1,2, 15
261, 2,2, 15
261, 3,2, 15
261, 4,2, 15
261, 5,2, 15
261, 6,2, 15
261, 7,2, 15
261, 8,2, 15
261, 9,2, 15
261, 10,2, 15
261, 11,2, 15
261, 12,2, 15
261, 13,2, 15
261, 14,2, 15
261, 15,2, 15
261, 16,2, 15
261, 17,2, 15
261, 18,2, 15
261, 19,2, 15
261, 20,2, 15
261, 21,2, 15
261, 22,2, 15
261, 23,2, 15
261, 24,2, 15
261, 25,2, 15
261, 26,2, 15
261, 27,2, 15
261, 28,2, 15
261, 29,2, 15
261, 30,2, 15
261, 31,2, 15
261, 32,2, 15
261, 33,2, 15
261, 34,2, 15
261, 35,2, 15
261, 36,2, 15
261, 37,2, 15
261, 38,2, 15
261, 39,2, 15
261, 0,3, 15
261, 1,3, 15
261, 2,3, 15
261, 3,3, 15
261, 4,3, 15
261, 5,3, 15
261, 6,3, 15
261, 7,3, 15
261, 8,3, 15
261, 9,3, 15
261, 10,3, 15
261, 11,3, 15
261, 12,3, 15
261, 13,3, 15
261, 14,3, 15
261, 15,3, 15
261, 16,3, 15
261, 17,3, 15
261, 18,3, 15
261, 19,3, 15
261, 20,3, 15
261, 21,3, 15
261, 22,3, 15
261, 23,3, 15
261, 24,3, 15
261, 25,3, 15
261, 26,3, 15
261, 27,3, 15
261, 28,3, 15
261, 29,3, 15
261, 30,3, 15
261, 31,3, 15
261, 32,3, 15
261, 33,3, 15
261, 34,3, 15
261, 35,3, 15
261, 36,3, 15
261, 37,3, 15
261, 38,3, 15
261, 39,3, 15
261, 0,4, 15
261, 1,4, 15
261, 2,4, 15
261, 3,4, 15
261, 4,4, 15
261, 5,4, 15
261, 6,4, 15
261, 7,4, 15
261, 8,4, 15
261, 9,4, 15
261, 10,4, 15
261, 11,4, 15
261, 12,4, 15
261, 13,4, 15
261, 14,4, 15
261, 15,4, 15
261, 16,4, 15
261, 17,4, 15
261, 18,4, 15
261, 19,4, 15
261, 20,4, 15
261, 21,4, 15
261, 22,4, 15
261, 23,4, 15
261, 24,4, 15
261, 25,4, 15
261, 26,4, 15
261, 27,4, 15
261, 28,4, 15
261, 29,4, 15
261, 30,4, 15
261, 31,4, 15
261, 32,4, 15
261, 33,4, 15
261, 34,4, 15
261, 35,4, 15
261, 36,4, 15
261, 37,4, 15
261, 38,4, 15
261, 39,4, 15
262, 0,0, 15
262, 1,0, 15
262, 2,0, 15
262, 3,0, 15
262, 4,0, 15
262, 5,0, 15
262, 6,0, 15
262, 7,0, 15
262, 8,0, 15
262, 9,0, 15
262, 10,0, 15
262, 11,0, 15
262, 12,0, 15
262, 13,0, 15
262, 14,0, 15
262, 15,0, 15
262, 16,0, 15
262, 17,0, 15
262, 18,0, 15
262, 19,0, 15
262, 20,0, 15
262, 21,0, 15
262, 22,0, 15
262, 23,0, 15
262, 24,0, 15
262, 25,0, 15
262, 26,0, 15
262, 27,0, 15
262, 28,0, 15
262, 29,0, 15
262, 30,0, 15
262, 31,0, 15
262, 32,0, 15
262, 33,0, 15
262, 34,0, 15
262, 35,0, 15
262, 36,0, 15
262, 37,0, 15
262, 38,0, 15
262, 39,0, 15
262, 0,1, 15
262, 1,1, 15
262, 2,1, 15
262, 3,1, 15
262, 4,1, 15
262, 5,1, 15
262, 6,1, 15
262, 7,1, 15
262, 8,1, 15
262, 9,1, 15
262, 10,1, 15
262, 11,1, 15
262, 12,1, 15
262, 13,1, 15
262, 14,1, 15
262, 15,1, 15
262, 16,1, 15
262, 17,1, 15
262, 18,1, 15
262, 19,1, 15
262, 20,1, 15
262, 21,1, 15
262, 22,1, 15
262, 23,1, 15
262, 24,1, 15
262, 25,1, 15
262, 26,1, 15
262, 27,1, 15
262, 28,1, 15
262, 29,1, 15
262, 30,1, 15
262, 31,1, 15
262, 32,1, 15
262, 33,1, 15
262, 34,1, 15
262, 35,1, 15
262, 36,1, 15
262, 37,1, 15
262, 38,1, 15
262, 39,1, 15
262, 0,2, 15
262, 1,2, 15
262, 2,2, 15
262, 3,2, 15
262, 4,2, 15
262, 5,2, 15
262, 6,2, 15
262, 7,2, 15
262, 8,2, 15
262, 9,2, 15
262, 10,2, 15
262, 11,2, 15
262, 12,2, 15
262, 13,2, 15
262, 14,2, 15
262, 15,2, 15
262, 16,2, 15
262, 17,2, 15
262, 18,2, 15
262, 19,2, 15
262, 20,2, 15
262, 21,2, 15
262, 22,2, 15
262, 23,2, 15
262, 24,2, 15
262, 25,2, 15
262, 26,2, 15
262, 27,2, 15
262, 28,2, 15
262, 29,2, 15
262, 30,2, 15
262, 31,2, 15
262, 32,2, 15
262, 33,2, 15
262, 34,2, 15
262, 35,2, 15
262, 36,2, 15
262, 37,2, 15
262, 38,2, 15
262, 39,2, 15
262, 0,3, 15
262, 1,3, 15
262, 2,3, 15
262, 3,3, 15
262, 4,3, 15
262, 5,3, 15
262, 6,3, 15
262, 7,3, 15
262, 8,3, 15
262, 9,3, 15
262, 10,3, 15
262, 11,3, 15
262, 12,3, 15
262, 13,3, 15
262, 14,3, 15
262, 15,3, 15
262, 16,3, 15
262, 17,3, 15
262, 18,3, 15
262, 19,3, 15
262, 20,3, 15
262, 21,3, 15
262, 22,3, 15
262, 23,3, 15
262, 24,3, 15
262, 25,3, 15
262, 26,3, 15
262, 27,3, 15
262, 28,3, 15
262, 29,3, 15
262, 30,3, 15
262, 31,3, 15
262, 32,3, 15
262, 33,3, 15
262, 34,3, 15
262, 35,3, 15
262, 36,3, 15
262, 37,3, 15
262, 38,3, 15
262, 39,3, 15
262, 0,4, 15
262, 1,4, 15
262, 2,4, 15
262, 3,4, 15
262, 4,4, 15
262, 5,4, 15
262, 6,4, 15
262, 7,4, 15
262, 8,4, 15
262, 9,4, 15
262, 10,4, 15
262, 11,4, 15
262, 12,4, 15
262, 13,4, 15
262, 14,4, 15
262, 15,4, 15
262, 16,4, 15
262, 17,4, 15
262, 18,4, 15
262, 19,4, 15
262, 20,4, 15
262, 21,4, 15
262, 22,4, 15
262, 23,4, 15
262, 24,4, 15
262, 25,4, 15
262, 26,4, 15
262, 27,4, 15
262, 28,4, 15
262, 29,4, 15
262, 30,4, 15
262, 31,4, 15
262, 32,4, 15
262, 33,4, 15
262, 34,4, 15
262, 35,4, 15
262, 36,4, 15
262, 37,4, 15
262, 38,4, 15
262, 39,4, 15
263, 0,0, 15
263, 1,0, 15
263, 2,0, 15
263, 3,0, 15
263, 4,0, 15
263, 5,0, 15
263, 6,0, 15
263, 7,0, 15
263, 8,0, 15
263, 9,0, 15
263, 10,0, 15
263, 11,0, 15
263, 12,0, 15
263, 13,0, 15
263, 14,0, 15
263, 15,0, 15
263, 16,0, 15
263, 17,0, 15
263, 18,0, 15
263, 19,0, 15
263, 20,0, 15
263, 21,0, 15
263, 22,0, 15
263, 23,0, 15
263, 24,0, 15
263, 25,0, 15
263, 26,0, 15
263, 27,0, 15
263, 28,0, 15
263, 29,0, 15
263, 30,0, 15
263, 31,0, 15
263, 32,0, 15
263, 33,0, 15
263, 34,0, 15
263, 35,0, 15
263, 36,0, 15
263, 37,0, 15
263, 38,0, 15
263, 39,0, 15
263, 0,1, 15
263, 1,1, 15
263, 2,1, 15
263, 3,1, 15
263, 4,1, 15
263, 5,1, 15
263, 6,1, 15
263, 7,1, 15
263, 8,1, 15
263, 9,1, 15
263, 10,1, 15
263, 11,1, 15
263, 12,1, 15
263, 13,1, 15
263, 14,1, 15
263, 15,1, 15
263, 16,1, 15
263, 17,1, 15
263, 18,1, 15
263, 19,1, 15
263, 20,1, 15
263, 21,1, 15
263, 22,1, 15
263, 23,1, 15
263, 24,1, 15
263, 25,1, 15
263, 26,1, 15
263, 27,1, 15
263, 28,1, 15
263, 29,1, 15
263, 30,1, 15
263, 31,1, 15
263, 32,1, 15
263, 33,1, 15
263, 34,1, 15
263, 35,1, 15
263, 36,1, 15
263, 37,1, 15
263, 38,1, 15
263, 39,1, 15
263, 0,2, 15
263, 1,2, 15
263, 2,2, 15
263, 3,2, 15
263, 4,2, 15
263, 5,2, 15
263, 6,2, 15
263, 7,2, 15
263, 8,2, 15
263, 9,2, 15
263, 10,2, 15
263, 11,2, 15
263, 12,2, 15
263, 13,2, 15
263, 14,2, 15
263, 15,2, 15
263, 16,2, 15
263, 17,2, 15
263, 18,2, 15
263, 19,2, 15
263, 20,2, 15
263, 21,2, 15
263, 22,2, 15
263, 23,2, 15
263, 24,2, 15
263, 25,2, 15
263, 26,2, 15
263, 27,2, 15
263, 28,2, 15
263, 29,2, 15
263, 30,2, 15
263, 31,2, 15
263, 32,2, 15
263, 33,2, 15
263, 34,2, 15
263, 35,2, 15
263, 36,2, 15
263, 37,2, 15
263, 38,2, 15
263, 39,2, 15
263, 0,3, 15
263, 1,3, 15
263, 2,3, 15
263, 3,3, 15
263, 4,3, 15
263, 5,3, 15
263, 6,3, 15
263, 7,3, 15
263, 8,3, 15
263, 9,3, 15
263, 10,3, 15
263, 11,3, 15
263, 12,3, 15
263, 13,3, 15
263, 14,3, 15
263, 15,3, 15
263, 16,3, 15
263, 17,3, 15
263, 18,3, 15
263, 19,3, 15
263, 20,3, 15
263, 21,3, 15
263, 22,3, 15
263, 23,3, 15
263, 24,3, 15
263, 25,3, 15
263, 26,3, 15
263, 27,3, 15
263, 28,3, 15
263, 29,3, 15
263, 30,3, 15
263, 31,3, 15
263, 32,3, 15
263, 33,3, 15
263, 34,3, 15
263, 35,3, 15
263, 36,3, 15
263, 37,3, 15
263, 38,3, 15
263, 39,3, 15
263, 0,4, 15
263, 1,4, 15
263, 2,4, 15
263, 3,4, 15
263, 4,4, 15
263, 5,4, 15
263, 6,4, 15
263, 7,4, 15
263, 8,4, 15
263, 9,4, 15
263, 10,4, 15
263, 11,4, 15
263, 12,4, 15
263, 13,4, 15
263, 14,4, 15
263, 15,4, 15
263, 16,4, 15
263, 17,4, 15
263, 18,4, 15
263, 19,4, 15
263, 20,4, 15
263, 21,4, 15
263, 22,4, 15
263, 23,4, 15
263, 24,4, 15
263, 25,4, 15
263, 26,4, 15
263, 27,4, 15
263, 28,4, 15
263, 29,4, 15
263, 30,4, 15
263, 31,4, 15
263, 32,4, 15
263, 33,4, 15
263, 34,4, 15
263, 35,4, 15
263, 36,4, 15
263, 37,4, 15
263, 38,4, 15
263, 39,4, 15
264, 0,0, 15
264, 1,0, 15
264, 2,0, 15
264, 3,0, 15
264, 4,0, 15
264, 5,0, 15
264, 6,0, 15
264, 7,0, 15
264, 8,0, 15
264, 9,0, 15
264, 10,0, 15
264, 11,0, 15
264, 12,0, 15
264, 13,0, 15
264, 14,0, 15
264, 15,0, 15
264, 16,0, 15
264, 17,0, 15
264, 18,0, 15
264, 19,0, 15
264, 20,0, 15
264, 21,0, 15
264, 22,0, 15
264, 23,0, 15
264, 24,0, 15
264, 25,0, 15
264, 26,0, 15
264, 27,0, 15
264, 28,0, 15
264, 29,0, 15
264, 30,0, 15
264, 31,0, 15
264, 32,0, 15
264, 33,0, 15
264, 34,0, 15
264, 35,0, 15
264, 36,0, 15
264, 37,0, 15
264, 38,0, 15
264, 39,0, 15
264, 0,1, 15
264, 1,1, 15
264, 2,1, 15
264, 3,1, 15
264, 4,1, 15
264, 5,1, 15
264, 6,1, 15
264, 7,1, 15
264, 8,1, 15
264, 9,1, 15
264, 10,1, 15
264, 11,1, 15
264, 12,1, 15
264, 13,1, 15
264, 14,1, 15
264, 15,1, 15
264, 16,1, 15
264, 17,1, 15
264, 18,1, 15
264, 19,1, 15
264, 20,1, 15
264, 21,1, 15
264, 22,1, 15
264, 23,1, 15
264, 24,1, 15
264, 25,1, 15
264, 26,1, 15
264, 27,1, 15
264, 28,1, 15
264, 29,1, 15
264, 30,1, 15
264, 31,1, 15
264, 32,1, 15
264, 33,1, 15
264, 34,1, 15
264, 35,1, 15
264, 36,1, 15
264, 37,1, 15
264, 38,1, 15
264, 39,1, 15
264, 0,2, 15
264, 1,2, 15
264, 2,2, 15
264, 3,2, 15
264, 4,2, 15
264, 5,2, 15
264, 6,2, 15
264, 7,2, 15
264, 8,2, 15
264, 9,2, 15
264, 10,2, 15
264, 11,2, 15
264, 12,2, 15
264, 13,2, 15
264, 14,2, 15
264, 15,2, 15
264, 16,2, 15
264, 17,2, 15
264, 18,2, 15
264, 19,2, 15
264, 20,2, 15
264, 21,2, 15
264, 22,2, 15
264, 23,2, 15
264, 24,2, 15
264, 25,2, 15
264, 26,2, 15
264, 27,2, 15
264, 28,2, 15
264, 29,2, 15
264, 30,2, 15
264, 31,2, 15
264, 32,2, 15
264, 33,2, 15
264, 34,2, 15
264, 35,2, 15
264, 36,2, 15
264, 37,2, 15
264, 38,2, 15
264, 39,2, 15
264, 0,3, 15
264, 1,3, 15
264, 2,3, 15
264, 3,3, 15
264, 4,3, 15
264, 5,3, 15
264, 6,3, 15
264, 7,3, 15
264, 8,3, 15
264, 9,3, 15
264, 10,3, 15
264, 11,3, 15
264, 12,3, 15
264, 13,3, 15
264, 14,3, 15
264, 15,3, 15
264, 16,3, 15
264, 17,3, 15
264, 18,3, 15
264, 19,3, 15
264, 20,3, 15
264, 21,3, 15
264, 22,3, 15
264, 23,3, 15
264, 24,3, 15
264, 25,3, 15
264, 26,3, 15
264, 27,3, 15
264, 28,3, 15
264, 29,3, 15
264, 30,3, 15
264, 31,3, 15
264, 32,3, 15
264, 33,3, 15
264, 34,3, 15
264, 35,3, 15
264, 36,3, 15
264, 37,3, 15
264, 38,3, 15
264, 39,3, 15
264, 0,4, 15
264, 1,4, 15
264, 2,4, 15
264, 3,4, 15
264, 4,4, 15
264, 5,4, 15
264, 6,4, 15
264, 7,4, 15
264, 8,4, 15
264, 9,4, 15
264, 10,4, 15
264, 11,4, 15
264, 12,4, 15
264, 13,4, 15
264, 14,4, 15
264, 15,4, 15
264, 16,4, 15
264, 17,4, 15
264, 18,4, 15
264, 19,4, 15
264, 20,4, 15
264, 21,4, 15
264, 22,4, 15
264, 23,4, 15
264, 24,4, 15
264, 25,4, 15
264, 26,4, 15
264, 27,4, 15
264, 28,4, 15
264, 29,4, 15
264, 30,4, 15
264, 31,4, 15
264, 32,4, 15
264, 33,4, 15
264, 34,4, 15
264, 35,4, 15
264, 36,4, 15
264, 37,4, 15
264, 38,4, 15
264, 39,4, 15
265, 0,0, 15
265, 1,0, 15
265, 2,0, 15
265, 3,0, 15
265, 4,0, 15
265, 5,0, 15
265, 6,0, 15
265, 7,0, 15
265, 8,0, 15
265, 9,0, 15
265, 10,0, 15
265, 11,0, 15
265, 12,0, 15
265, 13,0, 15
265, 14,0, 15
265, 15,0, 15
265, 16,0, 15
265, 17,0, 15
265, 18,0, 15
265, 19,0, 15
265, 20,0, 15
265, 21,0, 15
265, 22,0, 15
265, 23,0, 15
265, 24,0, 15
265, 25,0, 15
265, 26,0, 15
265, 27,0, 15
265, 28,0, 15
265, 29,0, 15
265, 30,0, 15
265, 31,0, 15
265, 32,0, 15
265, 33,0, 15
265, 34,0, 15
265, 35,0, 15
265, 36,0, 15
265, 37,0, 15
265, 38,0, 15
265, 39,0, 15
265, 0,1, 15
265, 1,1, 15
265, 2,1, 15
265, 3,1, 15
265, 4,1, 15
265, 5,1, 15
265, 6,1, 15
265, 7,1, 15
265, 8,1, 15
265, 9,1, 15
265, 10,1, 15
265, 11,1, 15
265, 12,1, 15
265, 13,1, 15
265, 14,1, 15
265, 15,1, 15
265, 16,1, 15
265, 17,1, 15
265, 18,1, 15
265, 19,1, 15
265, 20,1, 15
265, 21,1, 15
265, 22,1, 15
265, 23,1, 15
265, 24,1, 15
265, 25,1, 15
265, 26,1, 15
265, 27,1, 15
265, 28,1, 15
265, 29,1, 15
265, 30,1, 15
265, 31,1, 15
265, 32,1, 15
265, 33,1, 15
265, 34,1, 15
265, 35,1, 15
265, 36,1, 15
265, 37,1, 15
265, 38,1, 15
265, 39,1, 15
265, 0,2, 15
265, 1,2, 15
265, 2,2, 15
265, 3,2, 15
265, 4,2, 15
265, 5,2, 15
265, 6,2, 15
265, 7,2, 15
265, 8,2, 15
265, 9,2, 15
265, 10,2, 15
265, 11,2, 15
265, 12,2, 15
265, 13,2, 15
265, 14,2, 15
265, 15,2, 15
265, 16,2, 15
265, 17,2, 15
265, 18,2, 15
265, 19,2, 15
265, 20,2, 15
265, 21,2, 15
265, 22,2, 15
265, 23,2, 15
265, 24,2, 15
265, 25,2, 15
265, 26,2, 15
265, 27,2, 15
265, 28,2, 15
265, 29,2, 15
265, 30,2, 15
265, 31,2, 15
265, 32,2, 15
265, 33,2, 15
265, 34,2, 15
265, 35,2, 15
265, 36,2, 15
265, 37,2, 15
265, 38,2, 15
265, 39,2, 15
265, 0,3, 15
265, 1,3, 15
265, 2,3, 15
265, 3,3, 15
265, 4,3, 15
265, 5,3, 15
265, 6,3, 15
265, 7,3, 15
265, 8,3, 15
265, 9,3, 15
265, 10,3, 15
265, 11,3, 15
265, 12,3, 15
265, 13,3, 15
265, 14,3, 15
265, 15,3, 15
265, 16,3, 15
265, 17,3, 15
265, 18,3, 15
265, 19,3, 15
265, 20,3, 15
265, 21,3, 15
265, 22,3, 15
265, 23,3, 15
265, 24,3, 15
265, 25,3, 15
265, 26,3, 15
265, 27,3, 15
265, 28,3, 15
265, 29,3, 15
265, 30,3, 15
265, 31,3, 15
265, 32,3, 15
265, 33,3, 15
265, 34,3, 15
265, 35,3, 15
265, 36,3, 15
265, 37,3, 15
265, 38,3, 15
265, 39,3, 15
265, 0,4, 15
265, 1,4, 15
265, 2,4, 15
265, 3,4, 15
265, 4,4, 15
265, 5,4, 15
265, 6,4, 15
265, 7,4, 15
265, 8,4, 15
265, 9,4, 15
265, 10,4, 15
265, 11,4, 15
265, 12,4, 15
265, 13,4, 15
265, 14,4, 15
265, 15,4, 15
265, 16,4, 15
265, 17,4, 15
265, 18,4, 15
265, 19,4, 15
265, 20,4, 15
265, 21,4, 15
265, 22,4, 15
265, 23,4, 15
265, 24,4, 15
265, 25,4, 15
265, 26,4, 15
265, 27,4, 15
265, 28,4, 15
265, 29,4, 15
265, 30,4, 15
265, 31,4, 15
265, 32,4, 15
265, 33,4, 15
265, 34,4, 15
265, 35,4, 15
265, 36,4, 15
265, 37,4, 15
265, 38,4, 15
265, 39,4, 15
266, 0,0, 15
266, 1,0, 15
266, 2,0, 15
266, 3,0, 15
266, 4,0, 15
266, 5,0, 15
266, 6,0, 15
266, 7,0, 15
266, 8,0, 15
266, 9,0, 15
266, 10,0, 15
266, 11,0, 15
266, 12,0, 15
266, 13,0, 15
266, 14,0, 15
266, 15,0, 15
266, 16,0, 15
266, 17,0, 15
266, 18,0, 15
266, 19,0, 15
266, 20,0, 15
266, 21,0, 15
266, 22,0, 15
266, 23,0, 15
266, 24,0, 15
266, 25,0, 15
266, 26,0, 15
266, 27,0, 15
266, 28,0, 15
266, 29,0, 15
266, 30,0, 15
266, 31,0, 15
266, 32,0, 15
266, 33,0, 15
266, 34,0, 15
266, 35,0, 15
266, 36,0, 15
266, 37,0, 15
266, 38,0, 15
266, 39,0, 15
266, 0,1, 15
266, 1,1, 15
266, 2,1, 15
266, 3,1, 15
266, 4,1, 15
266, 5,1, 15
266, 6,1, 15
266, 7,1, 15
266, 8,1, 15
266, 9,1, 15
266, 10,1, 15
266, 11,1, 15
266, 12,1, 15
266, 13,1, 15
266, 14,1, 15
266, 15,1, 15
266, 16,1, 15
266, 17,1, 15
266, 18,1, 15
266, 19,1, 15
266, 20,1, 15
266, 21,1, 15
266, 22,1, 15
266, 23,1, 15
266, 24,1, 15
266, 25,1, 15
266, 26,1, 15
266, 27,1, 15
266, 28,1, 15
266, 29,1, 15
266, 30,1, 15
266, 31,1, 15
266, 32,1, 15
266, 33,1, 15
266, 34,1, 15
266, 35,1, 15
266, 36,1, 15
266, 37,1, 15
266, 38,1, 15
266, 39,1, 15
266, 0,2, 15
266, 1,2, 15
266, 2,2, 15
266, 3,2, 15
266, 4,2, 15
266, 5,2, 15
266, 6,2, 15
266, 7,2, 15
266, 8,2, 15
266, 9,2, 15
266, 10,2, 15
266, 11,2, 15
266, 12,2, 15
266, 13,2, 15
266, 14,2, 15
266, 15,2, 15
266, 16,2, 15
266, 17,2, 15
266, 18,2, 15
266, 19,2, 15
266, 20,2, 15
266, 21,2, 15
266, 22,2, 15
266, 23,2, 15
266, 24,2, 15
266, 25,2, 15
266, 26,2, 15
266, 27,2, 15
266, 28,2, 15
266, 29,2, 15
266, 30,2, 15
266, 31,2, 15
266, 32,2, 15
266, 33,2, 15
266, 34,2, 15
266, 35,2, 15
266, 36,2, 15
266, 37,2, 15
266, 38,2, 15
266, 39,2, 15
266, 0,3, 15
266, 1,3, 15
266, 2,3, 15
266, 3,3, 15
266, 4,3, 15
266, 5,3, 15
266, 6,3, 15
266, 7,3, 15
266, 8,3, 15
266, 9,3, 15
266, 10,3, 15
266, 11,3, 15
266, 12,3, 15
266, 13,3, 15
266, 14,3, 15
266, 15,3, 15
266, 16,3, 15
266, 17,3, 15
266, 18,3, 15
266, 19,3, 15
266, 20,3, 15
266, 21,3, 15
266, 22,3, 15
266, 23,3, 15
266, 24,3, 15
266, 25,3, 15
266, 26,3, 15
266, 27,3, 15
266, 28,3, 15
266, 29,3, 15
266, 30,3, 15
266, 31,3, 15
266, 32,3, 15
266, 33,3, 15
266, 34,3, 15
266, 35,3, 15
266, 36,3, 15
266, 37,3, 15
266, 38,3, 15
266, 39,3, 15
266, 0,4, 15
266, 1,4, 15
266, 2,4, 15
266, 3,4, 15
266, 4,4, 15
266, 5,4, 15
266, 6,4, 15
266, 7,4, 15
266, 8,4, 15
266, 9,4, 15
266, 10,4, 15
266, 11,4, 15
266, 12,4, 15
266, 13,4, 15
266, 14,4, 15
266, 15,4, 15
266, 16,4, 15
266, 17,4, 15
266, 18,4, 15
266, 19,4, 15
266, 20,4, 15
266, 21,4, 15
266, 22,4, 15
266, 23,4, 15
266, 24,4, 15
266, 25,4, 15
266, 26,4, 15
266, 27,4, 15
266, 28,4, 15
266, 29,4, 15
266, 30,4, 15
266, 31,4, 15
266, 32,4, 15
266, 33,4, 15
266, 34,4, 15
266, 35,4, 15
266, 36,4, 15
266, 37,4, 15
266, 38,4, 15
266, 39,4, 15
267, 0,0, 15
267, 1,0, 15
267, 2,0, 15
267, 3,0, 15
267, 4,0, 15
267, 5,0, 15
267, 6,0, 15
267, 7,0, 15
267, 8,0, 15
267, 9,0, 15
267, 10,0, 15
267, 11,0, 15
267, 12,0, 15
267, 13,0, 15
267, 14,0, 15
267, 15,0, 15
267, 16,0, 15
267, 17,0, 15
267, 18,0, 15
267, 19,0, 15
267, 20,0, 15
267, 21,0, 15
267, 22,0, 15
267, 23,0, 15
267, 24,0, 15
267, 25,0, 15
267, 26,0, 15
267, 27,0, 15
267, 28,0, 15
267, 29,0, 15
267, 30,0, 15
267, 31,0, 15
267, 32,0, 15
267, 33,0, 15
267, 34,0, 15
267, 35,0, 15
267, 36,0, 15
267, 37,0, 15
267, 38,0, 15
267, 39,0, 15
267, 0,1, 15
267, 1,1, 15
267, 2,1, 15
267, 3,1, 15
267, 4,1, 15
267, 5,1, 15
267, 6,1, 15
267, 7,1, 15
267, 8,1, 15
267, 9,1, 15
267, 10,1, 15
267, 11,1, 15
267, 12,1, 15
267, 13,1, 15
267, 14,1, 15
267, 15,1, 15
267, 16,1, 15
267, 17,1, 15
267, 18,1, 15
267, 19,1, 15
267, 20,1, 15
267, 21,1, 15
267, 22,1, 15
267, 23,1, 15
267, 24,1, 15
267, 25,1, 15
267, 26,1, 15
267, 27,1, 15
267, 28,1, 15
267, 29,1, 15
267, 30,1, 15
267, 31,1, 15
267, 32,1, 15
267, 33,1, 15
267, 34,1, 15
267, 35,1, 15
267, 36,1, 15
267, 37,1, 15
267, 38,1, 15
267, 39,1, 15
267, 0,2, 15
267, 1,2, 15
267, 2,2, 15
267, 3,2, 15
267, 4,2, 15
267, 5,2, 15
267, 6,2, 15
267, 7,2, 15
267, 8,2, 15
267, 9,2, 15
267, 10,2, 15
267, 11,2, 15
267, 12,2, 15
267, 13,2, 15
267, 14,2, 15
267, 15,2, 15
267, 16,2, 15
267, 17,2, 15
267, 18,2, 15
267, 19,2, 15
267, 20,2, 15
267, 21,2, 15
267, 22,2, 15
267, 23,2, 15
267, 24,2, 15
267, 25,2, 15
267, 26,2, 15
267, 27,2, 15
267, 28,2, 15
267, 29,2, 15
267, 30,2, 15
267, 31,2, 15
267, 32,2, 15
267, 33,2, 15
267, 34,2, 15
267, 35,2, 15
267, 36,2, 15
267, 37,2, 15
267, 38,2, 15
267, 39,2, 15
267, 0,3, 15
267, 1,3, 15
267, 2,3, 15
267, 3,3, 15
267, 4,3, 15
267, 5,3, 15
267, 6,3, 15
267, 7,3, 15
267, 8,3, 15
267, 9,3, 15
267, 10,3, 15
267, 11,3, 15
267, 12,3, 15
267, 13,3, 15
267, 14,3, 15
267, 15,3, 15
267, 16,3, 15
267, 17,3, 15
267, 18,3, 15
267, 19,3, 15
267, 20,3, 15
267, 21,3, 15
267, 22,3, 15
267, 23,3, 15
267, 24,3, 15
267, 25,3, 15
267, 26,3, 15
267, 27,3, 15
267, 28,3, 15
267, 29,3, 15
267, 30,3, 15
267, 31,3, 15
267, 32,3, 15
267, 33,3, 15
267, 34,3, 15
267, 35,3, 15
267, 36,3, 15
267, 37,3, 15
267, 38,3, 15
267, 39,3, 15
267, 0,4, 15
267, 1,4, 15
267, 2,4, 15
267, 3,4, 15
267, 4,4, 15
267, 5,4, 15
267, 6,4, 15
267, 7,4, 15
267, 8,4, 15
267, 9,4, 15
267, 10,4, 15
267, 11,4, 15
267, 12,4, 15
267, 13,4, 15
267, 14,4, 15
267, 15,4, 15
267, 16,4, 15
267, 17,4, 15
267, 18,4, 15
267, 19,4, 15
267, 20,4, 15
267, 21,4, 15
267, 22,4, 15
267, 23,4, 15
267, 24,4, 15
267, 25,4, 15
267, 26,4, 15
267, 27,4, 15
267, 28,4, 15
267, 29,4, 15
267, 30,4, 15
267, 31,4, 15
267, 32,4, 15
267, 33,4, 15
267, 34,4, 15
267, 35,4, 15
267, 36,4, 15
267, 37,4, 15
267, 38,4, 15
267, 39,4, 15
268, 0,0, 15
268, 1,0, 15
268, 2,0, 15
268, 3,0, 15
268, 4,0, 15
268, 5,0, 15
268, 6,0, 15
268, 7,0, 15
268, 8,0, 15
268, 9,0, 15
268, 10,0, 15
268, 11,0, 15
268, 12,0, 15
268, 13,0, 15
268, 14,0, 15
268, 15,0, 15
268, 16,0, 15
268, 17,0, 15
268, 18,0, 15
268, 19,0, 15
268, 20,0, 15
268, 21,0, 15
268, 22,0, 15
268, 23,0, 15
268, 24,0, 15
268, 25,0, 15
268, 26,0, 15
268, 27,0, 15
268, 28,0, 15
268, 29,0, 15
268, 30,0, 15
268, 31,0, 15
268, 32,0, 15
268, 33,0, 15
268, 34,0, 15
268, 35,0, 15
268, 36,0, 15
268, 37,0, 15
268, 38,0, 15
268, 39,0, 15
268, 0,1, 15
268, 1,1, 15
268, 2,1, 15
268, 3,1, 15
268, 4,1, 15
268, 5,1, 15
268, 6,1, 15
268, 7,1, 15
268, 8,1, 15
268, 9,1, 15
268, 10,1, 15
268, 11,1, 15
268, 12,1, 15
268, 13,1, 15
268, 14,1, 15
268, 15,1, 15
268, 16,1, 15
268, 17,1, 15
268, 18,1, 15
268, 19,1, 15
268, 20,1, 15
268, 21,1, 15
268, 22,1, 15
268, 23,1, 15
268, 24,1, 15
268, 25,1, 15
268, 26,1, 15
268, 27,1, 15
268, 28,1, 15
268, 29,1, 15
268, 30,1, 15
268, 31,1, 15
268, 32,1, 15
268, 33,1, 15
268, 34,1, 15
268, 35,1, 15
268, 36,1, 15
268, 37,1, 15
268, 38,1, 15
268, 39,1, 15
268, 0,2, 15
268, 1,2, 15
268, 2,2, 15
268, 3,2, 15
268, 4,2, 15
268, 5,2, 15
268, 6,2, 15
268, 7,2, 15
268, 8,2, 15
268, 9,2, 15
268, 10,2, 15
268, 11,2, 15
268, 12,2, 15
268, 13,2, 15
268, 14,2, 15
268, 15,2, 15
268, 16,2, 15
268, 17,2, 15
268, 18,2, 15
268, 19,2, 15
268, 20,2, 15
268, 21,2, 15
268, 22,2, 15
268, 23,2, 15
268, 24,2, 15
268, 25,2, 15
268, 26,2, 15
268, 27,2, 15
268, 28,2, 15
268, 29,2, 15
268, 30,2, 15
268, 31,2, 15
268, 32,2, 15
268, 33,2, 15
268, 34,2, 15
268, 35,2, 15
268, 36,2, 15
268, 37,2, 15
268, 38,2, 15
268, 39,2, 15
268, 0,3, 15
268, 1,3, 15
268, 2,3, 15
268, 3,3, 15
268, 4,3, 15
268, 5,3, 15
268, 6,3, 15
268, 7,3, 15
268, 8,3, 15
268, 9,3, 15
268, 10,3, 15
268, 11,3, 15
268, 12,3, 15
268, 13,3, 15
268, 14,3, 15
268, 15,3, 15
268, 16,3, 15
268, 17,3, 15
268, 18,3, 15
268, 19,3, 15
268, 20,3, 15
268, 21,3, 15
268, 22,3, 15
268, 23,3, 15
268, 24,3, 15
268, 25,3, 15
268, 26,3, 15
268, 27,3, 15
268, 28,3, 15
268, 29,3, 15
268, 30,3, 15
268, 31,3, 15
268, 32,3, 15
268, 33,3, 15
268, 34,3, 15
268, 35,3, 15
268, 36,3, 15
268, 37,3, 15
268, 38,3, 15
268, 39,3, 15
268, 0,4, 15
268, 1,4, 15
268, 2,4, 15
268, 3,4, 15
268, 4,4, 15
268, 5,4, 15
268, 6,4, 15
268, 7,4, 15
268, 8,4, 15
268, 9,4, 15
268, 10,4, 15
268, 11,4, 15
268, 12,4, 15
268, 13,4, 15
268, 14,4, 15
268, 15,4, 15
268, 16,4, 15
268, 17,4, 15
268, 18,4, 15
268, 19,4, 15
268, 20,4, 15
268, 21,4, 15
268, 22,4, 15
268, 23,4, 15
268, 24,4, 15
268, 25,4, 15
268, 26,4, 15
268, 27,4, 15
268, 28,4, 15
268, 29,4, 15
268, 30,4, 15
268, 31,4, 15
268, 32,4, 15
268, 33,4, 15
268, 34,4, 15
268, 35,4, 15
268, 36,4, 15
268, 37,4, 15
268, 38,4, 15
268, 39,4, 15
269, 0,0, 15
269, 1,0, 15
269, 2,0, 15
269, 3,0, 15
269, 4,0, 15
269, 5,0, 15
269, 6,0, 15
269, 7,0, 15
269, 8,0, 15
269, 9,0, 15
269, 10,0, 15
269, 11,0, 15
269, 12,0, 15
269, 13,0, 15
269, 14,0, 15
269, 15,0, 15
269, 16,0, 15
269, 17,0, 15
269, 18,0, 15
269, 19,0, 15
269, 20,0, 15
269, 21,0, 15
269, 22,0, 15
269, 23,0, 15
269, 24,0, 15
269, 25,0, 15
269, 26,0, 15
269, 27,0, 15
269, 28,0, 15
269, 29,0, 15
269, 30,0, 15
269, 31,0, 15
269, 32,0, 15
269, 33,0, 15
269, 34,0, 15
269, 35,0, 15
269, 36,0, 15
269, 37,0, 15
269, 38,0, 15
269, 39,0, 15
269, 0,1, 15
269, 1,1, 15
269, 2,1, 15
269, 3,1, 15
269, 4,1, 15
269, 5,1, 15
269, 6,1, 15
269, 7,1, 15
269, 8,1, 15
269, 9,1, 15
269, 10,1, 15
269, 11,1, 15
269, 12,1, 15
269, 13,1, 15
269, 14,1, 15
269, 15,1, 15
269, 16,1, 15
269, 17,1, 15
269, 18,1, 15
269, 19,1, 15
269, 20,1, 15
269, 21,1, 15
269, 22,1, 15
269, 23,1, 15
269, 24,1, 15
269, 25,1, 15
269, 26,1, 15
269, 27,1, 15
269, 28,1, 15
269, 29,1, 15
269, 30,1, 15
269, 31,1, 15
269, 32,1, 15
269, 33,1, 15
269, 34,1, 15
269, 35,1, 15
269, 36,1, 15
269, 37,1, 15
269, 38,1, 15
269, 39,1, 15
269, 0,2, 15
269, 1,2, 15
269, 2,2, 15
269, 3,2, 15
269, 4,2, 15
269, 5,2, 15
269, 6,2, 15
269, 7,2, 15
269, 8,2, 15
269, 9,2, 15
269, 10,2, 15
269, 11,2, 15
269, 12,2, 15
269, 13,2, 15
269, 14,2, 15
269, 15,2, 15
269, 16,2, 15
269, 17,2, 15
269, 18,2, 15
269, 19,2, 15
269, 20,2, 15
269, 21,2, 15
269, 22,2, 15
269, 23,2, 15
269, 24,2, 15
269, 25,2, 15
269, 26,2, 15
269, 27,2, 15
269, 28,2, 15
269, 29,2, 15
269, 30,2, 15
269, 31,2, 15
269, 32,2, 15
269, 33,2, 15
269, 34,2, 15
269, 35,2, 15
269, 36,2, 15
269, 37,2, 15
269, 38,2, 15
269, 39,2, 15
269, 0,3, 15
269, 1,3, 15
269, 2,3, 15
269, 3,3, 15
269, 4,3, 15
269, 5,3, 15
269, 6,3, 15
269, 7,3, 15
269, 8,3, 15
269, 9,3, 15
269, 10,3, 15
269, 11,3, 15
269, 12,3, 15
269, 13,3, 15
269, 14,3, 15
269, 15,3, 15
269, 16,3, 15
269, 17,3, 15
269, 18,3, 15
269, 19,3, 15
269, 20,3, 15
269, 21,3, 15
269, 22,3, 15
269, 23,3, 15
269, 24,3, 15
269, 25,3, 15
269, 26,3, 15
269, 27,3, 15
269, 28,3, 15
269, 29,3, 15
269, 30,3, 15
269, 31,3, 15
269, 32,3, 15
269, 33,3, 15
269, 34,3, 15
269, 35,3, 15
269, 36,3, 15
269, 37,3, 15
269, 38,3, 15
269, 39,3, 15
269, 0,4, 15
269, 1,4, 15
269, 2,4, 15
269, 3,4, 15
269, 4,4, 15
269, 5,4, 15
269, 6,4, 15
269, 7,4, 15
269, 8,4, 15
269, 9,4, 15
269, 10,4, 15
269, 11,4, 15
269, 12,4, 15
269, 13,4, 15
269, 14,4, 15
269, 15,4, 15
269, 16,4, 15
269, 17,4, 15
269, 18,4, 15
269, 19,4, 15
269, 20,4, 15
269, 21,4, 15
269, 22,4, 15
269, 23,4, 15
269, 24,4, 15
269, 25,4, 15
269, 26,4, 15
269, 27,4, 15
269, 28,4, 15
269, 29,4, 15
269, 30,4, 15
269, 31,4, 15
269, 32,4, 15
269, 33,4, 15
269, 34,4, 15
269, 35,4, 15
269, 36,4, 15
269, 37,4, 15
269, 38,4, 15
269, 39,4, 15
270, 0,0, 15
270, 1,0, 15
270, 2,0, 15
270, 3,0, 15
270, 4,0, 15
270, 5,0, 15
270, 6,0, 15
270, 7,0, 15
270, 8,0, 15
270, 9,0, 15
270, 10,0, 15
270, 11,0, 15
270, 12,0, 15
270, 13,0, 15
270, 14,0, 15
270, 15,0, 15
270, 16,0, 15
270, 17,0, 15
270, 18,0, 15
270, 19,0, 15
270, 20,0, 15
270, 21,0, 15
270, 22,0, 15
270, 23,0, 15
270, 24,0, 15
270, 25,0, 15
270, 26,0, 15
270, 27,0, 15
270, 28,0, 15
270, 29,0, 15
270, 30,0, 15
270, 31,0, 15
270, 32,0, 15
270, 33,0, 15
270, 34,0, 15
270, 35,0, 15
270, 36,0, 15
270, 37,0, 15
270, 38,0, 15
270, 39,0, 15
270, 0,1, 15
270, 1,1, 15
270, 2,1, 15
270, 3,1, 15
270, 4,1, 15
270, 5,1, 15
270, 6,1, 15
270, 7,1, 15
270, 8,1, 15
270, 9,1, 15
270, 10,1, 15
270, 11,1, 15
270, 12,1, 15
270, 13,1, 15
270, 14,1, 15
270, 15,1, 15
270, 16,1, 15
270, 17,1, 15
270, 18,1, 15
270, 19,1, 15
270, 20,1, 15
270, 21,1, 15
270, 22,1, 15
270, 23,1, 15
270, 24,1, 15
270, 25,1, 15
270, 26,1, 15
270, 27,1, 15
270, 28,1, 15
270, 29,1, 15
270, 30,1, 15
270, 31,1, 15
270, 32,1, 15
270, 33,1, 15
270, 34,1, 15
270, 35,1, 15
270, 36,1, 15
270, 37,1, 15
270, 38,1, 15
270, 39,1, 15
270, 0,2, 15
270, 1,2, 15
270, 2,2, 15
270, 3,2, 15
270, 4,2, 15
270, 5,2, 15
270, 6,2, 15
270, 7,2, 15
270, 8,2, 15
270, 9,2, 15
270, 10,2, 15
270, 11,2, 15
270, 12,2, 15
270, 13,2, 15
270, 14,2, 15
270, 15,2, 15
270, 16,2, 15
270, 17,2, 15
270, 18,2, 15
270, 19,2, 15
270, 20,2, 15
270, 21,2, 15
270, 22,2, 15
270, 23,2, 15
270, 24,2, 15
270, 25,2, 15
270, 26,2, 15
270, 27,2, 15
270, 28,2, 15
270, 29,2, 15
270, 30,2, 15
270, 31,2, 15
270, 32,2, 15
270, 33,2, 15
270, 34,2, 15
270, 35,2, 15
270, 36,2, 15
270, 37,2, 15
270, 38,2, 15
270, 39,2, 15
270, 0,3, 15
270, 1,3, 15
270, 2,3, 15
270, 3,3, 15
270, 4,3, 15
270, 5,3, 15
270, 6,3, 15
270, 7,3, 15
270, 8,3, 15
270, 9,3, 15
270, 10,3, 15
270, 11,3, 15
270, 12,3, 15
270, 13,3, 15
270, 14,3, 15
270, 15,3, 15
270, 16,3, 15
270, 17,3, 15
270, 18,3, 15
270, 19,3, 15
270, 20,3, 15
270, 21,3, 15
270, 22,3, 15
270, 23,3, 15
270, 24,3, 15
270, 25,3, 15
270, 26,3, 15
270, 27,3, 15
270, 28,3, 15
270, 29,3, 15
270, 30,3, 15
270, 31,3, 15
270, 32,3, 15
270, 33,3, 15
270, 34,3, 15
270, 35,3, 15
270, 36,3, 15
270, 37,3, 15
270, 38,3, 15
270, 39,3, 15
270, 0,4, 15
270, 1,4, 15
270, 2,4, 15
270, 3,4, 15
270, 4,4, 15
270, 5,4, 15
270, 6,4, 15
270, 7,4, 15
270, 8,4, 15
270, 9,4, 15
270, 10,4, 15
270, 11,4, 15
270, 12,4, 15
270, 13,4, 15
270, 14,4, 15
270, 15,4, 15
270, 16,4, 15
270, 17,4, 15
270, 18,4, 15
270, 19,4, 15
270, 20,4, 15
270, 21,4, 15
270, 22,4, 15
270, 23,4, 15
270, 24,4, 15
270, 25,4, 15
270, 26,4, 15
270, 27,4, 15
270, 28,4, 15
270, 29,4, 15
270, 30,4, 15
270, 31,4, 15
270, 32,4, 15
270, 33,4, 15
270, 34,4, 15
270, 35,4, 15
270, 36,4, 15
270, 37,4, 15
270, 38,4, 15
270, 39,4, 15
271, 0,0, 15
271, 1,0, 15
271, 2,0, 15
271, 3,0, 15
271, 4,0, 15
271, 5,0, 15
271, 6,0, 15
271, 7,0, 15
271, 8,0, 15
271, 9,0, 15
271, 10,0, 15
271, 11,0, 15
271, 12,0, 15
271, 13,0, 15
271, 14,0, 15
271, 15,0, 15
271, 16,0, 15
271, 17,0, 15
271, 18,0, 15
271, 19,0, 15
271, 20,0, 15
271, 21,0, 15
271, 22,0, 15
271, 23,0, 15
271, 24,0, 15
271, 25,0, 15
271, 26,0, 15
271, 27,0, 15
271, 28,0, 15
271, 29,0, 15
271, 30,0, 15
271, 31,0, 15
271, 32,0, 15
271, 33,0, 15
271, 34,0, 15
271, 35,0, 15
271, 36,0, 15
271, 37,0, 15
271, 38,0, 15
271, 39,0, 15
271, 0,1, 15
271, 1,1, 15
271, 2,1, 15
271, 3,1, 15
271, 4,1, 15
271, 5,1, 15
271, 6,1, 15
271, 7,1, 15
271, 8,1, 15
271, 9,1, 15
271, 10,1, 15
271, 11,1, 15
271, 12,1, 15
271, 13,1, 15
271, 14,1, 15
271, 15,1, 15
271, 16,1, 15
271, 17,1, 15
271, 18,1, 15
271, 19,1, 15
271, 20,1, 15
271, 21,1, 15
271, 22,1, 15
271, 23,1, 15
271, 24,1, 15
271, 25,1, 15
271, 26,1, 15
271, 27,1, 15
271, 28,1, 15
271, 29,1, 15
271, 30,1, 15
271, 31,1, 15
271, 32,1, 15
271, 33,1, 15
271, 34,1, 15
271, 35,1, 15
271, 36,1, 15
271, 37,1, 15
271, 38,1, 15
271, 39,1, 15
271, 0,2, 15
271, 1,2, 15
271, 2,2, 15
271, 3,2, 15
271, 4,2, 15
271, 5,2, 15
271, 6,2, 15
271, 7,2, 15
271, 8,2, 15
271, 9,2, 15
271, 10,2, 15
271, 11,2, 15
271, 12,2, 15
271, 13,2, 15
271, 14,2, 15
271, 15,2, 15
271, 16,2, 15
271, 17,2, 15
271, 18,2, 15
271, 19,2, 15
271, 20,2, 15
271, 21,2, 15
271, 22,2, 15
271, 23,2, 15
271, 24,2, 15
271, 25,2, 15
271, 26,2, 15
271, 27,2, 15
271, 28,2, 15
271, 29,2, 15
271, 30,2, 15
271, 31,2, 15
271, 32,2, 15
271, 33,2, 15
271, 34,2, 15
271, 35,2, 15
271, 36,2, 15
271, 37,2, 15
271, 38,2, 15
271, 39,2, 15
271, 0,3, 15
271, 1,3, 15
271, 2,3, 15
271, 3,3, 15
271, 4,3, 15
271, 5,3, 15
271, 6,3, 15
271, 7,3, 15
271, 8,3, 15
271, 9,3, 15
271, 10,3, 15
271, 11,3, 15
271, 12,3, 15
271, 13,3, 15
271, 14,3, 15
271, 15,3, 15
271, 16,3, 15
271, 17,3, 15
271, 18,3, 15
271, 19,3, 15
271, 20,3, 15
271, 21,3, 15
271, 22,3, 15
271, 23,3, 15
271, 24,3, 15
271, 25,3, 15
271, 26,3, 15
271, 27,3, 15
271, 28,3, 15
271, 29,3, 15
271, 30,3, 15
271, 31,3, 15
271, 32,3, 15
271, 33,3, 15
271, 34,3, 15
271, 35,3, 15
271, 36,3, 15
271, 37,3, 15
271, 38,3, 15
271, 39,3, 15
271, 0,4, 15
271, 1,4, 15
271, 2,4, 15
271, 3,4, 15
271, 4,4, 15
271, 5,4, 15
271, 6,4, 15
271, 7,4, 15
271, 8,4, 15
271, 9,4, 15
271, 10,4, 15
271, 11,4, 15
271, 12,4, 15
271, 13,4, 15
271, 14,4, 15
271, 15,4, 15
271, 16,4, 15
271, 17,4, 15
271, 18,4, 15
271, 19,4, 15
271, 20,4, 15
271, 21,4, 15
271, 22,4, 15
271, 23,4, 15
271, 24,4, 15
271, 25,4, 15
271, 26,4, 15
271, 27,4, 15
271, 28,4, 15
271, 29,4, 15
271, 30,4, 15
271, 31,4, 15
271, 32,4, 15
271, 33,4, 15
271, 34,4, 15
271, 35,4, 15
271, 36,4, 15
271, 37,4, 15
271, 38,4, 15
271, 39,4, 15
272, 0,0, 15
272, 1,0, 15
272, 2,0, 15
272, 3,0, 15
272, 4,0, 15
272, 5,0, 15
272, 6,0, 15
272, 7,0, 15
272, 8,0, 15
272, 9,0, 15
272, 10,0, 15
272, 11,0, 15
272, 12,0, 15
272, 13,0, 15
272, 14,0, 15
272, 15,0, 15
272, 16,0, 15
272, 17,0, 15
272, 18,0, 15
272, 19,0, 15
272, 20,0, 15
272, 21,0, 15
272, 22,0, 15
272, 23,0, 15
272, 24,0, 15
272, 25,0, 15
272, 26,0, 15
272, 27,0, 15
272, 28,0, 15
272, 29,0, 15
272, 30,0, 15
272, 31,0, 15
272, 32,0, 15
272, 33,0, 15
272, 34,0, 15
272, 35,0, 15
272, 36,0, 15
272, 37,0, 15
272, 38,0, 15
272, 39,0, 15
272, 0,1, 15
272, 1,1, 15
272, 2,1, 15
272, 3,1, 15
272, 4,1, 15
272, 5,1, 15
272, 6,1, 15
272, 7,1, 15
272, 8,1, 15
272, 9,1, 15
272, 10,1, 15
272, 11,1, 15
272, 12,1, 15
272, 13,1, 15
272, 14,1, 15
272, 15,1, 15
272, 16,1, 15
272, 17,1, 15
272, 18,1, 15
272, 19,1, 15
272, 20,1, 15
272, 21,1, 15
272, 22,1, 15
272, 23,1, 15
272, 24,1, 15
272, 25,1, 15
272, 26,1, 15
272, 27,1, 15
272, 28,1, 15
272, 29,1, 15
272, 30,1, 15
272, 31,1, 15
272, 32,1, 15
272, 33,1, 15
272, 34,1, 15
272, 35,1, 15
272, 36,1, 15
272, 37,1, 15
272, 38,1, 15
272, 39,1, 15
272, 0,2, 15
272, 1,2, 15
272, 2,2, 15
272, 3,2, 15
272, 4,2, 15
272, 5,2, 15
272, 6,2, 15
272, 7,2, 15
272, 8,2, 15
272, 9,2, 15
272, 10,2, 15
272, 11,2, 15
272, 12,2, 15
272, 13,2, 15
272, 14,2, 15
272, 15,2, 15
272, 16,2, 15
272, 17,2, 15
272, 18,2, 15
272, 19,2, 15
272, 20,2, 15
272, 21,2, 15
272, 22,2, 15
272, 23,2, 15
272, 24,2, 15
272, 25,2, 15
272, 26,2, 15
272, 27,2, 15
272, 28,2, 15
272, 29,2, 15
272, 30,2, 15
272, 31,2, 15
272, 32,2, 15
272, 33,2, 15
272, 34,2, 15
272, 35,2, 15
272, 36,2, 15
272, 37,2, 15
272, 38,2, 15
272, 39,2, 15
272, 0,3, 15
272, 1,3, 15
272, 2,3, 15
272, 3,3, 15
272, 4,3, 15
272, 5,3, 15
272, 6,3, 15
272, 7,3, 15
272, 8,3, 15
272, 9,3, 15
272, 10,3, 15
272, 11,3, 15
272, 12,3, 15
272, 13,3, 15
272, 14,3, 15
272, 15,3, 15
272, 16,3, 15
272, 17,3, 15
272, 18,3, 15
272, 19,3, 15
272, 20,3, 15
272, 21,3, 15
272, 22,3, 15
272, 23,3, 15
272, 24,3, 15
272, 25,3, 15
272, 26,3, 15
272, 27,3, 15
272, 28,3, 15
272, 29,3, 15
272, 30,3, 15
272, 31,3, 15
272, 32,3, 15
272, 33,3, 15
272, 34,3, 15
272, 35,3, 15
272, 36,3, 15
272, 37,3, 15
272, 38,3, 15
272, 39,3, 15
272, 0,4, 15
272, 1,4, 15
272, 2,4, 15
272, 3,4, 15
272, 4,4, 15
272, 5,4, 15
272, 6,4, 15
272, 7,4, 15
272, 8,4, 15
272, 9,4, 15
272, 10,4, 15
272, 11,4, 15
272, 12,4, 15
272, 13,4, 15
272, 14,4, 15
272, 15,4, 15
272, 16,4, 15
272, 17,4, 15
272, 18,4, 15
272, 19,4, 15
272, 20,4, 15
272, 21,4, 15
272, 22,4, 15
272, 23,4, 15
272, 24,4, 15
272, 25,4, 15
272, 26,4, 15
272, 27,4, 15
272, 28,4, 15
272, 29,4, 15
272, 30,4, 15
272, 31,4, 15
272, 32,4, 15
272, 33,4, 15
272, 34,4, 15
272, 35,4, 15
272, 36,4, 15
272, 37,4, 15
272, 38,4, 15
272, 39,4, 15
273, 0,0, 15
273, 1,0, 15
273, 2,0, 15
273, 3,0, 15
273, 4,0, 15
273, 5,0, 15
273, 6,0, 15
273, 7,0, 15
273, 8,0, 15
273, 9,0, 15
273, 10,0, 15
273, 11,0, 15
273, 12,0, 15
273, 13,0, 15
273, 14,0, 15
273, 15,0, 15
273, 16,0, 15
273, 17,0, 15
273, 18,0, 15
273, 19,0, 15
273, 20,0, 15
273, 21,0, 15
273, 22,0, 15
273, 23,0, 15
273, 24,0, 15
273, 25,0, 15
273, 26,0, 15
273, 27,0, 15
273, 28,0, 15
273, 29,0, 15
273, 30,0, 15
273, 31,0, 15
273, 32,0, 15
273, 33,0, 15
273, 34,0, 15
273, 35,0, 15
273, 36,0, 15
273, 37,0, 15
273, 38,0, 15
273, 39,0, 15
273, 0,1, 15
273, 1,1, 15
273, 2,1, 15
273, 3,1, 15
273, 4,1, 15
273, 5,1, 15
273, 6,1, 15
273, 7,1, 15
273, 8,1, 15
273, 9,1, 15
273, 10,1, 15
273, 11,1, 15
273, 12,1, 15
273, 13,1, 15
273, 14,1, 15
273, 15,1, 15
273, 16,1, 15
273, 17,1, 15
273, 18,1, 15
273, 19,1, 15
273, 20,1, 15
273, 21,1, 15
273, 22,1, 15
273, 23,1, 15
273, 24,1, 15
273, 25,1, 15
273, 26,1, 15
273, 27,1, 15
273, 28,1, 15
273, 29,1, 15
273, 30,1, 15
273, 31,1, 15
273, 32,1, 15
273, 33,1, 15
273, 34,1, 15
273, 35,1, 15
273, 36,1, 15
273, 37,1, 15
273, 38,1, 15
273, 39,1, 15
273, 0,2, 15
273, 1,2, 15
273, 2,2, 15
273, 3,2, 15
273, 4,2, 15
273, 5,2, 15
273, 6,2, 15
273, 7,2, 15
273, 8,2, 15
273, 9,2, 15
273, 10,2, 15
273, 11,2, 15
273, 12,2, 15
273, 13,2, 15
273, 14,2, 15
273, 15,2, 15
273, 16,2, 15
273, 17,2, 15
273, 18,2, 15
273, 19,2, 15
273, 20,2, 15
273, 21,2, 15
273, 22,2, 15
273, 23,2, 15
273, 24,2, 15
273, 25,2, 15
273, 26,2, 15
273, 27,2, 15
273, 28,2, 15
273, 29,2, 15
273, 30,2, 15
273, 31,2, 15
273, 32,2, 15
273, 33,2, 15
273, 34,2, 15
273, 35,2, 15
273, 36,2, 15
273, 37,2, 15
273, 38,2, 15
273, 39,2, 15
273, 0,3, 15
273, 1,3, 15
273, 2,3, 15
273, 3,3, 15
273, 4,3, 15
273, 5,3, 15
273, 6,3, 15
273, 7,3, 15
273, 8,3, 15
273, 9,3, 15
273, 10,3, 15
273, 11,3, 15
273, 12,3, 15
273, 13,3, 15
273, 14,3, 15
273, 15,3, 15
273, 16,3, 15
273, 17,3, 15
273, 18,3, 15
273, 19,3, 15
273, 20,3, 15
273, 21,3, 15
273, 22,3, 15
273, 23,3, 15
273, 24,3, 15
273, 25,3, 15
273, 26,3, 15
273, 27,3, 15
273, 28,3, 15
273, 29,3, 15
273, 30,3, 15
273, 31,3, 15
273, 32,3, 15
273, 33,3, 15
273, 34,3, 15
273, 35,3, 15
273, 36,3, 15
273, 37,3, 15
273, 38,3, 15
273, 39,3, 15
273, 0,4, 15
273, 1,4, 15
273, 2,4, 15
273, 3,4, 15
273, 4,4, 15
273, 5,4, 15
273, 6,4, 15
273, 7,4, 15
273, 8,4, 15
273, 9,4, 15
273, 10,4, 15
273, 11,4, 15
273, 12,4, 15
273, 13,4, 15
273, 14,4, 15
273, 15,4, 15
273, 16,4, 15
273, 17,4, 15
273, 18,4, 15
273, 19,4, 15
273, 20,4, 15
273, 21,4, 15
273, 22,4, 15
273, 23,4, 15
273, 24,4, 15
273, 25,4, 15
273, 26,4, 15
273, 27,4, 15
273, 28,4, 15
273, 29,4, 15
273, 30,4, 15
273, 31,4, 15
273, 32,4, 15
273, 33,4, 15
273, 34,4, 15
273, 35,4, 15
273, 36,4, 15
273, 37,4, 15
273, 38,4, 15
273, 39,4, 15
274, 0,0, 15
274, 1,0, 15
274, 2,0, 15
274, 3,0, 15
274, 4,0, 15
274, 5,0, 15
274, 6,0, 15
274, 7,0, 15
274, 8,0, 15
274, 9,0, 15
274, 10,0, 15
274, 11,0, 15
274, 12,0, 15
274, 13,0, 15
274, 14,0, 15
274, 15,0, 15
274, 16,0, 15
274, 17,0, 15
274, 18,0, 15
274, 19,0, 15
274, 20,0, 15
274, 21,0, 15
274, 22,0, 15
274, 23,0, 15
274, 24,0, 15
274, 25,0, 15
274, 26,0, 15
274, 27,0, 15
274, 28,0, 15
274, 29,0, 15
274, 30,0, 15
274, 31,0, 15
274, 32,0, 15
274, 33,0, 15
274, 34,0, 15
274, 35,0, 15
274, 36,0, 15
274, 37,0, 15
274, 38,0, 15
274, 39,0, 15
274, 0,1, 15
274, 1,1, 15
274, 2,1, 15
274, 3,1, 15
274, 4,1, 15
274, 5,1, 15
274, 6,1, 15
274, 7,1, 15
274, 8,1, 15
274, 9,1, 15
274, 10,1, 15
274, 11,1, 15
274, 12,1, 15
274, 13,1, 15
274, 14,1, 15
274, 15,1, 15
274, 16,1, 15
274, 17,1, 15
274, 18,1, 15
274, 19,1, 15
274, 20,1, 15
274, 21,1, 15
274, 22,1, 15
274, 23,1, 15
274, 24,1, 15
274, 25,1, 15
274, 26,1, 15
274, 27,1, 15
274, 28,1, 15
274, 29,1, 15
274, 30,1, 15
274, 31,1, 15
274, 32,1, 15
274, 33,1, 15
274, 34,1, 15
274, 35,1, 15
274, 36,1, 15
274, 37,1, 15
274, 38,1, 15
274, 39,1, 15
274, 0,2, 15
274, 1,2, 15
274, 2,2, 15
274, 3,2, 15
274, 4,2, 15
274, 5,2, 15
274, 6,2, 15
274, 7,2, 15
274, 8,2, 15
274, 9,2, 15
274, 10,2, 15
274, 11,2, 15
274, 12,2, 15
274, 13,2, 15
274, 14,2, 15
274, 15,2, 15
274, 16,2, 15
274, 17,2, 15
274, 18,2, 15
274, 19,2, 15
274, 20,2, 15
274, 21,2, 15
274, 22,2, 15
274, 23,2, 15
274, 24,2, 15
274, 25,2, 15
274, 26,2, 15
274, 27,2, 15
274, 28,2, 15
274, 29,2, 15
274, 30,2, 15
274, 31,2, 15
274, 32,2, 15
274, 33,2, 15
274, 34,2, 15
274, 35,2, 15
274, 36,2, 15
274, 37,2, 15
274, 38,2, 15
274, 39,2, 15
274, 0,3, 15
274, 1,3, 15
274, 2,3, 15
274, 3,3, 15
274, 4,3, 15
274, 5,3, 15
274, 6,3, 15
274, 7,3, 15
274, 8,3, 15
274, 9,3, 15
274, 10,3, 15
274, 11,3, 15
274, 12,3, 15
274, 13,3, 15
274, 14,3, 15
274, 15,3, 15
274, 16,3, 15
274, 17,3, 15
274, 18,3, 15
274, 19,3, 15
274, 20,3, 15
274, 21,3, 15
274, 22,3, 15
274, 23,3, 15
274, 24,3, 15
274, 25,3, 15
274, 26,3, 15
274, 27,3, 15
274, 28,3, 15
274, 29,3, 15
274, 30,3, 15
274, 31,3, 15
274, 32,3, 15
274, 33,3, 15
274, 34,3, 15
274, 35,3, 15
274, 36,3, 15
274, 37,3, 15
274, 38,3, 15
274, 39,3, 15
274, 0,4, 15
274, 1,4, 15
274, 2,4, 15
274, 3,4, 15
274, 4,4, 15
274, 5,4, 15
274, 6,4, 15
274, 7,4, 15
274, 8,4, 15
274, 9,4, 15
274, 10,4, 15
274, 11,4, 15
274, 12,4, 15
274, 13,4, 15
274, 14,4, 15
274, 15,4, 15
274, 16,4, 15
274, 17,4, 15
274, 18,4, 15
274, 19,4, 15
274, 20,4, 15
274, 21,4, 15
274, 22,4, 15
274, 23,4, 15
274, 24,4, 15
274, 25,4, 15
274, 26,4, 15
274, 27,4, 15
274, 28,4, 15
274, 29,4, 15
274, 30,4, 15
274, 31,4, 15
274, 32,4, 15
274, 33,4, 15
274, 34,4, 15
274, 35,4, 15
274, 36,4, 15
274, 37,4, 15
274, 38,4, 15
274, 39,4, 15
275, 0,0, 15
275, 1,0, 15
275, 2,0, 15
275, 3,0, 15
275, 4,0, 15
275, 5,0, 15
275, 6,0, 15
275, 7,0, 15
275, 8,0, 15
275, 9,0, 15
275, 10,0, 15
275, 11,0, 15
275, 12,0, 15
275, 13,0, 15
275, 14,0, 15
275, 15,0, 15
275, 16,0, 15
275, 17,0, 15
275, 18,0, 15
275, 19,0, 15
275, 20,0, 15
275, 21,0, 15
275, 22,0, 15
275, 23,0, 15
275, 24,0, 15
275, 25,0, 15
275, 26,0, 15
275, 27,0, 15
275, 28,0, 15
275, 29,0, 15
275, 30,0, 15
275, 31,0, 15
275, 32,0, 15
275, 33,0, 15
275, 34,0, 15
275, 35,0, 15
275, 36,0, 15
275, 37,0, 15
275, 38,0, 15
275, 39,0, 15
275, 0,1, 15
275, 1,1, 15
275, 2,1, 15
275, 3,1, 15
275, 4,1, 15
275, 5,1, 15
275, 6,1, 15
275, 7,1, 15
275, 8,1, 15
275, 9,1, 15
275, 10,1, 15
275, 11,1, 15
275, 12,1, 15
275, 13,1, 15
275, 14,1, 15
275, 15,1, 15
275, 16,1, 15
275, 17,1, 15
275, 18,1, 15
275, 19,1, 15
275, 20,1, 15
275, 21,1, 15
275, 22,1, 15
275, 23,1, 15
275, 24,1, 15
275, 25,1, 15
275, 26,1, 15
275, 27,1, 15
275, 28,1, 15
275, 29,1, 15
275, 30,1, 15
275, 31,1, 15
275, 32,1, 15
275, 33,1, 15
275, 34,1, 15
275, 35,1, 15
275, 36,1, 15
275, 37,1, 15
275, 38,1, 15
275, 39,1, 15
275, 0,2, 15
275, 1,2, 15
275, 2,2, 15
275, 3,2, 15
275, 4,2, 15
275, 5,2, 15
275, 6,2, 15
275, 7,2, 15
275, 8,2, 15
275, 9,2, 15
275, 10,2, 15
275, 11,2, 15
275, 12,2, 15
275, 13,2, 15
275, 14,2, 15
275, 15,2, 15
275, 16,2, 15
275, 17,2, 15
275, 18,2, 15
275, 19,2, 15
275, 20,2, 15
275, 21,2, 15
275, 22,2, 15
275, 23,2, 15
275, 24,2, 15
275, 25,2, 15
275, 26,2, 15
275, 27,2, 15
275, 28,2, 15
275, 29,2, 15
275, 30,2, 15
275, 31,2, 15
275, 32,2, 15
275, 33,2, 15
275, 34,2, 15
275, 35,2, 15
275, 36,2, 15
275, 37,2, 15
275, 38,2, 15
275, 39,2, 15
275, 0,3, 15
275, 1,3, 15
275, 2,3, 15
275, 3,3, 15
275, 4,3, 15
275, 5,3, 15
275, 6,3, 15
275, 7,3, 15
275, 8,3, 15
275, 9,3, 15
275, 10,3, 15
275, 11,3, 15
275, 12,3, 15
275, 13,3, 15
275, 14,3, 15
275, 15,3, 15
275, 16,3, 15
275, 17,3, 15
275, 18,3, 15
275, 19,3, 15
275, 20,3, 15
275, 21,3, 15
275, 22,3, 15
275, 23,3, 15
275, 24,3, 15
275, 25,3, 15
275, 26,3, 15
275, 27,3, 15
275, 28,3, 15
275, 29,3, 15
275, 30,3, 15
275, 31,3, 15
275, 32,3, 15
275, 33,3, 15
275, 34,3, 15
275, 35,3, 15
275, 36,3, 15
275, 37,3, 15
275, 38,3, 15
275, 39,3, 15
275, 0,4, 15
275, 1,4, 15
275, 2,4, 15
275, 3,4, 15
275, 4,4, 15
275, 5,4, 15
275, 6,4, 15
275, 7,4, 15
275, 8,4, 15
275, 9,4, 15
275, 10,4, 15
275, 11,4, 15
275, 12,4, 15
275, 13,4, 15
275, 14,4, 15
275, 15,4, 15
275, 16,4, 15
275, 17,4, 15
275, 18,4, 15
275, 19,4, 15
275, 20,4, 15
275, 21,4, 15
275, 22,4, 15
275, 23,4, 15
275, 24,4, 15
275, 25,4, 15
275, 26,4, 15
275, 27,4, 15
275, 28,4, 15
275, 29,4, 15
275, 30,4, 15
275, 31,4, 15
275, 32,4, 15
275, 33,4, 15
275, 34,4, 15
275, 35,4, 15
275, 36,4, 15
275, 37,4, 15
275, 38,4, 15
275, 39,4, 15
276, 0,0, 15
276, 1,0, 15
276, 2,0, 15
276, 3,0, 15
276, 4,0, 15
276, 5,0, 15
276, 6,0, 15
276, 7,0, 15
276, 8,0, 15
276, 9,0, 15
276, 10,0, 15
276, 11,0, 15
276, 12,0, 15
276, 13,0, 15
276, 14,0, 15
276, 15,0, 15
276, 16,0, 15
276, 17,0, 15
276, 18,0, 15
276, 19,0, 15
276, 20,0, 15
276, 21,0, 15
276, 22,0, 15
276, 23,0, 15
276, 24,0, 15
276, 25,0, 15
276, 26,0, 15
276, 27,0, 15
276, 28,0, 15
276, 29,0, 15
276, 30,0, 15
276, 31,0, 15
276, 32,0, 15
276, 33,0, 15
276, 34,0, 15
276, 35,0, 15
276, 36,0, 15
276, 37,0, 15
276, 38,0, 15
276, 39,0, 15
276, 0,1, 15
276, 1,1, 15
276, 2,1, 15
276, 3,1, 15
276, 4,1, 15
276, 5,1, 15
276, 6,1, 15
276, 7,1, 15
276, 8,1, 15
276, 9,1, 15
276, 10,1, 15
276, 11,1, 15
276, 12,1, 15
276, 13,1, 15
276, 14,1, 15
276, 15,1, 15
276, 16,1, 15
276, 17,1, 15
276, 18,1, 15
276, 19,1, 15
276, 20,1, 15
276, 21,1, 15
276, 22,1, 15
276, 23,1, 15
276, 24,1, 15
276, 25,1, 15
276, 26,1, 15
276, 27,1, 15
276, 28,1, 15
276, 29,1, 15
276, 30,1, 15
276, 31,1, 15
276, 32,1, 15
276, 33,1, 15
276, 34,1, 15
276, 35,1, 15
276, 36,1, 15
276, 37,1, 15
276, 38,1, 15
276, 39,1, 15
276, 0,2, 15
276, 1,2, 15
276, 2,2, 15
276, 3,2, 15
276, 4,2, 15
276, 5,2, 15
276, 6,2, 15
276, 7,2, 15
276, 8,2, 15
276, 9,2, 15
276, 10,2, 15
276, 11,2, 15
276, 12,2, 15
276, 13,2, 15
276, 14,2, 15
276, 15,2, 15
276, 16,2, 15
276, 17,2, 15
276, 18,2, 15
276, 19,2, 15
276, 20,2, 15
276, 21,2, 15
276, 22,2, 15
276, 23,2, 15
276, 24,2, 15
276, 25,2, 15
276, 26,2, 15
276, 27,2, 15
276, 28,2, 15
276, 29,2, 15
276, 30,2, 15
276, 31,2, 15
276, 32,2, 15
276, 33,2, 15
276, 34,2, 15
276, 35,2, 15
276, 36,2, 15
276, 37,2, 15
276, 38,2, 15
276, 39,2, 15
276, 0,3, 15
276, 1,3, 15
276, 2,3, 15
276, 3,3, 15
276, 4,3, 15
276, 5,3, 15
276, 6,3, 15
276, 7,3, 15
276, 8,3, 15
276, 9,3, 15
276, 10,3, 15
276, 11,3, 15
276, 12,3, 15
276, 13,3, 15
276, 14,3, 15
276, 15,3, 15
276, 16,3, 15
276, 17,3, 15
276, 18,3, 15
276, 19,3, 15
276, 20,3, 15
276, 21,3, 15
276, 22,3, 15
276, 23,3, 15
276, 24,3, 15
276, 25,3, 15
276, 26,3, 15
276, 27,3, 15
276, 28,3, 15
276, 29,3, 15
276, 30,3, 15
276, 31,3, 15
276, 32,3, 15
276, 33,3, 15
276, 34,3, 15
276, 35,3, 15
276, 36,3, 15
276, 37,3, 15
276, 38,3, 15
276, 39,3, 15
276, 0,4, 15
276, 1,4, 15
276, 2,4, 15
276, 3,4, 15
276, 4,4, 15
276, 5,4, 15
276, 6,4, 15
276, 7,4, 15
276, 8,4, 15
276, 9,4, 15
276, 10,4, 15
276, 11,4, 15
276, 12,4, 15
276, 13,4, 15
276, 14,4, 15
276, 15,4, 15
276, 16,4, 15
276, 17,4, 15
276, 18,4, 15
276, 19,4, 15
276, 20,4, 15
276, 21,4, 15
276, 22,4, 15
276, 23,4, 15
276, 24,4, 15
276, 25,4, 15
276, 26,4, 15
276, 27,4, 15
276, 28,4, 15
276, 29,4, 15
276, 30,4, 15
276, 31,4, 15
276, 32,4, 15
276, 33,4, 15
276, 34,4, 15
276, 35,4, 15
276, 36,4, 15
276, 37,4, 15
276, 38,4, 15
276, 39,4, 15
277, 0,0, 15
277, 1,0, 15
277, 2,0, 15
277, 3,0, 15
277, 4,0, 15
277, 5,0, 15
277, 6,0, 15
277, 7,0, 15
277, 8,0, 15
277, 9,0, 15
277, 10,0, 15
277, 11,0, 15
277, 12,0, 15
277, 13,0, 15
277, 14,0, 15
277, 15,0, 15
277, 16,0, 15
277, 17,0, 15
277, 18,0, 15
277, 19,0, 15
277, 20,0, 15
277, 21,0, 15
277, 22,0, 15
277, 23,0, 15
277, 24,0, 15
277, 25,0, 15
277, 26,0, 15
277, 27,0, 15
277, 28,0, 15
277, 29,0, 15
277, 30,0, 15
277, 31,0, 15
277, 32,0, 15
277, 33,0, 15
277, 34,0, 15
277, 35,0, 15
277, 36,0, 15
277, 37,0, 15
277, 38,0, 15
277, 39,0, 15
277, 0,1, 15
277, 1,1, 15
277, 2,1, 15
277, 3,1, 15
277, 4,1, 15
277, 5,1, 15
277, 6,1, 15
277, 7,1, 15
277, 8,1, 15
277, 9,1, 15
277, 10,1, 15
277, 11,1, 15
277, 12,1, 15
277, 13,1, 15
277, 14,1, 15
277, 15,1, 15
277, 16,1, 15
277, 17,1, 15
277, 18,1, 15
277, 19,1, 15
277, 20,1, 15
277, 21,1, 15
277, 22,1, 15
277, 23,1, 15
277, 24,1, 15
277, 25,1, 15
277, 26,1, 15
277, 27,1, 15
277, 28,1, 15
277, 29,1, 15
277, 30,1, 15
277, 31,1, 15
277, 32,1, 15
277, 33,1, 15
277, 34,1, 15
277, 35,1, 15
277, 36,1, 15
277, 37,1, 15
277, 38,1, 15
277, 39,1, 15
277, 0,2, 15
277, 1,2, 15
277, 2,2, 15
277, 3,2, 15
277, 4,2, 15
277, 5,2, 15
277, 6,2, 15
277, 7,2, 15
277, 8,2, 15
277, 9,2, 15
277, 10,2, 15
277, 11,2, 15
277, 12,2, 15
277, 13,2, 15
277, 14,2, 15
277, 15,2, 15
277, 16,2, 15
277, 17,2, 15
277, 18,2, 15
277, 19,2, 15
277, 20,2, 15
277, 21,2, 15
277, 22,2, 15
277, 23,2, 15
277, 24,2, 15
277, 25,2, 15
277, 26,2, 15
277, 27,2, 15
277, 28,2, 15
277, 29,2, 15
277, 30,2, 15
277, 31,2, 15
277, 32,2, 15
277, 33,2, 15
277, 34,2, 15
277, 35,2, 15
277, 36,2, 15
277, 37,2, 15
277, 38,2, 15
277, 39,2, 15
277, 0,3, 15
277, 1,3, 15
277, 2,3, 15
277, 3,3, 15
277, 4,3, 15
277, 5,3, 15
277, 6,3, 15
277, 7,3, 15
277, 8,3, 15
277, 9,3, 15
277, 10,3, 15
277, 11,3, 15
277, 12,3, 15
277, 13,3, 15
277, 14,3, 15
277, 15,3, 15
277, 16,3, 15
277, 17,3, 15
277, 18,3, 15
277, 19,3, 15
277, 20,3, 15
277, 21,3, 15
277, 22,3, 15
277, 23,3, 15
277, 24,3, 15
277, 25,3, 15
277, 26,3, 15
277, 27,3, 15
277, 28,3, 15
277, 29,3, 15
277, 30,3, 15
277, 31,3, 15
277, 32,3, 15
277, 33,3, 15
277, 34,3, 15
277, 35,3, 15
277, 36,3, 15
277, 37,3, 15
277, 38,3, 15
277, 39,3, 15
277, 0,4, 15
277, 1,4, 15
277, 2,4, 15
277, 3,4, 15
277, 4,4, 15
277, 5,4, 15
277, 6,4, 15
277, 7,4, 15
277, 8,4, 15
277, 9,4, 15
277, 10,4, 15
277, 11,4, 15
277, 12,4, 15
277, 13,4, 15
277, 14,4, 15
277, 15,4, 15
277, 16,4, 15
277, 17,4, 15
277, 18,4, 15
277, 19,4, 15
277, 20,4, 15
277, 21,4, 15
277, 22,4, 15
277, 23,4, 15
277, 24,4, 15
277, 25,4, 15
277, 26,4, 15
277, 27,4, 15
277, 28,4, 15
277, 29,4, 15
277, 30,4, 15
277, 31,4, 15
277, 32,4, 15
277, 33,4, 15
277, 34,4, 15
277, 35,4, 15
277, 36,4, 15
277, 37,4, 15
277, 38,4, 15
277, 39,4, 15
278, 0,0, 15
278, 1,0, 15
278, 2,0, 15
278, 3,0, 15
278, 4,0, 15
278, 5,0, 15
278, 6,0, 15
278, 7,0, 15
278, 8,0, 15
278, 9,0, 15
278, 10,0, 15
278, 11,0, 15
278, 12,0, 15
278, 13,0, 15
278, 14,0, 15
278, 15,0, 15
278, 16,0, 15
278, 17,0, 15
278, 18,0, 15
278, 19,0, 15
278, 20,0, 15
278, 21,0, 15
278, 22,0, 15
278, 23,0, 15
278, 24,0, 15
278, 25,0, 15
278, 26,0, 15
278, 27,0, 15
278, 28,0, 15
278, 29,0, 15
278, 30,0, 15
278, 31,0, 15
278, 32,0, 15
278, 33,0, 15
278, 34,0, 15
278, 35,0, 15
278, 36,0, 15
278, 37,0, 15
278, 38,0, 15
278, 39,0, 15
278, 0,1, 15
278, 1,1, 15
278, 2,1, 15
278, 3,1, 15
278, 4,1, 15
278, 5,1, 15
278, 6,1, 15
278, 7,1, 15
278, 8,1, 15
278, 9,1, 15
278, 10,1, 15
278, 11,1, 15
278, 12,1, 15
278, 13,1, 15
278, 14,1, 15
278, 15,1, 15
278, 16,1, 15
278, 17,1, 15
278, 18,1, 15
278, 19,1, 15
278, 20,1, 15
278, 21,1, 15
278, 22,1, 15
278, 23,1, 15
278, 24,1, 15
278, 25,1, 15
278, 26,1, 15
278, 27,1, 15
278, 28,1, 15
278, 29,1, 15
278, 30,1, 15
278, 31,1, 15
278, 32,1, 15
278, 33,1, 15
278, 34,1, 15
278, 35,1, 15
278, 36,1, 15
278, 37,1, 15
278, 38,1, 15
278, 39,1, 15
278, 0,2, 15
278, 1,2, 15
278, 2,2, 15
278, 3,2, 15
278, 4,2, 15
278, 5,2, 15
278, 6,2, 15
278, 7,2, 15
278, 8,2, 15
278, 9,2, 15
278, 10,2, 15
278, 11,2, 15
278, 12,2, 15
278, 13,2, 15
278, 14,2, 15
278, 15,2, 15
278, 16,2, 15
278, 17,2, 15
278, 18,2, 15
278, 19,2, 15
278, 20,2, 15
278, 21,2, 15
278, 22,2, 15
278, 23,2, 15
278, 24,2, 15
278, 25,2, 15
278, 26,2, 15
278, 27,2, 15
278, 28,2, 15
278, 29,2, 15
278, 30,2, 15
278, 31,2, 15
278, 32,2, 15
278, 33,2, 15
278, 34,2, 15
278, 35,2, 15
278, 36,2, 15
278, 37,2, 15
278, 38,2, 15
278, 39,2, 15
278, 0,3, 15
278, 1,3, 15
278, 2,3, 15
278, 3,3, 15
278, 4,3, 15
278, 5,3, 15
278, 6,3, 15
278, 7,3, 15
278, 8,3, 15
278, 9,3, 15
278, 10,3, 15
278, 11,3, 15
278, 12,3, 15
278, 13,3, 15
278, 14,3, 15
278, 15,3, 15
278, 16,3, 15
278, 17,3, 15
278, 18,3, 15
278, 19,3, 15
278, 20,3, 15
278, 21,3, 15
278, 22,3, 15
278, 23,3, 15
278, 24,3, 15
278, 25,3, 15
278, 26,3, 15
278, 27,3, 15
278, 28,3, 15
278, 29,3, 15
278, 30,3, 15
278, 31,3, 15
278, 32,3, 15
278, 33,3, 15
278, 34,3, 15
278, 35,3, 15
278, 36,3, 15
278, 37,3, 15
278, 38,3, 15
278, 39,3, 15
278, 0,4, 15
278, 1,4, 15
278, 2,4, 15
278, 3,4, 15
278, 4,4, 15
278, 5,4, 15
278, 6,4, 15
278, 7,4, 15
278, 8,4, 15
278, 9,4, 15
278, 10,4, 15
278, 11,4, 15
278, 12,4, 15
278, 13,4, 15
278, 14,4, 15
278, 15,4, 15
278, 16,4, 15
278, 17,4, 15
278, 18,4, 15
278, 19,4, 15
278, 20,4, 15
278, 21,4, 15
278, 22,4, 15
278, 23,4, 15
278, 24,4, 15
278, 25,4, 15
278, 26,4, 15
278, 27,4, 15
278, 28,4, 15
278, 29,4, 15
278, 30,4, 15
278, 31,4, 15
278, 32,4, 15
278, 33,4, 15
278, 34,4, 15
278, 35,4, 15
278, 36,4, 15
278, 37,4, 15
278, 38,4, 15
278, 39,4, 15
279, 0,0, 15
279, 1,0, 15
279, 2,0, 15
279, 3,0, 15
279, 4,0, 15
279, 5,0, 15
279, 6,0, 15
279, 7,0, 15
279, 8,0, 15
279, 9,0, 15
279, 10,0, 15
279, 11,0, 15
279, 12,0, 15
279, 13,0, 15
279, 14,0, 15
279, 15,0, 15
279, 16,0, 15
279, 17,0, 15
279, 18,0, 15
279, 19,0, 15
279, 20,0, 15
279, 21,0, 15
279, 22,0, 15
279, 23,0, 15
279, 24,0, 15
279, 25,0, 15
279, 26,0, 15
279, 27,0, 15
279, 28,0, 15
279, 29,0, 15
279, 30,0, 15
279, 31,0, 15
279, 32,0, 15
279, 33,0, 15
279, 34,0, 15
279, 35,0, 15
279, 36,0, 15
279, 37,0, 15
279, 38,0, 15
279, 39,0, 15
279, 0,1, 15
279, 1,1, 15
279, 2,1, 15
279, 3,1, 15
279, 4,1, 15
279, 5,1, 15
279, 6,1, 15
279, 7,1, 15
279, 8,1, 15
279, 9,1, 15
279, 10,1, 15
279, 11,1, 15
279, 12,1, 15
279, 13,1, 15
279, 14,1, 15
279, 15,1, 15
279, 16,1, 15
279, 17,1, 15
279, 18,1, 15
279, 19,1, 15
279, 20,1, 15
279, 21,1, 15
279, 22,1, 15
279, 23,1, 15
279, 24,1, 15
279, 25,1, 15
279, 26,1, 15
279, 27,1, 15
279, 28,1, 15
279, 29,1, 15
279, 30,1, 15
279, 31,1, 15
279, 32,1, 15
279, 33,1, 15
279, 34,1, 15
279, 35,1, 15
279, 36,1, 15
279, 37,1, 15
279, 38,1, 15
279, 39,1, 15
279, 0,2, 15
279, 1,2, 15
279, 2,2, 15
279, 3,2, 15
279, 4,2, 15
279, 5,2, 15
279, 6,2, 15
279, 7,2, 15
279, 8,2, 15
279, 9,2, 15
279, 10,2, 15
279, 11,2, 15
279, 12,2, 15
279, 13,2, 15
279, 14,2, 15
279, 15,2, 15
279, 16,2, 15
279, 17,2, 15
279, 18,2, 15
279, 19,2, 15
279, 20,2, 15
279, 21,2, 15
279, 22,2, 15
279, 23,2, 15
279, 24,2, 15
279, 25,2, 15
279, 26,2, 15
279, 27,2, 15
279, 28,2, 15
279, 29,2, 15
279, 30,2, 15
279, 31,2, 15
279, 32,2, 15
279, 33,2, 15
279, 34,2, 15
279, 35,2, 15
279, 36,2, 15
279, 37,2, 15
279, 38,2, 15
279, 39,2, 15
279, 0,3, 15
279, 1,3, 15
279, 2,3, 15
279, 3,3, 15
279, 4,3, 15
279, 5,3, 15
279, 6,3, 15
279, 7,3, 15
279, 8,3, 15
279, 9,3, 15
279, 10,3, 15
279, 11,3, 15
279, 12,3, 15
279, 13,3, 15
279, 14,3, 15
279, 15,3, 15
279, 16,3, 15
279, 17,3, 15
279, 18,3, 15
279, 19,3, 15
279, 20,3, 15
279, 21,3, 15
279, 22,3, 15
279, 23,3, 15
279, 24,3, 15
279, 25,3, 15
279, 26,3, 15
279, 27,3, 15
279, 28,3, 15
279, 29,3, 15
279, 30,3, 15
279, 31,3, 15
279, 32,3, 15
279, 33,3, 15
279, 34,3, 15
279, 35,3, 15
279, 36,3, 15
279, 37,3, 15
279, 38,3, 15
279, 39,3, 15
279, 0,4, 15
279, 1,4, 15
279, 2,4, 15
279, 3,4, 15
279, 4,4, 15
279, 5,4, 15
279, 6,4, 15
279, 7,4, 15
279, 8,4, 15
279, 9,4, 15
279, 10,4, 15
279, 11,4, 15
279, 12,4, 15
279, 13,4, 15
279, 14,4, 15
279, 15,4, 15
279, 16,4, 15
279, 17,4, 15
279, 18,4, 15
279, 19,4, 15
279, 20,4, 15
279, 21,4, 15
279, 22,4, 15
279, 23,4, 15
279, 24,4, 15
279, 25,4, 15
279, 26,4, 15
279, 27,4, 15
279, 28,4, 15
279, 29,4, 15
279, 30,4, 15
279, 31,4, 15
279, 32,4, 15
279, 33,4, 15
279, 34,4, 15
279, 35,4, 15
279, 36,4, 15
279, 37,4, 15
279, 38,4, 15
279, 39,4, 15
280, 0,0, 15
280, 1,0, 15
280, 2,0, 15
280, 3,0, 15
280, 4,0, 15
280, 5,0, 15
280, 6,0, 15
280, 7,0, 15
280, 8,0, 15
280, 9,0, 15
280, 10,0, 15
280, 11,0, 15
280, 12,0, 15
280, 13,0, 15
280, 14,0, 15
280, 15,0, 15
280, 16,0, 15
280, 17,0, 15
280, 18,0, 15
280, 19,0, 15
280, 20,0, 15
280, 21,0, 15
280, 22,0, 15
280, 23,0, 15
280, 24,0, 15
280, 25,0, 15
280, 26,0, 15
280, 27,0, 15
280, 28,0, 15
280, 29,0, 15
280, 30,0, 15
280, 31,0, 15
280, 32,0, 15
280, 33,0, 15
280, 34,0, 15
280, 35,0, 15
280, 36,0, 15
280, 37,0, 15
280, 38,0, 15
280, 39,0, 15
280, 0,1, 15
280, 1,1, 15
280, 2,1, 15
280, 3,1, 15
280, 4,1, 15
280, 5,1, 15
280, 6,1, 15
280, 7,1, 15
280, 8,1, 15
280, 9,1, 15
280, 10,1, 15
280, 11,1, 15
280, 12,1, 15
280, 13,1, 15
280, 14,1, 15
280, 15,1, 15
280, 16,1, 15
280, 17,1, 15
280, 18,1, 15
280, 19,1, 15
280, 20,1, 15
280, 21,1, 15
280, 22,1, 15
280, 23,1, 15
280, 24,1, 15
280, 25,1, 15
280, 26,1, 15
280, 27,1, 15
280, 28,1, 15
280, 29,1, 15
280, 30,1, 15
280, 31,1, 15
280, 32,1, 15
280, 33,1, 15
280, 34,1, 15
280, 35,1, 15
280, 36,1, 15
280, 37,1, 15
280, 38,1, 15
280, 39,1, 15
280, 0,2, 15
280, 1,2, 15
280, 2,2, 15
280, 3,2, 15
280, 4,2, 15
280, 5,2, 15
280, 6,2, 15
280, 7,2, 15
280, 8,2, 15
280, 9,2, 15
280, 10,2, 15
280, 11,2, 15
280, 12,2, 15
280, 13,2, 15
280, 14,2, 15
280, 15,2, 15
280, 16,2, 15
280, 17,2, 15
280, 18,2, 15
280, 19,2, 15
280, 20,2, 15
280, 21,2, 15
280, 22,2, 15
280, 23,2, 15
280, 24,2, 15
280, 25,2, 15
280, 26,2, 15
280, 27,2, 15
280, 28,2, 15
280, 29,2, 15
280, 30,2, 15
280, 31,2, 15
280, 32,2, 15
280, 33,2, 15
280, 34,2, 15
280, 35,2, 15
280, 36,2, 15
280, 37,2, 15
280, 38,2, 15
280, 39,2, 15
280, 0,3, 15
280, 1,3, 15
280, 2,3, 15
280, 3,3, 15
280, 4,3, 15
280, 5,3, 15
280, 6,3, 15
280, 7,3, 15
280, 8,3, 15
280, 9,3, 15
280, 10,3, 15
280, 11,3, 15
280, 12,3, 15
280, 13,3, 15
280, 14,3, 15
280, 15,3, 15
280, 16,3, 15
280, 17,3, 15
280, 18,3, 15
280, 19,3, 15
280, 20,3, 15
280, 21,3, 15
280, 22,3, 15
280, 23,3, 15
280, 24,3, 15
280, 25,3, 15
280, 26,3, 15
280, 27,3, 15
280, 28,3, 15
280, 29,3, 15
280, 30,3, 15
280, 31,3, 15
280, 32,3, 15
280, 33,3, 15
280, 34,3, 15
280, 35,3, 15
280, 36,3, 15
280, 37,3, 15
280, 38,3, 15
280, 39,3, 15
280, 0,4, 15
280, 1,4, 15
280, 2,4, 15
280, 3,4, 15
280, 4,4, 15
280, 5,4, 15
280, 6,4, 15
280, 7,4, 15
280, 8,4, 15
280, 9,4, 15
280, 10,4, 15
280, 11,4, 15
280, 12,4, 15
280, 13,4, 15
280, 14,4, 15
280, 15,4, 15
280, 16,4, 15
280, 17,4, 15
280, 18,4, 15
280, 19,4, 15
280, 20,4, 15
280, 21,4, 15
280, 22,4, 15
280, 23,4, 15
280, 24,4, 15
280, 25,4, 15
280, 26,4, 15
280, 27,4, 15
280, 28,4, 15
280, 29,4, 15
280, 30,4, 15
280, 31,4, 15
280, 32,4, 15
280, 33,4, 15
280, 34,4, 15
280, 35,4, 15
280, 36,4, 15
280, 37,4, 15
280, 38,4, 15
280, 39,4, 15
281, 0,0, 15
281, 1,0, 15
281, 2,0, 15
281, 3,0, 15
281, 4,0, 15
281, 5,0, 15
281, 6,0, 15
281, 7,0, 15
281, 8,0, 15
281, 9,0, 15
281, 10,0, 15
281, 11,0, 15
281, 12,0, 15
281, 13,0, 15
281, 14,0, 15
281, 15,0, 15
281, 16,0, 15
281, 17,0, 15
281, 18,0, 15
281, 19,0, 15
281, 20,0, 15
281, 21,0, 15
281, 22,0, 15
281, 23,0, 15
281, 24,0, 15
281, 25,0, 15
281, 26,0, 15
281, 27,0, 15
281, 28,0, 15
281, 29,0, 15
281, 30,0, 15
281, 31,0, 15
281, 32,0, 15
281, 33,0, 15
281, 34,0, 15
281, 35,0, 15
281, 36,0, 15
281, 37,0, 15
281, 38,0, 15
281, 39,0, 15
281, 0,1, 15
281, 1,1, 15
281, 2,1, 15
281, 3,1, 15
281, 4,1, 15
281, 5,1, 15
281, 6,1, 15
281, 7,1, 15
281, 8,1, 15
281, 9,1, 15
281, 10,1, 15
281, 11,1, 15
281, 12,1, 15
281, 13,1, 15
281, 14,1, 15
281, 15,1, 15
281, 16,1, 15
281, 17,1, 15
281, 18,1, 15
281, 19,1, 15
281, 20,1, 15
281, 21,1, 15
281, 22,1, 15
281, 23,1, 15
281, 24,1, 15
281, 25,1, 15
281, 26,1, 15
281, 27,1, 15
281, 28,1, 15
281, 29,1, 15
281, 30,1, 15
281, 31,1, 15
281, 32,1, 15
281, 33,1, 15
281, 34,1, 15
281, 35,1, 15
281, 36,1, 15
281, 37,1, 15
281, 38,1, 15
281, 39,1, 15
281, 0,2, 15
281, 1,2, 15
281, 2,2, 15
281, 3,2, 15
281, 4,2, 15
281, 5,2, 15
281, 6,2, 15
281, 7,2, 15
281, 8,2, 15
281, 9,2, 15
281, 10,2, 15
281, 11,2, 15
281, 12,2, 15
281, 13,2, 15
281, 14,2, 15
281, 15,2, 15
281, 16,2, 15
281, 17,2, 15
281, 18,2, 15
281, 19,2, 15
281, 20,2, 15
281, 21,2, 15
281, 22,2, 15
281, 23,2, 15
281, 24,2, 15
281, 25,2, 15
281, 26,2, 15
281, 27,2, 15
281, 28,2, 15
281, 29,2, 15
281, 30,2, 15
281, 31,2, 15
281, 32,2, 15
281, 33,2, 15
281, 34,2, 15
281, 35,2, 15
281, 36,2, 15
281, 37,2, 15
281, 38,2, 15
281, 39,2, 15
281, 0,3, 15
281, 1,3, 15
281, 2,3, 15
281, 3,3, 15
281, 4,3, 15
281, 5,3, 15
281, 6,3, 15
281, 7,3, 15
281, 8,3, 15
281, 9,3, 15
281, 10,3, 15
281, 11,3, 15
281, 12,3, 15
281, 13,3, 15
281, 14,3, 15
281, 15,3, 15
281, 16,3, 15
281, 17,3, 15
281, 18,3, 15
281, 19,3, 15
281, 20,3, 15
281, 21,3, 15
281, 22,3, 15
281, 23,3, 15
281, 24,3, 15
281, 25,3, 15
281, 26,3, 15
281, 27,3, 15
281, 28,3, 15
281, 29,3, 15
281, 30,3, 15
281, 31,3, 15
281, 32,3, 15
281, 33,3, 15
281, 34,3, 15
281, 35,3, 15
281, 36,3, 15
281, 37,3, 15
281, 38,3, 15
281, 39,3, 15
281, 0,4, 15
281, 1,4, 15
281, 2,4, 15
281, 3,4, 15
281, 4,4, 15
281, 5,4, 15
281, 6,4, 15
281, 7,4, 15
281, 8,4, 15
281, 9,4, 15
281, 10,4, 15
281, 11,4, 15
281, 12,4, 15
281, 13,4, 15
281, 14,4, 15
281, 15,4, 15
281, 16,4, 15
281, 17,4, 15
281, 18,4, 15
281, 19,4, 15
281, 20,4, 15
281, 21,4, 15
281, 22,4, 15
281, 23,4, 15
281, 24,4, 15
281, 25,4, 15
281, 26,4, 15
281, 27,4, 15
281, 28,4, 15
281, 29,4, 15
281, 30,4, 15
281, 31,4, 15
281, 32,4, 15
281, 33,4, 15
281, 34,4, 15
281, 35,4, 15
281, 36,4, 15
281, 37,4, 15
281, 38,4, 15
281, 39,4, 15
282, 0,0, 15
282, 1,0, 15
282, 2,0, 15
282, 3,0, 15
282, 4,0, 15
282, 5,0, 15
282, 6,0, 15
282, 7,0, 15
282, 8,0, 15
282, 9,0, 15
282, 10,0, 15
282, 11,0, 15
282, 12,0, 15
282, 13,0, 15
282, 14,0, 15
282, 15,0, 15
282, 16,0, 15
282, 17,0, 15
282, 18,0, 15
282, 19,0, 15
282, 20,0, 15
282, 21,0, 15
282, 22,0, 15
282, 23,0, 15
282, 24,0, 15
282, 25,0, 15
282, 26,0, 15
282, 27,0, 15
282, 28,0, 15
282, 29,0, 15
282, 30,0, 15
282, 31,0, 15
282, 32,0, 15
282, 33,0, 15
282, 34,0, 15
282, 35,0, 15
282, 36,0, 15
282, 37,0, 15
282, 38,0, 15
282, 39,0, 15
282, 0,1, 15
282, 1,1, 15
282, 2,1, 15
282, 3,1, 15
282, 4,1, 15
282, 5,1, 15
282, 6,1, 15
282, 7,1, 15
282, 8,1, 15
282, 9,1, 15
282, 10,1, 15
282, 11,1, 15
282, 12,1, 15
282, 13,1, 15
282, 14,1, 15
282, 15,1, 15
282, 16,1, 15
282, 17,1, 15
282, 18,1, 15
282, 19,1, 15
282, 20,1, 15
282, 21,1, 15
282, 22,1, 15
282, 23,1, 15
282, 24,1, 15
282, 25,1, 15
282, 26,1, 15
282, 27,1, 15
282, 28,1, 15
282, 29,1, 15
282, 30,1, 15
282, 31,1, 15
282, 32,1, 15
282, 33,1, 15
282, 34,1, 15
282, 35,1, 15
282, 36,1, 15
282, 37,1, 15
282, 38,1, 15
282, 39,1, 15
282, 0,2, 15
282, 1,2, 15
282, 2,2, 15
282, 3,2, 15
282, 4,2, 15
282, 5,2, 15
282, 6,2, 15
282, 7,2, 15
282, 8,2, 15
282, 9,2, 15
282, 10,2, 15
282, 11,2, 15
282, 12,2, 15
282, 13,2, 15
282, 14,2, 15
282, 15,2, 15
282, 16,2, 15
282, 17,2, 15
282, 18,2, 15
282, 19,2, 15
282, 20,2, 15
282, 21,2, 15
282, 22,2, 15
282, 23,2, 15
282, 24,2, 15
282, 25,2, 15
282, 26,2, 15
282, 27,2, 15
282, 28,2, 15
282, 29,2, 15
282, 30,2, 15
282, 31,2, 15
282, 32,2, 15
282, 33,2, 15
282, 34,2, 15
282, 35,2, 15
282, 36,2, 15
282, 37,2, 15
282, 38,2, 15
282, 39,2, 15
282, 0,3, 15
282, 1,3, 15
282, 2,3, 15
282, 3,3, 15
282, 4,3, 15
282, 5,3, 15
282, 6,3, 15
282, 7,3, 15
282, 8,3, 15
282, 9,3, 15
282, 10,3, 15
282, 11,3, 15
282, 12,3, 15
282, 13,3, 15
282, 14,3, 15
282, 15,3, 15
282, 16,3, 15
282, 17,3, 15
282, 18,3, 15
282, 19,3, 15
282, 20,3, 15
282, 21,3, 15
282, 22,3, 15
282, 23,3, 15
282, 24,3, 15
282, 25,3, 15
282, 26,3, 15
282, 27,3, 15
282, 28,3, 15
282, 29,3, 15
282, 30,3, 15
282, 31,3, 15
282, 32,3, 15
282, 33,3, 15
282, 34,3, 15
282, 35,3, 15
282, 36,3, 15
282, 37,3, 15
282, 38,3, 15
282, 39,3, 15
282, 0,4, 15
282, 1,4, 15
282, 2,4, 15
282, 3,4, 15
282, 4,4, 15
282, 5,4, 15
282, 6,4, 15
282, 7,4, 15
282, 8,4, 15
282, 9,4, 15
282, 10,4, 15
282, 11,4, 15
282, 12,4, 15
282, 13,4, 15
282, 14,4, 15
282, 15,4, 15
282, 16,4, 15
282, 17,4, 15
282, 18,4, 15
282, 19,4, 15
282, 20,4, 15
282, 21,4, 15
282, 22,4, 15
282, 23,4, 15
282, 24,4, 15
282, 25,4, 15
282, 26,4, 15
282, 27,4, 15
282, 28,4, 15
282, 29,4, 15
282, 30,4, 15
282, 31,4, 15
282, 32,4, 15
282, 33,4, 15
282, 34,4, 15
282, 35,4, 15
282, 36,4, 15
282, 37,4, 15
282, 38,4, 15
282, 39,4, 15
283, 0,0, 15
283, 1,0, 15
283, 2,0, 15
283, 3,0, 15
283, 4,0, 15
283, 5,0, 15
283, 6,0, 15
283, 7,0, 15
283, 8,0, 15
283, 9,0, 15
283, 10,0, 15
283, 11,0, 15
283, 12,0, 15
283, 13,0, 15
283, 14,0, 15
283, 15,0, 15
283, 16,0, 15
283, 17,0, 15
283, 18,0, 15
283, 19,0, 15
283, 20,0, 15
283, 21,0, 15
283, 22,0, 15
283, 23,0, 15
283, 24,0, 15
283, 25,0, 15
283, 26,0, 15
283, 27,0, 15
283, 28,0, 15
283, 29,0, 15
283, 30,0, 15
283, 31,0, 15
283, 32,0, 15
283, 33,0, 15
283, 34,0, 15
283, 35,0, 15
283, 36,0, 15
283, 37,0, 15
283, 38,0, 15
283, 39,0, 15
283, 0,1, 15
283, 1,1, 15
283, 2,1, 15
283, 3,1, 15
283, 4,1, 15
283, 5,1, 15
283, 6,1, 15
283, 7,1, 15
283, 8,1, 15
283, 9,1, 15
283, 10,1, 15
283, 11,1, 15
283, 12,1, 15
283, 13,1, 15
283, 14,1, 15
283, 15,1, 15
283, 16,1, 15
283, 17,1, 15
283, 18,1, 15
283, 19,1, 15
283, 20,1, 15
283, 21,1, 15
283, 22,1, 15
283, 23,1, 15
283, 24,1, 15
283, 25,1, 15
283, 26,1, 15
283, 27,1, 15
283, 28,1, 15
283, 29,1, 15
283, 30,1, 15
283, 31,1, 15
283, 32,1, 15
283, 33,1, 15
283, 34,1, 15
283, 35,1, 15
283, 36,1, 15
283, 37,1, 15
283, 38,1, 15
283, 39,1, 15
283, 0,2, 15
283, 1,2, 15
283, 2,2, 15
283, 3,2, 15
283, 4,2, 15
283, 5,2, 15
283, 6,2, 15
283, 7,2, 15
283, 8,2, 15
283, 9,2, 15
283, 10,2, 15
283, 11,2, 15
283, 12,2, 15
283, 13,2, 15
283, 14,2, 15
283, 15,2, 15
283, 16,2, 15
283, 17,2, 15
283, 18,2, 15
283, 19,2, 15
283, 20,2, 15
283, 21,2, 15
283, 22,2, 15
283, 23,2, 15
283, 24,2, 15
283, 25,2, 15
283, 26,2, 15
283, 27,2, 15
283, 28,2, 15
283, 29,2, 15
283, 30,2, 15
283, 31,2, 15
283, 32,2, 15
283, 33,2, 15
283, 34,2, 15
283, 35,2, 15
283, 36,2, 15
283, 37,2, 15
283, 38,2, 15
283, 39,2, 15
283, 0,3, 15
283, 1,3, 15
283, 2,3, 15
283, 3,3, 15
283, 4,3, 15
283, 5,3, 15
283, 6,3, 15
283, 7,3, 15
283, 8,3, 15
283, 9,3, 15
283, 10,3, 15
283, 11,3, 15
283, 12,3, 15
283, 13,3, 15
283, 14,3, 15
283, 15,3, 15
283, 16,3, 15
283, 17,3, 15
283, 18,3, 15
283, 19,3, 15
283, 20,3, 15
283, 21,3, 15
283, 22,3, 15
283, 23,3, 15
283, 24,3, 15
283, 25,3, 15
283, 26,3, 15
283, 27,3, 15
283, 28,3, 15
283, 29,3, 15
283, 30,3, 15
283, 31,3, 15
283, 32,3, 15
283, 33,3, 15
283, 34,3, 15
283, 35,3, 15
283, 36,3, 15
283, 37,3, 15
283, 38,3, 15
283, 39,3, 15
283, 0,4, 15
283, 1,4, 15
283, 2,4, 15
283, 3,4, 15
283, 4,4, 15
283, 5,4, 15
283, 6,4, 15
283, 7,4, 15
283, 8,4, 15
283, 9,4, 15
283, 10,4, 15
283, 11,4, 15
283, 12,4, 15
283, 13,4, 15
283, 14,4, 15
283, 15,4, 15
283, 16,4, 15
283, 17,4, 15
283, 18,4, 15
283, 19,4, 15
283, 20,4, 15
283, 21,4, 15
283, 22,4, 15
283, 23,4, 15
283, 24,4, 15
283, 25,4, 15
283, 26,4, 15
283, 27,4, 15
283, 28,4, 15
283, 29,4, 15
283, 30,4, 15
283, 31,4, 15
283, 32,4, 15
283, 33,4, 15
283, 34,4, 15
283, 35,4, 15
283, 36,4, 15
283, 37,4, 15
283, 38,4, 15
283, 39,4, 15
284, 0,0, 15
284, 1,0, 15
284, 2,0, 15
284, 3,0, 15
284, 4,0, 15
284, 5,0, 15
284, 6,0, 15
284, 7,0, 15
284, 8,0, 15
284, 9,0, 15
284, 10,0, 15
284, 11,0, 15
284, 12,0, 15
284, 13,0, 15
284, 14,0, 15
284, 15,0, 15
284, 16,0, 15
284, 17,0, 15
284, 18,0, 15
284, 19,0, 15
284, 20,0, 15
284, 21,0, 15
284, 22,0, 15
284, 23,0, 15
284, 24,0, 15
284, 25,0, 15
284, 26,0, 15
284, 27,0, 15
284, 28,0, 15
284, 29,0, 15
284, 30,0, 15
284, 31,0, 15
284, 32,0, 15
284, 33,0, 15
284, 34,0, 15
284, 35,0, 15
284, 36,0, 15
284, 37,0, 15
284, 38,0, 15
284, 39,0, 15
284, 0,1, 15
284, 1,1, 15
284, 2,1, 15
284, 3,1, 15
284, 4,1, 15
284, 5,1, 15
284, 6,1, 15
284, 7,1, 15
284, 8,1, 15
284, 9,1, 15
284, 10,1, 15
284, 11,1, 15
284, 12,1, 15
284, 13,1, 15
284, 14,1, 15
284, 15,1, 15
284, 16,1, 15
284, 17,1, 15
284, 18,1, 15
284, 19,1, 15
284, 20,1, 15
284, 21,1, 15
284, 22,1, 15
284, 23,1, 15
284, 24,1, 15
284, 25,1, 15
284, 26,1, 15
284, 27,1, 15
284, 28,1, 15
284, 29,1, 15
284, 30,1, 15
284, 31,1, 15
284, 32,1, 15
284, 33,1, 15
284, 34,1, 15
284, 35,1, 15
284, 36,1, 15
284, 37,1, 15
284, 38,1, 15
284, 39,1, 15
284, 0,2, 15
284, 1,2, 15
284, 2,2, 15
284, 3,2, 15
284, 4,2, 15
284, 5,2, 15
284, 6,2, 15
284, 7,2, 15
284, 8,2, 15
284, 9,2, 15
284, 10,2, 15
284, 11,2, 15
284, 12,2, 15
284, 13,2, 15
284, 14,2, 15
284, 15,2, 15
284, 16,2, 15
284, 17,2, 15
284, 18,2, 15
284, 19,2, 15
284, 20,2, 15
284, 21,2, 15
284, 22,2, 15
284, 23,2, 15
284, 24,2, 15
284, 25,2, 15
284, 26,2, 15
284, 27,2, 15
284, 28,2, 15
284, 29,2, 15
284, 30,2, 15
284, 31,2, 15
284, 32,2, 15
284, 33,2, 15
284, 34,2, 15
284, 35,2, 15
284, 36,2, 15
284, 37,2, 15
284, 38,2, 15
284, 39,2, 15
284, 0,3, 15
284, 1,3, 15
284, 2,3, 15
284, 3,3, 15
284, 4,3, 15
284, 5,3, 15
284, 6,3, 15
284, 7,3, 15
284, 8,3, 15
284, 9,3, 15
284, 10,3, 15
284, 11,3, 15
284, 12,3, 15
284, 13,3, 15
284, 14,3, 15
284, 15,3, 15
284, 16,3, 15
284, 17,3, 15
284, 18,3, 15
284, 19,3, 15
284, 20,3, 15
284, 21,3, 15
284, 22,3, 15
284, 23,3, 15
284, 24,3, 15
284, 25,3, 15
284, 26,3, 15
284, 27,3, 15
284, 28,3, 15
284, 29,3, 15
284, 30,3, 15
284, 31,3, 15
284, 32,3, 15
284, 33,3, 15
284, 34,3, 15
284, 35,3, 15
284, 36,3, 15
284, 37,3, 15
284, 38,3, 15
284, 39,3, 15
284, 0,4, 15
284, 1,4, 15
284, 2,4, 15
284, 3,4, 15
284, 4,4, 15
284, 5,4, 15
284, 6,4, 15
284, 7,4, 15
284, 8,4, 15
284, 9,4, 15
284, 10,4, 15
284, 11,4, 15
284, 12,4, 15
284, 13,4, 15
284, 14,4, 15
284, 15,4, 15
284, 16,4, 15
284, 17,4, 15
284, 18,4, 15
284, 19,4, 15
284, 20,4, 15
284, 21,4, 15
284, 22,4, 15
284, 23,4, 15
284, 24,4, 15
284, 25,4, 15
284, 26,4, 15
284, 27,4, 15
284, 28,4, 15
284, 29,4, 15
284, 30,4, 15
284, 31,4, 15
284, 32,4, 15
284, 33,4, 15
284, 34,4, 15
284, 35,4, 15
284, 36,4, 15
284, 37,4, 15
284, 38,4, 15
284, 39,4, 15
285, 0,0, 15
285, 1,0, 15
285, 2,0, 15
285, 3,0, 15
285, 4,0, 15
285, 5,0, 15
285, 6,0, 15
285, 7,0, 15
285, 8,0, 15
285, 9,0, 15
285, 10,0, 15
285, 11,0, 15
285, 12,0, 15
285, 13,0, 15
285, 14,0, 15
285, 15,0, 15
285, 16,0, 15
285, 17,0, 15
285, 18,0, 15
285, 19,0, 15
285, 20,0, 15
285, 21,0, 15
285, 22,0, 15
285, 23,0, 15
285, 24,0, 15
285, 25,0, 15
285, 26,0, 15
285, 27,0, 15
285, 28,0, 15
285, 29,0, 15
285, 30,0, 15
285, 31,0, 15
285, 32,0, 15
285, 33,0, 15
285, 34,0, 15
285, 35,0, 15
285, 36,0, 15
285, 37,0, 15
285, 38,0, 15
285, 39,0, 15
285, 0,1, 15
285, 1,1, 15
285, 2,1, 15
285, 3,1, 15
285, 4,1, 15
285, 5,1, 15
285, 6,1, 15
285, 7,1, 15
285, 8,1, 15
285, 9,1, 15
285, 10,1, 15
285, 11,1, 15
285, 12,1, 15
285, 13,1, 15
285, 14,1, 15
285, 15,1, 15
285, 16,1, 15
285, 17,1, 15
285, 18,1, 15
285, 19,1, 15
285, 20,1, 15
285, 21,1, 15
285, 22,1, 15
285, 23,1, 15
285, 24,1, 15
285, 25,1, 15
285, 26,1, 15
285, 27,1, 15
285, 28,1, 15
285, 29,1, 15
285, 30,1, 15
285, 31,1, 15
285, 32,1, 15
285, 33,1, 15
285, 34,1, 15
285, 35,1, 15
285, 36,1, 15
285, 37,1, 15
285, 38,1, 15
285, 39,1, 15
285, 0,2, 15
285, 1,2, 15
285, 2,2, 15
285, 3,2, 15
285, 4,2, 15
285, 5,2, 15
285, 6,2, 15
285, 7,2, 15
285, 8,2, 15
285, 9,2, 15
285, 10,2, 15
285, 11,2, 15
285, 12,2, 15
285, 13,2, 15
285, 14,2, 15
285, 15,2, 15
285, 16,2, 15
285, 17,2, 15
285, 18,2, 15
285, 19,2, 15
285, 20,2, 15
285, 21,2, 15
285, 22,2, 15
285, 23,2, 15
285, 24,2, 15
285, 25,2, 15
285, 26,2, 15
285, 27,2, 15
285, 28,2, 15
285, 29,2, 15
285, 30,2, 15
285, 31,2, 15
285, 32,2, 15
285, 33,2, 15
285, 34,2, 15
285, 35,2, 15
285, 36,2, 15
285, 37,2, 15
285, 38,2, 15
285, 39,2, 15
285, 0,3, 15
285, 1,3, 15
285, 2,3, 15
285, 3,3, 15
285, 4,3, 15
285, 5,3, 15
285, 6,3, 15
285, 7,3, 15
285, 8,3, 15
285, 9,3, 15
285, 10,3, 15
285, 11,3, 15
285, 12,3, 15
285, 13,3, 15
285, 14,3, 15
285, 15,3, 15
285, 16,3, 15
285, 17,3, 15
285, 18,3, 15
285, 19,3, 15
285, 20,3, 15
285, 21,3, 15
285, 22,3, 15
285, 23,3, 15
285, 24,3, 15
285, 25,3, 15
285, 26,3, 15
285, 27,3, 15
285, 28,3, 15
285, 29,3, 15
285, 30,3, 15
285, 31,3, 15
285, 32,3, 15
285, 33,3, 15
285, 34,3, 15
285, 35,3, 15
285, 36,3, 15
285, 37,3, 15
285, 38,3, 15
285, 39,3, 15
285, 0,4, 15
285, 1,4, 15
285, 2,4, 15
285, 3,4, 15
285, 4,4, 15
285, 5,4, 15
285, 6,4, 15
285, 7,4, 15
285, 8,4, 15
285, 9,4, 15
285, 10,4, 15
285, 11,4, 15
285, 12,4, 15
285, 13,4, 15
285, 14,4, 15
285, 15,4, 15
285, 16,4, 15
285, 17,4, 15
285, 18,4, 15
285, 19,4, 15
285, 20,4, 15
285, 21,4, 15
285, 22,4, 15
285, 23,4, 15
285, 24,4, 15
285, 25,4, 15
285, 26,4, 15
285, 27,4, 15
285, 28,4, 15
285, 29,4, 15
285, 30,4, 15
285, 31,4, 15
285, 32,4, 15
285, 33,4, 15
285, 34,4, 15
285, 35,4, 15
285, 36,4, 15
285, 37,4, 15
285, 38,4, 15
285, 39,4, 15
286, 0,0, 15
286, 1,0, 15
286, 2,0, 15
286, 3,0, 15
286, 4,0, 15
286, 5,0, 15
286, 6,0, 15
286, 7,0, 15
286, 8,0, 15
286, 9,0, 15
286, 10,0, 15
286, 11,0, 15
286, 12,0, 15
286, 13,0, 15
286, 14,0, 15
286, 15,0, 15
286, 16,0, 15
286, 17,0, 15
286, 18,0, 15
286, 19,0, 15
286, 20,0, 15
286, 21,0, 15
286, 22,0, 15
286, 23,0, 15
286, 24,0, 15
286, 25,0, 15
286, 26,0, 15
286, 27,0, 15
286, 28,0, 15
286, 29,0, 15
286, 30,0, 15
286, 31,0, 15
286, 32,0, 15
286, 33,0, 15
286, 34,0, 15
286, 35,0, 15
286, 36,0, 15
286, 37,0, 15
286, 38,0, 15
286, 39,0, 15
286, 0,1, 15
286, 1,1, 15
286, 2,1, 15
286, 3,1, 15
286, 4,1, 15
286, 5,1, 15
286, 6,1, 15
286, 7,1, 15
286, 8,1, 15
286, 9,1, 15
286, 10,1, 15
286, 11,1, 15
286, 12,1, 15
286, 13,1, 15
286, 14,1, 15
286, 15,1, 15
286, 16,1, 15
286, 17,1, 15
286, 18,1, 15
286, 19,1, 15
286, 20,1, 15
286, 21,1, 15
286, 22,1, 15
286, 23,1, 15
286, 24,1, 15
286, 25,1, 15
286, 26,1, 15
286, 27,1, 15
286, 28,1, 15
286, 29,1, 15
286, 30,1, 15
286, 31,1, 15
286, 32,1, 15
286, 33,1, 15
286, 34,1, 15
286, 35,1, 15
286, 36,1, 15
286, 37,1, 15
286, 38,1, 15
286, 39,1, 15
286, 0,2, 15
286, 1,2, 15
286, 2,2, 15
286, 3,2, 15
286, 4,2, 15
286, 5,2, 15
286, 6,2, 15
286, 7,2, 15
286, 8,2, 15
286, 9,2, 15
286, 10,2, 15
286, 11,2, 15
286, 12,2, 15
286, 13,2, 15
286, 14,2, 15
286, 15,2, 15
286, 16,2, 15
286, 17,2, 15
286, 18,2, 15
286, 19,2, 15
286, 20,2, 15
286, 21,2, 15
286, 22,2, 15
286, 23,2, 15
286, 24,2, 15
286, 25,2, 15
286, 26,2, 15
286, 27,2, 15
286, 28,2, 15
286, 29,2, 15
286, 30,2, 15
286, 31,2, 15
286, 32,2, 15
286, 33,2, 15
286, 34,2, 15
286, 35,2, 15
286, 36,2, 15
286, 37,2, 15
286, 38,2, 15
286, 39,2, 15
286, 0,3, 15
286, 1,3, 15
286, 2,3, 15
286, 3,3, 15
286, 4,3, 15
286, 5,3, 15
286, 6,3, 15
286, 7,3, 15
286, 8,3, 15
286, 9,3, 15
286, 10,3, 15
286, 11,3, 15
286, 12,3, 15
286, 13,3, 15
286, 14,3, 15
286, 15,3, 15
286, 16,3, 15
286, 17,3, 15
286, 18,3, 15
286, 19,3, 15
286, 20,3, 15
286, 21,3, 15
286, 22,3, 15
286, 23,3, 15
286, 24,3, 15
286, 25,3, 15
286, 26,3, 15
286, 27,3, 15
286, 28,3, 15
286, 29,3, 15
286, 30,3, 15
286, 31,3, 15
286, 32,3, 15
286, 33,3, 15
286, 34,3, 15
286, 35,3, 15
286, 36,3, 15
286, 37,3, 15
286, 38,3, 15
286, 39,3, 15
286, 0,4, 15
286, 1,4, 15
286, 2,4, 15
286, 3,4, 15
286, 4,4, 15
286, 5,4, 15
286, 6,4, 15
286, 7,4, 15
286, 8,4, 15
286, 9,4, 15
286, 10,4, 15
286, 11,4, 15
286, 12,4, 15
286, 13,4, 15
286, 14,4, 15
286, 15,4, 15
286, 16,4, 15
286, 17,4, 15
286, 18,4, 15
286, 19,4, 15
286, 20,4, 15
286, 21,4, 15
286, 22,4, 15
286, 23,4, 15
286, 24,4, 15
286, 25,4, 15
286, 26,4, 15
286, 27,4, 15
286, 28,4, 15
286, 29,4, 15
286, 30,4, 15
286, 31,4, 15
286, 32,4, 15
286, 33,4, 15
286, 34,4, 15
286, 35,4, 15
286, 36,4, 15
286, 37,4, 15
286, 38,4, 15
286, 39,4, 15
287, 0,0, 15
287, 1,0, 15
287, 2,0, 15
287, 3,0, 15
287, 4,0, 15
287, 5,0, 15
287, 6,0, 15
287, 7,0, 15
287, 8,0, 15
287, 9,0, 15
287, 10,0, 15
287, 11,0, 15
287, 12,0, 15
287, 13,0, 15
287, 14,0, 15
287, 15,0, 15
287, 16,0, 15
287, 17,0, 15
287, 18,0, 15
287, 19,0, 15
287, 20,0, 15
287, 21,0, 15
287, 22,0, 15
287, 23,0, 15
287, 24,0, 15
287, 25,0, 15
287, 26,0, 15
287, 27,0, 15
287, 28,0, 15
287, 29,0, 15
287, 30,0, 15
287, 31,0, 15
287, 32,0, 15
287, 33,0, 15
287, 34,0, 15
287, 35,0, 15
287, 36,0, 15
287, 37,0, 15
287, 38,0, 15
287, 39,0, 15
287, 0,1, 15
287, 1,1, 15
287, 2,1, 15
287, 3,1, 15
287, 4,1, 15
287, 5,1, 15
287, 6,1, 15
287, 7,1, 15
287, 8,1, 15
287, 9,1, 15
287, 10,1, 15
287, 11,1, 15
287, 12,1, 15
287, 13,1, 15
287, 14,1, 15
287, 15,1, 15
287, 16,1, 15
287, 17,1, 15
287, 18,1, 15
287, 19,1, 15
287, 20,1, 15
287, 21,1, 15
287, 22,1, 15
287, 23,1, 15
287, 24,1, 15
287, 25,1, 15
287, 26,1, 15
287, 27,1, 15
287, 28,1, 15
287, 29,1, 15
287, 30,1, 15
287, 31,1, 15
287, 32,1, 15
287, 33,1, 15
287, 34,1, 15
287, 35,1, 15
287, 36,1, 15
287, 37,1, 15
287, 38,1, 15
287, 39,1, 15
287, 0,2, 15
287, 1,2, 15
287, 2,2, 15
287, 3,2, 15
287, 4,2, 15
287, 5,2, 15
287, 6,2, 15
287, 7,2, 15
287, 8,2, 15
287, 9,2, 15
287, 10,2, 15
287, 11,2, 15
287, 12,2, 15
287, 13,2, 15
287, 14,2, 15
287, 15,2, 15
287, 16,2, 15
287, 17,2, 15
287, 18,2, 15
287, 19,2, 15
287, 20,2, 15
287, 21,2, 15
287, 22,2, 15
287, 23,2, 15
287, 24,2, 15
287, 25,2, 15
287, 26,2, 15
287, 27,2, 15
287, 28,2, 15
287, 29,2, 15
287, 30,2, 15
287, 31,2, 15
287, 32,2, 15
287, 33,2, 15
287, 34,2, 15
287, 35,2, 15
287, 36,2, 15
287, 37,2, 15
287, 38,2, 15
287, 39,2, 15
287, 0,3, 15
287, 1,3, 15
287, 2,3, 15
287, 3,3, 15
287, 4,3, 15
287, 5,3, 15
287, 6,3, 15
287, 7,3, 15
287, 8,3, 15
287, 9,3, 15
287, 10,3, 15
287, 11,3, 15
287, 12,3, 15
287, 13,3, 15
287, 14,3, 15
287, 15,3, 15
287, 16,3, 15
287, 17,3, 15
287, 18,3, 15
287, 19,3, 15
287, 20,3, 15
287, 21,3, 15
287, 22,3, 15
287, 23,3, 15
287, 24,3, 15
287, 25,3, 15
287, 26,3, 15
287, 27,3, 15
287, 28,3, 15
287, 29,3, 15
287, 30,3, 15
287, 31,3, 15
287, 32,3, 15
287, 33,3, 15
287, 34,3, 15
287, 35,3, 15
287, 36,3, 15
287, 37,3, 15
287, 38,3, 15
287, 39,3, 15
287, 0,4, 15
287, 1,4, 15
287, 2,4, 15
287, 3,4, 15
287, 4,4, 15
287, 5,4, 15
287, 6,4, 15
287, 7,4, 15
287, 8,4, 15
287, 9,4, 15
287, 10,4, 15
287, 11,4, 15
287, 12,4, 15
287, 13,4, 15
287, 14,4, 15
287, 15,4, 15
287, 16,4, 15
287, 17,4, 15
287, 18,4, 15
287, 19,4, 15
287, 20,4, 15
287, 21,4, 15
287, 22,4, 15
287, 23,4, 15
287, 24,4, 15
287, 25,4, 15
287, 26,4, 15
287, 27,4, 15
287, 28,4, 15
287, 29,4, 15
287, 30,4, 15
287, 31,4, 15
287, 32,4, 15
287, 33,4, 15
287, 34,4, 15
287, 35,4, 15
287, 36,4, 15
287, 37,4, 15
287, 38,4, 15
287, 39,4, 15
288, 0,0, 15
288, 1,0, 15
288, 2,0, 15
288, 3,0, 15
288, 4,0, 15
288, 5,0, 15
288, 6,0, 15
288, 7,0, 15
288, 8,0, 15
288, 9,0, 15
288, 10,0, 15
288, 11,0, 15
288, 12,0, 15
288, 13,0, 15
288, 14,0, 15
288, 15,0, 15
288, 16,0, 15
288, 17,0, 15
288, 18,0, 15
288, 19,0, 15
288, 20,0, 15
288, 21,0, 15
288, 22,0, 15
288, 23,0, 15
288, 24,0, 15
288, 25,0, 15
288, 26,0, 15
288, 27,0, 15
288, 28,0, 15
288, 29,0, 15
288, 30,0, 15
288, 31,0, 15
288, 32,0, 15
288, 33,0, 15
288, 34,0, 15
288, 35,0, 15
288, 36,0, 15
288, 37,0, 15
288, 38,0, 15
288, 39,0, 15
288, 0,1, 15
288, 1,1, 15
288, 2,1, 15
288, 3,1, 15
288, 4,1, 15
288, 5,1, 15
288, 6,1, 15
288, 7,1, 15
288, 8,1, 15
288, 9,1, 15
288, 10,1, 15
288, 11,1, 15
288, 12,1, 15
288, 13,1, 15
288, 14,1, 15
288, 15,1, 15
288, 16,1, 15
288, 17,1, 15
288, 18,1, 15
288, 19,1, 15
288, 20,1, 15
288, 21,1, 15
288, 22,1, 15
288, 23,1, 15
288, 24,1, 15
288, 25,1, 15
288, 26,1, 15
288, 27,1, 15
288, 28,1, 15
288, 29,1, 15
288, 30,1, 15
288, 31,1, 15
288, 32,1, 15
288, 33,1, 15
288, 34,1, 15
288, 35,1, 15
288, 36,1, 15
288, 37,1, 15
288, 38,1, 15
288, 39,1, 15
288, 0,2, 15
288, 1,2, 15
288, 2,2, 15
288, 3,2, 15
288, 4,2, 15
288, 5,2, 15
288, 6,2, 15
288, 7,2, 15
288, 8,2, 15
288, 9,2, 15
288, 10,2, 15
288, 11,2, 15
288, 12,2, 15
288, 13,2, 15
288, 14,2, 15
288, 15,2, 15
288, 16,2, 15
288, 17,2, 15
288, 18,2, 15
288, 19,2, 15
288, 20,2, 15
288, 21,2, 15
288, 22,2, 15
288, 23,2, 15
288, 24,2, 15
288, 25,2, 15
288, 26,2, 15
288, 27,2, 15
288, 28,2, 15
288, 29,2, 15
288, 30,2, 15
288, 31,2, 15
288, 32,2, 15
288, 33,2, 15
288, 34,2, 15
288, 35,2, 15
288, 36,2, 15
288, 37,2, 15
288, 38,2, 15
288, 39,2, 15
288, 0,3, 15
288, 1,3, 15
288, 2,3, 15
288, 3,3, 15
288, 4,3, 15
288, 5,3, 15
288, 6,3, 15
288, 7,3, 15
288, 8,3, 15
288, 9,3, 15
288, 10,3, 15
288, 11,3, 15
288, 12,3, 15
288, 13,3, 15
288, 14,3, 15
288, 15,3, 15
288, 16,3, 15
288, 17,3, 15
288, 18,3, 15
288, 19,3, 15
288, 20,3, 15
288, 21,3, 15
288, 22,3, 15
288, 23,3, 15
288, 24,3, 15
288, 25,3, 15
288, 26,3, 15
288, 27,3, 15
288, 28,3, 15
288, 29,3, 15
288, 30,3, 15
288, 31,3, 15
288, 32,3, 15
288, 33,3, 15
288, 34,3, 15
288, 35,3, 15
288, 36,3, 15
288, 37,3, 15
288, 38,3, 15
288, 39,3, 15
288, 0,4, 15
288, 1,4, 15
288, 2,4, 15
288, 3,4, 15
288, 4,4, 15
288, 5,4, 15
288, 6,4, 15
288, 7,4, 15
288, 8,4, 15
288, 9,4, 15
288, 10,4, 15
288, 11,4, 15
288, 12,4, 15
288, 13,4, 15
288, 14,4, 15
288, 15,4, 15
288, 16,4, 15
288, 17,4, 15
288, 18,4, 15
288, 19,4, 15
288, 20,4, 15
288, 21,4, 15
288, 22,4, 15
288, 23,4, 15
288, 24,4, 15
288, 25,4, 15
288, 26,4, 15
288, 27,4, 15
288, 28,4, 15
288, 29,4, 15
288, 30,4, 15
288, 31,4, 15
288, 32,4, 15
288, 33,4, 15
288, 34,4, 15
288, 35,4, 15
288, 36,4, 15
288, 37,4, 15
288, 38,4, 15
288, 39,4, 15
289, 0,0, 15
289, 1,0, 15
289, 2,0, 15
289, 3,0, 15
289, 4,0, 15
289, 5,0, 15
289, 6,0, 15
289, 7,0, 15
289, 8,0, 15
289, 9,0, 15
289, 10,0, 15
289, 11,0, 15
289, 12,0, 15
289, 13,0, 15
289, 14,0, 15
289, 15,0, 15
289, 16,0, 15
289, 17,0, 15
289, 18,0, 15
289, 19,0, 15
289, 20,0, 15
289, 21,0, 15
289, 22,0, 15
289, 23,0, 15
289, 24,0, 15
289, 25,0, 15
289, 26,0, 15
289, 27,0, 15
289, 28,0, 15
289, 29,0, 15
289, 30,0, 15
289, 31,0, 15
289, 32,0, 15
289, 33,0, 15
289, 34,0, 15
289, 35,0, 15
289, 36,0, 15
289, 37,0, 15
289, 38,0, 15
289, 39,0, 15
289, 0,1, 15
289, 1,1, 15
289, 2,1, 15
289, 3,1, 15
289, 4,1, 15
289, 5,1, 15
289, 6,1, 15
289, 7,1, 15
289, 8,1, 15
289, 9,1, 15
289, 10,1, 15
289, 11,1, 15
289, 12,1, 15
289, 13,1, 15
289, 14,1, 15
289, 15,1, 15
289, 16,1, 15
289, 17,1, 15
289, 18,1, 15
289, 19,1, 15
289, 20,1, 15
289, 21,1, 15
289, 22,1, 15
289, 23,1, 15
289, 24,1, 15
289, 25,1, 15
289, 26,1, 15
289, 27,1, 15
289, 28,1, 15
289, 29,1, 15
289, 30,1, 15
289, 31,1, 15
289, 32,1, 15
289, 33,1, 15
289, 34,1, 15
289, 35,1, 15
289, 36,1, 15
289, 37,1, 15
289, 38,1, 15
289, 39,1, 15
289, 0,2, 15
289, 1,2, 15
289, 2,2, 15
289, 3,2, 15
289, 4,2, 15
289, 5,2, 15
289, 6,2, 15
289, 7,2, 15
289, 8,2, 15
289, 9,2, 15
289, 10,2, 15
289, 11,2, 15
289, 12,2, 15
289, 13,2, 15
289, 14,2, 15
289, 15,2, 15
289, 16,2, 15
289, 17,2, 15
289, 18,2, 15
289, 19,2, 15
289, 20,2, 15
289, 21,2, 15
289, 22,2, 15
289, 23,2, 15
289, 24,2, 15
289, 25,2, 15
289, 26,2, 15
289, 27,2, 15
289, 28,2, 15
289, 29,2, 15
289, 30,2, 15
289, 31,2, 15
289, 32,2, 15
289, 33,2, 15
289, 34,2, 15
289, 35,2, 15
289, 36,2, 15
289, 37,2, 15
289, 38,2, 15
289, 39,2, 15
289, 0,3, 15
289, 1,3, 15
289, 2,3, 15
289, 3,3, 15
289, 4,3, 15
289, 5,3, 15
289, 6,3, 15
289, 7,3, 15
289, 8,3, 15
289, 9,3, 15
289, 10,3, 15
289, 11,3, 15
289, 12,3, 15
289, 13,3, 15
289, 14,3, 15
289, 15,3, 15
289, 16,3, 15
289, 17,3, 15
289, 18,3, 15
289, 19,3, 15
289, 20,3, 15
289, 21,3, 15
289, 22,3, 15
289, 23,3, 15
289, 24,3, 15
289, 25,3, 15
289, 26,3, 15
289, 27,3, 15
289, 28,3, 15
289, 29,3, 15
289, 30,3, 15
289, 31,3, 15
289, 32,3, 15
289, 33,3, 15
289, 34,3, 15
289, 35,3, 15
289, 36,3, 15
289, 37,3, 15
289, 38,3, 15
289, 39,3, 15
289, 0,4, 15
289, 1,4, 15
289, 2,4, 15
289, 3,4, 15
289, 4,4, 15
289, 5,4, 15
289, 6,4, 15
289, 7,4, 15
289, 8,4, 15
289, 9,4, 15
289, 10,4, 15
289, 11,4, 15
289, 12,4, 15
289, 13,4, 15
289, 14,4, 15
289, 15,4, 15
289, 16,4, 15
289, 17,4, 15
289, 18,4, 15
289, 19,4, 15
289, 20,4, 15
289, 21,4, 15
289, 22,4, 15
289, 23,4, 15
289, 24,4, 15
289, 25,4, 15
289, 26,4, 15
289, 27,4, 15
289, 28,4, 15
289, 29,4, 15
289, 30,4, 15
289, 31,4, 15
289, 32,4, 15
289, 33,4, 15
289, 34,4, 15
289, 35,4, 15
289, 36,4, 15
289, 37,4, 15
289, 38,4, 15
289, 39,4, 15
290, 0,0, 15
290, 1,0, 15
290, 2,0, 15
290, 3,0, 15
290, 4,0, 15
290, 5,0, 15
290, 6,0, 15
290, 7,0, 15
290, 8,0, 15
290, 9,0, 15
290, 10,0, 15
290, 11,0, 15
290, 12,0, 15
290, 13,0, 15
290, 14,0, 15
290, 15,0, 15
290, 16,0, 15
290, 17,0, 15
290, 18,0, 15
290, 19,0, 15
290, 20,0, 15
290, 21,0, 15
290, 22,0, 15
290, 23,0, 15
290, 24,0, 15
290, 25,0, 15
290, 26,0, 15
290, 27,0, 15
290, 28,0, 15
290, 29,0, 15
290, 30,0, 15
290, 31,0, 15
290, 32,0, 15
290, 33,0, 15
290, 34,0, 15
290, 35,0, 15
290, 36,0, 15
290, 37,0, 15
290, 38,0, 15
290, 39,0, 15
290, 0,1, 15
290, 1,1, 15
290, 2,1, 15
290, 3,1, 15
290, 4,1, 15
290, 5,1, 15
290, 6,1, 15
290, 7,1, 15
290, 8,1, 15
290, 9,1, 15
290, 10,1, 15
290, 11,1, 15
290, 12,1, 15
290, 13,1, 15
290, 14,1, 15
290, 15,1, 15
290, 16,1, 15
290, 17,1, 15
290, 18,1, 15
290, 19,1, 15
290, 20,1, 15
290, 21,1, 15
290, 22,1, 15
290, 23,1, 15
290, 24,1, 15
290, 25,1, 15
290, 26,1, 15
290, 27,1, 15
290, 28,1, 15
290, 29,1, 15
290, 30,1, 15
290, 31,1, 15
290, 32,1, 15
290, 33,1, 15
290, 34,1, 15
290, 35,1, 15
290, 36,1, 15
290, 37,1, 15
290, 38,1, 15
290, 39,1, 15
290, 0,2, 15
290, 1,2, 15
290, 2,2, 15
290, 3,2, 15
290, 4,2, 15
290, 5,2, 15
290, 6,2, 15
290, 7,2, 15
290, 8,2, 15
290, 9,2, 15
290, 10,2, 15
290, 11,2, 15
290, 12,2, 15
290, 13,2, 15
290, 14,2, 15
290, 15,2, 15
290, 16,2, 15
290, 17,2, 15
290, 18,2, 15
290, 19,2, 15
290, 20,2, 15
290, 21,2, 15
290, 22,2, 15
290, 23,2, 15
290, 24,2, 15
290, 25,2, 15
290, 26,2, 15
290, 27,2, 15
290, 28,2, 15
290, 29,2, 15
290, 30,2, 15
290, 31,2, 15
290, 32,2, 15
290, 33,2, 15
290, 34,2, 15
290, 35,2, 15
290, 36,2, 15
290, 37,2, 15
290, 38,2, 15
290, 39,2, 15
290, 0,3, 15
290, 1,3, 15
290, 2,3, 15
290, 3,3, 15
290, 4,3, 15
290, 5,3, 15
290, 6,3, 15
290, 7,3, 15
290, 8,3, 15
290, 9,3, 15
290, 10,3, 15
290, 11,3, 15
290, 12,3, 15
290, 13,3, 15
290, 14,3, 15
290, 15,3, 15
290, 16,3, 15
290, 17,3, 15
290, 18,3, 15
290, 19,3, 15
290, 20,3, 15
290, 21,3, 15
290, 22,3, 15
290, 23,3, 15
290, 24,3, 15
290, 25,3, 15
290, 26,3, 15
290, 27,3, 15
290, 28,3, 15
290, 29,3, 15
290, 30,3, 15
290, 31,3, 15
290, 32,3, 15
290, 33,3, 15
290, 34,3, 15
290, 35,3, 15
290, 36,3, 15
290, 37,3, 15
290, 38,3, 15
290, 39,3, 15
290, 0,4, 15
290, 1,4, 15
290, 2,4, 15
290, 3,4, 15
290, 4,4, 15
290, 5,4, 15
290, 6,4, 15
290, 7,4, 15
290, 8,4, 15
290, 9,4, 15
290, 10,4, 15
290, 11,4, 15
290, 12,4, 15
290, 13,4, 15
290, 14,4, 15
290, 15,4, 15
290, 16,4, 15
290, 17,4, 15
290, 18,4, 15
290, 19,4, 15
290, 20,4, 15
290, 21,4, 15
290, 22,4, 15
290, 23,4, 15
290, 24,4, 15
290, 25,4, 15
290, 26,4, 15
290, 27,4, 15
290, 28,4, 15
290, 29,4, 15
290, 30,4, 15
290, 31,4, 15
290, 32,4, 15
290, 33,4, 15
290, 34,4, 15
290, 35,4, 15
290, 36,4, 15
290, 37,4, 15
290, 38,4, 15
290, 39,4, 15
291, 0,0, 15
291, 1,0, 15
291, 2,0, 15
291, 3,0, 15
291, 4,0, 15
291, 5,0, 15
291, 6,0, 15
291, 7,0, 15
291, 8,0, 15
291, 9,0, 15
291, 10,0, 15
291, 11,0, 15
291, 12,0, 15
291, 13,0, 15
291, 14,0, 15
291, 15,0, 15
291, 16,0, 15
291, 17,0, 15
291, 18,0, 15
291, 19,0, 15
291, 20,0, 15
291, 21,0, 15
291, 22,0, 15
291, 23,0, 15
291, 24,0, 15
291, 25,0, 15
291, 26,0, 15
291, 27,0, 15
291, 28,0, 15
291, 29,0, 15
291, 30,0, 15
291, 31,0, 15
291, 32,0, 15
291, 33,0, 15
291, 34,0, 15
291, 35,0, 15
291, 36,0, 15
291, 37,0, 15
291, 38,0, 15
291, 39,0, 15
291, 0,1, 15
291, 1,1, 15
291, 2,1, 15
291, 3,1, 15
291, 4,1, 15
291, 5,1, 15
291, 6,1, 15
291, 7,1, 15
291, 8,1, 15
291, 9,1, 15
291, 10,1, 15
291, 11,1, 15
291, 12,1, 15
291, 13,1, 15
291, 14,1, 15
291, 15,1, 15
291, 16,1, 15
291, 17,1, 15
291, 18,1, 15
291, 19,1, 15
291, 20,1, 15
291, 21,1, 15
291, 22,1, 15
291, 23,1, 15
291, 24,1, 15
291, 25,1, 15
291, 26,1, 15
291, 27,1, 15
291, 28,1, 15
291, 29,1, 15
291, 30,1, 15
291, 31,1, 15
291, 32,1, 15
291, 33,1, 15
291, 34,1, 15
291, 35,1, 15
291, 36,1, 15
291, 37,1, 15
291, 38,1, 15
291, 39,1, 15
291, 0,2, 15
291, 1,2, 15
291, 2,2, 15
291, 3,2, 15
291, 4,2, 15
291, 5,2, 15
291, 6,2, 15
291, 7,2, 15
291, 8,2, 15
291, 9,2, 15
291, 10,2, 15
291, 11,2, 15
291, 12,2, 15
291, 13,2, 15
291, 14,2, 15
291, 15,2, 15
291, 16,2, 15
291, 17,2, 15
291, 18,2, 15
291, 19,2, 15
291, 20,2, 15
291, 21,2, 15
291, 22,2, 15
291, 23,2, 15
291, 24,2, 15
291, 25,2, 15
291, 26,2, 15
291, 27,2, 15
291, 28,2, 15
291, 29,2, 15
291, 30,2, 15
291, 31,2, 15
291, 32,2, 15
291, 33,2, 15
291, 34,2, 15
291, 35,2, 15
291, 36,2, 15
291, 37,2, 15
291, 38,2, 15
291, 39,2, 15
291, 0,3, 15
291, 1,3, 15
291, 2,3, 15
291, 3,3, 15
291, 4,3, 15
291, 5,3, 15
291, 6,3, 15
291, 7,3, 15
291, 8,3, 15
291, 9,3, 15
291, 10,3, 15
291, 11,3, 15
291, 12,3, 15
291, 13,3, 15
291, 14,3, 15
291, 15,3, 15
291, 16,3, 15
291, 17,3, 15
291, 18,3, 15
291, 19,3, 15
291, 20,3, 15
291, 21,3, 15
291, 22,3, 15
291, 23,3, 15
291, 24,3, 15
291, 25,3, 15
291, 26,3, 15
291, 27,3, 15
291, 28,3, 15
291, 29,3, 15
291, 30,3, 15
291, 31,3, 15
291, 32,3, 15
291, 33,3, 15
291, 34,3, 15
291, 35,3, 15
291, 36,3, 15
291, 37,3, 15
291, 38,3, 15
291, 39,3, 15
291, 0,4, 15
291, 1,4, 15
291, 2,4, 15
291, 3,4, 15
291, 4,4, 15
291, 5,4, 15
291, 6,4, 15
291, 7,4, 15
291, 8,4, 15
291, 9,4, 15
291, 10,4, 15
291, 11,4, 15
291, 12,4, 15
291, 13,4, 15
291, 14,4, 15
291, 15,4, 15
291, 16,4, 15
291, 17,4, 15
291, 18,4, 15
291, 19,4, 15
291, 20,4, 15
291, 21,4, 15
291, 22,4, 15
291, 23,4, 15
291, 24,4, 15
291, 25,4, 15
291, 26,4, 15
291, 27,4, 15
291, 28,4, 15
291, 29,4, 15
291, 30,4, 15
291, 31,4, 15
291, 32,4, 15
291, 33,4, 15
291, 34,4, 15
291, 35,4, 15
291, 36,4, 15
291, 37,4, 15
291, 38,4, 15
291, 39,4, 15
292, 0,0, 15
292, 1,0, 15
292, 2,0, 15
292, 3,0, 15
292, 4,0, 15
292, 5,0, 15
292, 6,0, 15
292, 7,0, 15
292, 8,0, 15
292, 9,0, 15
292, 10,0, 15
292, 11,0, 15
292, 12,0, 15
292, 13,0, 15
292, 14,0, 15
292, 15,0, 15
292, 16,0, 15
292, 17,0, 15
292, 18,0, 15
292, 19,0, 15
292, 20,0, 15
292, 21,0, 15
292, 22,0, 15
292, 23,0, 15
292, 24,0, 15
292, 25,0, 15
292, 26,0, 15
292, 27,0, 15
292, 28,0, 15
292, 29,0, 15
292, 30,0, 15
292, 31,0, 15
292, 32,0, 15
292, 33,0, 15
292, 34,0, 15
292, 35,0, 15
292, 36,0, 15
292, 37,0, 15
292, 38,0, 15
292, 39,0, 15
292, 0,1, 15
292, 1,1, 15
292, 2,1, 15
292, 3,1, 15
292, 4,1, 15
292, 5,1, 15
292, 6,1, 15
292, 7,1, 15
292, 8,1, 15
292, 9,1, 15
292, 10,1, 15
292, 11,1, 15
292, 12,1, 15
292, 13,1, 15
292, 14,1, 15
292, 15,1, 15
292, 16,1, 15
292, 17,1, 15
292, 18,1, 15
292, 19,1, 15
292, 20,1, 15
292, 21,1, 15
292, 22,1, 15
292, 23,1, 15
292, 24,1, 15
292, 25,1, 15
292, 26,1, 15
292, 27,1, 15
292, 28,1, 15
292, 29,1, 15
292, 30,1, 15
292, 31,1, 15
292, 32,1, 15
292, 33,1, 15
292, 34,1, 15
292, 35,1, 15
292, 36,1, 15
292, 37,1, 15
292, 38,1, 15
292, 39,1, 15
292, 0,2, 15
292, 1,2, 15
292, 2,2, 15
292, 3,2, 15
292, 4,2, 15
292, 5,2, 15
292, 6,2, 15
292, 7,2, 15
292, 8,2, 15
292, 9,2, 15
292, 10,2, 15
292, 11,2, 15
292, 12,2, 15
292, 13,2, 15
292, 14,2, 15
292, 15,2, 15
292, 16,2, 15
292, 17,2, 15
292, 18,2, 15
292, 19,2, 15
292, 20,2, 15
292, 21,2, 15
292, 22,2, 15
292, 23,2, 15
292, 24,2, 15
292, 25,2, 15
292, 26,2, 15
292, 27,2, 15
292, 28,2, 15
292, 29,2, 15
292, 30,2, 15
292, 31,2, 15
292, 32,2, 15
292, 33,2, 15
292, 34,2, 15
292, 35,2, 15
292, 36,2, 15
292, 37,2, 15
292, 38,2, 15
292, 39,2, 15
292, 0,3, 15
292, 1,3, 15
292, 2,3, 15
292, 3,3, 15
292, 4,3, 15
292, 5,3, 15
292, 6,3, 15
292, 7,3, 15
292, 8,3, 15
292, 9,3, 15
292, 10,3, 15
292, 11,3, 15
292, 12,3, 15
292, 13,3, 15
292, 14,3, 15
292, 15,3, 15
292, 16,3, 15
292, 17,3, 15
292, 18,3, 15
292, 19,3, 15
292, 20,3, 15
292, 21,3, 15
292, 22,3, 15
292, 23,3, 15
292, 24,3, 15
292, 25,3, 15
292, 26,3, 15
292, 27,3, 15
292, 28,3, 15
292, 29,3, 15
292, 30,3, 15
292, 31,3, 15
292, 32,3, 15
292, 33,3, 15
292, 34,3, 15
292, 35,3, 15
292, 36,3, 15
292, 37,3, 15
292, 38,3, 15
292, 39,3, 15
292, 0,4, 15
292, 1,4, 15
292, 2,4, 15
292, 3,4, 15
292, 4,4, 15
292, 5,4, 15
292, 6,4, 15
292, 7,4, 15
292, 8,4, 15
292, 9,4, 15
292, 10,4, 15
292, 11,4, 15
292, 12,4, 15
292, 13,4, 15
292, 14,4, 15
292, 15,4, 15
292, 16,4, 15
292, 17,4, 15
292, 18,4, 15
292, 19,4, 15
292, 20,4, 15
292, 21,4, 15
292, 22,4, 15
292, 23,4, 15
292, 24,4, 15
292, 25,4, 15
292, 26,4, 15
292, 27,4, 15
292, 28,4, 15
292, 29,4, 15
292, 30,4, 15
292, 31,4, 15
292, 32,4, 15
292, 33,4, 15
292, 34,4, 15
292, 35,4, 15
292, 36,4, 15
292, 37,4, 15
292, 38,4, 15
292, 39,4, 15
293, 0,0, 15
293, 1,0, 15
293, 2,0, 15
293, 3,0, 15
293, 4,0, 15
293, 5,0, 15
293, 6,0, 15
293, 7,0, 15
293, 8,0, 15
293, 9,0, 15
293, 10,0, 15
293, 11,0, 15
293, 12,0, 15
293, 13,0, 15
293, 14,0, 15
293, 15,0, 15
293, 16,0, 15
293, 17,0, 15
293, 18,0, 15
293, 19,0, 15
293, 20,0, 15
293, 21,0, 15
293, 22,0, 15
293, 23,0, 15
293, 24,0, 15
293, 25,0, 15
293, 26,0, 15
293, 27,0, 15
293, 28,0, 15
293, 29,0, 15
293, 30,0, 15
293, 31,0, 15
293, 32,0, 15
293, 33,0, 15
293, 34,0, 15
293, 35,0, 15
293, 36,0, 15
293, 37,0, 15
293, 38,0, 15
293, 39,0, 15
293, 0,1, 15
293, 1,1, 15
293, 2,1, 15
293, 3,1, 15
293, 4,1, 15
293, 5,1, 15
293, 6,1, 15
293, 7,1, 15
293, 8,1, 15
293, 9,1, 15
293, 10,1, 15
293, 11,1, 15
293, 12,1, 15
293, 13,1, 15
293, 14,1, 15
293, 15,1, 15
293, 16,1, 15
293, 17,1, 15
293, 18,1, 15
293, 19,1, 15
293, 20,1, 15
293, 21,1, 15
293, 22,1, 15
293, 23,1, 15
293, 24,1, 15
293, 25,1, 15
293, 26,1, 15
293, 27,1, 15
293, 28,1, 15
293, 29,1, 15
293, 30,1, 15
293, 31,1, 15
293, 32,1, 15
293, 33,1, 15
293, 34,1, 15
293, 35,1, 15
293, 36,1, 15
293, 37,1, 15
293, 38,1, 15
293, 39,1, 15
293, 0,2, 15
293, 1,2, 15
293, 2,2, 15
293, 3,2, 15
293, 4,2, 15
293, 5,2, 15
293, 6,2, 15
293, 7,2, 15
293, 8,2, 15
293, 9,2, 15
293, 10,2, 15
293, 11,2, 15
293, 12,2, 15
293, 13,2, 15
293, 14,2, 15
293, 15,2, 15
293, 16,2, 15
293, 17,2, 15
293, 18,2, 15
293, 19,2, 15
293, 20,2, 15
293, 21,2, 15
293, 22,2, 15
293, 23,2, 15
293, 24,2, 15
293, 25,2, 15
293, 26,2, 15
293, 27,2, 15
293, 28,2, 15
293, 29,2, 15
293, 30,2, 15
293, 31,2, 15
293, 32,2, 15
293, 33,2, 15
293, 34,2, 15
293, 35,2, 15
293, 36,2, 15
293, 37,2, 15
293, 38,2, 15
293, 39,2, 15
293, 0,3, 15
293, 1,3, 15
293, 2,3, 15
293, 3,3, 15
293, 4,3, 15
293, 5,3, 15
293, 6,3, 15
293, 7,3, 15
293, 8,3, 15
293, 9,3, 15
293, 10,3, 15
293, 11,3, 15
293, 12,3, 15
293, 13,3, 15
293, 14,3, 15
293, 15,3, 15
293, 16,3, 15
293, 17,3, 15
293, 18,3, 15
293, 19,3, 15
293, 20,3, 15
293, 21,3, 15
293, 22,3, 15
293, 23,3, 15
293, 24,3, 15
293, 25,3, 15
293, 26,3, 15
293, 27,3, 15
293, 28,3, 15
293, 29,3, 15
293, 30,3, 15
293, 31,3, 15
293, 32,3, 15
293, 33,3, 15
293, 34,3, 15
293, 35,3, 15
293, 36,3, 15
293, 37,3, 15
293, 38,3, 15
293, 39,3, 15
293, 0,4, 15
293, 1,4, 15
293, 2,4, 15
293, 3,4, 15
293, 4,4, 15
293, 5,4, 15
293, 6,4, 15
293, 7,4, 15
293, 8,4, 15
293, 9,4, 15
293, 10,4, 15
293, 11,4, 15
293, 12,4, 15
293, 13,4, 15
293, 14,4, 15
293, 15,4, 15
293, 16,4, 15
293, 17,4, 15
293, 18,4, 15
293, 19,4, 15
293, 20,4, 15
293, 21,4, 15
293, 22,4, 15
293, 23,4, 15
293, 24,4, 15
293, 25,4, 15
293, 26,4, 15
293, 27,4, 15
293, 28,4, 15
293, 29,4, 15
293, 30,4, 15
293, 31,4, 15
293, 32,4, 15
293, 33,4, 15
293, 34,4, 15
293, 35,4, 15
293, 36,4, 15
293, 37,4, 15
293, 38,4, 15
293, 39,4, 15
294, 0,0, 15
294, 1,0, 15
294, 2,0, 15
294, 3,0, 15
294, 4,0, 15
294, 5,0, 15
294, 6,0, 15
294, 7,0, 15
294, 8,0, 15
294, 9,0, 15
294, 10,0, 15
294, 11,0, 15
294, 12,0, 15
294, 13,0, 15
294, 14,0, 15
294, 15,0, 15
294, 16,0, 15
294, 17,0, 15
294, 18,0, 15
294, 19,0, 15
294, 20,0, 15
294, 21,0, 15
294, 22,0, 15
294, 23,0, 15
294, 24,0, 15
294, 25,0, 15
294, 26,0, 15
294, 27,0, 15
294, 28,0, 15
294, 29,0, 15
294, 30,0, 15
294, 31,0, 15
294, 32,0, 15
294, 33,0, 15
294, 34,0, 15
294, 35,0, 15
294, 36,0, 15
294, 37,0, 15
294, 38,0, 15
294, 39,0, 15
294, 0,1, 15
294, 1,1, 15
294, 2,1, 15
294, 3,1, 15
294, 4,1, 15
294, 5,1, 15
294, 6,1, 15
294, 7,1, 15
294, 8,1, 15
294, 9,1, 15
294, 10,1, 15
294, 11,1, 15
294, 12,1, 15
294, 13,1, 15
294, 14,1, 15
294, 15,1, 15
294, 16,1, 15
294, 17,1, 15
294, 18,1, 15
294, 19,1, 15
294, 20,1, 15
294, 21,1, 15
294, 22,1, 15
294, 23,1, 15
294, 24,1, 15
294, 25,1, 15
294, 26,1, 15
294, 27,1, 15
294, 28,1, 15
294, 29,1, 15
294, 30,1, 15
294, 31,1, 15
294, 32,1, 15
294, 33,1, 15
294, 34,1, 15
294, 35,1, 15
294, 36,1, 15
294, 37,1, 15
294, 38,1, 15
294, 39,1, 15
294, 0,2, 15
294, 1,2, 15
294, 2,2, 15
294, 3,2, 15
294, 4,2, 15
294, 5,2, 15
294, 6,2, 15
294, 7,2, 15
294, 8,2, 15
294, 9,2, 15
294, 10,2, 15
294, 11,2, 15
294, 12,2, 15
294, 13,2, 15
294, 14,2, 15
294, 15,2, 15
294, 16,2, 15
294, 17,2, 15
294, 18,2, 15
294, 19,2, 15
294, 20,2, 15
294, 21,2, 15
294, 22,2, 15
294, 23,2, 15
294, 24,2, 15
294, 25,2, 15
294, 26,2, 15
294, 27,2, 15
294, 28,2, 15
294, 29,2, 15
294, 30,2, 15
294, 31,2, 15
294, 32,2, 15
294, 33,2, 15
294, 34,2, 15
294, 35,2, 15
294, 36,2, 15
294, 37,2, 15
294, 38,2, 15
294, 39,2, 15
294, 0,3, 15
294, 1,3, 15
294, 2,3, 15
294, 3,3, 15
294, 4,3, 15
294, 5,3, 15
294, 6,3, 15
294, 7,3, 15
294, 8,3, 15
294, 9,3, 15
294, 10,3, 15
294, 11,3, 15
294, 12,3, 15
294, 13,3, 15
294, 14,3, 15
294, 15,3, 15
294, 16,3, 15
294, 17,3, 15
294, 18,3, 15
294, 19,3, 15
294, 20,3, 15
294, 21,3, 15
294, 22,3, 15
294, 23,3, 15
294, 24,3, 15
294, 25,3, 15
294, 26,3, 15
294, 27,3, 15
294, 28,3, 15
294, 29,3, 15
294, 30,3, 15
294, 31,3, 15
294, 32,3, 15
294, 33,3, 15
294, 34,3, 15
294, 35,3, 15
294, 36,3, 15
294, 37,3, 15
294, 38,3, 15
294, 39,3, 15
294, 0,4, 15
294, 1,4, 15
294, 2,4, 15
294, 3,4, 15
294, 4,4, 15
294, 5,4, 15
294, 6,4, 15
294, 7,4, 15
294, 8,4, 15
294, 9,4, 15
294, 10,4, 15
294, 11,4, 15
294, 12,4, 15
294, 13,4, 15
294, 14,4, 15
294, 15,4, 15
294, 16,4, 15
294, 17,4, 15
294, 18,4, 15
294, 19,4, 15
294, 20,4, 15
294, 21,4, 15
294, 22,4, 15
294, 23,4, 15
294, 24,4, 15
294, 25,4, 15
294, 26,4, 15
294, 27,4, 15
294, 28,4, 15
294, 29,4, 15
294, 30,4, 15
294, 31,4, 15
294, 32,4, 15
294, 33,4, 15
294, 34,4, 15
294, 35,4, 15
294, 36,4, 15
294, 37,4, 15
294, 38,4, 15
294, 39,4, 15
295, 0,0, 15
295, 1,0, 15
295, 2,0, 15
295, 3,0, 15
295, 4,0, 15
295, 5,0, 15
295, 6,0, 15
295, 7,0, 15
295, 8,0, 15
295, 9,0, 15
295, 10,0, 15
295, 11,0, 15
295, 12,0, 15
295, 13,0, 15
295, 14,0, 15
295, 15,0, 15
295, 16,0, 15
295, 17,0, 15
295, 18,0, 15
295, 19,0, 15
295, 20,0, 15
295, 21,0, 15
295, 22,0, 15
295, 23,0, 15
295, 24,0, 15
295, 25,0, 15
295, 26,0, 15
295, 27,0, 15
295, 28,0, 15
295, 29,0, 15
295, 30,0, 15
295, 31,0, 15
295, 32,0, 15
295, 33,0, 15
295, 34,0, 15
295, 35,0, 15
295, 36,0, 15
295, 37,0, 15
295, 38,0, 15
295, 39,0, 15
295, 0,1, 15
295, 1,1, 15
295, 2,1, 15
295, 3,1, 15
295, 4,1, 15
295, 5,1, 15
295, 6,1, 15
295, 7,1, 15
295, 8,1, 15
295, 9,1, 15
295, 10,1, 15
295, 11,1, 15
295, 12,1, 15
295, 13,1, 15
295, 14,1, 15
295, 15,1, 15
295, 16,1, 15
295, 17,1, 15
295, 18,1, 15
295, 19,1, 15
295, 20,1, 15
295, 21,1, 15
295, 22,1, 15
295, 23,1, 15
295, 24,1, 15
295, 25,1, 15
295, 26,1, 15
295, 27,1, 15
295, 28,1, 15
295, 29,1, 15
295, 30,1, 15
295, 31,1, 15
295, 32,1, 15
295, 33,1, 15
295, 34,1, 15
295, 35,1, 15
295, 36,1, 15
295, 37,1, 15
295, 38,1, 15
295, 39,1, 15
295, 0,2, 15
295, 1,2, 15
295, 2,2, 15
295, 3,2, 15
295, 4,2, 15
295, 5,2, 15
295, 6,2, 15
295, 7,2, 15
295, 8,2, 15
295, 9,2, 15
295, 10,2, 15
295, 11,2, 15
295, 12,2, 15
295, 13,2, 15
295, 14,2, 15
295, 15,2, 15
295, 16,2, 15
295, 17,2, 15
295, 18,2, 15
295, 19,2, 15
295, 20,2, 15
295, 21,2, 15
295, 22,2, 15
295, 23,2, 15
295, 24,2, 15
295, 25,2, 15
295, 26,2, 15
295, 27,2, 15
295, 28,2, 15
295, 29,2, 15
295, 30,2, 15
295, 31,2, 15
295, 32,2, 15
295, 33,2, 15
295, 34,2, 15
295, 35,2, 15
295, 36,2, 15
295, 37,2, 15
295, 38,2, 15
295, 39,2, 15
295, 0,3, 15
295, 1,3, 15
295, 2,3, 15
295, 3,3, 15
295, 4,3, 15
295, 5,3, 15
295, 6,3, 15
295, 7,3, 15
295, 8,3, 15
295, 9,3, 15
295, 10,3, 15
295, 11,3, 15
295, 12,3, 15
295, 13,3, 15
295, 14,3, 15
295, 15,3, 15
295, 16,3, 15
295, 17,3, 15
295, 18,3, 15
295, 19,3, 15
295, 20,3, 15
295, 21,3, 15
295, 22,3, 15
295, 23,3, 15
295, 24,3, 15
295, 25,3, 15
295, 26,3, 15
295, 27,3, 15
295, 28,3, 15
295, 29,3, 15
295, 30,3, 15
295, 31,3, 15
295, 32,3, 15
295, 33,3, 15
295, 34,3, 15
295, 35,3, 15
295, 36,3, 15
295, 37,3, 15
295, 38,3, 15
295, 39,3, 15
295, 0,4, 15
295, 1,4, 15
295, 2,4, 15
295, 3,4, 15
295, 4,4, 15
295, 5,4, 15
295, 6,4, 15
295, 7,4, 15
295, 8,4, 15
295, 9,4, 15
295, 10,4, 15
295, 11,4, 15
295, 12,4, 15
295, 13,4, 15
295, 14,4, 15
295, 15,4, 15
295, 16,4, 15
295, 17,4, 15
295, 18,4, 15
295, 19,4, 15
295, 20,4, 15
295, 21,4, 15
295, 22,4, 15
295, 23,4, 15
295, 24,4, 15
295, 25,4, 15
295, 26,4, 15
295, 27,4, 15
295, 28,4, 15
295, 29,4, 15
295, 30,4, 15
295, 31,4, 15
295, 32,4, 15
295, 33,4, 15
295, 34,4, 15
295, 35,4, 15
295, 36,4, 15
295, 37,4, 15
295, 38,4, 15
295, 39,4, 15
296, 0,0, 15
296, 1,0, 15
296, 2,0, 15
296, 3,0, 15
296, 4,0, 15
296, 5,0, 15
296, 6,0, 15
296, 7,0, 15
296, 8,0, 15
296, 9,0, 15
296, 10,0, 15
296, 11,0, 15
296, 12,0, 15
296, 13,0, 15
296, 14,0, 15
296, 15,0, 15
296, 16,0, 15
296, 17,0, 15
296, 18,0, 15
296, 19,0, 15
296, 20,0, 15
296, 21,0, 15
296, 22,0, 15
296, 23,0, 15
296, 24,0, 15
296, 25,0, 15
296, 26,0, 15
296, 27,0, 15
296, 28,0, 15
296, 29,0, 15
296, 30,0, 15
296, 31,0, 15
296, 32,0, 15
296, 33,0, 15
296, 34,0, 15
296, 35,0, 15
296, 36,0, 15
296, 37,0, 15
296, 38,0, 15
296, 39,0, 15
296, 0,1, 15
296, 1,1, 15
296, 2,1, 15
296, 3,1, 15
296, 4,1, 15
296, 5,1, 15
296, 6,1, 15
296, 7,1, 15
296, 8,1, 15
296, 9,1, 15
296, 10,1, 15
296, 11,1, 15
296, 12,1, 15
296, 13,1, 15
296, 14,1, 15
296, 15,1, 15
296, 16,1, 15
296, 17,1, 15
296, 18,1, 15
296, 19,1, 15
296, 20,1, 15
296, 21,1, 15
296, 22,1, 15
296, 23,1, 15
296, 24,1, 15
296, 25,1, 15
296, 26,1, 15
296, 27,1, 15
296, 28,1, 15
296, 29,1, 15
296, 30,1, 15
296, 31,1, 15
296, 32,1, 15
296, 33,1, 15
296, 34,1, 15
296, 35,1, 15
296, 36,1, 15
296, 37,1, 15
296, 38,1, 15
296, 39,1, 15
296, 0,2, 15
296, 1,2, 15
296, 2,2, 15
296, 3,2, 15
296, 4,2, 15
296, 5,2, 15
296, 6,2, 15
296, 7,2, 15
296, 8,2, 15
296, 9,2, 15
296, 10,2, 15
296, 11,2, 15
296, 12,2, 15
296, 13,2, 15
296, 14,2, 15
296, 15,2, 15
296, 16,2, 15
296, 17,2, 15
296, 18,2, 15
296, 19,2, 15
296, 20,2, 15
296, 21,2, 15
296, 22,2, 15
296, 23,2, 15
296, 24,2, 15
296, 25,2, 15
296, 26,2, 15
296, 27,2, 15
296, 28,2, 15
296, 29,2, 15
296, 30,2, 15
296, 31,2, 15
296, 32,2, 15
296, 33,2, 15
296, 34,2, 15
296, 35,2, 15
296, 36,2, 15
296, 37,2, 15
296, 38,2, 15
296, 39,2, 15
296, 0,3, 15
296, 1,3, 15
296, 2,3, 15
296, 3,3, 15
296, 4,3, 15
296, 5,3, 15
296, 6,3, 15
296, 7,3, 15
296, 8,3, 15
296, 9,3, 15
296, 10,3, 15
296, 11,3, 15
296, 12,3, 15
296, 13,3, 15
296, 14,3, 15
296, 15,3, 15
296, 16,3, 15
296, 17,3, 15
296, 18,3, 15
296, 19,3, 15
296, 20,3, 15
296, 21,3, 15
296, 22,3, 15
296, 23,3, 15
296, 24,3, 15
296, 25,3, 15
296, 26,3, 15
296, 27,3, 15
296, 28,3, 15
296, 29,3, 15
296, 30,3, 15
296, 31,3, 15
296, 32,3, 15
296, 33,3, 15
296, 34,3, 15
296, 35,3, 15
296, 36,3, 15
296, 37,3, 15
296, 38,3, 15
296, 39,3, 15
296, 0,4, 15
296, 1,4, 15
296, 2,4, 15
296, 3,4, 15
296, 4,4, 15
296, 5,4, 15
296, 6,4, 15
296, 7,4, 15
296, 8,4, 15
296, 9,4, 15
296, 10,4, 15
296, 11,4, 15
296, 12,4, 15
296, 13,4, 15
296, 14,4, 15
296, 15,4, 15
296, 16,4, 15
296, 17,4, 15
296, 18,4, 15
296, 19,4, 15
296, 20,4, 15
296, 21,4, 15
296, 22,4, 15
296, 23,4, 15
296, 24,4, 15
296, 25,4, 15
296, 26,4, 15
296, 27,4, 15
296, 28,4, 15
296, 29,4, 15
296, 30,4, 15
296, 31,4, 15
296, 32,4, 15
296, 33,4, 15
296, 34,4, 15
296, 35,4, 15
296, 36,4, 15
296, 37,4, 15
296, 38,4, 15
296, 39,4, 15
297, 0,0, 15
297, 1,0, 15
297, 2,0, 15
297, 3,0, 15
297, 4,0, 15
297, 5,0, 15
297, 6,0, 15
297, 7,0, 15
297, 8,0, 15
297, 9,0, 15
297, 10,0, 15
297, 11,0, 15
297, 12,0, 15
297, 13,0, 15
297, 14,0, 15
297, 15,0, 15
297, 16,0, 15
297, 17,0, 15
297, 18,0, 15
297, 19,0, 15
297, 20,0, 15
297, 21,0, 15
297, 22,0, 15
297, 23,0, 15
297, 24,0, 15
297, 25,0, 15
297, 26,0, 15
297, 27,0, 15
297, 28,0, 15
297, 29,0, 15
297, 30,0, 15
297, 31,0, 15
297, 32,0, 15
297, 33,0, 15
297, 34,0, 15
297, 35,0, 15
297, 36,0, 15
297, 37,0, 15
297, 38,0, 15
297, 39,0, 15
297, 0,1, 15
297, 1,1, 15
297, 2,1, 15
297, 3,1, 15
297, 4,1, 15
297, 5,1, 15
297, 6,1, 15
297, 7,1, 15
297, 8,1, 15
297, 9,1, 15
297, 10,1, 15
297, 11,1, 15
297, 12,1, 15
297, 13,1, 15
297, 14,1, 15
297, 15,1, 15
297, 16,1, 15
297, 17,1, 15
297, 18,1, 15
297, 19,1, 15
297, 20,1, 15
297, 21,1, 15
297, 22,1, 15
297, 23,1, 15
297, 24,1, 15
297, 25,1, 15
297, 26,1, 15
297, 27,1, 15
297, 28,1, 15
297, 29,1, 15
297, 30,1, 15
297, 31,1, 15
297, 32,1, 15
297, 33,1, 15
297, 34,1, 15
297, 35,1, 15
297, 36,1, 15
297, 37,1, 15
297, 38,1, 15
297, 39,1, 15
297, 0,2, 15
297, 1,2, 15
297, 2,2, 15
297, 3,2, 15
297, 4,2, 15
297, 5,2, 15
297, 6,2, 15
297, 7,2, 15
297, 8,2, 15
297, 9,2, 15
297, 10,2, 15
297, 11,2, 15
297, 12,2, 15
297, 13,2, 15
297, 14,2, 15
297, 15,2, 15
297, 16,2, 15
297, 17,2, 15
297, 18,2, 15
297, 19,2, 15
297, 20,2, 15
297, 21,2, 15
297, 22,2, 15
297, 23,2, 15
297, 24,2, 15
297, 25,2, 15
297, 26,2, 15
297, 27,2, 15
297, 28,2, 15
297, 29,2, 15
297, 30,2, 15
297, 31,2, 15
297, 32,2, 15
297, 33,2, 15
297, 34,2, 15
297, 35,2, 15
297, 36,2, 15
297, 37,2, 15
297, 38,2, 15
297, 39,2, 15
297, 0,3, 15
297, 1,3, 15
297, 2,3, 15
297, 3,3, 15
297, 4,3, 15
297, 5,3, 15
297, 6,3, 15
297, 7,3, 15
297, 8,3, 15
297, 9,3, 15
297, 10,3, 15
297, 11,3, 15
297, 12,3, 15
297, 13,3, 15
297, 14,3, 15
297, 15,3, 15
297, 16,3, 15
297, 17,3, 15
297, 18,3, 15
297, 19,3, 15
297, 20,3, 15
297, 21,3, 15
297, 22,3, 15
297, 23,3, 15
297, 24,3, 15
297, 25,3, 15
297, 26,3, 15
297, 27,3, 15
297, 28,3, 15
297, 29,3, 15
297, 30,3, 15
297, 31,3, 15
297, 32,3, 15
297, 33,3, 15
297, 34,3, 15
297, 35,3, 15
297, 36,3, 15
297, 37,3, 15
297, 38,3, 15
297, 39,3, 15
297, 0,4, 15
297, 1,4, 15
297, 2,4, 15
297, 3,4, 15
297, 4,4, 15
297, 5,4, 15
297, 6,4, 15
297, 7,4, 15
297, 8,4, 15
297, 9,4, 15
297, 10,4, 15
297, 11,4, 15
297, 12,4, 15
297, 13,4, 15
297, 14,4, 15
297, 15,4, 15
297, 16,4, 15
297, 17,4, 15
297, 18,4, 15
297, 19,4, 15
297, 20,4, 15
297, 21,4, 15
297, 22,4, 15
297, 23,4, 15
297, 24,4, 15
297, 25,4, 15
297, 26,4, 15
297, 27,4, 15
297, 28,4, 15
297, 29,4, 15
297, 30,4, 15
297, 31,4, 15
297, 32,4, 15
297, 33,4, 15
297, 34,4, 15
297, 35,4, 15
297, 36,4, 15
297, 37,4, 15
297, 38,4, 15
297, 39,4, 15
298, 0,0, 15
298, 1,0, 15
298, 2,0, 15
298, 3,0, 15
298, 4,0, 15
298, 5,0, 15
298, 6,0, 15
298, 7,0, 15
298, 8,0, 15
298, 9,0, 15
298, 10,0, 15
298, 11,0, 15
298, 12,0, 15
298, 13,0, 15
298, 14,0, 15
298, 15,0, 15
298, 16,0, 15
298, 17,0, 15
298, 18,0, 15
298, 19,0, 15
298, 20,0, 15
298, 21,0, 15
298, 22,0, 15
298, 23,0, 15
298, 24,0, 15
298, 25,0, 15
298, 26,0, 15
298, 27,0, 15
298, 28,0, 15
298, 29,0, 15
298, 30,0, 15
298, 31,0, 15
298, 32,0, 15
298, 33,0, 15
298, 34,0, 15
298, 35,0, 15
298, 36,0, 15
298, 37,0, 15
298, 38,0, 15
298, 39,0, 15
298, 0,1, 15
298, 1,1, 15
298, 2,1, 15
298, 3,1, 15
298, 4,1, 15
298, 5,1, 15
298, 6,1, 15
298, 7,1, 15
298, 8,1, 15
298, 9,1, 15
298, 10,1, 15
298, 11,1, 15
298, 12,1, 15
298, 13,1, 15
298, 14,1, 15
298, 15,1, 15
298, 16,1, 15
298, 17,1, 15
298, 18,1, 15
298, 19,1, 15
298, 20,1, 15
298, 21,1, 15
298, 22,1, 15
298, 23,1, 15
298, 24,1, 15
298, 25,1, 15
298, 26,1, 15
298, 27,1, 15
298, 28,1, 15
298, 29,1, 15
298, 30,1, 15
298, 31,1, 15
298, 32,1, 15
298, 33,1, 15
298, 34,1, 15
298, 35,1, 15
298, 36,1, 15
298, 37,1, 15
298, 38,1, 15
298, 39,1, 15
298, 0,2, 15
298, 1,2, 15
298, 2,2, 15
298, 3,2, 15
298, 4,2, 15
298, 5,2, 15
298, 6,2, 15
298, 7,2, 15
298, 8,2, 15
298, 9,2, 15
298, 10,2, 15
298, 11,2, 15
298, 12,2, 15
298, 13,2, 15
298, 14,2, 15
298, 15,2, 15
298, 16,2, 15
298, 17,2, 15
298, 18,2, 15
298, 19,2, 15
298, 20,2, 15
298, 21,2, 15
298, 22,2, 15
298, 23,2, 15
298, 24,2, 15
298, 25,2, 15
298, 26,2, 15
298, 27,2, 15
298, 28,2, 15
298, 29,2, 15
298, 30,2, 15
298, 31,2, 15
298, 32,2, 15
298, 33,2, 15
298, 34,2, 15
298, 35,2, 15
298, 36,2, 15
298, 37,2, 15
298, 38,2, 15
298, 39,2, 15
298, 0,3, 15
298, 1,3, 15
298, 2,3, 15
298, 3,3, 15
298, 4,3, 15
298, 5,3, 15
298, 6,3, 15
298, 7,3, 15
298, 8,3, 15
298, 9,3, 15
298, 10,3, 15
298, 11,3, 15
298, 12,3, 15
298, 13,3, 15
298, 14,3, 15
298, 15,3, 15
298, 16,3, 15
298, 17,3, 15
298, 18,3, 15
298, 19,3, 15
298, 20,3, 15
298, 21,3, 15
298, 22,3, 15
298, 23,3, 15
298, 24,3, 15
298, 25,3, 15
298, 26,3, 15
298, 27,3, 15
298, 28,3, 15
298, 29,3, 15
298, 30,3, 15
298, 31,3, 15
298, 32,3, 15
298, 33,3, 15
298, 34,3, 15
298, 35,3, 15
298, 36,3, 15
298, 37,3, 15
298, 38,3, 15
298, 39,3, 15
298, 0,4, 15
298, 1,4, 15
298, 2,4, 15
298, 3,4, 15
298, 4,4, 15
298, 5,4, 15
298, 6,4, 15
298, 7,4, 15
298, 8,4, 15
298, 9,4, 15
298, 10,4, 15
298, 11,4, 15
298, 12,4, 15
298, 13,4, 15
298, 14,4, 15
298, 15,4, 15
298, 16,4, 15
298, 17,4, 15
298, 18,4, 15
298, 19,4, 15
298, 20,4, 15
298, 21,4, 15
298, 22,4, 15
298, 23,4, 15
298, 24,4, 15
298, 25,4, 15
298, 26,4, 15
298, 27,4, 15
298, 28,4, 15
298, 29,4, 15
298, 30,4, 15
298, 31,4, 15
298, 32,4, 15
298, 33,4, 15
298, 34,4, 15
298, 35,4, 15
298, 36,4, 15
298, 37,4, 15
298, 38,4, 15
298, 39,4, 15
299, 0,0, 15
299, 1,0, 15
299, 2,0, 15
299, 3,0, 15
299, 4,0, 15
299, 5,0, 15
299, 6,0, 15
299, 7,0, 15
299, 8,0, 15
299, 9,0, 15
299, 10,0, 15
299, 11,0, 15
299, 12,0, 15
299, 13,0, 15
299, 14,0, 15
299, 15,0, 15
299, 16,0, 15
299, 17,0, 15
299, 18,0, 15
299, 19,0, 15
299, 20,0, 15
299, 21,0, 15
299, 22,0, 15
299, 23,0, 15
299, 24,0, 15
299, 25,0, 15
299, 26,0, 15
299, 27,0, 15
299, 28,0, 15
299, 29,0, 15
299, 30,0, 15
299, 31,0, 15
299, 32,0, 15
299, 33,0, 15
299, 34,0, 15
299, 35,0, 15
299, 36,0, 15
299, 37,0, 15
299, 38,0, 15
299, 39,0, 15
299, 0,1, 15
299, 1,1, 15
299, 2,1, 15
299, 3,1, 15
299, 4,1, 15
299, 5,1, 15
299, 6,1, 15
299, 7,1, 15
299, 8,1, 15
299, 9,1, 15
299, 10,1, 15
299, 11,1, 15
299, 12,1, 15
299, 13,1, 15
299, 14,1, 15
299, 15,1, 15
299, 16,1, 15
299, 17,1, 15
299, 18,1, 15
299, 19,1, 15
299, 20,1, 15
299, 21,1, 15
299, 22,1, 15
299, 23,1, 15
299, 24,1, 15
299, 25,1, 15
299, 26,1, 15
299, 27,1, 15
299, 28,1, 15
299, 29,1, 15
299, 30,1, 15
299, 31,1, 15
299, 32,1, 15
299, 33,1, 15
299, 34,1, 15
299, 35,1, 15
299, 36,1, 15
299, 37,1, 15
299, 38,1, 15
299, 39,1, 15
299, 0,2, 15
299, 1,2, 15
299, 2,2, 15
299, 3,2, 15
299, 4,2, 15
299, 5,2, 15
299, 6,2, 15
299, 7,2, 15
299, 8,2, 15
299, 9,2, 15
299, 10,2, 15
299, 11,2, 15
299, 12,2, 15
299, 13,2, 15
299, 14,2, 15
299, 15,2, 15
299, 16,2, 15
299, 17,2, 15
299, 18,2, 15
299, 19,2, 15
299, 20,2, 15
299, 21,2, 15
299, 22,2, 15
299, 23,2, 15
299, 24,2, 15
299, 25,2, 15
299, 26,2, 15
299, 27,2, 15
299, 28,2, 15
299, 29,2, 15
299, 30,2, 15
299, 31,2, 15
299, 32,2, 15
299, 33,2, 15
299, 34,2, 15
299, 35,2, 15
299, 36,2, 15
299, 37,2, 15
299, 38,2, 15
299, 39,2, 15
299, 0,3, 15
299, 1,3, 15
299, 2,3, 15
299, 3,3, 15
299, 4,3, 15
299, 5,3, 15
299, 6,3, 15
299, 7,3, 15
299, 8,3, 15
299, 9,3, 15
299, 10,3, 15
299, 11,3, 15
299, 12,3, 15
299, 13,3, 15
299, 14,3, 15
299, 15,3, 15
299, 16,3, 15
299, 17,3, 15
299, 18,3, 15
299, 19,3, 15
299, 20,3, 15
299, 21,3, 15
299, 22,3, 15
299, 23,3, 15
299, 24,3, 15
299, 25,3, 15
299, 26,3, 15
299, 27,3, 15
299, 28,3, 15
299, 29,3, 15
299, 30,3, 15
299, 31,3, 15
299, 32,3, 15
299, 33,3, 15
299, 34,3, 15
299, 35,3, 15
299, 36,3, 15
299, 37,3, 15
299, 38,3, 15
299, 39,3, 15
299, 0,4, 15
299, 1,4, 15
299, 2,4, 15
299, 3,4, 15
299, 4,4, 15
299, 5,4, 15
299, 6,4, 15
299, 7,4, 15
299, 8,4, 15
299, 9,4, 15
299, 10,4, 15
299, 11,4, 15
299, 12,4, 15
299, 13,4, 15
299, 14,4, 15
299, 15,4, 15
299, 16,4, 15
299, 17,4, 15
299, 18,4, 15
299, 19,4, 15
299, 20,4, 15
299, 21,4, 15
299, 22,4, 15
299, 23,4, 15
299, 24,4, 15
299, 25,4, 15
299, 26,4, 15
299, 27,4, 15
299, 28,4, 15
299, 29,4, 15
299, 30,4, 15
299, 31,4, 15
299, 32,4, 15
299, 33,4, 15
299, 34,4, 15
299, 35,4, 15
299, 36,4, 15
299, 37,4, 15
299, 38,4, 15
299, 39,4, 15
300, 0,0, 15
300, 1,0, 15
300, 2,0, 15
300, 3,0, 15
300, 4,0, 15
300, 5,0, 15
300, 6,0, 15
300, 7,0, 15
300, 8,0, 15
300, 9,0, 15
300, 10,0, 15
300, 11,0, 15
300, 12,0, 15
300, 13,0, 15
300, 14,0, 15
300, 15,0, 15
300, 16,0, 15
300, 17,0, 15
300, 18,0, 15
300, 19,0, 15
300, 20,0, 15
300, 21,0, 15
300, 22,0, 15
300, 23,0, 15
300, 24,0, 15
300, 25,0, 15
300, 26,0, 15
300, 27,0, 15
300, 28,0, 15
300, 29,0, 15
300, 30,0, 15
300, 31,0, 15
300, 32,0, 15
300, 33,0, 15
300, 34,0, 15
300, 35,0, 15
300, 36,0, 15
300, 37,0, 15
300, 38,0, 15
300, 39,0, 15
300, 0,1, 15
300, 1,1, 15
300, 2,1, 15
300, 3,1, 15
300, 4,1, 15
300, 5,1, 15
300, 6,1, 15
300, 7,1, 15
300, 8,1, 15
300, 9,1, 15
300, 10,1, 15
300, 11,1, 15
300, 12,1, 15
300, 13,1, 15
300, 14,1, 15
300, 15,1, 15
300, 16,1, 15
300, 17,1, 15
300, 18,1, 15
300, 19,1, 15
300, 20,1, 15
300, 21,1, 15
300, 22,1, 15
300, 23,1, 15
300, 24,1, 15
300, 25,1, 15
300, 26,1, 15
300, 27,1, 15
300, 28,1, 15
300, 29,1, 15
300, 30,1, 15
300, 31,1, 15
300, 32,1, 15
300, 33,1, 15
300, 34,1, 15
300, 35,1, 15
300, 36,1, 15
300, 37,1, 15
300, 38,1, 15
300, 39,1, 15
300, 0,2, 15
300, 1,2, 15
300, 2,2, 15
300, 3,2, 15
300, 4,2, 15
300, 5,2, 15
300, 6,2, 15
300, 7,2, 15
300, 8,2, 15
300, 9,2, 15
300, 10,2, 15
300, 11,2, 15
300, 12,2, 15
300, 13,2, 15
300, 14,2, 15
300, 15,2, 15
300, 16,2, 15
300, 17,2, 15
300, 18,2, 15
300, 19,2, 15
300, 20,2, 15
300, 21,2, 15
300, 22,2, 15
300, 23,2, 15
300, 24,2, 15
300, 25,2, 15
300, 26,2, 15
300, 27,2, 15
300, 28,2, 15
300, 29,2, 15
300, 30,2, 15
300, 31,2, 15
300, 32,2, 15
300, 33,2, 15
300, 34,2, 15
300, 35,2, 15
300, 36,2, 15
300, 37,2, 15
300, 38,2, 15
300, 39,2, 15
300, 0,3, 15
300, 1,3, 15
300, 2,3, 15
300, 3,3, 15
300, 4,3, 15
300, 5,3, 15
300, 6,3, 15
300, 7,3, 15
300, 8,3, 15
300, 9,3, 15
300, 10,3, 15
300, 11,3, 15
300, 12,3, 15
300, 13,3, 15
300, 14,3, 15
300, 15,3, 15
300, 16,3, 15
300, 17,3, 15
300, 18,3, 15
300, 19,3, 15
300, 20,3, 15
300, 21,3, 15
300, 22,3, 15
300, 23,3, 15
300, 24,3, 15
300, 25,3, 15
300, 26,3, 15
300, 27,3, 15
300, 28,3, 15
300, 29,3, 15
300, 30,3, 15
300, 31,3, 15
300, 32,3, 15
300, 33,3, 15
300, 34,3, 15
300, 35,3, 15
300, 36,3, 15
300, 37,3, 15
300, 38,3, 15
300, 39,3, 15
300, 0,4, 15
300, 1,4, 15
300, 2,4, 15
300, 3,4, 15
300, 4,4, 15
300, 5,4, 15
300, 6,4, 15
300, 7,4, 15
300, 8,4, 15
300, 9,4, 15
300, 10,4, 15
300, 11,4, 15
300, 12,4, 15
300, 13,4, 15
300, 14,4, 15
300, 15,4, 15
300, 16,4, 15
300, 17,4, 15
300, 18,4, 15
300, 19,4, 15
300, 20,4, 15
300, 21,4, 15
300, 22,4, 15
300, 23,4, 15
300, 24,4, 15
300, 25,4, 15
300, 26,4, 15
300, 27,4, 15
300, 28,4, 15
300, 29,4, 15
300, 30,4, 15
300, 31,4, 15
300, 32,4, 15
300, 33,4, 15
300, 34,4, 15
300, 35,4, 15
300, 36,4, 15
300, 37,4, 15
300, 38,4, 15
300, 39,4, 15
