generation, x, y, fitness
0, 0,0, 11
0, 1,0, 14
0, 2,0, 14
0, 3,0, 10
0, 4,0, 12
0, 5,0, 10
0, 6,0, 14
0, 7,0, 13
0, 8,0, 14
0, 9,0, 14
0, 10,0, 12
0, 11,0, 14
0, 12,0, 11
0, 13,0, 11
0, 14,0, 13
0, 15,0, 12
0, 16,0, 11
0, 17,0, 11
0, 18,0, 12
0, 19,0, 14
0, 20,0, 11
0, 21,0, 12
0, 22,0, 11
0, 23,0, 14
0, 24,0, 12
0, 25,0, 10
0, 26,0, 11
0, 27,0, 10
0, 28,0, 14
0, 29,0, 11
0, 30,0, 11
0, 31,0, 11
0, 32,0, 12
0, 33,0, 11
0, 34,0, 14
0, 35,0, 14
0, 36,0, 10
0, 37,0, 11
0, 38,0, 10
0, 39,0, 10
0, 0,1, 11
0, 1,1, 13
0, 2,1, 13
0, 3,1, 12
0, 4,1, 10
0, 5,1, 13
0, 6,1, 14
0, 7,1, 13
0, 8,1, 11
0, 9,1, 13
0, 10,1, 13
0, 11,1, 10
0, 12,1, 11
0, 13,1, 12
0, 14,1, 12
0, 15,1, 10
0, 16,1, 14
0, 17,1, 13
0, 18,1, 10
0, 19,1, 11
0, 20,1, 13
0, 21,1, 14
0, 22,1, 13
0, 23,1, 13
0, 24,1, 10
0, 25,1, 10
0, 26,1, 13
0, 27,1, 10
0, 28,1, 14
0, 29,1, 12
0, 30,1, 14
0, 31,1, 12
0, 32,1, 14
0, 33,1, 12
0, 34,1, 14
0, 35,1, 12
0, 36,1, 12
0, 37,1, 11
0, 38,1, 12
0, 39,1, 12
0, 0,2, 13
0, 1,2, 13
0, 2,2, 12
0, 3,2, 13
0, 4,2, 11
0, 5,2, 14
0, 6,2, 10
0, 7,2, 10
0, 8,2, 11
0, 9,2, 13
0, 10,2, 12
0, 11,2, 12
0, 12,2, 14
0, 13,2, 11
0, 14,2, 11
0, 15,2, 14
0, 16,2, 14
0, 17,2, 10
0, 18,2, 12
0, 19,2, 12
0, 20,2, 10
0, 21,2, 10
0, 22,2, 14
0, 23,2, 10
0, 24,2, 10
0, 25,2, 11
0, 26,2, 14
0, 27,2, 14
0, 28,2, 14
0, 29,2, 12
0, 30,2, 13
0, 31,2, 12
0, 32,2, 13
0, 33,2, 10
0, 34,2, 10
0, 35,2, 10
0, 36,2, 11
0, 37,2, 13
0, 38,2, 14
0, 39,2, 12
0, 0,3, 10
0, 1,3, 11
0, 2,3, 12
0, 3,3, 14
0, 4,3, 10
0, 5,3, 14
0, 6,3, 14
0, 7,3, 11
0, 8,3, 11
0, 9,3, 10
0, 10,3, 13
0, 11,3, 13
0, 12,3, 13
0, 13,3, 13
0, 14,3, 14
0, 15,3, 14
0, 16,3, 12
0, 17,3, 13
0, 18,3, 11
0, 19,3, 14
0, 20,3, 14
0, 21,3, 11
0, 22,3, 14
0, 23,3, 10
0, 24,3, 10
0, 25,3, 14
0, 26,3, 12
0, 27,3, 10
0, 28,3, 14
0, 29,3, 11
0, 30,3, 12
0, 31,3, 11
0, 32,3, 11
0, 33,3, 11
0, 34,3, 11
0, 35,3, 14
0, 36,3, 12
0, 37,3, 13
0, 38,3, 13
0, 39,3, 10
0, 0,4, 14
0, 1,4, 10
0, 2,4, 11
0, 3,4, 14
0, 4,4, 10
0, 5,4, 14
0, 6,4, 11
0, 7,4, 14
0, 8,4, 10
0, 9,4, 12
0, 10,4, 11
0, 11,4, 11
0, 12,4, 12
0, 13,4, 10
0, 14,4, 10
0, 15,4, 10
0, 16,4, 12
0, 17,4, 14
0, 18,4, 11
0, 19,4, 12
0, 20,4, 11
0, 21,4, 14
0, 22,4, 12
0, 23,4, 10
0, 24,4, 13
0, 25,4, 10
0, 26,4, 14
0, 27,4, 12
0, 28,4, 10
0, 29,4, 14
0, 30,4, 10
0, 31,4, 11
0, 32,4, 12
0, 33,4, 13
0, 34,4, 13
0, 35,4, 10
0, 36,4, 11
0, 37,4, 13
0, 38,4, 12
0, 39,4, 13
1, 0,0, 11
1, 1,0, 14
1, 2,0, 15
1, 3,0, 12
1, 4,0, 14
1, 5,0, 12
1, 6,0, 15
1, 7,0, 14
1, 8,0, 15
1, 9,0, 14
1, 10,0, 12
1, 11,0, 14
1, 12,0, 14
1, 13,0, 12
1, 14,0, 13
1, 15,0, 14
1, 16,0, 13
1, 17,0, 11
1, 18,0, 14
1, 19,0, 14
1, 20,0, 13
1, 21,0, 12
1, 22,0, 13
1, 23,0, 14
1, 24,0, 12
1, 25,0, 11
1, 26,0, 12
1, 27,0, 13
1, 28,0, 15
1, 29,0, 11
1, 30,0, 12
1, 31,0, 13
1, 32,0, 14
1, 33,0, 13
1, 34,0, 14
1, 35,0, 14
1, 36,0, 10
1, 37,0, 11
1, 38,0, 11
1, 39,0, 12
1, 0,1, 14
1, 1,1, 13
1, 2,1, 15
1, 3,1, 12
1, 4,1, 12
1, 5,1, 13
1, 6,1, 14
1, 7,1, 13
1, 8,1, 13
1, 9,1, 13
1, 10,1, 14
1, 11,1, 13
1, 12,1, 12
1, 13,1, 12
1, 14,1, 14
1, 15,1, 11
1, 16,1, 14
1, 17,1, 15
1, 18,1, 12
1, 19,1, 13
1, 20,1, 14
1, 21,1, 14
1, 22,1, 13
1, 23,1, 13
1, 24,1, 11
1, 25,1, 12
1, 26,1, 13
1, 27,1, 10
1, 28,1, 14
1, 29,1, 14
1, 30,1, 14
1, 31,1, 13
1, 32,1, 14
1, 33,1, 14
1, 34,1, 14
1, 35,1, 13
1, 36,1, 14
1, 37,1, 13
1, 38,1, 13
1, 39,1, 12
1, 0,2, 13
1, 1,2, 13
1, 2,2, 13
1, 3,2, 14
1, 4,2, 14
1, 5,2, 15
1, 6,2, 11
1, 7,2, 10
1, 8,2, 12
1, 9,2, 13
1, 10,2, 12
1, 11,2, 12
1, 12,2, 14
1, 13,2, 13
1, 14,2, 12
1, 15,2, 14
1, 16,2, 14
1, 17,2, 12
1, 18,2, 13
1, 19,2, 12
1, 20,2, 13
1, 21,2, 10
1, 22,2, 14
1, 23,2, 11
1, 24,2, 12
1, 25,2, 14
1, 26,2, 15
1, 27,2, 15
1, 28,2, 14
1, 29,2, 13
1, 30,2, 14
1, 31,2, 12
1, 32,2, 13
1, 33,2, 12
1, 34,2, 13
1, 35,2, 10
1, 36,2, 11
1, 37,2, 13
1, 38,2, 14
1, 39,2, 13
1, 0,3, 11
1, 1,3, 12
1, 2,3, 12
1, 3,3, 14
1, 4,3, 13
1, 5,3, 14
1, 6,3, 14
1, 7,3, 11
1, 8,3, 11
1, 9,3, 12
1, 10,3, 13
1, 11,3, 13
1, 12,3, 13
1, 13,3, 13
1, 14,3, 14
1, 15,3, 15
1, 16,3, 14
1, 17,3, 13
1, 18,3, 11
1, 19,3, 14
1, 20,3, 14
1, 21,3, 12
1, 22,3, 14
1, 23,3, 12
1, 24,3, 11
1, 25,3, 15
1, 26,3, 14
1, 27,3, 13
1, 28,3, 14
1, 29,3, 12
1, 30,3, 13
1, 31,3, 12
1, 32,3, 11
1, 33,3, 11
1, 34,3, 12
1, 35,3, 14
1, 36,3, 14
1, 37,3, 13
1, 38,3, 13
1, 39,3, 10
1, 0,4, 14
1, 1,4, 12
1, 2,4, 12
1, 3,4, 14
1, 4,4, 13
1, 5,4, 14
1, 6,4, 12
1, 7,4, 15
1, 8,4, 13
1, 9,4, 12
1, 10,4, 13
1, 11,4, 12
1, 12,4, 12
1, 13,4, 12
1, 14,4, 10
1, 15,4, 11
1, 16,4, 12
1, 17,4, 14
1, 18,4, 12
1, 19,4, 14
1, 20,4, 12
1, 21,4, 14
1, 22,4, 14
1, 23,4, 12
1, 24,4, 13
1, 25,4, 13
1, 26,4, 14
1, 27,4, 14
1, 28,4, 10
1, 29,4, 14
1, 30,4, 12
1, 31,4, 12
1, 32,4, 13
1, 33,4, 13
1, 34,4, 13
1, 35,4, 12
1, 36,4, 13
1, 37,4, 13
1, 38,4, 14
1, 39,4, 13
2, 0,0, 14
2, 1,0, 15
2, 2,0, 15
2, 3,0, 13
2, 4,0, 14
2, 5,0, 14
2, 6,0, 15
2, 7,0, 14
2, 8,0, 15
2, 9,0, 14
2, 10,0, 14
2, 11,0, 14
2, 12,0, 14
2, 13,0, 14
2, 14,0, 13
2, 15,0, 14
2, 16,0, 13
2, 17,0, 14
2, 18,0, 14
2, 19,0, 14
2, 20,0, 13
2, 21,0, 14
2, 22,0, 14
2, 23,0, 14
2, 24,0, 12
2, 25,0, 13
2, 26,0, 12
2, 27,0, 13
2, 28,0, 15
2, 29,0, 14
2, 30,0, 14
2, 31,0, 15
2, 32,0, 14
2, 33,0, 15
2, 34,0, 15
2, 35,0, 15
2, 36,0, 11
2, 37,0, 13
2, 38,0, 12
2, 39,0, 12
2, 0,1, 15
2, 1,1, 14
2, 2,1, 15
2, 3,1, 13
2, 4,1, 14
2, 5,1, 13
2, 6,1, 14
2, 7,1, 13
2, 8,1, 14
2, 9,1, 13
2, 10,1, 14
2, 11,1, 14
2, 12,1, 14
2, 13,1, 13
2, 14,1, 14
2, 15,1, 13
2, 16,1, 14
2, 17,1, 15
2, 18,1, 12
2, 19,1, 13
2, 20,1, 14
2, 21,1, 15
2, 22,1, 14
2, 23,1, 14
2, 24,1, 11
2, 25,1, 12
2, 26,1, 13
2, 27,1, 13
2, 28,1, 15
2, 29,1, 14
2, 30,1, 15
2, 31,1, 13
2, 32,1, 15
2, 33,1, 14
2, 34,1, 14
2, 35,1, 15
2, 36,1, 14
2, 37,1, 13
2, 38,1, 15
2, 39,1, 14
2, 0,2, 14
2, 1,2, 14
2, 2,2, 14
2, 3,2, 14
2, 4,2, 15
2, 5,2, 15
2, 6,2, 14
2, 7,2, 11
2, 8,2, 12
2, 9,2, 14
2, 10,2, 12
2, 11,2, 12
2, 12,2, 14
2, 13,2, 14
2, 14,2, 14
2, 15,2, 15
2, 16,2, 15
2, 17,2, 14
2, 18,2, 14
2, 19,2, 12
2, 20,2, 15
2, 21,2, 13
2, 22,2, 14
2, 23,2, 12
2, 24,2, 13
2, 25,2, 14
2, 26,2, 15
2, 27,2, 15
2, 28,2, 14
2, 29,2, 13
2, 30,2, 15
2, 31,2, 12
2, 32,2, 13
2, 33,2, 14
2, 34,2, 13
2, 35,2, 11
2, 36,2, 13
2, 37,2, 13
2, 38,2, 14
2, 39,2, 14
2, 0,3, 13
2, 1,3, 12
2, 2,3, 14
2, 3,3, 14
2, 4,3, 14
2, 5,3, 15
2, 6,3, 14
2, 7,3, 14
2, 8,3, 14
2, 9,3, 12
2, 10,3, 13
2, 11,3, 13
2, 12,3, 14
2, 13,3, 13
2, 14,3, 14
2, 15,3, 15
2, 16,3, 14
2, 17,3, 13
2, 18,3, 13
2, 19,3, 15
2, 20,3, 15
2, 21,3, 12
2, 22,3, 14
2, 23,3, 12
2, 24,3, 12
2, 25,3, 15
2, 26,3, 14
2, 27,3, 13
2, 28,3, 15
2, 29,3, 14
2, 30,3, 13
2, 31,3, 12
2, 32,3, 11
2, 33,3, 12
2, 34,3, 13
2, 35,3, 15
2, 36,3, 15
2, 37,3, 14
2, 38,3, 13
2, 39,3, 13
2, 0,4, 14
2, 1,4, 13
2, 2,4, 12
2, 3,4, 14
2, 4,4, 14
2, 5,4, 15
2, 6,4, 13
2, 7,4, 15
2, 8,4, 14
2, 9,4, 12
2, 10,4, 14
2, 11,4, 13
2, 12,4, 12
2, 13,4, 13
2, 14,4, 12
2, 15,4, 12
2, 16,4, 15
2, 17,4, 15
2, 18,4, 14
2, 19,4, 15
2, 20,4, 14
2, 21,4, 15
2, 22,4, 14
2, 23,4, 13
2, 24,4, 13
2, 25,4, 15
2, 26,4, 15
2, 27,4, 15
2, 28,4, 13
2, 29,4, 14
2, 30,4, 13
2, 31,4, 12
2, 32,4, 13
2, 33,4, 14
2, 34,4, 15
2, 35,4, 14
2, 36,4, 14
2, 37,4, 14
2, 38,4, 14
2, 39,4, 14
3, 0,0, 15
3, 1,0, 15
3, 2,0, 15
3, 3,0, 14
3, 4,0, 14
3, 5,0, 14
3, 6,0, 15
3, 7,0, 15
3, 8,0, 15
3, 9,0, 15
3, 10,0, 14
3, 11,0, 15
3, 12,0, 15
3, 13,0, 14
3, 14,0, 15
3, 15,0, 14
3, 16,0, 14
3, 17,0, 14
3, 18,0, 14
3, 19,0, 15
3, 20,0, 15
3, 21,0, 15
3, 22,0, 15
3, 23,0, 15
3, 24,0, 14
3, 25,0, 13
3, 26,0, 12
3, 27,0, 13
3, 28,0, 15
3, 29,0, 15
3, 30,0, 15
3, 31,0, 15
3, 32,0, 15
3, 33,0, 15
3, 34,0, 15
3, 35,0, 15
3, 36,0, 12
3, 37,0, 13
3, 38,0, 14
3, 39,0, 15
3, 0,1, 15
3, 1,1, 15
3, 2,1, 15
3, 3,1, 15
3, 4,1, 15
3, 5,1, 14
3, 6,1, 15
3, 7,1, 13
3, 8,1, 15
3, 9,1, 13
3, 10,1, 15
3, 11,1, 15
3, 12,1, 15
3, 13,1, 15
3, 14,1, 15
3, 15,1, 15
3, 16,1, 15
3, 17,1, 15
3, 18,1, 14
3, 19,1, 13
3, 20,1, 14
3, 21,1, 15
3, 22,1, 15
3, 23,1, 15
3, 24,1, 14
3, 25,1, 13
3, 26,1, 14
3, 27,1, 15
3, 28,1, 15
3, 29,1, 14
3, 30,1, 15
3, 31,1, 14
3, 32,1, 15
3, 33,1, 15
3, 34,1, 15
3, 35,1, 15
3, 36,1, 14
3, 37,1, 13
3, 38,1, 15
3, 39,1, 14
3, 0,2, 14
3, 1,2, 14
3, 2,2, 15
3, 3,2, 15
3, 4,2, 15
3, 5,2, 15
3, 6,2, 14
3, 7,2, 13
3, 8,2, 14
3, 9,2, 14
3, 10,2, 14
3, 11,2, 13
3, 12,2, 14
3, 13,2, 14
3, 14,2, 14
3, 15,2, 15
3, 16,2, 15
3, 17,2, 14
3, 18,2, 14
3, 19,2, 12
3, 20,2, 15
3, 21,2, 15
3, 22,2, 15
3, 23,2, 14
3, 24,2, 13
3, 25,2, 14
3, 26,2, 15
3, 27,2, 15
3, 28,2, 15
3, 29,2, 13
3, 30,2, 15
3, 31,2, 14
3, 32,2, 13
3, 33,2, 14
3, 34,2, 15
3, 35,2, 12
3, 36,2, 15
3, 37,2, 13
3, 38,2, 14
3, 39,2, 15
3, 0,3, 14
3, 1,3, 13
3, 2,3, 15
3, 3,3, 14
3, 4,3, 15
3, 5,3, 15
3, 6,3, 14
3, 7,3, 14
3, 8,3, 14
3, 9,3, 12
3, 10,3, 13
3, 11,3, 13
3, 12,3, 14
3, 13,3, 15
3, 14,3, 14
3, 15,3, 15
3, 16,3, 14
3, 17,3, 15
3, 18,3, 14
3, 19,3, 15
3, 20,3, 15
3, 21,3, 14
3, 22,3, 15
3, 23,3, 13
3, 24,3, 12
3, 25,3, 15
3, 26,3, 14
3, 27,3, 15
3, 28,3, 15
3, 29,3, 15
3, 30,3, 13
3, 31,3, 13
3, 32,3, 13
3, 33,3, 14
3, 34,3, 15
3, 35,3, 15
3, 36,3, 15
3, 37,3, 15
3, 38,3, 14
3, 39,3, 13
3, 0,4, 14
3, 1,4, 14
3, 2,4, 12
3, 3,4, 14
3, 4,4, 15
3, 5,4, 15
3, 6,4, 15
3, 7,4, 15
3, 8,4, 14
3, 9,4, 14
3, 10,4, 14
3, 11,4, 14
3, 12,4, 12
3, 13,4, 14
3, 14,4, 14
3, 15,4, 14
3, 16,4, 15
3, 17,4, 15
3, 18,4, 14
3, 19,4, 15
3, 20,4, 14
3, 21,4, 15
3, 22,4, 14
3, 23,4, 13
3, 24,4, 15
3, 25,4, 15
3, 26,4, 15
3, 27,4, 15
3, 28,4, 15
3, 29,4, 14
3, 30,4, 13
3, 31,4, 14
3, 32,4, 14
3, 33,4, 14
3, 34,4, 15
3, 35,4, 15
3, 36,4, 15
3, 37,4, 15
3, 38,4, 14
3, 39,4, 14
4, 0,0, 15
4, 1,0, 15
4, 2,0, 15
4, 3,0, 14
4, 4,0, 15
4, 5,0, 15
4, 6,0, 15
4, 7,0, 15
4, 8,0, 15
4, 9,0, 15
4, 10,0, 14
4, 11,0, 15
4, 12,0, 15
4, 13,0, 15
4, 14,0, 15
4, 15,0, 15
4, 16,0, 14
4, 17,0, 15
4, 18,0, 14
4, 19,0, 15
4, 20,0, 15
4, 21,0, 15
4, 22,0, 15
4, 23,0, 15
4, 24,0, 15
4, 25,0, 14
4, 26,0, 14
4, 27,0, 14
4, 28,0, 15
4, 29,0, 15
4, 30,0, 15
4, 31,0, 15
4, 32,0, 15
4, 33,0, 15
4, 34,0, 15
4, 35,0, 15
4, 36,0, 14
4, 37,0, 13
4, 38,0, 15
4, 39,0, 15
4, 0,1, 15
4, 1,1, 15
4, 2,1, 15
4, 3,1, 15
4, 4,1, 15
4, 5,1, 15
4, 6,1, 15
4, 7,1, 14
4, 8,1, 15
4, 9,1, 15
4, 10,1, 15
4, 11,1, 15
4, 12,1, 15
4, 13,1, 15
4, 14,1, 15
4, 15,1, 15
4, 16,1, 15
4, 17,1, 15
4, 18,1, 14
4, 19,1, 15
4, 20,1, 14
4, 21,1, 15
4, 22,1, 15
4, 23,1, 15
4, 24,1, 15
4, 25,1, 13
4, 26,1, 14
4, 27,1, 15
4, 28,1, 15
4, 29,1, 15
4, 30,1, 15
4, 31,1, 15
4, 32,1, 15
4, 33,1, 15
4, 34,1, 15
4, 35,1, 15
4, 36,1, 14
4, 37,1, 13
4, 38,1, 15
4, 39,1, 14
4, 0,2, 14
4, 1,2, 15
4, 2,2, 15
4, 3,2, 15
4, 4,2, 15
4, 5,2, 15
4, 6,2, 14
4, 7,2, 14
4, 8,2, 14
4, 9,2, 15
4, 10,2, 14
4, 11,2, 14
4, 12,2, 15
4, 13,2, 15
4, 14,2, 14
4, 15,2, 15
4, 16,2, 15
4, 17,2, 15
4, 18,2, 14
4, 19,2, 14
4, 20,2, 15
4, 21,2, 15
4, 22,2, 15
4, 23,2, 14
4, 24,2, 14
4, 25,2, 14
4, 26,2, 15
4, 27,2, 15
4, 28,2, 15
4, 29,2, 14
4, 30,2, 15
4, 31,2, 15
4, 32,2, 15
4, 33,2, 14
4, 34,2, 15
4, 35,2, 14
4, 36,2, 15
4, 37,2, 15
4, 38,2, 15
4, 39,2, 15
4, 0,3, 15
4, 1,3, 15
4, 2,3, 15
4, 3,3, 14
4, 4,3, 15
4, 5,3, 15
4, 6,3, 14
4, 7,3, 15
4, 8,3, 14
4, 9,3, 14
4, 10,3, 14
4, 11,3, 13
4, 12,3, 14
4, 13,3, 15
4, 14,3, 15
4, 15,3, 15
4, 16,3, 15
4, 17,3, 15
4, 18,3, 15
4, 19,3, 15
4, 20,3, 15
4, 21,3, 14
4, 22,3, 15
4, 23,3, 15
4, 24,3, 12
4, 25,3, 15
4, 26,3, 14
4, 27,3, 15
4, 28,3, 15
4, 29,3, 15
4, 30,3, 13
4, 31,3, 14
4, 32,3, 13
4, 33,3, 14
4, 34,3, 15
4, 35,3, 15
4, 36,3, 15
4, 37,3, 15
4, 38,3, 14
4, 39,3, 14
4, 0,4, 15
4, 1,4, 14
4, 2,4, 14
4, 3,4, 15
4, 4,4, 15
4, 5,4, 15
4, 6,4, 15
4, 7,4, 15
4, 8,4, 14
4, 9,4, 14
4, 10,4, 15
4, 11,4, 14
4, 12,4, 13
4, 13,4, 15
4, 14,4, 15
4, 15,4, 15
4, 16,4, 15
4, 17,4, 15
4, 18,4, 15
4, 19,4, 15
4, 20,4, 14
4, 21,4, 15
4, 22,4, 15
4, 23,4, 15
4, 24,4, 15
4, 25,4, 15
4, 26,4, 15
4, 27,4, 15
4, 28,4, 15
4, 29,4, 14
4, 30,4, 14
4, 31,4, 14
4, 32,4, 14
4, 33,4, 14
4, 34,4, 15
4, 35,4, 15
4, 36,4, 15
4, 37,4, 15
4, 38,4, 15
4, 39,4, 14
5, 0,0, 15
5, 1,0, 15
5, 2,0, 15
5, 3,0, 14
5, 4,0, 15
5, 5,0, 15
5, 6,0, 15
5, 7,0, 15
5, 8,0, 15
5, 9,0, 15
5, 10,0, 14
5, 11,0, 15
5, 12,0, 15
5, 13,0, 15
5, 14,0, 15
5, 15,0, 15
5, 16,0, 15
5, 17,0, 15
5, 18,0, 15
5, 19,0, 15
5, 20,0, 15
5, 21,0, 15
5, 22,0, 15
5, 23,0, 15
5, 24,0, 15
5, 25,0, 14
5, 26,0, 15
5, 27,0, 14
5, 28,0, 15
5, 29,0, 15
5, 30,0, 15
5, 31,0, 15
5, 32,0, 15
5, 33,0, 15
5, 34,0, 15
5, 35,0, 15
5, 36,0, 14
5, 37,0, 14
5, 38,0, 15
5, 39,0, 15
5, 0,1, 15
5, 1,1, 15
5, 2,1, 15
5, 3,1, 15
5, 4,1, 15
5, 5,1, 15
5, 6,1, 15
5, 7,1, 14
5, 8,1, 15
5, 9,1, 15
5, 10,1, 15
5, 11,1, 15
5, 12,1, 15
5, 13,1, 15
5, 14,1, 15
5, 15,1, 15
5, 16,1, 15
5, 17,1, 15
5, 18,1, 15
5, 19,1, 15
5, 20,1, 14
5, 21,1, 15
5, 22,1, 15
5, 23,1, 15
5, 24,1, 15
5, 25,1, 15
5, 26,1, 14
5, 27,1, 15
5, 28,1, 15
5, 29,1, 15
5, 30,1, 15
5, 31,1, 15
5, 32,1, 15
5, 33,1, 15
5, 34,1, 15
5, 35,1, 15
5, 36,1, 15
5, 37,1, 13
5, 38,1, 15
5, 39,1, 15
5, 0,2, 14
5, 1,2, 15
5, 2,2, 15
5, 3,2, 15
5, 4,2, 15
5, 5,2, 15
5, 6,2, 15
5, 7,2, 14
5, 8,2, 14
5, 9,2, 15
5, 10,2, 14
5, 11,2, 14
5, 12,2, 15
5, 13,2, 15
5, 14,2, 14
5, 15,2, 15
5, 16,2, 15
5, 17,2, 15
5, 18,2, 15
5, 19,2, 15
5, 20,2, 15
5, 21,2, 15
5, 22,2, 15
5, 23,2, 14
5, 24,2, 15
5, 25,2, 14
5, 26,2, 15
5, 27,2, 15
5, 28,2, 15
5, 29,2, 14
5, 30,2, 15
5, 31,2, 15
5, 32,2, 15
5, 33,2, 14
5, 34,2, 15
5, 35,2, 15
5, 36,2, 15
5, 37,2, 15
5, 38,2, 15
5, 39,2, 15
5, 0,3, 15
5, 1,3, 15
5, 2,3, 15
5, 3,3, 14
5, 4,3, 15
5, 5,3, 15
5, 6,3, 15
5, 7,3, 15
5, 8,3, 15
5, 9,3, 15
5, 10,3, 15
5, 11,3, 15
5, 12,3, 14
5, 13,3, 15
5, 14,3, 15
5, 15,3, 15
5, 16,3, 15
5, 17,3, 15
5, 18,3, 15
5, 19,3, 15
5, 20,3, 15
5, 21,3, 15
5, 22,3, 15
5, 23,3, 15
5, 24,3, 13
5, 25,3, 15
5, 26,3, 14
5, 27,3, 15
5, 28,3, 15
5, 29,3, 15
5, 30,3, 14
5, 31,3, 15
5, 32,3, 15
5, 33,3, 14
5, 34,3, 15
5, 35,3, 15
5, 36,3, 15
5, 37,3, 15
5, 38,3, 15
5, 39,3, 15
5, 0,4, 15
5, 1,4, 14
5, 2,4, 15
5, 3,4, 15
5, 4,4, 15
5, 5,4, 15
5, 6,4, 15
5, 7,4, 15
5, 8,4, 14
5, 9,4, 15
5, 10,4, 15
5, 11,4, 15
5, 12,4, 14
5, 13,4, 15
5, 14,4, 15
5, 15,4, 15
5, 16,4, 15
5, 17,4, 15
5, 18,4, 15
5, 19,4, 15
5, 20,4, 15
5, 21,4, 15
5, 22,4, 15
5, 23,4, 15
5, 24,4, 15
5, 25,4, 15
5, 26,4, 15
5, 27,4, 15
5, 28,4, 15
5, 29,4, 14
5, 30,4, 15
5, 31,4, 14
5, 32,4, 15
5, 33,4, 15
5, 34,4, 15
5, 35,4, 15
5, 36,4, 15
5, 37,4, 15
5, 38,4, 15
5, 39,4, 15
6, 0,0, 15
6, 1,0, 15
6, 2,0, 15
6, 3,0, 15
6, 4,0, 15
6, 5,0, 15
6, 6,0, 15
6, 7,0, 15
6, 8,0, 15
6, 9,0, 15
6, 10,0, 14
6, 11,0, 15
6, 12,0, 15
6, 13,0, 15
6, 14,0, 15
6, 15,0, 15
6, 16,0, 15
6, 17,0, 15
6, 18,0, 15
6, 19,0, 15
6, 20,0, 15
6, 21,0, 15
6, 22,0, 15
6, 23,0, 15
6, 24,0, 15
6, 25,0, 15
6, 26,0, 15
6, 27,0, 15
6, 28,0, 15
6, 29,0, 15
6, 30,0, 15
6, 31,0, 15
6, 32,0, 15
6, 33,0, 15
6, 34,0, 15
6, 35,0, 15
6, 36,0, 14
6, 37,0, 14
6, 38,0, 15
6, 39,0, 15
6, 0,1, 15
6, 1,1, 15
6, 2,1, 15
6, 3,1, 15
6, 4,1, 15
6, 5,1, 15
6, 6,1, 15
6, 7,1, 15
6, 8,1, 15
6, 9,1, 15
6, 10,1, 15
6, 11,1, 15
6, 12,1, 15
6, 13,1, 15
6, 14,1, 15
6, 15,1, 15
6, 16,1, 15
6, 17,1, 15
6, 18,1, 15
6, 19,1, 15
6, 20,1, 15
6, 21,1, 15
6, 22,1, 15
6, 23,1, 15
6, 24,1, 15
6, 25,1, 15
6, 26,1, 14
6, 27,1, 15
6, 28,1, 15
6, 29,1, 15
6, 30,1, 15
6, 31,1, 15
6, 32,1, 15
6, 33,1, 15
6, 34,1, 15
6, 35,1, 15
6, 36,1, 15
6, 37,1, 13
6, 38,1, 15
6, 39,1, 15
6, 0,2, 14
6, 1,2, 15
6, 2,2, 15
6, 3,2, 15
6, 4,2, 15
6, 5,2, 15
6, 6,2, 15
6, 7,2, 15
6, 8,2, 15
6, 9,2, 15
6, 10,2, 14
6, 11,2, 14
6, 12,2, 15
6, 13,2, 15
6, 14,2, 14
6, 15,2, 15
6, 16,2, 15
6, 17,2, 15
6, 18,2, 15
6, 19,2, 15
6, 20,2, 15
6, 21,2, 15
6, 22,2, 15
6, 23,2, 15
6, 24,2, 15
6, 25,2, 14
6, 26,2, 15
6, 27,2, 15
6, 28,2, 15
6, 29,2, 14
6, 30,2, 15
6, 31,2, 15
6, 32,2, 15
6, 33,2, 14
6, 34,2, 15
6, 35,2, 15
6, 36,2, 15
6, 37,2, 15
6, 38,2, 15
6, 39,2, 15
6, 0,3, 15
6, 1,3, 15
6, 2,3, 15
6, 3,3, 15
6, 4,3, 15
6, 5,3, 15
6, 6,3, 15
6, 7,3, 15
6, 8,3, 15
6, 9,3, 15
6, 10,3, 15
6, 11,3, 15
6, 12,3, 14
6, 13,3, 15
6, 14,3, 15
6, 15,3, 15
6, 16,3, 15
6, 17,3, 15
6, 18,3, 15
6, 19,3, 15
6, 20,3, 15
6, 21,3, 15
6, 22,3, 15
6, 23,3, 15
6, 24,3, 15
6, 25,3, 15
6, 26,3, 15
6, 27,3, 15
6, 28,3, 15
6, 29,3, 15
6, 30,3, 15
6, 31,3, 15
6, 32,3, 15
6, 33,3, 15
6, 34,3, 15
6, 35,3, 15
6, 36,3, 15
6, 37,3, 15
6, 38,3, 15
6, 39,3, 15
6, 0,4, 15
6, 1,4, 15
6, 2,4, 15
6, 3,4, 15
6, 4,4, 15
6, 5,4, 15
6, 6,4, 15
6, 7,4, 15
6, 8,4, 15
6, 9,4, 15
6, 10,4, 15
6, 11,4, 15
6, 12,4, 15
6, 13,4, 15
6, 14,4, 15
6, 15,4, 15
6, 16,4, 15
6, 17,4, 15
6, 18,4, 15
6, 19,4, 15
6, 20,4, 15
6, 21,4, 15
6, 22,4, 15
6, 23,4, 15
6, 24,4, 15
6, 25,4, 15
6, 26,4, 15
6, 27,4, 15
6, 28,4, 15
6, 29,4, 14
6, 30,4, 15
6, 31,4, 15
6, 32,4, 15
6, 33,4, 15
6, 34,4, 15
6, 35,4, 15
6, 36,4, 15
6, 37,4, 15
6, 38,4, 15
6, 39,4, 15
7, 0,0, 15
7, 1,0, 15
7, 2,0, 15
7, 3,0, 15
7, 4,0, 15
7, 5,0, 15
7, 6,0, 15
7, 7,0, 15
7, 8,0, 15
7, 9,0, 15
7, 10,0, 14
7, 11,0, 15
7, 12,0, 15
7, 13,0, 15
7, 14,0, 15
7, 15,0, 15
7, 16,0, 15
7, 17,0, 15
7, 18,0, 15
7, 19,0, 15
7, 20,0, 15
7, 21,0, 15
7, 22,0, 15
7, 23,0, 15
7, 24,0, 15
7, 25,0, 15
7, 26,0, 15
7, 27,0, 15
7, 28,0, 15
7, 29,0, 15
7, 30,0, 15
7, 31,0, 15
7, 32,0, 15
7, 33,0, 15
7, 34,0, 15
7, 35,0, 15
7, 36,0, 14
7, 37,0, 14
7, 38,0, 15
7, 39,0, 15
7, 0,1, 15
7, 1,1, 15
7, 2,1, 15
7, 3,1, 15
7, 4,1, 15
7, 5,1, 15
7, 6,1, 15
7, 7,1, 15
7, 8,1, 15
7, 9,1, 15
7, 10,1, 15
7, 11,1, 15
7, 12,1, 15
7, 13,1, 15
7, 14,1, 15
7, 15,1, 15
7, 16,1, 15
7, 17,1, 15
7, 18,1, 15
7, 19,1, 15
7, 20,1, 15
7, 21,1, 15
7, 22,1, 15
7, 23,1, 15
7, 24,1, 15
7, 25,1, 15
7, 26,1, 14
7, 27,1, 15
7, 28,1, 15
7, 29,1, 15
7, 30,1, 15
7, 31,1, 15
7, 32,1, 15
7, 33,1, 15
7, 34,1, 15
7, 35,1, 15
7, 36,1, 15
7, 37,1, 13
7, 38,1, 15
7, 39,1, 15
7, 0,2, 14
7, 1,2, 15
7, 2,2, 15
7, 3,2, 15
7, 4,2, 15
7, 5,2, 15
7, 6,2, 15
7, 7,2, 15
7, 8,2, 15
7, 9,2, 15
7, 10,2, 14
7, 11,2, 15
7, 12,2, 15
7, 13,2, 15
7, 14,2, 14
7, 15,2, 15
7, 16,2, 15
7, 17,2, 15
7, 18,2, 15
7, 19,2, 15
7, 20,2, 15
7, 21,2, 15
7, 22,2, 15
7, 23,2, 15
7, 24,2, 15
7, 25,2, 14
7, 26,2, 15
7, 27,2, 15
7, 28,2, 15
7, 29,2, 14
7, 30,2, 15
7, 31,2, 15
7, 32,2, 15
7, 33,2, 14
7, 34,2, 15
7, 35,2, 15
7, 36,2, 15
7, 37,2, 15
7, 38,2, 15
7, 39,2, 15
7, 0,3, 15
7, 1,3, 15
7, 2,3, 15
7, 3,3, 15
7, 4,3, 15
7, 5,3, 15
7, 6,3, 15
7, 7,3, 15
7, 8,3, 15
7, 9,3, 15
7, 10,3, 15
7, 11,3, 15
7, 12,3, 14
7, 13,3, 15
7, 14,3, 15
7, 15,3, 15
7, 16,3, 15
7, 17,3, 15
7, 18,3, 15
7, 19,3, 15
7, 20,3, 15
7, 21,3, 15
7, 22,3, 15
7, 23,3, 15
7, 24,3, 15
7, 25,3, 15
7, 26,3, 15
7, 27,3, 15
7, 28,3, 15
7, 29,3, 15
7, 30,3, 15
7, 31,3, 15
7, 32,3, 15
7, 33,3, 15
7, 34,3, 15
7, 35,3, 15
7, 36,3, 15
7, 37,3, 15
7, 38,3, 15
7, 39,3, 15
7, 0,4, 15
7, 1,4, 15
7, 2,4, 15
7, 3,4, 15
7, 4,4, 15
7, 5,4, 15
7, 6,4, 15
7, 7,4, 15
7, 8,4, 15
7, 9,4, 15
7, 10,4, 15
7, 11,4, 15
7, 12,4, 15
7, 13,4, 15
7, 14,4, 15
7, 15,4, 15
7, 16,4, 15
7, 17,4, 15
7, 18,4, 15
7, 19,4, 15
7, 20,4, 15
7, 21,4, 15
7, 22,4, 15
7, 23,4, 15
7, 24,4, 15
7, 25,4, 15
7, 26,4, 15
7, 27,4, 15
7, 28,4, 15
7, 29,4, 15
7, 30,4, 15
7, 31,4, 15
7, 32,4, 15
7, 33,4, 15
7, 34,4, 15
7, 35,4, 15
7, 36,4, 15
7, 37,4, 15
7, 38,4, 15
7, 39,4, 15
8, 0,0, 15
8, 1,0, 15
8, 2,0, 15
8, 3,0, 15
8, 4,0, 15
8, 5,0, 15
8, 6,0, 15
8, 7,0, 15
8, 8,0, 15
8, 9,0, 15
8, 10,0, 14
8, 11,0, 15
8, 12,0, 15
8, 13,0, 15
8, 14,0, 15
8, 15,0, 15
8, 16,0, 15
8, 17,0, 15
8, 18,0, 15
8, 19,0, 15
8, 20,0, 15
8, 21,0, 15
8, 22,0, 15
8, 23,0, 15
8, 24,0, 15
8, 25,0, 15
8, 26,0, 15
8, 27,0, 15
8, 28,0, 15
8, 29,0, 15
8, 30,0, 15
8, 31,0, 15
8, 32,0, 15
8, 33,0, 15
8, 34,0, 15
8, 35,0, 15
8, 36,0, 15
8, 37,0, 15
8, 38,0, 15
8, 39,0, 15
8, 0,1, 15
8, 1,1, 15
8, 2,1, 15
8, 3,1, 15
8, 4,1, 15
8, 5,1, 15
8, 6,1, 15
8, 7,1, 15
8, 8,1, 15
8, 9,1, 15
8, 10,1, 15
8, 11,1, 15
8, 12,1, 15
8, 13,1, 15
8, 14,1, 15
8, 15,1, 15
8, 16,1, 15
8, 17,1, 15
8, 18,1, 15
8, 19,1, 15
8, 20,1, 15
8, 21,1, 15
8, 22,1, 15
8, 23,1, 15
8, 24,1, 15
8, 25,1, 15
8, 26,1, 14
8, 27,1, 15
8, 28,1, 15
8, 29,1, 15
8, 30,1, 15
8, 31,1, 15
8, 32,1, 15
8, 33,1, 15
8, 34,1, 15
8, 35,1, 15
8, 36,1, 15
8, 37,1, 15
8, 38,1, 15
8, 39,1, 15
8, 0,2, 14
8, 1,2, 15
8, 2,2, 15
8, 3,2, 15
8, 4,2, 15
8, 5,2, 15
8, 6,2, 15
8, 7,2, 15
8, 8,2, 15
8, 9,2, 15
8, 10,2, 14
8, 11,2, 15
8, 12,2, 15
8, 13,2, 15
8, 14,2, 14
8, 15,2, 15
8, 16,2, 15
8, 17,2, 15
8, 18,2, 15
8, 19,2, 15
8, 20,2, 15
8, 21,2, 15
8, 22,2, 15
8, 23,2, 15
8, 24,2, 15
8, 25,2, 15
8, 26,2, 15
8, 27,2, 15
8, 28,2, 15
8, 29,2, 14
8, 30,2, 15
8, 31,2, 15
8, 32,2, 15
8, 33,2, 14
8, 34,2, 15
8, 35,2, 15
8, 36,2, 15
8, 37,2, 15
8, 38,2, 15
8, 39,2, 15
8, 0,3, 15
8, 1,3, 15
8, 2,3, 15
8, 3,3, 15
8, 4,3, 15
8, 5,3, 15
8, 6,3, 15
8, 7,3, 15
8, 8,3, 15
8, 9,3, 15
8, 10,3, 15
8, 11,3, 15
8, 12,3, 15
8, 13,3, 15
8, 14,3, 15
8, 15,3, 15
8, 16,3, 15
8, 17,3, 15
8, 18,3, 15
8, 19,3, 15
8, 20,3, 15
8, 21,3, 15
8, 22,3, 15
8, 23,3, 15
8, 24,3, 15
8, 25,3, 15
8, 26,3, 15
8, 27,3, 15
8, 28,3, 15
8, 29,3, 15
8, 30,3, 15
8, 31,3, 15
8, 32,3, 15
8, 33,3, 15
8, 34,3, 15
8, 35,3, 15
8, 36,3, 15
8, 37,3, 15
8, 38,3, 15
8, 39,3, 15
8, 0,4, 15
8, 1,4, 15
8, 2,4, 15
8, 3,4, 15
8, 4,4, 15
8, 5,4, 15
8, 6,4, 15
8, 7,4, 15
8, 8,4, 15
8, 9,4, 15
8, 10,4, 15
8, 11,4, 15
8, 12,4, 15
8, 13,4, 15
8, 14,4, 15
8, 15,4, 15
8, 16,4, 15
8, 17,4, 15
8, 18,4, 15
8, 19,4, 15
8, 20,4, 15
8, 21,4, 15
8, 22,4, 15
8, 23,4, 15
8, 24,4, 15
8, 25,4, 15
8, 26,4, 15
8, 27,4, 15
8, 28,4, 15
8, 29,4, 15
8, 30,4, 15
8, 31,4, 15
8, 32,4, 15
8, 33,4, 15
8, 34,4, 15
8, 35,4, 15
8, 36,4, 15
8, 37,4, 15
8, 38,4, 15
8, 39,4, 15
9, 0,0, 15
9, 1,0, 15
9, 2,0, 15
9, 3,0, 15
9, 4,0, 15
9, 5,0, 15
9, 6,0, 15
9, 7,0, 15
9, 8,0, 15
9, 9,0, 15
9, 10,0, 14
9, 11,0, 15
9, 12,0, 15
9, 13,0, 15
9, 14,0, 15
9, 15,0, 15
9, 16,0, 15
9, 17,0, 15
9, 18,0, 15
9, 19,0, 15
9, 20,0, 15
9, 21,0, 15
9, 22,0, 15
9, 23,0, 15
9, 24,0, 15
9, 25,0, 15
9, 26,0, 15
9, 27,0, 15
9, 28,0, 15
9, 29,0, 15
9, 30,0, 15
9, 31,0, 15
9, 32,0, 15
9, 33,0, 15
9, 34,0, 15
9, 35,0, 15
9, 36,0, 15
9, 37,0, 15
9, 38,0, 15
9, 39,0, 15
9, 0,1, 15
9, 1,1, 15
9, 2,1, 15
9, 3,1, 15
9, 4,1, 15
9, 5,1, 15
9, 6,1, 15
9, 7,1, 15
9, 8,1, 15
9, 9,1, 15
9, 10,1, 15
9, 11,1, 15
9, 12,1, 15
9, 13,1, 15
9, 14,1, 15
9, 15,1, 15
9, 16,1, 15
9, 17,1, 15
9, 18,1, 15
9, 19,1, 15
9, 20,1, 15
9, 21,1, 15
9, 22,1, 15
9, 23,1, 15
9, 24,1, 15
9, 25,1, 15
9, 26,1, 14
9, 27,1, 15
9, 28,1, 15
9, 29,1, 15
9, 30,1, 15
9, 31,1, 15
9, 32,1, 15
9, 33,1, 15
9, 34,1, 15
9, 35,1, 15
9, 36,1, 15
9, 37,1, 15
9, 38,1, 15
9, 39,1, 15
9, 0,2, 15
9, 1,2, 15
9, 2,2, 15
9, 3,2, 15
9, 4,2, 15
9, 5,2, 15
9, 6,2, 15
9, 7,2, 15
9, 8,2, 15
9, 9,2, 15
9, 10,2, 15
9, 11,2, 15
9, 12,2, 15
9, 13,2, 15
9, 14,2, 14
9, 15,2, 15
9, 16,2, 15
9, 17,2, 15
9, 18,2, 15
9, 19,2, 15
9, 20,2, 15
9, 21,2, 15
9, 22,2, 15
9, 23,2, 15
9, 24,2, 15
9, 25,2, 15
9, 26,2, 15
9, 27,2, 15
9, 28,2, 15
9, 29,2, 14
9, 30,2, 15
9, 31,2, 15
9, 32,2, 15
9, 33,2, 15
9, 34,2, 15
9, 35,2, 15
9, 36,2, 15
9, 37,2, 15
9, 38,2, 15
9, 39,2, 15
9, 0,3, 15
9, 1,3, 15
9, 2,3, 15
9, 3,3, 15
9, 4,3, 15
9, 5,3, 15
9, 6,3, 15
9, 7,3, 15
9, 8,3, 15
9, 9,3, 15
9, 10,3, 15
9, 11,3, 15
9, 12,3, 15
9, 13,3, 15
9, 14,3, 15
9, 15,3, 15
9, 16,3, 15
9, 17,3, 15
9, 18,3, 15
9, 19,3, 15
9, 20,3, 15
9, 21,3, 15
9, 22,3, 15
9, 23,3, 15
9, 24,3, 15
9, 25,3, 15
9, 26,3, 15
9, 27,3, 15
9, 28,3, 15
9, 29,3, 15
9, 30,3, 15
9, 31,3, 15
9, 32,3, 15
9, 33,3, 15
9, 34,3, 15
9, 35,3, 15
9, 36,3, 15
9, 37,3, 15
9, 38,3, 15
9, 39,3, 15
9, 0,4, 15
9, 1,4, 15
9, 2,4, 15
9, 3,4, 15
9, 4,4, 15
9, 5,4, 15
9, 6,4, 15
9, 7,4, 15
9, 8,4, 15
9, 9,4, 15
9, 10,4, 15
9, 11,4, 15
9, 12,4, 15
9, 13,4, 15
9, 14,4, 15
9, 15,4, 15
9, 16,4, 15
9, 17,4, 15
9, 18,4, 15
9, 19,4, 15
9, 20,4, 15
9, 21,4, 15
9, 22,4, 15
9, 23,4, 15
9, 24,4, 15
9, 25,4, 15
9, 26,4, 15
9, 27,4, 15
9, 28,4, 15
9, 29,4, 15
9, 30,4, 15
9, 31,4, 15
9, 32,4, 15
9, 33,4, 15
9, 34,4, 15
9, 35,4, 15
9, 36,4, 15
9, 37,4, 15
9, 38,4, 15
9, 39,4, 15
10, 0,0, 15
10, 1,0, 15
10, 2,0, 15
10, 3,0, 15
10, 4,0, 15
10, 5,0, 15
10, 6,0, 15
10, 7,0, 15
10, 8,0, 15
10, 9,0, 15
10, 10,0, 14
10, 11,0, 15
10, 12,0, 15
10, 13,0, 15
10, 14,0, 15
10, 15,0, 15
10, 16,0, 15
10, 17,0, 15
10, 18,0, 15
10, 19,0, 15
10, 20,0, 15
10, 21,0, 15
10, 22,0, 15
10, 23,0, 15
10, 24,0, 15
10, 25,0, 15
10, 26,0, 15
10, 27,0, 15
10, 28,0, 15
10, 29,0, 15
10, 30,0, 15
10, 31,0, 15
10, 32,0, 15
10, 33,0, 15
10, 34,0, 15
10, 35,0, 15
10, 36,0, 15
10, 37,0, 15
10, 38,0, 15
10, 39,0, 15
10, 0,1, 15
10, 1,1, 15
10, 2,1, 15
10, 3,1, 15
10, 4,1, 15
10, 5,1, 15
10, 6,1, 15
10, 7,1, 15
10, 8,1, 15
10, 9,1, 15
10, 10,1, 15
10, 11,1, 15
10, 12,1, 15
10, 13,1, 15
10, 14,1, 15
10, 15,1, 15
10, 16,1, 15
10, 17,1, 15
10, 18,1, 15
10, 19,1, 15
10, 20,1, 15
10, 21,1, 15
10, 22,1, 15
10, 23,1, 15
10, 24,1, 15
10, 25,1, 15
10, 26,1, 15
10, 27,1, 15
10, 28,1, 15
10, 29,1, 15
10, 30,1, 15
10, 31,1, 15
10, 32,1, 15
10, 33,1, 15
10, 34,1, 15
10, 35,1, 15
10, 36,1, 15
10, 37,1, 15
10, 38,1, 15
10, 39,1, 15
10, 0,2, 15
10, 1,2, 15
10, 2,2, 15
10, 3,2, 15
10, 4,2, 15
10, 5,2, 15
10, 6,2, 15
10, 7,2, 15
10, 8,2, 15
10, 9,2, 15
10, 10,2, 15
10, 11,2, 15
10, 12,2, 15
10, 13,2, 15
10, 14,2, 14
10, 15,2, 15
10, 16,2, 15
10, 17,2, 15
10, 18,2, 15
10, 19,2, 15
10, 20,2, 15
10, 21,2, 15
10, 22,2, 15
10, 23,2, 15
10, 24,2, 15
10, 25,2, 15
10, 26,2, 15
10, 27,2, 15
10, 28,2, 15
10, 29,2, 14
10, 30,2, 15
10, 31,2, 15
10, 32,2, 15
10, 33,2, 15
10, 34,2, 15
10, 35,2, 15
10, 36,2, 15
10, 37,2, 15
10, 38,2, 15
10, 39,2, 15
10, 0,3, 15
10, 1,3, 15
10, 2,3, 15
10, 3,3, 15
10, 4,3, 15
10, 5,3, 15
10, 6,3, 15
10, 7,3, 15
10, 8,3, 15
10, 9,3, 15
10, 10,3, 15
10, 11,3, 15
10, 12,3, 15
10, 13,3, 15
10, 14,3, 15
10, 15,3, 15
10, 16,3, 15
10, 17,3, 15
10, 18,3, 15
10, 19,3, 15
10, 20,3, 15
10, 21,3, 15
10, 22,3, 15
10, 23,3, 15
10, 24,3, 15
10, 25,3, 15
10, 26,3, 15
10, 27,3, 15
10, 28,3, 15
10, 29,3, 15
10, 30,3, 15
10, 31,3, 15
10, 32,3, 15
10, 33,3, 15
10, 34,3, 15
10, 35,3, 15
10, 36,3, 15
10, 37,3, 15
10, 38,3, 15
10, 39,3, 15
10, 0,4, 15
10, 1,4, 15
10, 2,4, 15
10, 3,4, 15
10, 4,4, 15
10, 5,4, 15
10, 6,4, 15
10, 7,4, 15
10, 8,4, 15
10, 9,4, 15
10, 10,4, 15
10, 11,4, 15
10, 12,4, 15
10, 13,4, 15
10, 14,4, 15
10, 15,4, 15
10, 16,4, 15
10, 17,4, 15
10, 18,4, 15
10, 19,4, 15
10, 20,4, 15
10, 21,4, 15
10, 22,4, 15
10, 23,4, 15
10, 24,4, 15
10, 25,4, 15
10, 26,4, 15
10, 27,4, 15
10, 28,4, 15
10, 29,4, 15
10, 30,4, 15
10, 31,4, 15
10, 32,4, 15
10, 33,4, 15
10, 34,4, 15
10, 35,4, 15
10, 36,4, 15
10, 37,4, 15
10, 38,4, 15
10, 39,4, 15
11, 0,0, 15
11, 1,0, 15
11, 2,0, 15
11, 3,0, 15
11, 4,0, 15
11, 5,0, 15
11, 6,0, 15
11, 7,0, 15
11, 8,0, 15
11, 9,0, 15
11, 10,0, 14
11, 11,0, 15
11, 12,0, 15
11, 13,0, 15
11, 14,0, 15
11, 15,0, 15
11, 16,0, 15
11, 17,0, 15
11, 18,0, 15
11, 19,0, 15
11, 20,0, 15
11, 21,0, 15
11, 22,0, 15
11, 23,0, 15
11, 24,0, 15
11, 25,0, 15
11, 26,0, 15
11, 27,0, 15
11, 28,0, 15
11, 29,0, 15
11, 30,0, 15
11, 31,0, 15
11, 32,0, 15
11, 33,0, 15
11, 34,0, 15
11, 35,0, 15
11, 36,0, 15
11, 37,0, 15
11, 38,0, 15
11, 39,0, 15
11, 0,1, 15
11, 1,1, 15
11, 2,1, 15
11, 3,1, 15
11, 4,1, 15
11, 5,1, 15
11, 6,1, 15
11, 7,1, 15
11, 8,1, 15
11, 9,1, 15
11, 10,1, 15
11, 11,1, 15
11, 12,1, 15
11, 13,1, 15
11, 14,1, 15
11, 15,1, 15
11, 16,1, 15
11, 17,1, 15
11, 18,1, 15
11, 19,1, 15
11, 20,1, 15
11, 21,1, 15
11, 22,1, 15
11, 23,1, 15
11, 24,1, 15
11, 25,1, 15
11, 26,1, 15
11, 27,1, 15
11, 28,1, 15
11, 29,1, 15
11, 30,1, 15
11, 31,1, 15
11, 32,1, 15
11, 33,1, 15
11, 34,1, 15
11, 35,1, 15
11, 36,1, 15
11, 37,1, 15
11, 38,1, 15
11, 39,1, 15
11, 0,2, 15
11, 1,2, 15
11, 2,2, 15
11, 3,2, 15
11, 4,2, 15
11, 5,2, 15
11, 6,2, 15
11, 7,2, 15
11, 8,2, 15
11, 9,2, 15
11, 10,2, 15
11, 11,2, 15
11, 12,2, 15
11, 13,2, 15
11, 14,2, 15
11, 15,2, 15
11, 16,2, 15
11, 17,2, 15
11, 18,2, 15
11, 19,2, 15
11, 20,2, 15
11, 21,2, 15
11, 22,2, 15
11, 23,2, 15
11, 24,2, 15
11, 25,2, 15
11, 26,2, 15
11, 27,2, 15
11, 28,2, 15
11, 29,2, 14
11, 30,2, 15
11, 31,2, 15
11, 32,2, 15
11, 33,2, 15
11, 34,2, 15
11, 35,2, 15
11, 36,2, 15
11, 37,2, 15
11, 38,2, 15
11, 39,2, 15
11, 0,3, 15
11, 1,3, 15
11, 2,3, 15
11, 3,3, 15
11, 4,3, 15
11, 5,3, 15
11, 6,3, 15
11, 7,3, 15
11, 8,3, 15
11, 9,3, 15
11, 10,3, 15
11, 11,3, 15
11, 12,3, 15
11, 13,3, 15
11, 14,3, 15
11, 15,3, 15
11, 16,3, 15
11, 17,3, 15
11, 18,3, 15
11, 19,3, 15
11, 20,3, 15
11, 21,3, 15
11, 22,3, 15
11, 23,3, 15
11, 24,3, 15
11, 25,3, 15
11, 26,3, 15
11, 27,3, 15
11, 28,3, 15
11, 29,3, 15
11, 30,3, 15
11, 31,3, 15
11, 32,3, 15
11, 33,3, 15
11, 34,3, 15
11, 35,3, 15
11, 36,3, 15
11, 37,3, 15
11, 38,3, 15
11, 39,3, 15
11, 0,4, 15
11, 1,4, 15
11, 2,4, 15
11, 3,4, 15
11, 4,4, 15
11, 5,4, 15
11, 6,4, 15
11, 7,4, 15
11, 8,4, 15
11, 9,4, 15
11, 10,4, 15
11, 11,4, 15
11, 12,4, 15
11, 13,4, 15
11, 14,4, 15
11, 15,4, 15
11, 16,4, 15
11, 17,4, 15
11, 18,4, 15
11, 19,4, 15
11, 20,4, 15
11, 21,4, 15
11, 22,4, 15
11, 23,4, 15
11, 24,4, 15
11, 25,4, 15
11, 26,4, 15
11, 27,4, 15
11, 28,4, 15
11, 29,4, 15
11, 30,4, 15
11, 31,4, 15
11, 32,4, 15
11, 33,4, 15
11, 34,4, 15
11, 35,4, 15
11, 36,4, 15
11, 37,4, 15
11, 38,4, 15
11, 39,4, 15
12, 0,0, 15
12, 1,0, 15
12, 2,0, 15
12, 3,0, 15
12, 4,0, 15
12, 5,0, 15
12, 6,0, 15
12, 7,0, 15
12, 8,0, 15
12, 9,0, 15
12, 10,0, 15
12, 11,0, 15
12, 12,0, 15
12, 13,0, 15
12, 14,0, 15
12, 15,0, 15
12, 16,0, 15
12, 17,0, 15
12, 18,0, 15
12, 19,0, 15
12, 20,0, 15
12, 21,0, 15
12, 22,0, 15
12, 23,0, 15
12, 24,0, 15
12, 25,0, 15
12, 26,0, 15
12, 27,0, 15
12, 28,0, 15
12, 29,0, 15
12, 30,0, 15
12, 31,0, 15
12, 32,0, 15
12, 33,0, 15
12, 34,0, 15
12, 35,0, 15
12, 36,0, 15
12, 37,0, 15
12, 38,0, 15
12, 39,0, 15
12, 0,1, 15
12, 1,1, 15
12, 2,1, 15
12, 3,1, 15
12, 4,1, 15
12, 5,1, 15
12, 6,1, 15
12, 7,1, 15
12, 8,1, 15
12, 9,1, 15
12, 10,1, 15
12, 11,1, 15
12, 12,1, 15
12, 13,1, 15
12, 14,1, 15
12, 15,1, 15
12, 16,1, 15
12, 17,1, 15
12, 18,1, 15
12, 19,1, 15
12, 20,1, 15
12, 21,1, 15
12, 22,1, 15
12, 23,1, 15
12, 24,1, 15
12, 25,1, 15
12, 26,1, 15
12, 27,1, 15
12, 28,1, 15
12, 29,1, 15
12, 30,1, 15
12, 31,1, 15
12, 32,1, 15
12, 33,1, 15
12, 34,1, 15
12, 35,1, 15
12, 36,1, 15
12, 37,1, 15
12, 38,1, 15
12, 39,1, 15
12, 0,2, 15
12, 1,2, 15
12, 2,2, 15
12, 3,2, 15
12, 4,2, 15
12, 5,2, 15
12, 6,2, 15
12, 7,2, 15
12, 8,2, 15
12, 9,2, 15
12, 10,2, 15
12, 11,2, 15
12, 12,2, 15
12, 13,2, 15
12, 14,2, 15
12, 15,2, 15
12, 16,2, 15
12, 17,2, 15
12, 18,2, 15
12, 19,2, 15
12, 20,2, 15
12, 21,2, 15
12, 22,2, 15
12, 23,2, 15
12, 24,2, 15
12, 25,2, 15
12, 26,2, 15
12, 27,2, 15
12, 28,2, 15
12, 29,2, 14
12, 30,2, 15
12, 31,2, 15
12, 32,2, 15
12, 33,2, 15
12, 34,2, 15
12, 35,2, 15
12, 36,2, 15
12, 37,2, 15
12, 38,2, 15
12, 39,2, 15
12, 0,3, 15
12, 1,3, 15
12, 2,3, 15
12, 3,3, 15
12, 4,3, 15
12, 5,3, 15
12, 6,3, 15
12, 7,3, 15
12, 8,3, 15
12, 9,3, 15
12, 10,3, 15
12, 11,3, 15
12, 12,3, 15
12, 13,3, 15
12, 14,3, 15
12, 15,3, 15
12, 16,3, 15
12, 17,3, 15
12, 18,3, 15
12, 19,3, 15
12, 20,3, 15
12, 21,3, 15
12, 22,3, 15
12, 23,3, 15
12, 24,3, 15
12, 25,3, 15
12, 26,3, 15
12, 27,3, 15
12, 28,3, 15
12, 29,3, 15
12, 30,3, 15
12, 31,3, 15
12, 32,3, 15
12, 33,3, 15
12, 34,3, 15
12, 35,3, 15
12, 36,3, 15
12, 37,3, 15
12, 38,3, 15
12, 39,3, 15
12, 0,4, 15
12, 1,4, 15
12, 2,4, 15
12, 3,4, 15
12, 4,4, 15
12, 5,4, 15
12, 6,4, 15
12, 7,4, 15
12, 8,4, 15
12, 9,4, 15
12, 10,4, 15
12, 11,4, 15
12, 12,4, 15
12, 13,4, 15
12, 14,4, 15
12, 15,4, 15
12, 16,4, 15
12, 17,4, 15
12, 18,4, 15
12, 19,4, 15
12, 20,4, 15
12, 21,4, 15
12, 22,4, 15
12, 23,4, 15
12, 24,4, 15
12, 25,4, 15
12, 26,4, 15
12, 27,4, 15
12, 28,4, 15
12, 29,4, 15
12, 30,4, 15
12, 31,4, 15
12, 32,4, 15
12, 33,4, 15
12, 34,4, 15
12, 35,4, 15
12, 36,4, 15
12, 37,4, 15
12, 38,4, 15
12, 39,4, 15
13, 0,0, 15
13, 1,0, 15
13, 2,0, 15
13, 3,0, 15
13, 4,0, 15
13, 5,0, 15
13, 6,0, 15
13, 7,0, 15
13, 8,0, 15
13, 9,0, 15
13, 10,0, 15
13, 11,0, 15
13, 12,0, 15
13, 13,0, 15
13, 14,0, 15
13, 15,0, 15
13, 16,0, 15
13, 17,0, 15
13, 18,0, 15
13, 19,0, 15
13, 20,0, 15
13, 21,0, 15
13, 22,0, 15
13, 23,0, 15
13, 24,0, 15
13, 25,0, 15
13, 26,0, 15
13, 27,0, 15
13, 28,0, 15
13, 29,0, 15
13, 30,0, 15
13, 31,0, 15
13, 32,0, 15
13, 33,0, 15
13, 34,0, 15
13, 35,0, 15
13, 36,0, 15
13, 37,0, 15
13, 38,0, 15
13, 39,0, 15
13, 0,1, 15
13, 1,1, 15
13, 2,1, 15
13, 3,1, 15
13, 4,1, 15
13, 5,1, 15
13, 6,1, 15
13, 7,1, 15
13, 8,1, 15
13, 9,1, 15
13, 10,1, 15
13, 11,1, 15
13, 12,1, 15
13, 13,1, 15
13, 14,1, 15
13, 15,1, 15
13, 16,1, 15
13, 17,1, 15
13, 18,1, 15
13, 19,1, 15
13, 20,1, 15
13, 21,1, 15
13, 22,1, 15
13, 23,1, 15
13, 24,1, 15
13, 25,1, 15
13, 26,1, 15
13, 27,1, 15
13, 28,1, 15
13, 29,1, 15
13, 30,1, 15
13, 31,1, 15
13, 32,1, 15
13, 33,1, 15
13, 34,1, 15
13, 35,1, 15
13, 36,1, 15
13, 37,1, 15
13, 38,1, 15
13, 39,1, 15
13, 0,2, 15
13, 1,2, 15
13, 2,2, 15
13, 3,2, 15
13, 4,2, 15
13, 5,2, 15
13, 6,2, 15
13, 7,2, 15
13, 8,2, 15
13, 9,2, 15
13, 10,2, 15
13, 11,2, 15
13, 12,2, 15
13, 13,2, 15
13, 14,2, 15
13, 15,2, 15
13, 16,2, 15
13, 17,2, 15
13, 18,2, 15
13, 19,2, 15
13, 20,2, 15
13, 21,2, 15
13, 22,2, 15
13, 23,2, 15
13, 24,2, 15
13, 25,2, 15
13, 26,2, 15
13, 27,2, 15
13, 28,2, 15
13, 29,2, 14
13, 30,2, 15
13, 31,2, 15
13, 32,2, 15
13, 33,2, 15
13, 34,2, 15
13, 35,2, 15
13, 36,2, 15
13, 37,2, 15
13, 38,2, 15
13, 39,2, 15
13, 0,3, 15
13, 1,3, 15
13, 2,3, 15
13, 3,3, 15
13, 4,3, 15
13, 5,3, 15
13, 6,3, 15
13, 7,3, 15
13, 8,3, 15
13, 9,3, 15
13, 10,3, 15
13, 11,3, 15
13, 12,3, 15
13, 13,3, 15
13, 14,3, 15
13, 15,3, 15
13, 16,3, 15
13, 17,3, 15
13, 18,3, 15
13, 19,3, 15
13, 20,3, 15
13, 21,3, 15
13, 22,3, 15
13, 23,3, 15
13, 24,3, 15
13, 25,3, 15
13, 26,3, 15
13, 27,3, 15
13, 28,3, 15
13, 29,3, 15
13, 30,3, 15
13, 31,3, 15
13, 32,3, 15
13, 33,3, 15
13, 34,3, 15
13, 35,3, 15
13, 36,3, 15
13, 37,3, 15
13, 38,3, 15
13, 39,3, 15
13, 0,4, 15
13, 1,4, 15
13, 2,4, 15
13, 3,4, 15
13, 4,4, 15
13, 5,4, 15
13, 6,4, 15
13, 7,4, 15
13, 8,4, 15
13, 9,4, 15
13, 10,4, 15
13, 11,4, 15
13, 12,4, 15
13, 13,4, 15
13, 14,4, 15
13, 15,4, 15
13, 16,4, 15
13, 17,4, 15
13, 18,4, 15
13, 19,4, 15
13, 20,4, 15
13, 21,4, 15
13, 22,4, 15
13, 23,4, 15
13, 24,4, 15
13, 25,4, 15
13, 26,4, 15
13, 27,4, 15
13, 28,4, 15
13, 29,4, 15
13, 30,4, 15
13, 31,4, 15
13, 32,4, 15
13, 33,4, 15
13, 34,4, 15
13, 35,4, 15
13, 36,4, 15
13, 37,4, 15
13, 38,4, 15
13, 39,4, 15
14, 0,0, 15
14, 1,0, 15
14, 2,0, 15
14, 3,0, 15
14, 4,0, 15
14, 5,0, 15
14, 6,0, 15
14, 7,0, 15
14, 8,0, 15
14, 9,0, 15
14, 10,0, 15
14, 11,0, 15
14, 12,0, 15
14, 13,0, 15
14, 14,0, 15
14, 15,0, 15
14, 16,0, 15
14, 17,0, 15
14, 18,0, 15
14, 19,0, 15
14, 20,0, 15
14, 21,0, 15
14, 22,0, 15
14, 23,0, 15
14, 24,0, 15
14, 25,0, 15
14, 26,0, 15
14, 27,0, 15
14, 28,0, 15
14, 29,0, 15
14, 30,0, 15
14, 31,0, 15
14, 32,0, 15
14, 33,0, 15
14, 34,0, 15
14, 35,0, 15
14, 36,0, 15
14, 37,0, 15
14, 38,0, 15
14, 39,0, 15
14, 0,1, 15
14, 1,1, 15
14, 2,1, 15
14, 3,1, 15
14, 4,1, 15
14, 5,1, 15
14, 6,1, 15
14, 7,1, 15
14, 8,1, 15
14, 9,1, 15
14, 10,1, 15
14, 11,1, 15
14, 12,1, 15
14, 13,1, 15
14, 14,1, 15
14, 15,1, 15
14, 16,1, 15
14, 17,1, 15
14, 18,1, 15
14, 19,1, 15
14, 20,1, 15
14, 21,1, 15
14, 22,1, 15
14, 23,1, 15
14, 24,1, 15
14, 25,1, 15
14, 26,1, 15
14, 27,1, 15
14, 28,1, 15
14, 29,1, 15
14, 30,1, 15
14, 31,1, 15
14, 32,1, 15
14, 33,1, 15
14, 34,1, 15
14, 35,1, 15
14, 36,1, 15
14, 37,1, 15
14, 38,1, 15
14, 39,1, 15
14, 0,2, 15
14, 1,2, 15
14, 2,2, 15
14, 3,2, 15
14, 4,2, 15
14, 5,2, 15
14, 6,2, 15
14, 7,2, 15
14, 8,2, 15
14, 9,2, 15
14, 10,2, 15
14, 11,2, 15
14, 12,2, 15
14, 13,2, 15
14, 14,2, 15
14, 15,2, 15
14, 16,2, 15
14, 17,2, 15
14, 18,2, 15
14, 19,2, 15
14, 20,2, 15
14, 21,2, 15
14, 22,2, 15
14, 23,2, 15
14, 24,2, 15
14, 25,2, 15
14, 26,2, 15
14, 27,2, 15
14, 28,2, 15
14, 29,2, 14
14, 30,2, 15
14, 31,2, 15
14, 32,2, 15
14, 33,2, 15
14, 34,2, 15
14, 35,2, 15
14, 36,2, 15
14, 37,2, 15
14, 38,2, 15
14, 39,2, 15
14, 0,3, 15
14, 1,3, 15
14, 2,3, 15
14, 3,3, 15
14, 4,3, 15
14, 5,3, 15
14, 6,3, 15
14, 7,3, 15
14, 8,3, 15
14, 9,3, 15
14, 10,3, 15
14, 11,3, 15
14, 12,3, 15
14, 13,3, 15
14, 14,3, 15
14, 15,3, 15
14, 16,3, 15
14, 17,3, 15
14, 18,3, 15
14, 19,3, 15
14, 20,3, 15
14, 21,3, 15
14, 22,3, 15
14, 23,3, 15
14, 24,3, 15
14, 25,3, 15
14, 26,3, 15
14, 27,3, 15
14, 28,3, 15
14, 29,3, 15
14, 30,3, 15
14, 31,3, 15
14, 32,3, 15
14, 33,3, 15
14, 34,3, 15
14, 35,3, 15
14, 36,3, 15
14, 37,3, 15
14, 38,3, 15
14, 39,3, 15
14, 0,4, 15
14, 1,4, 15
14, 2,4, 15
14, 3,4, 15
14, 4,4, 15
14, 5,4, 15
14, 6,4, 15
14, 7,4, 15
14, 8,4, 15
14, 9,4, 15
14, 10,4, 15
14, 11,4, 15
14, 12,4, 15
14, 13,4, 15
14, 14,4, 15
14, 15,4, 15
14, 16,4, 15
14, 17,4, 15
14, 18,4, 15
14, 19,4, 15
14, 20,4, 15
14, 21,4, 15
14, 22,4, 15
14, 23,4, 15
14, 24,4, 15
14, 25,4, 15
14, 26,4, 15
14, 27,4, 15
14, 28,4, 15
14, 29,4, 15
14, 30,4, 15
14, 31,4, 15
14, 32,4, 15
14, 33,4, 15
14, 34,4, 15
14, 35,4, 15
14, 36,4, 15
14, 37,4, 15
14, 38,4, 15
14, 39,4, 15
15, 0,0, 15
15, 1,0, 15
15, 2,0, 15
15, 3,0, 15
15, 4,0, 15
15, 5,0, 15
15, 6,0, 15
15, 7,0, 15
15, 8,0, 15
15, 9,0, 15
15, 10,0, 15
15, 11,0, 15
15, 12,0, 15
15, 13,0, 15
15, 14,0, 15
15, 15,0, 15
15, 16,0, 15
15, 17,0, 15
15, 18,0, 15
15, 19,0, 15
15, 20,0, 15
15, 21,0, 15
15, 22,0, 15
15, 23,0, 15
15, 24,0, 15
15, 25,0, 15
15, 26,0, 15
15, 27,0, 15
15, 28,0, 15
15, 29,0, 15
15, 30,0, 15
15, 31,0, 15
15, 32,0, 15
15, 33,0, 15
15, 34,0, 15
15, 35,0, 15
15, 36,0, 15
15, 37,0, 15
15, 38,0, 15
15, 39,0, 15
15, 0,1, 15
15, 1,1, 15
15, 2,1, 15
15, 3,1, 15
15, 4,1, 15
15, 5,1, 15
15, 6,1, 15
15, 7,1, 15
15, 8,1, 15
15, 9,1, 15
15, 10,1, 15
15, 11,1, 15
15, 12,1, 15
15, 13,1, 15
15, 14,1, 15
15, 15,1, 15
15, 16,1, 15
15, 17,1, 15
15, 18,1, 15
15, 19,1, 15
15, 20,1, 15
15, 21,1, 15
15, 22,1, 15
15, 23,1, 15
15, 24,1, 15
15, 25,1, 15
15, 26,1, 15
15, 27,1, 15
15, 28,1, 15
15, 29,1, 15
15, 30,1, 15
15, 31,1, 15
15, 32,1, 15
15, 33,1, 15
15, 34,1, 15
15, 35,1, 15
15, 36,1, 15
15, 37,1, 15
15, 38,1, 15
15, 39,1, 15
15, 0,2, 15
15, 1,2, 15
15, 2,2, 15
15, 3,2, 15
15, 4,2, 15
15, 5,2, 15
15, 6,2, 15
15, 7,2, 15
15, 8,2, 15
15, 9,2, 15
15, 10,2, 15
15, 11,2, 15
15, 12,2, 15
15, 13,2, 15
15, 14,2, 15
15, 15,2, 15
15, 16,2, 15
15, 17,2, 15
15, 18,2, 15
15, 19,2, 15
15, 20,2, 15
15, 21,2, 15
15, 22,2, 15
15, 23,2, 15
15, 24,2, 15
15, 25,2, 15
15, 26,2, 15
15, 27,2, 15
15, 28,2, 15
15, 29,2, 14
15, 30,2, 15
15, 31,2, 15
15, 32,2, 15
15, 33,2, 15
15, 34,2, 15
15, 35,2, 15
15, 36,2, 15
15, 37,2, 15
15, 38,2, 15
15, 39,2, 15
15, 0,3, 15
15, 1,3, 15
15, 2,3, 15
15, 3,3, 15
15, 4,3, 15
15, 5,3, 15
15, 6,3, 15
15, 7,3, 15
15, 8,3, 15
15, 9,3, 15
15, 10,3, 15
15, 11,3, 15
15, 12,3, 15
15, 13,3, 15
15, 14,3, 15
15, 15,3, 15
15, 16,3, 15
15, 17,3, 15
15, 18,3, 15
15, 19,3, 15
15, 20,3, 15
15, 21,3, 15
15, 22,3, 15
15, 23,3, 15
15, 24,3, 15
15, 25,3, 15
15, 26,3, 15
15, 27,3, 15
15, 28,3, 15
15, 29,3, 15
15, 30,3, 15
15, 31,3, 15
15, 32,3, 15
15, 33,3, 15
15, 34,3, 15
15, 35,3, 15
15, 36,3, 15
15, 37,3, 15
15, 38,3, 15
15, 39,3, 15
15, 0,4, 15
15, 1,4, 15
15, 2,4, 15
15, 3,4, 15
15, 4,4, 15
15, 5,4, 15
15, 6,4, 15
15, 7,4, 15
15, 8,4, 15
15, 9,4, 15
15, 10,4, 15
15, 11,4, 15
15, 12,4, 15
15, 13,4, 15
15, 14,4, 15
15, 15,4, 15
15, 16,4, 15
15, 17,4, 15
15, 18,4, 15
15, 19,4, 15
15, 20,4, 15
15, 21,4, 15
15, 22,4, 15
15, 23,4, 15
15, 24,4, 15
15, 25,4, 15
15, 26,4, 15
15, 27,4, 15
15, 28,4, 15
15, 29,4, 15
15, 30,4, 15
15, 31,4, 15
15, 32,4, 15
15, 33,4, 15
15, 34,4, 15
15, 35,4, 15
15, 36,4, 15
15, 37,4, 15
15, 38,4, 15
15, 39,4, 15
16, 0,0, 15
16, 1,0, 15
16, 2,0, 15
16, 3,0, 15
16, 4,0, 15
16, 5,0, 15
16, 6,0, 15
16, 7,0, 15
16, 8,0, 15
16, 9,0, 15
16, 10,0, 15
16, 11,0, 15
16, 12,0, 15
16, 13,0, 15
16, 14,0, 15
16, 15,0, 15
16, 16,0, 15
16, 17,0, 15
16, 18,0, 15
16, 19,0, 15
16, 20,0, 15
16, 21,0, 15
16, 22,0, 15
16, 23,0, 15
16, 24,0, 15
16, 25,0, 15
16, 26,0, 15
16, 27,0, 15
16, 28,0, 15
16, 29,0, 15
16, 30,0, 15
16, 31,0, 15
16, 32,0, 15
16, 33,0, 15
16, 34,0, 15
16, 35,0, 15
16, 36,0, 15
16, 37,0, 15
16, 38,0, 15
16, 39,0, 15
16, 0,1, 15
16, 1,1, 15
16, 2,1, 15
16, 3,1, 15
16, 4,1, 15
16, 5,1, 15
16, 6,1, 15
16, 7,1, 15
16, 8,1, 15
16, 9,1, 15
16, 10,1, 15
16, 11,1, 15
16, 12,1, 15
16, 13,1, 15
16, 14,1, 15
16, 15,1, 15
16, 16,1, 15
16, 17,1, 15
16, 18,1, 15
16, 19,1, 15
16, 20,1, 15
16, 21,1, 15
16, 22,1, 15
16, 23,1, 15
16, 24,1, 15
16, 25,1, 15
16, 26,1, 15
16, 27,1, 15
16, 28,1, 15
16, 29,1, 15
16, 30,1, 15
16, 31,1, 15
16, 32,1, 15
16, 33,1, 15
16, 34,1, 15
16, 35,1, 15
16, 36,1, 15
16, 37,1, 15
16, 38,1, 15
16, 39,1, 15
16, 0,2, 15
16, 1,2, 15
16, 2,2, 15
16, 3,2, 15
16, 4,2, 15
16, 5,2, 15
16, 6,2, 15
16, 7,2, 15
16, 8,2, 15
16, 9,2, 15
16, 10,2, 15
16, 11,2, 15
16, 12,2, 15
16, 13,2, 15
16, 14,2, 15
16, 15,2, 15
16, 16,2, 15
16, 17,2, 15
16, 18,2, 15
16, 19,2, 15
16, 20,2, 15
16, 21,2, 15
16, 22,2, 15
16, 23,2, 15
16, 24,2, 15
16, 25,2, 15
16, 26,2, 15
16, 27,2, 15
16, 28,2, 15
16, 29,2, 15
16, 30,2, 15
16, 31,2, 15
16, 32,2, 15
16, 33,2, 15
16, 34,2, 15
16, 35,2, 15
16, 36,2, 15
16, 37,2, 15
16, 38,2, 15
16, 39,2, 15
16, 0,3, 15
16, 1,3, 15
16, 2,3, 15
16, 3,3, 15
16, 4,3, 15
16, 5,3, 15
16, 6,3, 15
16, 7,3, 15
16, 8,3, 15
16, 9,3, 15
16, 10,3, 15
16, 11,3, 15
16, 12,3, 15
16, 13,3, 15
16, 14,3, 15
16, 15,3, 15
16, 16,3, 15
16, 17,3, 15
16, 18,3, 15
16, 19,3, 15
16, 20,3, 15
16, 21,3, 15
16, 22,3, 15
16, 23,3, 15
16, 24,3, 15
16, 25,3, 15
16, 26,3, 15
16, 27,3, 15
16, 28,3, 15
16, 29,3, 15
16, 30,3, 15
16, 31,3, 15
16, 32,3, 15
16, 33,3, 15
16, 34,3, 15
16, 35,3, 15
16, 36,3, 15
16, 37,3, 15
16, 38,3, 15
16, 39,3, 15
16, 0,4, 15
16, 1,4, 15
16, 2,4, 15
16, 3,4, 15
16, 4,4, 15
16, 5,4, 15
16, 6,4, 15
16, 7,4, 15
16, 8,4, 15
16, 9,4, 15
16, 10,4, 15
16, 11,4, 15
16, 12,4, 15
16, 13,4, 15
16, 14,4, 15
16, 15,4, 15
16, 16,4, 15
16, 17,4, 15
16, 18,4, 15
16, 19,4, 15
16, 20,4, 15
16, 21,4, 15
16, 22,4, 15
16, 23,4, 15
16, 24,4, 15
16, 25,4, 15
16, 26,4, 15
16, 27,4, 15
16, 28,4, 15
16, 29,4, 15
16, 30,4, 15
16, 31,4, 15
16, 32,4, 15
16, 33,4, 15
16, 34,4, 15
16, 35,4, 15
16, 36,4, 15
16, 37,4, 15
16, 38,4, 15
16, 39,4, 15
17, 0,0, 15
17, 1,0, 15
17, 2,0, 15
17, 3,0, 15
17, 4,0, 15
17, 5,0, 15
17, 6,0, 15
17, 7,0, 15
17, 8,0, 15
17, 9,0, 15
17, 10,0, 15
17, 11,0, 15
17, 12,0, 15
17, 13,0, 15
17, 14,0, 15
17, 15,0, 15
17, 16,0, 15
17, 17,0, 15
17, 18,0, 15
17, 19,0, 15
17, 20,0, 15
17, 21,0, 15
17, 22,0, 15
17, 23,0, 15
17, 24,0, 15
17, 25,0, 15
17, 26,0, 15
17, 27,0, 15
17, 28,0, 15
17, 29,0, 15
17, 30,0, 15
17, 31,0, 15
17, 32,0, 15
17, 33,0, 15
17, 34,0, 15
17, 35,0, 15
17, 36,0, 15
17, 37,0, 15
17, 38,0, 15
17, 39,0, 15
17, 0,1, 15
17, 1,1, 15
17, 2,1, 15
17, 3,1, 15
17, 4,1, 15
17, 5,1, 15
17, 6,1, 15
17, 7,1, 15
17, 8,1, 15
17, 9,1, 15
17, 10,1, 15
17, 11,1, 15
17, 12,1, 15
17, 13,1, 15
17, 14,1, 15
17, 15,1, 15
17, 16,1, 15
17, 17,1, 15
17, 18,1, 15
17, 19,1, 15
17, 20,1, 15
17, 21,1, 15
17, 22,1, 15
17, 23,1, 15
17, 24,1, 15
17, 25,1, 15
17, 26,1, 15
17, 27,1, 15
17, 28,1, 15
17, 29,1, 15
17, 30,1, 15
17, 31,1, 15
17, 32,1, 15
17, 33,1, 15
17, 34,1, 15
17, 35,1, 15
17, 36,1, 15
17, 37,1, 15
17, 38,1, 15
17, 39,1, 15
17, 0,2, 15
17, 1,2, 15
17, 2,2, 15
17, 3,2, 15
17, 4,2, 15
17, 5,2, 15
17, 6,2, 15
17, 7,2, 15
17, 8,2, 15
17, 9,2, 15
17, 10,2, 15
17, 11,2, 15
17, 12,2, 15
17, 13,2, 15
17, 14,2, 15
17, 15,2, 15
17, 16,2, 15
17, 17,2, 15
17, 18,2, 15
17, 19,2, 15
17, 20,2, 15
17, 21,2, 15
17, 22,2, 15
17, 23,2, 15
17, 24,2, 15
17, 25,2, 15
17, 26,2, 15
17, 27,2, 15
17, 28,2, 15
17, 29,2, 15
17, 30,2, 15
17, 31,2, 15
17, 32,2, 15
17, 33,2, 15
17, 34,2, 15
17, 35,2, 15
17, 36,2, 15
17, 37,2, 15
17, 38,2, 15
17, 39,2, 15
17, 0,3, 15
17, 1,3, 15
17, 2,3, 15
17, 3,3, 15
17, 4,3, 15
17, 5,3, 15
17, 6,3, 15
17, 7,3, 15
17, 8,3, 15
17, 9,3, 15
17, 10,3, 15
17, 11,3, 15
17, 12,3, 15
17, 13,3, 15
17, 14,3, 15
17, 15,3, 15
17, 16,3, 15
17, 17,3, 15
17, 18,3, 15
17, 19,3, 15
17, 20,3, 15
17, 21,3, 15
17, 22,3, 15
17, 23,3, 15
17, 24,3, 15
17, 25,3, 15
17, 26,3, 15
17, 27,3, 15
17, 28,3, 15
17, 29,3, 15
17, 30,3, 15
17, 31,3, 15
17, 32,3, 15
17, 33,3, 15
17, 34,3, 15
17, 35,3, 15
17, 36,3, 15
17, 37,3, 15
17, 38,3, 15
17, 39,3, 15
17, 0,4, 15
17, 1,4, 15
17, 2,4, 15
17, 3,4, 15
17, 4,4, 15
17, 5,4, 15
17, 6,4, 15
17, 7,4, 15
17, 8,4, 15
17, 9,4, 15
17, 10,4, 15
17, 11,4, 15
17, 12,4, 15
17, 13,4, 15
17, 14,4, 15
17, 15,4, 15
17, 16,4, 15
17, 17,4, 15
17, 18,4, 15
17, 19,4, 15
17, 20,4, 15
17, 21,4, 15
17, 22,4, 15
17, 23,4, 15
17, 24,4, 15
17, 25,4, 15
17, 26,4, 15
17, 27,4, 15
17, 28,4, 15
17, 29,4, 15
17, 30,4, 15
17, 31,4, 15
17, 32,4, 15
17, 33,4, 15
17, 34,4, 15
17, 35,4, 15
17, 36,4, 15
17, 37,4, 15
17, 38,4, 15
17, 39,4, 15
18, 0,0, 15
18, 1,0, 15
18, 2,0, 15
18, 3,0, 15
18, 4,0, 15
18, 5,0, 15
18, 6,0, 15
18, 7,0, 15
18, 8,0, 15
18, 9,0, 15
18, 10,0, 15
18, 11,0, 15
18, 12,0, 15
18, 13,0, 15
18, 14,0, 15
18, 15,0, 15
18, 16,0, 15
18, 17,0, 15
18, 18,0, 15
18, 19,0, 15
18, 20,0, 15
18, 21,0, 15
18, 22,0, 15
18, 23,0, 15
18, 24,0, 15
18, 25,0, 15
18, 26,0, 15
18, 27,0, 15
18, 28,0, 15
18, 29,0, 15
18, 30,0, 15
18, 31,0, 15
18, 32,0, 15
18, 33,0, 15
18, 34,0, 15
18, 35,0, 15
18, 36,0, 15
18, 37,0, 15
18, 38,0, 15
18, 39,0, 15
18, 0,1, 15
18, 1,1, 15
18, 2,1, 15
18, 3,1, 15
18, 4,1, 15
18, 5,1, 15
18, 6,1, 15
18, 7,1, 15
18, 8,1, 15
18, 9,1, 15
18, 10,1, 15
18, 11,1, 15
18, 12,1, 15
18, 13,1, 15
18, 14,1, 15
18, 15,1, 15
18, 16,1, 15
18, 17,1, 15
18, 18,1, 15
18, 19,1, 15
18, 20,1, 15
18, 21,1, 15
18, 22,1, 15
18, 23,1, 15
18, 24,1, 15
18, 25,1, 15
18, 26,1, 15
18, 27,1, 15
18, 28,1, 15
18, 29,1, 15
18, 30,1, 15
18, 31,1, 15
18, 32,1, 15
18, 33,1, 15
18, 34,1, 15
18, 35,1, 15
18, 36,1, 15
18, 37,1, 15
18, 38,1, 15
18, 39,1, 15
18, 0,2, 15
18, 1,2, 15
18, 2,2, 15
18, 3,2, 15
18, 4,2, 15
18, 5,2, 15
18, 6,2, 15
18, 7,2, 15
18, 8,2, 15
18, 9,2, 15
18, 10,2, 15
18, 11,2, 15
18, 12,2, 15
18, 13,2, 15
18, 14,2, 15
18, 15,2, 15
18, 16,2, 15
18, 17,2, 15
18, 18,2, 15
18, 19,2, 15
18, 20,2, 15
18, 21,2, 15
18, 22,2, 15
18, 23,2, 15
18, 24,2, 15
18, 25,2, 15
18, 26,2, 15
18, 27,2, 15
18, 28,2, 15
18, 29,2, 15
18, 30,2, 15
18, 31,2, 15
18, 32,2, 15
18, 33,2, 15
18, 34,2, 15
18, 35,2, 15
18, 36,2, 15
18, 37,2, 15
18, 38,2, 15
18, 39,2, 15
18, 0,3, 15
18, 1,3, 15
18, 2,3, 15
18, 3,3, 15
18, 4,3, 15
18, 5,3, 15
18, 6,3, 15
18, 7,3, 15
18, 8,3, 15
18, 9,3, 15
18, 10,3, 15
18, 11,3, 15
18, 12,3, 15
18, 13,3, 15
18, 14,3, 15
18, 15,3, 15
18, 16,3, 15
18, 17,3, 15
18, 18,3, 15
18, 19,3, 15
18, 20,3, 15
18, 21,3, 15
18, 22,3, 15
18, 23,3, 15
18, 24,3, 15
18, 25,3, 15
18, 26,3, 15
18, 27,3, 15
18, 28,3, 15
18, 29,3, 15
18, 30,3, 15
18, 31,3, 15
18, 32,3, 15
18, 33,3, 15
18, 34,3, 15
18, 35,3, 15
18, 36,3, 15
18, 37,3, 15
18, 38,3, 15
18, 39,3, 15
18, 0,4, 15
18, 1,4, 15
18, 2,4, 15
18, 3,4, 15
18, 4,4, 15
18, 5,4, 15
18, 6,4, 15
18, 7,4, 15
18, 8,4, 15
18, 9,4, 15
18, 10,4, 15
18, 11,4, 15
18, 12,4, 15
18, 13,4, 15
18, 14,4, 15
18, 15,4, 15
18, 16,4, 15
18, 17,4, 15
18, 18,4, 15
18, 19,4, 15
18, 20,4, 15
18, 21,4, 15
18, 22,4, 15
18, 23,4, 15
18, 24,4, 15
18, 25,4, 15
18, 26,4, 15
18, 27,4, 15
18, 28,4, 15
18, 29,4, 15
18, 30,4, 15
18, 31,4, 15
18, 32,4, 15
18, 33,4, 15
18, 34,4, 15
18, 35,4, 15
18, 36,4, 15
18, 37,4, 15
18, 38,4, 15
18, 39,4, 15
19, 0,0, 15
19, 1,0, 15
19, 2,0, 15
19, 3,0, 15
19, 4,0, 15
19, 5,0, 15
19, 6,0, 15
19, 7,0, 15
19, 8,0, 15
19, 9,0, 15
19, 10,0, 15
19, 11,0, 15
19, 12,0, 15
19, 13,0, 15
19, 14,0, 15
19, 15,0, 15
19, 16,0, 15
19, 17,0, 15
19, 18,0, 15
19, 19,0, 15
19, 20,0, 15
19, 21,0, 15
19, 22,0, 15
19, 23,0, 15
19, 24,0, 15
19, 25,0, 15
19, 26,0, 15
19, 27,0, 15
19, 28,0, 15
19, 29,0, 15
19, 30,0, 15
19, 31,0, 15
19, 32,0, 15
19, 33,0, 15
19, 34,0, 15
19, 35,0, 15
19, 36,0, 15
19, 37,0, 15
19, 38,0, 15
19, 39,0, 15
19, 0,1, 15
19, 1,1, 15
19, 2,1, 15
19, 3,1, 15
19, 4,1, 15
19, 5,1, 15
19, 6,1, 15
19, 7,1, 15
19, 8,1, 15
19, 9,1, 15
19, 10,1, 15
19, 11,1, 15
19, 12,1, 15
19, 13,1, 15
19, 14,1, 15
19, 15,1, 15
19, 16,1, 15
19, 17,1, 15
19, 18,1, 15
19, 19,1, 15
19, 20,1, 15
19, 21,1, 15
19, 22,1, 15
19, 23,1, 15
19, 24,1, 15
19, 25,1, 15
19, 26,1, 15
19, 27,1, 15
19, 28,1, 15
19, 29,1, 15
19, 30,1, 15
19, 31,1, 15
19, 32,1, 15
19, 33,1, 15
19, 34,1, 15
19, 35,1, 15
19, 36,1, 15
19, 37,1, 15
19, 38,1, 15
19, 39,1, 15
19, 0,2, 15
19, 1,2, 15
19, 2,2, 15
19, 3,2, 15
19, 4,2, 15
19, 5,2, 15
19, 6,2, 15
19, 7,2, 15
19, 8,2, 15
19, 9,2, 15
19, 10,2, 15
19, 11,2, 15
19, 12,2, 15
19, 13,2, 15
19, 14,2, 15
19, 15,2, 15
19, 16,2, 15
19, 17,2, 15
19, 18,2, 15
19, 19,2, 15
19, 20,2, 15
19, 21,2, 15
19, 22,2, 15
19, 23,2, 15
19, 24,2, 15
19, 25,2, 15
19, 26,2, 15
19, 27,2, 15
19, 28,2, 15
19, 29,2, 15
19, 30,2, 15
19, 31,2, 15
19, 32,2, 15
19, 33,2, 15
19, 34,2, 15
19, 35,2, 15
19, 36,2, 15
19, 37,2, 15
19, 38,2, 15
19, 39,2, 15
19, 0,3, 15
19, 1,3, 15
19, 2,3, 15
19, 3,3, 15
19, 4,3, 15
19, 5,3, 15
19, 6,3, 15
19, 7,3, 15
19, 8,3, 15
19, 9,3, 15
19, 10,3, 15
19, 11,3, 15
19, 12,3, 15
19, 13,3, 15
19, 14,3, 15
19, 15,3, 15
19, 16,3, 15
19, 17,3, 15
19, 18,3, 15
19, 19,3, 15
19, 20,3, 15
19, 21,3, 15
19, 22,3, 15
19, 23,3, 15
19, 24,3, 15
19, 25,3, 15
19, 26,3, 15
19, 27,3, 15
19, 28,3, 15
19, 29,3, 15
19, 30,3, 15
19, 31,3, 15
19, 32,3, 15
19, 33,3, 15
19, 34,3, 15
19, 35,3, 15
19, 36,3, 15
19, 37,3, 15
19, 38,3, 15
19, 39,3, 15
19, 0,4, 15
19, 1,4, 15
19, 2,4, 15
19, 3,4, 15
19, 4,4, 15
19, 5,4, 15
19, 6,4, 15
19, 7,4, 15
19, 8,4, 15
19, 9,4, 15
19, 10,4, 15
19, 11,4, 15
19, 12,4, 15
19, 13,4, 15
19, 14,4, 15
19, 15,4, 15
19, 16,4, 15
19, 17,4, 15
19, 18,4, 15
19, 19,4, 15
19, 20,4, 15
19, 21,4, 15
19, 22,4, 15
19, 23,4, 15
19, 24,4, 15
19, 25,4, 15
19, 26,4, 15
19, 27,4, 15
19, 28,4, 15
19, 29,4, 15
19, 30,4, 15
19, 31,4, 15
19, 32,4, 15
19, 33,4, 15
19, 34,4, 15
19, 35,4, 15
19, 36,4, 15
19, 37,4, 15
19, 38,4, 15
19, 39,4, 15
20, 0,0, 15
20, 1,0, 15
20, 2,0, 15
20, 3,0, 15
20, 4,0, 15
20, 5,0, 15
20, 6,0, 15
20, 7,0, 15
20, 8,0, 15
20, 9,0, 15
20, 10,0, 15
20, 11,0, 15
20, 12,0, 15
20, 13,0, 15
20, 14,0, 15
20, 15,0, 15
20, 16,0, 15
20, 17,0, 15
20, 18,0, 15
20, 19,0, 15
20, 20,0, 15
20, 21,0, 15
20, 22,0, 15
20, 23,0, 15
20, 24,0, 15
20, 25,0, 15
20, 26,0, 15
20, 27,0, 15
20, 28,0, 15
20, 29,0, 15
20, 30,0, 15
20, 31,0, 15
20, 32,0, 15
20, 33,0, 15
20, 34,0, 15
20, 35,0, 15
20, 36,0, 15
20, 37,0, 15
20, 38,0, 15
20, 39,0, 15
20, 0,1, 15
20, 1,1, 15
20, 2,1, 15
20, 3,1, 15
20, 4,1, 15
20, 5,1, 15
20, 6,1, 15
20, 7,1, 15
20, 8,1, 15
20, 9,1, 15
20, 10,1, 15
20, 11,1, 15
20, 12,1, 15
20, 13,1, 15
20, 14,1, 15
20, 15,1, 15
20, 16,1, 15
20, 17,1, 15
20, 18,1, 15
20, 19,1, 15
20, 20,1, 15
20, 21,1, 15
20, 22,1, 15
20, 23,1, 15
20, 24,1, 15
20, 25,1, 15
20, 26,1, 15
20, 27,1, 15
20, 28,1, 15
20, 29,1, 15
20, 30,1, 15
20, 31,1, 15
20, 32,1, 15
20, 33,1, 15
20, 34,1, 15
20, 35,1, 15
20, 36,1, 15
20, 37,1, 15
20, 38,1, 15
20, 39,1, 15
20, 0,2, 15
20, 1,2, 15
20, 2,2, 15
20, 3,2, 15
20, 4,2, 15
20, 5,2, 15
20, 6,2, 15
20, 7,2, 15
20, 8,2, 15
20, 9,2, 15
20, 10,2, 15
20, 11,2, 15
20, 12,2, 15
20, 13,2, 15
20, 14,2, 15
20, 15,2, 15
20, 16,2, 15
20, 17,2, 15
20, 18,2, 15
20, 19,2, 15
20, 20,2, 15
20, 21,2, 15
20, 22,2, 15
20, 23,2, 15
20, 24,2, 15
20, 25,2, 15
20, 26,2, 15
20, 27,2, 15
20, 28,2, 15
20, 29,2, 15
20, 30,2, 15
20, 31,2, 15
20, 32,2, 15
20, 33,2, 15
20, 34,2, 15
20, 35,2, 15
20, 36,2, 15
20, 37,2, 15
20, 38,2, 15
20, 39,2, 15
20, 0,3, 15
20, 1,3, 15
20, 2,3, 15
20, 3,3, 15
20, 4,3, 15
20, 5,3, 15
20, 6,3, 15
20, 7,3, 15
20, 8,3, 15
20, 9,3, 15
20, 10,3, 15
20, 11,3, 15
20, 12,3, 15
20, 13,3, 15
20, 14,3, 15
20, 15,3, 15
20, 16,3, 15
20, 17,3, 15
20, 18,3, 15
20, 19,3, 15
20, 20,3, 15
20, 21,3, 15
20, 22,3, 15
20, 23,3, 15
20, 24,3, 15
20, 25,3, 15
20, 26,3, 15
20, 27,3, 15
20, 28,3, 15
20, 29,3, 15
20, 30,3, 15
20, 31,3, 15
20, 32,3, 15
20, 33,3, 15
20, 34,3, 15
20, 35,3, 15
20, 36,3, 15
20, 37,3, 15
20, 38,3, 15
20, 39,3, 15
20, 0,4, 15
20, 1,4, 15
20, 2,4, 15
20, 3,4, 15
20, 4,4, 15
20, 5,4, 15
20, 6,4, 15
20, 7,4, 15
20, 8,4, 15
20, 9,4, 15
20, 10,4, 15
20, 11,4, 15
20, 12,4, 15
20, 13,4, 15
20, 14,4, 15
20, 15,4, 15
20, 16,4, 15
20, 17,4, 15
20, 18,4, 15
20, 19,4, 15
20, 20,4, 15
20, 21,4, 15
20, 22,4, 15
20, 23,4, 15
20, 24,4, 15
20, 25,4, 15
20, 26,4, 15
20, 27,4, 15
20, 28,4, 15
20, 29,4, 15
20, 30,4, 15
20, 31,4, 15
20, 32,4, 15
20, 33,4, 15
20, 34,4, 15
20, 35,4, 15
20, 36,4, 15
20, 37,4, 15
20, 38,4, 15
20, 39,4, 15
21, 0,0, 15
21, 1,0, 15
21, 2,0, 15
21, 3,0, 15
21, 4,0, 15
21, 5,0, 15
21, 6,0, 15
21, 7,0, 15
21, 8,0, 15
21, 9,0, 15
21, 10,0, 15
21, 11,0, 15
21, 12,0, 15
21, 13,0, 15
21, 14,0, 15
21, 15,0, 15
21, 16,0, 15
21, 17,0, 15
21, 18,0, 15
21, 19,0, 15
21, 20,0, 15
21, 21,0, 15
21, 22,0, 15
21, 23,0, 15
21, 24,0, 15
21, 25,0, 15
21, 26,0, 15
21, 27,0, 15
21, 28,0, 15
21, 29,0, 15
21, 30,0, 15
21, 31,0, 15
21, 32,0, 15
21, 33,0, 15
21, 34,0, 15
21, 35,0, 15
21, 36,0, 15
21, 37,0, 15
21, 38,0, 15
21, 39,0, 15
21, 0,1, 15
21, 1,1, 15
21, 2,1, 15
21, 3,1, 15
21, 4,1, 15
21, 5,1, 15
21, 6,1, 15
21, 7,1, 15
21, 8,1, 15
21, 9,1, 15
21, 10,1, 15
21, 11,1, 15
21, 12,1, 15
21, 13,1, 15
21, 14,1, 15
21, 15,1, 15
21, 16,1, 15
21, 17,1, 15
21, 18,1, 15
21, 19,1, 15
21, 20,1, 15
21, 21,1, 15
21, 22,1, 15
21, 23,1, 15
21, 24,1, 15
21, 25,1, 15
21, 26,1, 15
21, 27,1, 15
21, 28,1, 15
21, 29,1, 15
21, 30,1, 15
21, 31,1, 15
21, 32,1, 15
21, 33,1, 15
21, 34,1, 15
21, 35,1, 15
21, 36,1, 15
21, 37,1, 15
21, 38,1, 15
21, 39,1, 15
21, 0,2, 15
21, 1,2, 15
21, 2,2, 15
21, 3,2, 15
21, 4,2, 15
21, 5,2, 15
21, 6,2, 15
21, 7,2, 15
21, 8,2, 15
21, 9,2, 15
21, 10,2, 15
21, 11,2, 15
21, 12,2, 15
21, 13,2, 15
21, 14,2, 15
21, 15,2, 15
21, 16,2, 15
21, 17,2, 15
21, 18,2, 15
21, 19,2, 15
21, 20,2, 15
21, 21,2, 15
21, 22,2, 15
21, 23,2, 15
21, 24,2, 15
21, 25,2, 15
21, 26,2, 15
21, 27,2, 15
21, 28,2, 15
21, 29,2, 15
21, 30,2, 15
21, 31,2, 15
21, 32,2, 15
21, 33,2, 15
21, 34,2, 15
21, 35,2, 15
21, 36,2, 15
21, 37,2, 15
21, 38,2, 15
21, 39,2, 15
21, 0,3, 15
21, 1,3, 15
21, 2,3, 15
21, 3,3, 15
21, 4,3, 15
21, 5,3, 15
21, 6,3, 15
21, 7,3, 15
21, 8,3, 15
21, 9,3, 15
21, 10,3, 15
21, 11,3, 15
21, 12,3, 15
21, 13,3, 15
21, 14,3, 15
21, 15,3, 15
21, 16,3, 15
21, 17,3, 15
21, 18,3, 15
21, 19,3, 15
21, 20,3, 15
21, 21,3, 15
21, 22,3, 15
21, 23,3, 15
21, 24,3, 15
21, 25,3, 15
21, 26,3, 15
21, 27,3, 15
21, 28,3, 15
21, 29,3, 15
21, 30,3, 15
21, 31,3, 15
21, 32,3, 15
21, 33,3, 15
21, 34,3, 15
21, 35,3, 15
21, 36,3, 15
21, 37,3, 15
21, 38,3, 15
21, 39,3, 15
21, 0,4, 15
21, 1,4, 15
21, 2,4, 15
21, 3,4, 15
21, 4,4, 15
21, 5,4, 15
21, 6,4, 15
21, 7,4, 15
21, 8,4, 15
21, 9,4, 15
21, 10,4, 15
21, 11,4, 15
21, 12,4, 15
21, 13,4, 15
21, 14,4, 15
21, 15,4, 15
21, 16,4, 15
21, 17,4, 15
21, 18,4, 15
21, 19,4, 15
21, 20,4, 15
21, 21,4, 15
21, 22,4, 15
21, 23,4, 15
21, 24,4, 15
21, 25,4, 15
21, 26,4, 15
21, 27,4, 15
21, 28,4, 15
21, 29,4, 15
21, 30,4, 15
21, 31,4, 15
21, 32,4, 15
21, 33,4, 15
21, 34,4, 15
21, 35,4, 15
21, 36,4, 15
21, 37,4, 15
21, 38,4, 15
21, 39,4, 15
22, 0,0, 15
22, 1,0, 15
22, 2,0, 15
22, 3,0, 15
22, 4,0, 15
22, 5,0, 15
22, 6,0, 15
22, 7,0, 15
22, 8,0, 15
22, 9,0, 15
22, 10,0, 15
22, 11,0, 15
22, 12,0, 15
22, 13,0, 15
22, 14,0, 15
22, 15,0, 15
22, 16,0, 15
22, 17,0, 15
22, 18,0, 15
22, 19,0, 15
22, 20,0, 15
22, 21,0, 15
22, 22,0, 15
22, 23,0, 15
22, 24,0, 15
22, 25,0, 15
22, 26,0, 15
22, 27,0, 15
22, 28,0, 15
22, 29,0, 15
22, 30,0, 15
22, 31,0, 15
22, 32,0, 15
22, 33,0, 15
22, 34,0, 15
22, 35,0, 15
22, 36,0, 15
22, 37,0, 15
22, 38,0, 15
22, 39,0, 15
22, 0,1, 15
22, 1,1, 15
22, 2,1, 15
22, 3,1, 15
22, 4,1, 15
22, 5,1, 15
22, 6,1, 15
22, 7,1, 15
22, 8,1, 15
22, 9,1, 15
22, 10,1, 15
22, 11,1, 15
22, 12,1, 15
22, 13,1, 15
22, 14,1, 15
22, 15,1, 15
22, 16,1, 15
22, 17,1, 15
22, 18,1, 15
22, 19,1, 15
22, 20,1, 15
22, 21,1, 15
22, 22,1, 15
22, 23,1, 15
22, 24,1, 15
22, 25,1, 15
22, 26,1, 15
22, 27,1, 15
22, 28,1, 15
22, 29,1, 15
22, 30,1, 15
22, 31,1, 15
22, 32,1, 15
22, 33,1, 15
22, 34,1, 15
22, 35,1, 15
22, 36,1, 15
22, 37,1, 15
22, 38,1, 15
22, 39,1, 15
22, 0,2, 15
22, 1,2, 15
22, 2,2, 15
22, 3,2, 15
22, 4,2, 15
22, 5,2, 15
22, 6,2, 15
22, 7,2, 15
22, 8,2, 15
22, 9,2, 15
22, 10,2, 15
22, 11,2, 15
22, 12,2, 15
22, 13,2, 15
22, 14,2, 15
22, 15,2, 15
22, 16,2, 15
22, 17,2, 15
22, 18,2, 15
22, 19,2, 15
22, 20,2, 15
22, 21,2, 15
22, 22,2, 15
22, 23,2, 15
22, 24,2, 15
22, 25,2, 15
22, 26,2, 15
22, 27,2, 15
22, 28,2, 15
22, 29,2, 15
22, 30,2, 15
22, 31,2, 15
22, 32,2, 15
22, 33,2, 15
22, 34,2, 15
22, 35,2, 15
22, 36,2, 15
22, 37,2, 15
22, 38,2, 15
22, 39,2, 15
22, 0,3, 15
22, 1,3, 15
22, 2,3, 15
22, 3,3, 15
22, 4,3, 15
22, 5,3, 15
22, 6,3, 15
22, 7,3, 15
22, 8,3, 15
22, 9,3, 15
22, 10,3, 15
22, 11,3, 15
22, 12,3, 15
22, 13,3, 15
22, 14,3, 15
22, 15,3, 15
22, 16,3, 15
22, 17,3, 15
22, 18,3, 15
22, 19,3, 15
22, 20,3, 15
22, 21,3, 15
22, 22,3, 15
22, 23,3, 15
22, 24,3, 15
22, 25,3, 15
22, 26,3, 15
22, 27,3, 15
22, 28,3, 15
22, 29,3, 15
22, 30,3, 15
22, 31,3, 15
22, 32,3, 15
22, 33,3, 15
22, 34,3, 15
22, 35,3, 15
22, 36,3, 15
22, 37,3, 15
22, 38,3, 15
22, 39,3, 15
22, 0,4, 15
22, 1,4, 15
22, 2,4, 15
22, 3,4, 15
22, 4,4, 15
22, 5,4, 15
22, 6,4, 15
22, 7,4, 15
22, 8,4, 15
22, 9,4, 15
22, 10,4, 15
22, 11,4, 15
22, 12,4, 15
22, 13,4, 15
22, 14,4, 15
22, 15,4, 15
22, 16,4, 15
22, 17,4, 15
22, 18,4, 15
22, 19,4, 15
22, 20,4, 15
22, 21,4, 15
22, 22,4, 15
22, 23,4, 15
22, 24,4, 15
22, 25,4, 15
22, 26,4, 15
22, 27,4, 15
22, 28,4, 15
22, 29,4, 15
22, 30,4, 15
22, 31,4, 15
22, 32,4, 15
22, 33,4, 15
22, 34,4, 15
22, 35,4, 15
22, 36,4, 15
22, 37,4, 15
22, 38,4, 15
22, 39,4, 15
23, 0,0, 15
23, 1,0, 15
23, 2,0, 15
23, 3,0, 15
23, 4,0, 15
23, 5,0, 15
23, 6,0, 15
23, 7,0, 15
23, 8,0, 15
23, 9,0, 15
23, 10,0, 15
23, 11,0, 15
23, 12,0, 15
23, 13,0, 15
23, 14,0, 15
23, 15,0, 15
23, 16,0, 15
23, 17,0, 15
23, 18,0, 15
23, 19,0, 15
23, 20,0, 15
23, 21,0, 15
23, 22,0, 15
23, 23,0, 15
23, 24,0, 15
23, 25,0, 15
23, 26,0, 15
23, 27,0, 15
23, 28,0, 15
23, 29,0, 15
23, 30,0, 15
23, 31,0, 15
23, 32,0, 15
23, 33,0, 15
23, 34,0, 15
23, 35,0, 15
23, 36,0, 15
23, 37,0, 15
23, 38,0, 15
23, 39,0, 15
23, 0,1, 15
23, 1,1, 15
23, 2,1, 15
23, 3,1, 15
23, 4,1, 15
23, 5,1, 15
23, 6,1, 15
23, 7,1, 15
23, 8,1, 15
23, 9,1, 15
23, 10,1, 15
23, 11,1, 15
23, 12,1, 15
23, 13,1, 15
23, 14,1, 15
23, 15,1, 15
23, 16,1, 15
23, 17,1, 15
23, 18,1, 15
23, 19,1, 15
23, 20,1, 15
23, 21,1, 15
23, 22,1, 15
23, 23,1, 15
23, 24,1, 15
23, 25,1, 15
23, 26,1, 15
23, 27,1, 15
23, 28,1, 15
23, 29,1, 15
23, 30,1, 15
23, 31,1, 15
23, 32,1, 15
23, 33,1, 15
23, 34,1, 15
23, 35,1, 15
23, 36,1, 15
23, 37,1, 15
23, 38,1, 15
23, 39,1, 15
23, 0,2, 15
23, 1,2, 15
23, 2,2, 15
23, 3,2, 15
23, 4,2, 15
23, 5,2, 15
23, 6,2, 15
23, 7,2, 15
23, 8,2, 15
23, 9,2, 15
23, 10,2, 15
23, 11,2, 15
23, 12,2, 15
23, 13,2, 15
23, 14,2, 15
23, 15,2, 15
23, 16,2, 15
23, 17,2, 15
23, 18,2, 15
23, 19,2, 15
23, 20,2, 15
23, 21,2, 15
23, 22,2, 15
23, 23,2, 15
23, 24,2, 15
23, 25,2, 15
23, 26,2, 15
23, 27,2, 15
23, 28,2, 15
23, 29,2, 15
23, 30,2, 15
23, 31,2, 15
23, 32,2, 15
23, 33,2, 15
23, 34,2, 15
23, 35,2, 15
23, 36,2, 15
23, 37,2, 15
23, 38,2, 15
23, 39,2, 15
23, 0,3, 15
23, 1,3, 15
23, 2,3, 15
23, 3,3, 15
23, 4,3, 15
23, 5,3, 15
23, 6,3, 15
23, 7,3, 15
23, 8,3, 15
23, 9,3, 15
23, 10,3, 15
23, 11,3, 15
23, 12,3, 15
23, 13,3, 15
23, 14,3, 15
23, 15,3, 15
23, 16,3, 15
23, 17,3, 15
23, 18,3, 15
23, 19,3, 15
23, 20,3, 15
23, 21,3, 15
23, 22,3, 15
23, 23,3, 15
23, 24,3, 15
23, 25,3, 15
23, 26,3, 15
23, 27,3, 15
23, 28,3, 15
23, 29,3, 15
23, 30,3, 15
23, 31,3, 15
23, 32,3, 15
23, 33,3, 15
23, 34,3, 15
23, 35,3, 15
23, 36,3, 15
23, 37,3, 15
23, 38,3, 15
23, 39,3, 15
23, 0,4, 15
23, 1,4, 15
23, 2,4, 15
23, 3,4, 15
23, 4,4, 15
23, 5,4, 15
23, 6,4, 15
23, 7,4, 15
23, 8,4, 15
23, 9,4, 15
23, 10,4, 15
23, 11,4, 15
23, 12,4, 15
23, 13,4, 15
23, 14,4, 15
23, 15,4, 15
23, 16,4, 15
23, 17,4, 15
23, 18,4, 15
23, 19,4, 15
23, 20,4, 15
23, 21,4, 15
23, 22,4, 15
23, 23,4, 15
23, 24,4, 15
23, 25,4, 15
23, 26,4, 15
23, 27,4, 15
23, 28,4, 15
23, 29,4, 15
23, 30,4, 15
23, 31,4, 15
23, 32,4, 15
23, 33,4, 15
23, 34,4, 15
23, 35,4, 15
23, 36,4, 15
23, 37,4, 15
23, 38,4, 15
23, 39,4, 15
24, 0,0, 15
24, 1,0, 15
24, 2,0, 15
24, 3,0, 15
24, 4,0, 15
24, 5,0, 15
24, 6,0, 15
24, 7,0, 15
24, 8,0, 15
24, 9,0, 15
24, 10,0, 15
24, 11,0, 15
24, 12,0, 15
24, 13,0, 15
24, 14,0, 15
24, 15,0, 15
24, 16,0, 15
24, 17,0, 15
24, 18,0, 15
24, 19,0, 15
24, 20,0, 15
24, 21,0, 15
24, 22,0, 15
24, 23,0, 15
24, 24,0, 15
24, 25,0, 15
24, 26,0, 15
24, 27,0, 15
24, 28,0, 15
24, 29,0, 15
24, 30,0, 15
24, 31,0, 15
24, 32,0, 15
24, 33,0, 15
24, 34,0, 15
24, 35,0, 15
24, 36,0, 15
24, 37,0, 15
24, 38,0, 15
24, 39,0, 15
24, 0,1, 15
24, 1,1, 15
24, 2,1, 15
24, 3,1, 15
24, 4,1, 15
24, 5,1, 15
24, 6,1, 15
24, 7,1, 15
24, 8,1, 15
24, 9,1, 15
24, 10,1, 15
24, 11,1, 15
24, 12,1, 15
24, 13,1, 15
24, 14,1, 15
24, 15,1, 15
24, 16,1, 15
24, 17,1, 15
24, 18,1, 15
24, 19,1, 15
24, 20,1, 15
24, 21,1, 15
24, 22,1, 15
24, 23,1, 15
24, 24,1, 15
24, 25,1, 15
24, 26,1, 15
24, 27,1, 15
24, 28,1, 15
24, 29,1, 15
24, 30,1, 15
24, 31,1, 15
24, 32,1, 15
24, 33,1, 15
24, 34,1, 15
24, 35,1, 15
24, 36,1, 15
24, 37,1, 15
24, 38,1, 15
24, 39,1, 15
24, 0,2, 15
24, 1,2, 15
24, 2,2, 15
24, 3,2, 15
24, 4,2, 15
24, 5,2, 15
24, 6,2, 15
24, 7,2, 15
24, 8,2, 15
24, 9,2, 15
24, 10,2, 15
24, 11,2, 15
24, 12,2, 15
24, 13,2, 15
24, 14,2, 15
24, 15,2, 15
24, 16,2, 15
24, 17,2, 15
24, 18,2, 15
24, 19,2, 15
24, 20,2, 15
24, 21,2, 15
24, 22,2, 15
24, 23,2, 15
24, 24,2, 15
24, 25,2, 15
24, 26,2, 15
24, 27,2, 15
24, 28,2, 15
24, 29,2, 15
24, 30,2, 15
24, 31,2, 15
24, 32,2, 15
24, 33,2, 15
24, 34,2, 15
24, 35,2, 15
24, 36,2, 15
24, 37,2, 15
24, 38,2, 15
24, 39,2, 15
24, 0,3, 15
24, 1,3, 15
24, 2,3, 15
24, 3,3, 15
24, 4,3, 15
24, 5,3, 15
24, 6,3, 15
24, 7,3, 15
24, 8,3, 15
24, 9,3, 15
24, 10,3, 15
24, 11,3, 15
24, 12,3, 15
24, 13,3, 15
24, 14,3, 15
24, 15,3, 15
24, 16,3, 15
24, 17,3, 15
24, 18,3, 15
24, 19,3, 15
24, 20,3, 15
24, 21,3, 15
24, 22,3, 15
24, 23,3, 15
24, 24,3, 15
24, 25,3, 15
24, 26,3, 15
24, 27,3, 15
24, 28,3, 15
24, 29,3, 15
24, 30,3, 15
24, 31,3, 15
24, 32,3, 15
24, 33,3, 15
24, 34,3, 15
24, 35,3, 15
24, 36,3, 15
24, 37,3, 15
24, 38,3, 15
24, 39,3, 15
24, 0,4, 15
24, 1,4, 15
24, 2,4, 15
24, 3,4, 15
24, 4,4, 15
24, 5,4, 15
24, 6,4, 15
24, 7,4, 15
24, 8,4, 15
24, 9,4, 15
24, 10,4, 15
24, 11,4, 15
24, 12,4, 15
24, 13,4, 15
24, 14,4, 15
24, 15,4, 15
24, 16,4, 15
24, 17,4, 15
24, 18,4, 15
24, 19,4, 15
24, 20,4, 15
24, 21,4, 15
24, 22,4, 15
24, 23,4, 15
24, 24,4, 15
24, 25,4, 15
24, 26,4, 15
24, 27,4, 15
24, 28,4, 15
24, 29,4, 15
24, 30,4, 15
24, 31,4, 15
24, 32,4, 15
24, 33,4, 15
24, 34,4, 15
24, 35,4, 15
24, 36,4, 15
24, 37,4, 15
24, 38,4, 15
24, 39,4, 15
25, 0,0, 15
25, 1,0, 15
25, 2,0, 15
25, 3,0, 15
25, 4,0, 15
25, 5,0, 15
25, 6,0, 15
25, 7,0, 15
25, 8,0, 15
25, 9,0, 15
25, 10,0, 15
25, 11,0, 15
25, 12,0, 15
25, 13,0, 15
25, 14,0, 15
25, 15,0, 15
25, 16,0, 15
25, 17,0, 15
25, 18,0, 15
25, 19,0, 15
25, 20,0, 15
25, 21,0, 15
25, 22,0, 15
25, 23,0, 15
25, 24,0, 15
25, 25,0, 15
25, 26,0, 15
25, 27,0, 15
25, 28,0, 15
25, 29,0, 15
25, 30,0, 15
25, 31,0, 15
25, 32,0, 15
25, 33,0, 15
25, 34,0, 15
25, 35,0, 15
25, 36,0, 15
25, 37,0, 15
25, 38,0, 15
25, 39,0, 15
25, 0,1, 15
25, 1,1, 15
25, 2,1, 15
25, 3,1, 15
25, 4,1, 15
25, 5,1, 15
25, 6,1, 15
25, 7,1, 15
25, 8,1, 15
25, 9,1, 15
25, 10,1, 15
25, 11,1, 15
25, 12,1, 15
25, 13,1, 15
25, 14,1, 15
25, 15,1, 15
25, 16,1, 15
25, 17,1, 15
25, 18,1, 15
25, 19,1, 15
25, 20,1, 15
25, 21,1, 15
25, 22,1, 15
25, 23,1, 15
25, 24,1, 15
25, 25,1, 15
25, 26,1, 15
25, 27,1, 15
25, 28,1, 15
25, 29,1, 15
25, 30,1, 15
25, 31,1, 15
25, 32,1, 15
25, 33,1, 15
25, 34,1, 15
25, 35,1, 15
25, 36,1, 15
25, 37,1, 15
25, 38,1, 15
25, 39,1, 15
25, 0,2, 15
25, 1,2, 15
25, 2,2, 15
25, 3,2, 15
25, 4,2, 15
25, 5,2, 15
25, 6,2, 15
25, 7,2, 15
25, 8,2, 15
25, 9,2, 15
25, 10,2, 15
25, 11,2, 15
25, 12,2, 15
25, 13,2, 15
25, 14,2, 15
25, 15,2, 15
25, 16,2, 15
25, 17,2, 15
25, 18,2, 15
25, 19,2, 15
25, 20,2, 15
25, 21,2, 15
25, 22,2, 15
25, 23,2, 15
25, 24,2, 15
25, 25,2, 15
25, 26,2, 15
25, 27,2, 15
25, 28,2, 15
25, 29,2, 15
25, 30,2, 15
25, 31,2, 15
25, 32,2, 15
25, 33,2, 15
25, 34,2, 15
25, 35,2, 15
25, 36,2, 15
25, 37,2, 15
25, 38,2, 15
25, 39,2, 15
25, 0,3, 15
25, 1,3, 15
25, 2,3, 15
25, 3,3, 15
25, 4,3, 15
25, 5,3, 15
25, 6,3, 15
25, 7,3, 15
25, 8,3, 15
25, 9,3, 15
25, 10,3, 15
25, 11,3, 15
25, 12,3, 15
25, 13,3, 15
25, 14,3, 15
25, 15,3, 15
25, 16,3, 15
25, 17,3, 15
25, 18,3, 15
25, 19,3, 15
25, 20,3, 15
25, 21,3, 15
25, 22,3, 15
25, 23,3, 15
25, 24,3, 15
25, 25,3, 15
25, 26,3, 15
25, 27,3, 15
25, 28,3, 15
25, 29,3, 15
25, 30,3, 15
25, 31,3, 15
25, 32,3, 15
25, 33,3, 15
25, 34,3, 15
25, 35,3, 15
25, 36,3, 15
25, 37,3, 15
25, 38,3, 15
25, 39,3, 15
25, 0,4, 15
25, 1,4, 15
25, 2,4, 15
25, 3,4, 15
25, 4,4, 15
25, 5,4, 15
25, 6,4, 15
25, 7,4, 15
25, 8,4, 15
25, 9,4, 15
25, 10,4, 15
25, 11,4, 15
25, 12,4, 15
25, 13,4, 15
25, 14,4, 15
25, 15,4, 15
25, 16,4, 15
25, 17,4, 15
25, 18,4, 15
25, 19,4, 15
25, 20,4, 15
25, 21,4, 15
25, 22,4, 15
25, 23,4, 15
25, 24,4, 15
25, 25,4, 15
25, 26,4, 15
25, 27,4, 15
25, 28,4, 15
25, 29,4, 15
25, 30,4, 15
25, 31,4, 15
25, 32,4, 15
25, 33,4, 15
25, 34,4, 15
25, 35,4, 15
25, 36,4, 15
25, 37,4, 15
25, 38,4, 15
25, 39,4, 15
26, 0,0, 15
26, 1,0, 15
26, 2,0, 15
26, 3,0, 15
26, 4,0, 15
26, 5,0, 15
26, 6,0, 15
26, 7,0, 15
26, 8,0, 15
26, 9,0, 15
26, 10,0, 15
26, 11,0, 15
26, 12,0, 15
26, 13,0, 15
26, 14,0, 15
26, 15,0, 15
26, 16,0, 15
26, 17,0, 15
26, 18,0, 15
26, 19,0, 15
26, 20,0, 15
26, 21,0, 15
26, 22,0, 15
26, 23,0, 15
26, 24,0, 15
26, 25,0, 15
26, 26,0, 15
26, 27,0, 15
26, 28,0, 15
26, 29,0, 15
26, 30,0, 15
26, 31,0, 15
26, 32,0, 15
26, 33,0, 15
26, 34,0, 15
26, 35,0, 15
26, 36,0, 15
26, 37,0, 15
26, 38,0, 15
26, 39,0, 15
26, 0,1, 15
26, 1,1, 15
26, 2,1, 15
26, 3,1, 15
26, 4,1, 15
26, 5,1, 15
26, 6,1, 15
26, 7,1, 15
26, 8,1, 15
26, 9,1, 15
26, 10,1, 15
26, 11,1, 15
26, 12,1, 15
26, 13,1, 15
26, 14,1, 15
26, 15,1, 15
26, 16,1, 15
26, 17,1, 15
26, 18,1, 15
26, 19,1, 15
26, 20,1, 15
26, 21,1, 15
26, 22,1, 15
26, 23,1, 15
26, 24,1, 15
26, 25,1, 15
26, 26,1, 15
26, 27,1, 15
26, 28,1, 15
26, 29,1, 15
26, 30,1, 15
26, 31,1, 15
26, 32,1, 15
26, 33,1, 15
26, 34,1, 15
26, 35,1, 15
26, 36,1, 15
26, 37,1, 15
26, 38,1, 15
26, 39,1, 15
26, 0,2, 15
26, 1,2, 15
26, 2,2, 15
26, 3,2, 15
26, 4,2, 15
26, 5,2, 15
26, 6,2, 15
26, 7,2, 15
26, 8,2, 15
26, 9,2, 15
26, 10,2, 15
26, 11,2, 15
26, 12,2, 15
26, 13,2, 15
26, 14,2, 15
26, 15,2, 15
26, 16,2, 15
26, 17,2, 15
26, 18,2, 15
26, 19,2, 15
26, 20,2, 15
26, 21,2, 15
26, 22,2, 15
26, 23,2, 15
26, 24,2, 15
26, 25,2, 15
26, 26,2, 15
26, 27,2, 15
26, 28,2, 15
26, 29,2, 15
26, 30,2, 15
26, 31,2, 15
26, 32,2, 15
26, 33,2, 15
26, 34,2, 15
26, 35,2, 15
26, 36,2, 15
26, 37,2, 15
26, 38,2, 15
26, 39,2, 15
26, 0,3, 15
26, 1,3, 15
26, 2,3, 15
26, 3,3, 15
26, 4,3, 15
26, 5,3, 15
26, 6,3, 15
26, 7,3, 15
26, 8,3, 15
26, 9,3, 15
26, 10,3, 15
26, 11,3, 15
26, 12,3, 15
26, 13,3, 15
26, 14,3, 15
26, 15,3, 15
26, 16,3, 15
26, 17,3, 15
26, 18,3, 15
26, 19,3, 15
26, 20,3, 15
26, 21,3, 15
26, 22,3, 15
26, 23,3, 15
26, 24,3, 15
26, 25,3, 15
26, 26,3, 15
26, 27,3, 15
26, 28,3, 15
26, 29,3, 15
26, 30,3, 15
26, 31,3, 15
26, 32,3, 15
26, 33,3, 15
26, 34,3, 15
26, 35,3, 15
26, 36,3, 15
26, 37,3, 15
26, 38,3, 15
26, 39,3, 15
26, 0,4, 15
26, 1,4, 15
26, 2,4, 15
26, 3,4, 15
26, 4,4, 15
26, 5,4, 15
26, 6,4, 15
26, 7,4, 15
26, 8,4, 15
26, 9,4, 15
26, 10,4, 15
26, 11,4, 15
26, 12,4, 15
26, 13,4, 15
26, 14,4, 15
26, 15,4, 15
26, 16,4, 15
26, 17,4, 15
26, 18,4, 15
26, 19,4, 15
26, 20,4, 15
26, 21,4, 15
26, 22,4, 15
26, 23,4, 15
26, 24,4, 15
26, 25,4, 15
26, 26,4, 15
26, 27,4, 15
26, 28,4, 15
26, 29,4, 15
26, 30,4, 15
26, 31,4, 15
26, 32,4, 15
26, 33,4, 15
26, 34,4, 15
26, 35,4, 15
26, 36,4, 15
26, 37,4, 15
26, 38,4, 15
26, 39,4, 15
27, 0,0, 15
27, 1,0, 15
27, 2,0, 15
27, 3,0, 15
27, 4,0, 15
27, 5,0, 15
27, 6,0, 15
27, 7,0, 15
27, 8,0, 15
27, 9,0, 15
27, 10,0, 15
27, 11,0, 15
27, 12,0, 15
27, 13,0, 15
27, 14,0, 15
27, 15,0, 15
27, 16,0, 15
27, 17,0, 15
27, 18,0, 15
27, 19,0, 15
27, 20,0, 15
27, 21,0, 15
27, 22,0, 15
27, 23,0, 15
27, 24,0, 15
27, 25,0, 15
27, 26,0, 15
27, 27,0, 15
27, 28,0, 15
27, 29,0, 15
27, 30,0, 15
27, 31,0, 15
27, 32,0, 15
27, 33,0, 15
27, 34,0, 15
27, 35,0, 15
27, 36,0, 15
27, 37,0, 15
27, 38,0, 15
27, 39,0, 15
27, 0,1, 15
27, 1,1, 15
27, 2,1, 15
27, 3,1, 15
27, 4,1, 15
27, 5,1, 15
27, 6,1, 15
27, 7,1, 15
27, 8,1, 15
27, 9,1, 15
27, 10,1, 15
27, 11,1, 15
27, 12,1, 15
27, 13,1, 15
27, 14,1, 15
27, 15,1, 15
27, 16,1, 15
27, 17,1, 15
27, 18,1, 15
27, 19,1, 15
27, 20,1, 15
27, 21,1, 15
27, 22,1, 15
27, 23,1, 15
27, 24,1, 15
27, 25,1, 15
27, 26,1, 15
27, 27,1, 15
27, 28,1, 15
27, 29,1, 15
27, 30,1, 15
27, 31,1, 15
27, 32,1, 15
27, 33,1, 15
27, 34,1, 15
27, 35,1, 15
27, 36,1, 15
27, 37,1, 15
27, 38,1, 15
27, 39,1, 15
27, 0,2, 15
27, 1,2, 15
27, 2,2, 15
27, 3,2, 15
27, 4,2, 15
27, 5,2, 15
27, 6,2, 15
27, 7,2, 15
27, 8,2, 15
27, 9,2, 15
27, 10,2, 15
27, 11,2, 15
27, 12,2, 15
27, 13,2, 15
27, 14,2, 15
27, 15,2, 15
27, 16,2, 15
27, 17,2, 15
27, 18,2, 15
27, 19,2, 15
27, 20,2, 15
27, 21,2, 15
27, 22,2, 15
27, 23,2, 15
27, 24,2, 15
27, 25,2, 15
27, 26,2, 15
27, 27,2, 15
27, 28,2, 15
27, 29,2, 15
27, 30,2, 15
27, 31,2, 15
27, 32,2, 15
27, 33,2, 15
27, 34,2, 15
27, 35,2, 15
27, 36,2, 15
27, 37,2, 15
27, 38,2, 15
27, 39,2, 15
27, 0,3, 15
27, 1,3, 15
27, 2,3, 15
27, 3,3, 15
27, 4,3, 15
27, 5,3, 15
27, 6,3, 15
27, 7,3, 15
27, 8,3, 15
27, 9,3, 15
27, 10,3, 15
27, 11,3, 15
27, 12,3, 15
27, 13,3, 15
27, 14,3, 15
27, 15,3, 15
27, 16,3, 15
27, 17,3, 15
27, 18,3, 15
27, 19,3, 15
27, 20,3, 15
27, 21,3, 15
27, 22,3, 15
27, 23,3, 15
27, 24,3, 15
27, 25,3, 15
27, 26,3, 15
27, 27,3, 15
27, 28,3, 15
27, 29,3, 15
27, 30,3, 15
27, 31,3, 15
27, 32,3, 15
27, 33,3, 15
27, 34,3, 15
27, 35,3, 15
27, 36,3, 15
27, 37,3, 15
27, 38,3, 15
27, 39,3, 15
27, 0,4, 15
27, 1,4, 15
27, 2,4, 15
27, 3,4, 15
27, 4,4, 15
27, 5,4, 15
27, 6,4, 15
27, 7,4, 15
27, 8,4, 15
27, 9,4, 15
27, 10,4, 15
27, 11,4, 15
27, 12,4, 15
27, 13,4, 15
27, 14,4, 15
27, 15,4, 15
27, 16,4, 15
27, 17,4, 15
27, 18,4, 15
27, 19,4, 15
27, 20,4, 15
27, 21,4, 15
27, 22,4, 15
27, 23,4, 15
27, 24,4, 15
27, 25,4, 15
27, 26,4, 15
27, 27,4, 15
27, 28,4, 15
27, 29,4, 15
27, 30,4, 15
27, 31,4, 15
27, 32,4, 15
27, 33,4, 15
27, 34,4, 15
27, 35,4, 15
27, 36,4, 15
27, 37,4, 15
27, 38,4, 15
27, 39,4, 15
28, 0,0, 15
28, 1,0, 15
28, 2,0, 15
28, 3,0, 15
28, 4,0, 15
28, 5,0, 15
28, 6,0, 15
28, 7,0, 15
28, 8,0, 15
28, 9,0, 15
28, 10,0, 15
28, 11,0, 15
28, 12,0, 15
28, 13,0, 15
28, 14,0, 15
28, 15,0, 15
28, 16,0, 15
28, 17,0, 15
28, 18,0, 15
28, 19,0, 15
28, 20,0, 15
28, 21,0, 15
28, 22,0, 15
28, 23,0, 15
28, 24,0, 15
28, 25,0, 15
28, 26,0, 15
28, 27,0, 15
28, 28,0, 15
28, 29,0, 15
28, 30,0, 15
28, 31,0, 15
28, 32,0, 15
28, 33,0, 15
28, 34,0, 15
28, 35,0, 15
28, 36,0, 15
28, 37,0, 15
28, 38,0, 15
28, 39,0, 15
28, 0,1, 15
28, 1,1, 15
28, 2,1, 15
28, 3,1, 15
28, 4,1, 15
28, 5,1, 15
28, 6,1, 15
28, 7,1, 15
28, 8,1, 15
28, 9,1, 15
28, 10,1, 15
28, 11,1, 15
28, 12,1, 15
28, 13,1, 15
28, 14,1, 15
28, 15,1, 15
28, 16,1, 15
28, 17,1, 15
28, 18,1, 15
28, 19,1, 15
28, 20,1, 15
28, 21,1, 15
28, 22,1, 15
28, 23,1, 15
28, 24,1, 15
28, 25,1, 15
28, 26,1, 15
28, 27,1, 15
28, 28,1, 15
28, 29,1, 15
28, 30,1, 15
28, 31,1, 15
28, 32,1, 15
28, 33,1, 15
28, 34,1, 15
28, 35,1, 15
28, 36,1, 15
28, 37,1, 15
28, 38,1, 15
28, 39,1, 15
28, 0,2, 15
28, 1,2, 15
28, 2,2, 15
28, 3,2, 15
28, 4,2, 15
28, 5,2, 15
28, 6,2, 15
28, 7,2, 15
28, 8,2, 15
28, 9,2, 15
28, 10,2, 15
28, 11,2, 15
28, 12,2, 15
28, 13,2, 15
28, 14,2, 15
28, 15,2, 15
28, 16,2, 15
28, 17,2, 15
28, 18,2, 15
28, 19,2, 15
28, 20,2, 15
28, 21,2, 15
28, 22,2, 15
28, 23,2, 15
28, 24,2, 15
28, 25,2, 15
28, 26,2, 15
28, 27,2, 15
28, 28,2, 15
28, 29,2, 15
28, 30,2, 15
28, 31,2, 15
28, 32,2, 15
28, 33,2, 15
28, 34,2, 15
28, 35,2, 15
28, 36,2, 15
28, 37,2, 15
28, 38,2, 15
28, 39,2, 15
28, 0,3, 15
28, 1,3, 15
28, 2,3, 15
28, 3,3, 15
28, 4,3, 15
28, 5,3, 15
28, 6,3, 15
28, 7,3, 15
28, 8,3, 15
28, 9,3, 15
28, 10,3, 15
28, 11,3, 15
28, 12,3, 15
28, 13,3, 15
28, 14,3, 15
28, 15,3, 15
28, 16,3, 15
28, 17,3, 15
28, 18,3, 15
28, 19,3, 15
28, 20,3, 15
28, 21,3, 15
28, 22,3, 15
28, 23,3, 15
28, 24,3, 15
28, 25,3, 15
28, 26,3, 15
28, 27,3, 15
28, 28,3, 15
28, 29,3, 15
28, 30,3, 15
28, 31,3, 15
28, 32,3, 15
28, 33,3, 15
28, 34,3, 15
28, 35,3, 15
28, 36,3, 15
28, 37,3, 15
28, 38,3, 15
28, 39,3, 15
28, 0,4, 15
28, 1,4, 15
28, 2,4, 15
28, 3,4, 15
28, 4,4, 15
28, 5,4, 15
28, 6,4, 15
28, 7,4, 15
28, 8,4, 15
28, 9,4, 15
28, 10,4, 15
28, 11,4, 15
28, 12,4, 15
28, 13,4, 15
28, 14,4, 15
28, 15,4, 15
28, 16,4, 15
28, 17,4, 15
28, 18,4, 15
28, 19,4, 15
28, 20,4, 15
28, 21,4, 15
28, 22,4, 15
28, 23,4, 15
28, 24,4, 15
28, 25,4, 15
28, 26,4, 15
28, 27,4, 15
28, 28,4, 15
28, 29,4, 15
28, 30,4, 15
28, 31,4, 15
28, 32,4, 15
28, 33,4, 15
28, 34,4, 15
28, 35,4, 15
28, 36,4, 15
28, 37,4, 15
28, 38,4, 15
28, 39,4, 15
29, 0,0, 15
29, 1,0, 15
29, 2,0, 15
29, 3,0, 15
29, 4,0, 15
29, 5,0, 15
29, 6,0, 15
29, 7,0, 15
29, 8,0, 15
29, 9,0, 15
29, 10,0, 15
29, 11,0, 15
29, 12,0, 15
29, 13,0, 15
29, 14,0, 15
29, 15,0, 15
29, 16,0, 15
29, 17,0, 15
29, 18,0, 15
29, 19,0, 15
29, 20,0, 15
29, 21,0, 15
29, 22,0, 15
29, 23,0, 15
29, 24,0, 15
29, 25,0, 15
29, 26,0, 15
29, 27,0, 15
29, 28,0, 15
29, 29,0, 15
29, 30,0, 15
29, 31,0, 15
29, 32,0, 15
29, 33,0, 15
29, 34,0, 15
29, 35,0, 15
29, 36,0, 15
29, 37,0, 15
29, 38,0, 15
29, 39,0, 15
29, 0,1, 15
29, 1,1, 15
29, 2,1, 15
29, 3,1, 15
29, 4,1, 15
29, 5,1, 15
29, 6,1, 15
29, 7,1, 15
29, 8,1, 15
29, 9,1, 15
29, 10,1, 15
29, 11,1, 15
29, 12,1, 15
29, 13,1, 15
29, 14,1, 15
29, 15,1, 15
29, 16,1, 15
29, 17,1, 15
29, 18,1, 15
29, 19,1, 15
29, 20,1, 15
29, 21,1, 15
29, 22,1, 15
29, 23,1, 15
29, 24,1, 15
29, 25,1, 15
29, 26,1, 15
29, 27,1, 15
29, 28,1, 15
29, 29,1, 15
29, 30,1, 15
29, 31,1, 15
29, 32,1, 15
29, 33,1, 15
29, 34,1, 15
29, 35,1, 15
29, 36,1, 15
29, 37,1, 15
29, 38,1, 15
29, 39,1, 15
29, 0,2, 15
29, 1,2, 15
29, 2,2, 15
29, 3,2, 15
29, 4,2, 15
29, 5,2, 15
29, 6,2, 15
29, 7,2, 15
29, 8,2, 15
29, 9,2, 15
29, 10,2, 15
29, 11,2, 15
29, 12,2, 15
29, 13,2, 15
29, 14,2, 15
29, 15,2, 15
29, 16,2, 15
29, 17,2, 15
29, 18,2, 15
29, 19,2, 15
29, 20,2, 15
29, 21,2, 15
29, 22,2, 15
29, 23,2, 15
29, 24,2, 15
29, 25,2, 15
29, 26,2, 15
29, 27,2, 15
29, 28,2, 15
29, 29,2, 15
29, 30,2, 15
29, 31,2, 15
29, 32,2, 15
29, 33,2, 15
29, 34,2, 15
29, 35,2, 15
29, 36,2, 15
29, 37,2, 15
29, 38,2, 15
29, 39,2, 15
29, 0,3, 15
29, 1,3, 15
29, 2,3, 15
29, 3,3, 15
29, 4,3, 15
29, 5,3, 15
29, 6,3, 15
29, 7,3, 15
29, 8,3, 15
29, 9,3, 15
29, 10,3, 15
29, 11,3, 15
29, 12,3, 15
29, 13,3, 15
29, 14,3, 15
29, 15,3, 15
29, 16,3, 15
29, 17,3, 15
29, 18,3, 15
29, 19,3, 15
29, 20,3, 15
29, 21,3, 15
29, 22,3, 15
29, 23,3, 15
29, 24,3, 15
29, 25,3, 15
29, 26,3, 15
29, 27,3, 15
29, 28,3, 15
29, 29,3, 15
29, 30,3, 15
29, 31,3, 15
29, 32,3, 15
29, 33,3, 15
29, 34,3, 15
29, 35,3, 15
29, 36,3, 15
29, 37,3, 15
29, 38,3, 15
29, 39,3, 15
29, 0,4, 15
29, 1,4, 15
29, 2,4, 15
29, 3,4, 15
29, 4,4, 15
29, 5,4, 15
29, 6,4, 15
29, 7,4, 15
29, 8,4, 15
29, 9,4, 15
29, 10,4, 15
29, 11,4, 15
29, 12,4, 15
29, 13,4, 15
29, 14,4, 15
29, 15,4, 15
29, 16,4, 15
29, 17,4, 15
29, 18,4, 15
29, 19,4, 15
29, 20,4, 15
29, 21,4, 15
29, 22,4, 15
29, 23,4, 15
29, 24,4, 15
29, 25,4, 15
29, 26,4, 15
29, 27,4, 15
29, 28,4, 15
29, 29,4, 15
29, 30,4, 15
29, 31,4, 15
29, 32,4, 15
29, 33,4, 15
29, 34,4, 15
29, 35,4, 15
29, 36,4, 15
29, 37,4, 15
29, 38,4, 15
29, 39,4, 15
30, 0,0, 15
30, 1,0, 15
30, 2,0, 15
30, 3,0, 15
30, 4,0, 15
30, 5,0, 15
30, 6,0, 15
30, 7,0, 15
30, 8,0, 15
30, 9,0, 15
30, 10,0, 15
30, 11,0, 15
30, 12,0, 15
30, 13,0, 15
30, 14,0, 15
30, 15,0, 15
30, 16,0, 15
30, 17,0, 15
30, 18,0, 15
30, 19,0, 15
30, 20,0, 15
30, 21,0, 15
30, 22,0, 15
30, 23,0, 15
30, 24,0, 15
30, 25,0, 15
30, 26,0, 15
30, 27,0, 15
30, 28,0, 15
30, 29,0, 15
30, 30,0, 15
30, 31,0, 15
30, 32,0, 15
30, 33,0, 15
30, 34,0, 15
30, 35,0, 15
30, 36,0, 15
30, 37,0, 15
30, 38,0, 15
30, 39,0, 15
30, 0,1, 15
30, 1,1, 15
30, 2,1, 15
30, 3,1, 15
30, 4,1, 15
30, 5,1, 15
30, 6,1, 15
30, 7,1, 15
30, 8,1, 15
30, 9,1, 15
30, 10,1, 15
30, 11,1, 15
30, 12,1, 15
30, 13,1, 15
30, 14,1, 15
30, 15,1, 15
30, 16,1, 15
30, 17,1, 15
30, 18,1, 15
30, 19,1, 15
30, 20,1, 15
30, 21,1, 15
30, 22,1, 15
30, 23,1, 15
30, 24,1, 15
30, 25,1, 15
30, 26,1, 15
30, 27,1, 15
30, 28,1, 15
30, 29,1, 15
30, 30,1, 15
30, 31,1, 15
30, 32,1, 15
30, 33,1, 15
30, 34,1, 15
30, 35,1, 15
30, 36,1, 15
30, 37,1, 15
30, 38,1, 15
30, 39,1, 15
30, 0,2, 15
30, 1,2, 15
30, 2,2, 15
30, 3,2, 15
30, 4,2, 15
30, 5,2, 15
30, 6,2, 15
30, 7,2, 15
30, 8,2, 15
30, 9,2, 15
30, 10,2, 15
30, 11,2, 15
30, 12,2, 15
30, 13,2, 15
30, 14,2, 15
30, 15,2, 15
30, 16,2, 15
30, 17,2, 15
30, 18,2, 15
30, 19,2, 15
30, 20,2, 15
30, 21,2, 15
30, 22,2, 15
30, 23,2, 15
30, 24,2, 15
30, 25,2, 15
30, 26,2, 15
30, 27,2, 15
30, 28,2, 15
30, 29,2, 15
30, 30,2, 15
30, 31,2, 15
30, 32,2, 15
30, 33,2, 15
30, 34,2, 15
30, 35,2, 15
30, 36,2, 15
30, 37,2, 15
30, 38,2, 15
30, 39,2, 15
30, 0,3, 15
30, 1,3, 15
30, 2,3, 15
30, 3,3, 15
30, 4,3, 15
30, 5,3, 15
30, 6,3, 15
30, 7,3, 15
30, 8,3, 15
30, 9,3, 15
30, 10,3, 15
30, 11,3, 15
30, 12,3, 15
30, 13,3, 15
30, 14,3, 15
30, 15,3, 15
30, 16,3, 15
30, 17,3, 15
30, 18,3, 15
30, 19,3, 15
30, 20,3, 15
30, 21,3, 15
30, 22,3, 15
30, 23,3, 15
30, 24,3, 15
30, 25,3, 15
30, 26,3, 15
30, 27,3, 15
30, 28,3, 15
30, 29,3, 15
30, 30,3, 15
30, 31,3, 15
30, 32,3, 15
30, 33,3, 15
30, 34,3, 15
30, 35,3, 15
30, 36,3, 15
30, 37,3, 15
30, 38,3, 15
30, 39,3, 15
30, 0,4, 15
30, 1,4, 15
30, 2,4, 15
30, 3,4, 15
30, 4,4, 15
30, 5,4, 15
30, 6,4, 15
30, 7,4, 15
30, 8,4, 15
30, 9,4, 15
30, 10,4, 15
30, 11,4, 15
30, 12,4, 15
30, 13,4, 15
30, 14,4, 15
30, 15,4, 15
30, 16,4, 15
30, 17,4, 15
30, 18,4, 15
30, 19,4, 15
30, 20,4, 15
30, 21,4, 15
30, 22,4, 15
30, 23,4, 15
30, 24,4, 15
30, 25,4, 15
30, 26,4, 15
30, 27,4, 15
30, 28,4, 15
30, 29,4, 15
30, 30,4, 15
30, 31,4, 15
30, 32,4, 15
30, 33,4, 15
30, 34,4, 15
30, 35,4, 15
30, 36,4, 15
30, 37,4, 15
30, 38,4, 15
30, 39,4, 15
31, 0,0, 15
31, 1,0, 15
31, 2,0, 15
31, 3,0, 15
31, 4,0, 15
31, 5,0, 15
31, 6,0, 15
31, 7,0, 15
31, 8,0, 15
31, 9,0, 15
31, 10,0, 15
31, 11,0, 15
31, 12,0, 15
31, 13,0, 15
31, 14,0, 15
31, 15,0, 15
31, 16,0, 15
31, 17,0, 15
31, 18,0, 15
31, 19,0, 15
31, 20,0, 15
31, 21,0, 15
31, 22,0, 15
31, 23,0, 15
31, 24,0, 15
31, 25,0, 15
31, 26,0, 15
31, 27,0, 15
31, 28,0, 15
31, 29,0, 15
31, 30,0, 15
31, 31,0, 15
31, 32,0, 15
31, 33,0, 15
31, 34,0, 15
31, 35,0, 15
31, 36,0, 15
31, 37,0, 15
31, 38,0, 15
31, 39,0, 15
31, 0,1, 15
31, 1,1, 15
31, 2,1, 15
31, 3,1, 15
31, 4,1, 15
31, 5,1, 15
31, 6,1, 15
31, 7,1, 15
31, 8,1, 15
31, 9,1, 15
31, 10,1, 15
31, 11,1, 15
31, 12,1, 15
31, 13,1, 15
31, 14,1, 15
31, 15,1, 15
31, 16,1, 15
31, 17,1, 15
31, 18,1, 15
31, 19,1, 15
31, 20,1, 15
31, 21,1, 15
31, 22,1, 15
31, 23,1, 15
31, 24,1, 15
31, 25,1, 15
31, 26,1, 15
31, 27,1, 15
31, 28,1, 15
31, 29,1, 15
31, 30,1, 15
31, 31,1, 15
31, 32,1, 15
31, 33,1, 15
31, 34,1, 15
31, 35,1, 15
31, 36,1, 15
31, 37,1, 15
31, 38,1, 15
31, 39,1, 15
31, 0,2, 15
31, 1,2, 15
31, 2,2, 15
31, 3,2, 15
31, 4,2, 15
31, 5,2, 15
31, 6,2, 15
31, 7,2, 15
31, 8,2, 15
31, 9,2, 15
31, 10,2, 15
31, 11,2, 15
31, 12,2, 15
31, 13,2, 15
31, 14,2, 15
31, 15,2, 15
31, 16,2, 15
31, 17,2, 15
31, 18,2, 15
31, 19,2, 15
31, 20,2, 15
31, 21,2, 15
31, 22,2, 15
31, 23,2, 15
31, 24,2, 15
31, 25,2, 15
31, 26,2, 15
31, 27,2, 15
31, 28,2, 15
31, 29,2, 15
31, 30,2, 15
31, 31,2, 15
31, 32,2, 15
31, 33,2, 15
31, 34,2, 15
31, 35,2, 15
31, 36,2, 15
31, 37,2, 15
31, 38,2, 15
31, 39,2, 15
31, 0,3, 15
31, 1,3, 15
31, 2,3, 15
31, 3,3, 15
31, 4,3, 15
31, 5,3, 15
31, 6,3, 15
31, 7,3, 15
31, 8,3, 15
31, 9,3, 15
31, 10,3, 15
31, 11,3, 15
31, 12,3, 15
31, 13,3, 15
31, 14,3, 15
31, 15,3, 15
31, 16,3, 15
31, 17,3, 15
31, 18,3, 15
31, 19,3, 15
31, 20,3, 15
31, 21,3, 15
31, 22,3, 15
31, 23,3, 15
31, 24,3, 15
31, 25,3, 15
31, 26,3, 15
31, 27,3, 15
31, 28,3, 15
31, 29,3, 15
31, 30,3, 15
31, 31,3, 15
31, 32,3, 15
31, 33,3, 15
31, 34,3, 15
31, 35,3, 15
31, 36,3, 15
31, 37,3, 15
31, 38,3, 15
31, 39,3, 15
31, 0,4, 15
31, 1,4, 15
31, 2,4, 15
31, 3,4, 15
31, 4,4, 15
31, 5,4, 15
31, 6,4, 15
31, 7,4, 15
31, 8,4, 15
31, 9,4, 15
31, 10,4, 15
31, 11,4, 15
31, 12,4, 15
31, 13,4, 15
31, 14,4, 15
31, 15,4, 15
31, 16,4, 15
31, 17,4, 15
31, 18,4, 15
31, 19,4, 15
31, 20,4, 15
31, 21,4, 15
31, 22,4, 15
31, 23,4, 15
31, 24,4, 15
31, 25,4, 15
31, 26,4, 15
31, 27,4, 15
31, 28,4, 15
31, 29,4, 15
31, 30,4, 15
31, 31,4, 15
31, 32,4, 15
31, 33,4, 15
31, 34,4, 15
31, 35,4, 15
31, 36,4, 15
31, 37,4, 15
31, 38,4, 15
31, 39,4, 15
32, 0,0, 15
32, 1,0, 15
32, 2,0, 15
32, 3,0, 15
32, 4,0, 15
32, 5,0, 15
32, 6,0, 15
32, 7,0, 15
32, 8,0, 15
32, 9,0, 15
32, 10,0, 15
32, 11,0, 15
32, 12,0, 15
32, 13,0, 15
32, 14,0, 15
32, 15,0, 15
32, 16,0, 15
32, 17,0, 15
32, 18,0, 15
32, 19,0, 15
32, 20,0, 15
32, 21,0, 15
32, 22,0, 15
32, 23,0, 15
32, 24,0, 15
32, 25,0, 15
32, 26,0, 15
32, 27,0, 15
32, 28,0, 15
32, 29,0, 15
32, 30,0, 15
32, 31,0, 15
32, 32,0, 15
32, 33,0, 15
32, 34,0, 15
32, 35,0, 15
32, 36,0, 15
32, 37,0, 15
32, 38,0, 15
32, 39,0, 15
32, 0,1, 15
32, 1,1, 15
32, 2,1, 15
32, 3,1, 15
32, 4,1, 15
32, 5,1, 15
32, 6,1, 15
32, 7,1, 15
32, 8,1, 15
32, 9,1, 15
32, 10,1, 15
32, 11,1, 15
32, 12,1, 15
32, 13,1, 15
32, 14,1, 15
32, 15,1, 15
32, 16,1, 15
32, 17,1, 15
32, 18,1, 15
32, 19,1, 15
32, 20,1, 15
32, 21,1, 15
32, 22,1, 15
32, 23,1, 15
32, 24,1, 15
32, 25,1, 15
32, 26,1, 15
32, 27,1, 15
32, 28,1, 15
32, 29,1, 15
32, 30,1, 15
32, 31,1, 15
32, 32,1, 15
32, 33,1, 15
32, 34,1, 15
32, 35,1, 15
32, 36,1, 15
32, 37,1, 15
32, 38,1, 15
32, 39,1, 15
32, 0,2, 15
32, 1,2, 15
32, 2,2, 15
32, 3,2, 15
32, 4,2, 15
32, 5,2, 15
32, 6,2, 15
32, 7,2, 15
32, 8,2, 15
32, 9,2, 15
32, 10,2, 15
32, 11,2, 15
32, 12,2, 15
32, 13,2, 15
32, 14,2, 15
32, 15,2, 15
32, 16,2, 15
32, 17,2, 15
32, 18,2, 15
32, 19,2, 15
32, 20,2, 15
32, 21,2, 15
32, 22,2, 15
32, 23,2, 15
32, 24,2, 15
32, 25,2, 15
32, 26,2, 15
32, 27,2, 15
32, 28,2, 15
32, 29,2, 15
32, 30,2, 15
32, 31,2, 15
32, 32,2, 15
32, 33,2, 15
32, 34,2, 15
32, 35,2, 15
32, 36,2, 15
32, 37,2, 15
32, 38,2, 15
32, 39,2, 15
32, 0,3, 15
32, 1,3, 15
32, 2,3, 15
32, 3,3, 15
32, 4,3, 15
32, 5,3, 15
32, 6,3, 15
32, 7,3, 15
32, 8,3, 15
32, 9,3, 15
32, 10,3, 15
32, 11,3, 15
32, 12,3, 15
32, 13,3, 15
32, 14,3, 15
32, 15,3, 15
32, 16,3, 15
32, 17,3, 15
32, 18,3, 15
32, 19,3, 15
32, 20,3, 15
32, 21,3, 15
32, 22,3, 15
32, 23,3, 15
32, 24,3, 15
32, 25,3, 15
32, 26,3, 15
32, 27,3, 15
32, 28,3, 15
32, 29,3, 15
32, 30,3, 15
32, 31,3, 15
32, 32,3, 15
32, 33,3, 15
32, 34,3, 15
32, 35,3, 15
32, 36,3, 15
32, 37,3, 15
32, 38,3, 15
32, 39,3, 15
32, 0,4, 15
32, 1,4, 15
32, 2,4, 15
32, 3,4, 15
32, 4,4, 15
32, 5,4, 15
32, 6,4, 15
32, 7,4, 15
32, 8,4, 15
32, 9,4, 15
32, 10,4, 15
32, 11,4, 15
32, 12,4, 15
32, 13,4, 15
32, 14,4, 15
32, 15,4, 15
32, 16,4, 15
32, 17,4, 15
32, 18,4, 15
32, 19,4, 15
32, 20,4, 15
32, 21,4, 15
32, 22,4, 15
32, 23,4, 15
32, 24,4, 15
32, 25,4, 15
32, 26,4, 15
32, 27,4, 15
32, 28,4, 15
32, 29,4, 15
32, 30,4, 15
32, 31,4, 15
32, 32,4, 15
32, 33,4, 15
32, 34,4, 15
32, 35,4, 15
32, 36,4, 15
32, 37,4, 15
32, 38,4, 15
32, 39,4, 15
33, 0,0, 15
33, 1,0, 15
33, 2,0, 15
33, 3,0, 15
33, 4,0, 15
33, 5,0, 15
33, 6,0, 15
33, 7,0, 15
33, 8,0, 15
33, 9,0, 15
33, 10,0, 15
33, 11,0, 15
33, 12,0, 15
33, 13,0, 15
33, 14,0, 15
33, 15,0, 15
33, 16,0, 15
33, 17,0, 15
33, 18,0, 15
33, 19,0, 15
33, 20,0, 15
33, 21,0, 15
33, 22,0, 15
33, 23,0, 15
33, 24,0, 15
33, 25,0, 15
33, 26,0, 15
33, 27,0, 15
33, 28,0, 15
33, 29,0, 15
33, 30,0, 15
33, 31,0, 15
33, 32,0, 15
33, 33,0, 15
33, 34,0, 15
33, 35,0, 15
33, 36,0, 15
33, 37,0, 15
33, 38,0, 15
33, 39,0, 15
33, 0,1, 15
33, 1,1, 15
33, 2,1, 15
33, 3,1, 15
33, 4,1, 15
33, 5,1, 15
33, 6,1, 15
33, 7,1, 15
33, 8,1, 15
33, 9,1, 15
33, 10,1, 15
33, 11,1, 15
33, 12,1, 15
33, 13,1, 15
33, 14,1, 15
33, 15,1, 15
33, 16,1, 15
33, 17,1, 15
33, 18,1, 15
33, 19,1, 15
33, 20,1, 15
33, 21,1, 15
33, 22,1, 15
33, 23,1, 15
33, 24,1, 15
33, 25,1, 15
33, 26,1, 15
33, 27,1, 15
33, 28,1, 15
33, 29,1, 15
33, 30,1, 15
33, 31,1, 15
33, 32,1, 15
33, 33,1, 15
33, 34,1, 15
33, 35,1, 15
33, 36,1, 15
33, 37,1, 15
33, 38,1, 15
33, 39,1, 15
33, 0,2, 15
33, 1,2, 15
33, 2,2, 15
33, 3,2, 15
33, 4,2, 15
33, 5,2, 15
33, 6,2, 15
33, 7,2, 15
33, 8,2, 15
33, 9,2, 15
33, 10,2, 15
33, 11,2, 15
33, 12,2, 15
33, 13,2, 15
33, 14,2, 15
33, 15,2, 15
33, 16,2, 15
33, 17,2, 15
33, 18,2, 15
33, 19,2, 15
33, 20,2, 15
33, 21,2, 15
33, 22,2, 15
33, 23,2, 15
33, 24,2, 15
33, 25,2, 15
33, 26,2, 15
33, 27,2, 15
33, 28,2, 15
33, 29,2, 15
33, 30,2, 15
33, 31,2, 15
33, 32,2, 15
33, 33,2, 15
33, 34,2, 15
33, 35,2, 15
33, 36,2, 15
33, 37,2, 15
33, 38,2, 15
33, 39,2, 15
33, 0,3, 15
33, 1,3, 15
33, 2,3, 15
33, 3,3, 15
33, 4,3, 15
33, 5,3, 15
33, 6,3, 15
33, 7,3, 15
33, 8,3, 15
33, 9,3, 15
33, 10,3, 15
33, 11,3, 15
33, 12,3, 15
33, 13,3, 15
33, 14,3, 15
33, 15,3, 15
33, 16,3, 15
33, 17,3, 15
33, 18,3, 15
33, 19,3, 15
33, 20,3, 15
33, 21,3, 15
33, 22,3, 15
33, 23,3, 15
33, 24,3, 15
33, 25,3, 15
33, 26,3, 15
33, 27,3, 15
33, 28,3, 15
33, 29,3, 15
33, 30,3, 15
33, 31,3, 15
33, 32,3, 15
33, 33,3, 15
33, 34,3, 15
33, 35,3, 15
33, 36,3, 15
33, 37,3, 15
33, 38,3, 15
33, 39,3, 15
33, 0,4, 15
33, 1,4, 15
33, 2,4, 15
33, 3,4, 15
33, 4,4, 15
33, 5,4, 15
33, 6,4, 15
33, 7,4, 15
33, 8,4, 15
33, 9,4, 15
33, 10,4, 15
33, 11,4, 15
33, 12,4, 15
33, 13,4, 15
33, 14,4, 15
33, 15,4, 15
33, 16,4, 15
33, 17,4, 15
33, 18,4, 15
33, 19,4, 15
33, 20,4, 15
33, 21,4, 15
33, 22,4, 15
33, 23,4, 15
33, 24,4, 15
33, 25,4, 15
33, 26,4, 15
33, 27,4, 15
33, 28,4, 15
33, 29,4, 15
33, 30,4, 15
33, 31,4, 15
33, 32,4, 15
33, 33,4, 15
33, 34,4, 15
33, 35,4, 15
33, 36,4, 15
33, 37,4, 15
33, 38,4, 15
33, 39,4, 15
34, 0,0, 15
34, 1,0, 15
34, 2,0, 15
34, 3,0, 15
34, 4,0, 15
34, 5,0, 15
34, 6,0, 15
34, 7,0, 15
34, 8,0, 15
34, 9,0, 15
34, 10,0, 15
34, 11,0, 15
34, 12,0, 15
34, 13,0, 15
34, 14,0, 15
34, 15,0, 15
34, 16,0, 15
34, 17,0, 15
34, 18,0, 15
34, 19,0, 15
34, 20,0, 15
34, 21,0, 15
34, 22,0, 15
34, 23,0, 15
34, 24,0, 15
34, 25,0, 15
34, 26,0, 15
34, 27,0, 15
34, 28,0, 15
34, 29,0, 15
34, 30,0, 15
34, 31,0, 15
34, 32,0, 15
34, 33,0, 15
34, 34,0, 15
34, 35,0, 15
34, 36,0, 15
34, 37,0, 15
34, 38,0, 15
34, 39,0, 15
34, 0,1, 15
34, 1,1, 15
34, 2,1, 15
34, 3,1, 15
34, 4,1, 15
34, 5,1, 15
34, 6,1, 15
34, 7,1, 15
34, 8,1, 15
34, 9,1, 15
34, 10,1, 15
34, 11,1, 15
34, 12,1, 15
34, 13,1, 15
34, 14,1, 15
34, 15,1, 15
34, 16,1, 15
34, 17,1, 15
34, 18,1, 15
34, 19,1, 15
34, 20,1, 15
34, 21,1, 15
34, 22,1, 15
34, 23,1, 15
34, 24,1, 15
34, 25,1, 15
34, 26,1, 15
34, 27,1, 15
34, 28,1, 15
34, 29,1, 15
34, 30,1, 15
34, 31,1, 15
34, 32,1, 15
34, 33,1, 15
34, 34,1, 15
34, 35,1, 15
34, 36,1, 15
34, 37,1, 15
34, 38,1, 15
34, 39,1, 15
34, 0,2, 15
34, 1,2, 15
34, 2,2, 15
34, 3,2, 15
34, 4,2, 15
34, 5,2, 15
34, 6,2, 15
34, 7,2, 15
34, 8,2, 15
34, 9,2, 15
34, 10,2, 15
34, 11,2, 15
34, 12,2, 15
34, 13,2, 15
34, 14,2, 15
34, 15,2, 15
34, 16,2, 15
34, 17,2, 15
34, 18,2, 15
34, 19,2, 15
34, 20,2, 15
34, 21,2, 15
34, 22,2, 15
34, 23,2, 15
34, 24,2, 15
34, 25,2, 15
34, 26,2, 15
34, 27,2, 15
34, 28,2, 15
34, 29,2, 15
34, 30,2, 15
34, 31,2, 15
34, 32,2, 15
34, 33,2, 15
34, 34,2, 15
34, 35,2, 15
34, 36,2, 15
34, 37,2, 15
34, 38,2, 15
34, 39,2, 15
34, 0,3, 15
34, 1,3, 15
34, 2,3, 15
34, 3,3, 15
34, 4,3, 15
34, 5,3, 15
34, 6,3, 15
34, 7,3, 15
34, 8,3, 15
34, 9,3, 15
34, 10,3, 15
34, 11,3, 15
34, 12,3, 15
34, 13,3, 15
34, 14,3, 15
34, 15,3, 15
34, 16,3, 15
34, 17,3, 15
34, 18,3, 15
34, 19,3, 15
34, 20,3, 15
34, 21,3, 15
34, 22,3, 15
34, 23,3, 15
34, 24,3, 15
34, 25,3, 15
34, 26,3, 15
34, 27,3, 15
34, 28,3, 15
34, 29,3, 15
34, 30,3, 15
34, 31,3, 15
34, 32,3, 15
34, 33,3, 15
34, 34,3, 15
34, 35,3, 15
34, 36,3, 15
34, 37,3, 15
34, 38,3, 15
34, 39,3, 15
34, 0,4, 15
34, 1,4, 15
34, 2,4, 15
34, 3,4, 15
34, 4,4, 15
34, 5,4, 15
34, 6,4, 15
34, 7,4, 15
34, 8,4, 15
34, 9,4, 15
34, 10,4, 15
34, 11,4, 15
34, 12,4, 15
34, 13,4, 15
34, 14,4, 15
34, 15,4, 15
34, 16,4, 15
34, 17,4, 15
34, 18,4, 15
34, 19,4, 15
34, 20,4, 15
34, 21,4, 15
34, 22,4, 15
34, 23,4, 15
34, 24,4, 15
34, 25,4, 15
34, 26,4, 15
34, 27,4, 15
34, 28,4, 15
34, 29,4, 15
34, 30,4, 15
34, 31,4, 15
34, 32,4, 15
34, 33,4, 15
34, 34,4, 15
34, 35,4, 15
34, 36,4, 15
34, 37,4, 15
34, 38,4, 15
34, 39,4, 15
35, 0,0, 15
35, 1,0, 15
35, 2,0, 15
35, 3,0, 15
35, 4,0, 15
35, 5,0, 15
35, 6,0, 15
35, 7,0, 15
35, 8,0, 15
35, 9,0, 15
35, 10,0, 15
35, 11,0, 15
35, 12,0, 15
35, 13,0, 15
35, 14,0, 15
35, 15,0, 15
35, 16,0, 15
35, 17,0, 15
35, 18,0, 15
35, 19,0, 15
35, 20,0, 15
35, 21,0, 15
35, 22,0, 15
35, 23,0, 15
35, 24,0, 15
35, 25,0, 15
35, 26,0, 15
35, 27,0, 15
35, 28,0, 15
35, 29,0, 15
35, 30,0, 15
35, 31,0, 15
35, 32,0, 15
35, 33,0, 15
35, 34,0, 15
35, 35,0, 15
35, 36,0, 15
35, 37,0, 15
35, 38,0, 15
35, 39,0, 15
35, 0,1, 15
35, 1,1, 15
35, 2,1, 15
35, 3,1, 15
35, 4,1, 15
35, 5,1, 15
35, 6,1, 15
35, 7,1, 15
35, 8,1, 15
35, 9,1, 15
35, 10,1, 15
35, 11,1, 15
35, 12,1, 15
35, 13,1, 15
35, 14,1, 15
35, 15,1, 15
35, 16,1, 15
35, 17,1, 15
35, 18,1, 15
35, 19,1, 15
35, 20,1, 15
35, 21,1, 15
35, 22,1, 15
35, 23,1, 15
35, 24,1, 15
35, 25,1, 15
35, 26,1, 15
35, 27,1, 15
35, 28,1, 15
35, 29,1, 15
35, 30,1, 15
35, 31,1, 15
35, 32,1, 15
35, 33,1, 15
35, 34,1, 15
35, 35,1, 15
35, 36,1, 15
35, 37,1, 15
35, 38,1, 15
35, 39,1, 15
35, 0,2, 15
35, 1,2, 15
35, 2,2, 15
35, 3,2, 15
35, 4,2, 15
35, 5,2, 15
35, 6,2, 15
35, 7,2, 15
35, 8,2, 15
35, 9,2, 15
35, 10,2, 15
35, 11,2, 15
35, 12,2, 15
35, 13,2, 15
35, 14,2, 15
35, 15,2, 15
35, 16,2, 15
35, 17,2, 15
35, 18,2, 15
35, 19,2, 15
35, 20,2, 15
35, 21,2, 15
35, 22,2, 15
35, 23,2, 15
35, 24,2, 15
35, 25,2, 15
35, 26,2, 15
35, 27,2, 15
35, 28,2, 15
35, 29,2, 15
35, 30,2, 15
35, 31,2, 15
35, 32,2, 15
35, 33,2, 15
35, 34,2, 15
35, 35,2, 15
35, 36,2, 15
35, 37,2, 15
35, 38,2, 15
35, 39,2, 15
35, 0,3, 15
35, 1,3, 15
35, 2,3, 15
35, 3,3, 15
35, 4,3, 15
35, 5,3, 15
35, 6,3, 15
35, 7,3, 15
35, 8,3, 15
35, 9,3, 15
35, 10,3, 15
35, 11,3, 15
35, 12,3, 15
35, 13,3, 15
35, 14,3, 15
35, 15,3, 15
35, 16,3, 15
35, 17,3, 15
35, 18,3, 15
35, 19,3, 15
35, 20,3, 15
35, 21,3, 15
35, 22,3, 15
35, 23,3, 15
35, 24,3, 15
35, 25,3, 15
35, 26,3, 15
35, 27,3, 15
35, 28,3, 15
35, 29,3, 15
35, 30,3, 15
35, 31,3, 15
35, 32,3, 15
35, 33,3, 15
35, 34,3, 15
35, 35,3, 15
35, 36,3, 15
35, 37,3, 15
35, 38,3, 15
35, 39,3, 15
35, 0,4, 15
35, 1,4, 15
35, 2,4, 15
35, 3,4, 15
35, 4,4, 15
35, 5,4, 15
35, 6,4, 15
35, 7,4, 15
35, 8,4, 15
35, 9,4, 15
35, 10,4, 15
35, 11,4, 15
35, 12,4, 15
35, 13,4, 15
35, 14,4, 15
35, 15,4, 15
35, 16,4, 15
35, 17,4, 15
35, 18,4, 15
35, 19,4, 15
35, 20,4, 15
35, 21,4, 15
35, 22,4, 15
35, 23,4, 15
35, 24,4, 15
35, 25,4, 15
35, 26,4, 15
35, 27,4, 15
35, 28,4, 15
35, 29,4, 15
35, 30,4, 15
35, 31,4, 15
35, 32,4, 15
35, 33,4, 15
35, 34,4, 15
35, 35,4, 15
35, 36,4, 15
35, 37,4, 15
35, 38,4, 15
35, 39,4, 15
36, 0,0, 15
36, 1,0, 15
36, 2,0, 15
36, 3,0, 15
36, 4,0, 15
36, 5,0, 15
36, 6,0, 15
36, 7,0, 15
36, 8,0, 15
36, 9,0, 15
36, 10,0, 15
36, 11,0, 15
36, 12,0, 15
36, 13,0, 15
36, 14,0, 15
36, 15,0, 15
36, 16,0, 15
36, 17,0, 15
36, 18,0, 15
36, 19,0, 15
36, 20,0, 15
36, 21,0, 15
36, 22,0, 15
36, 23,0, 15
36, 24,0, 15
36, 25,0, 15
36, 26,0, 15
36, 27,0, 15
36, 28,0, 15
36, 29,0, 15
36, 30,0, 15
36, 31,0, 15
36, 32,0, 15
36, 33,0, 15
36, 34,0, 15
36, 35,0, 15
36, 36,0, 15
36, 37,0, 15
36, 38,0, 15
36, 39,0, 15
36, 0,1, 15
36, 1,1, 15
36, 2,1, 15
36, 3,1, 15
36, 4,1, 15
36, 5,1, 15
36, 6,1, 15
36, 7,1, 15
36, 8,1, 15
36, 9,1, 15
36, 10,1, 15
36, 11,1, 15
36, 12,1, 15
36, 13,1, 15
36, 14,1, 15
36, 15,1, 15
36, 16,1, 15
36, 17,1, 15
36, 18,1, 15
36, 19,1, 15
36, 20,1, 15
36, 21,1, 15
36, 22,1, 15
36, 23,1, 15
36, 24,1, 15
36, 25,1, 15
36, 26,1, 15
36, 27,1, 15
36, 28,1, 15
36, 29,1, 15
36, 30,1, 15
36, 31,1, 15
36, 32,1, 15
36, 33,1, 15
36, 34,1, 15
36, 35,1, 15
36, 36,1, 15
36, 37,1, 15
36, 38,1, 15
36, 39,1, 15
36, 0,2, 15
36, 1,2, 15
36, 2,2, 15
36, 3,2, 15
36, 4,2, 15
36, 5,2, 15
36, 6,2, 15
36, 7,2, 15
36, 8,2, 15
36, 9,2, 15
36, 10,2, 15
36, 11,2, 15
36, 12,2, 15
36, 13,2, 15
36, 14,2, 15
36, 15,2, 15
36, 16,2, 15
36, 17,2, 15
36, 18,2, 15
36, 19,2, 15
36, 20,2, 15
36, 21,2, 15
36, 22,2, 15
36, 23,2, 15
36, 24,2, 15
36, 25,2, 15
36, 26,2, 15
36, 27,2, 15
36, 28,2, 15
36, 29,2, 15
36, 30,2, 15
36, 31,2, 15
36, 32,2, 15
36, 33,2, 15
36, 34,2, 15
36, 35,2, 15
36, 36,2, 15
36, 37,2, 15
36, 38,2, 15
36, 39,2, 15
36, 0,3, 15
36, 1,3, 15
36, 2,3, 15
36, 3,3, 15
36, 4,3, 15
36, 5,3, 15
36, 6,3, 15
36, 7,3, 15
36, 8,3, 15
36, 9,3, 15
36, 10,3, 15
36, 11,3, 15
36, 12,3, 15
36, 13,3, 15
36, 14,3, 15
36, 15,3, 15
36, 16,3, 15
36, 17,3, 15
36, 18,3, 15
36, 19,3, 15
36, 20,3, 15
36, 21,3, 15
36, 22,3, 15
36, 23,3, 15
36, 24,3, 15
36, 25,3, 15
36, 26,3, 15
36, 27,3, 15
36, 28,3, 15
36, 29,3, 15
36, 30,3, 15
36, 31,3, 15
36, 32,3, 15
36, 33,3, 15
36, 34,3, 15
36, 35,3, 15
36, 36,3, 15
36, 37,3, 15
36, 38,3, 15
36, 39,3, 15
36, 0,4, 15
36, 1,4, 15
36, 2,4, 15
36, 3,4, 15
36, 4,4, 15
36, 5,4, 15
36, 6,4, 15
36, 7,4, 15
36, 8,4, 15
36, 9,4, 15
36, 10,4, 15
36, 11,4, 15
36, 12,4, 15
36, 13,4, 15
36, 14,4, 15
36, 15,4, 15
36, 16,4, 15
36, 17,4, 15
36, 18,4, 15
36, 19,4, 15
36, 20,4, 15
36, 21,4, 15
36, 22,4, 15
36, 23,4, 15
36, 24,4, 15
36, 25,4, 15
36, 26,4, 15
36, 27,4, 15
36, 28,4, 15
36, 29,4, 15
36, 30,4, 15
36, 31,4, 15
36, 32,4, 15
36, 33,4, 15
36, 34,4, 15
36, 35,4, 15
36, 36,4, 15
36, 37,4, 15
36, 38,4, 15
36, 39,4, 15
37, 0,0, 15
37, 1,0, 15
37, 2,0, 15
37, 3,0, 15
37, 4,0, 15
37, 5,0, 15
37, 6,0, 15
37, 7,0, 15
37, 8,0, 15
37, 9,0, 15
37, 10,0, 15
37, 11,0, 15
37, 12,0, 15
37, 13,0, 15
37, 14,0, 15
37, 15,0, 15
37, 16,0, 15
37, 17,0, 15
37, 18,0, 15
37, 19,0, 15
37, 20,0, 15
37, 21,0, 15
37, 22,0, 15
37, 23,0, 15
37, 24,0, 15
37, 25,0, 15
37, 26,0, 15
37, 27,0, 15
37, 28,0, 15
37, 29,0, 15
37, 30,0, 15
37, 31,0, 15
37, 32,0, 15
37, 33,0, 15
37, 34,0, 15
37, 35,0, 15
37, 36,0, 15
37, 37,0, 15
37, 38,0, 15
37, 39,0, 15
37, 0,1, 15
37, 1,1, 15
37, 2,1, 15
37, 3,1, 15
37, 4,1, 15
37, 5,1, 15
37, 6,1, 15
37, 7,1, 15
37, 8,1, 15
37, 9,1, 15
37, 10,1, 15
37, 11,1, 15
37, 12,1, 15
37, 13,1, 15
37, 14,1, 15
37, 15,1, 15
37, 16,1, 15
37, 17,1, 15
37, 18,1, 15
37, 19,1, 15
37, 20,1, 15
37, 21,1, 15
37, 22,1, 15
37, 23,1, 15
37, 24,1, 15
37, 25,1, 15
37, 26,1, 15
37, 27,1, 15
37, 28,1, 15
37, 29,1, 15
37, 30,1, 15
37, 31,1, 15
37, 32,1, 15
37, 33,1, 15
37, 34,1, 15
37, 35,1, 15
37, 36,1, 15
37, 37,1, 15
37, 38,1, 15
37, 39,1, 15
37, 0,2, 15
37, 1,2, 15
37, 2,2, 15
37, 3,2, 15
37, 4,2, 15
37, 5,2, 15
37, 6,2, 15
37, 7,2, 15
37, 8,2, 15
37, 9,2, 15
37, 10,2, 15
37, 11,2, 15
37, 12,2, 15
37, 13,2, 15
37, 14,2, 15
37, 15,2, 15
37, 16,2, 15
37, 17,2, 15
37, 18,2, 15
37, 19,2, 15
37, 20,2, 15
37, 21,2, 15
37, 22,2, 15
37, 23,2, 15
37, 24,2, 15
37, 25,2, 15
37, 26,2, 15
37, 27,2, 15
37, 28,2, 15
37, 29,2, 15
37, 30,2, 15
37, 31,2, 15
37, 32,2, 15
37, 33,2, 15
37, 34,2, 15
37, 35,2, 15
37, 36,2, 15
37, 37,2, 15
37, 38,2, 15
37, 39,2, 15
37, 0,3, 15
37, 1,3, 15
37, 2,3, 15
37, 3,3, 15
37, 4,3, 15
37, 5,3, 15
37, 6,3, 15
37, 7,3, 15
37, 8,3, 15
37, 9,3, 15
37, 10,3, 15
37, 11,3, 15
37, 12,3, 15
37, 13,3, 15
37, 14,3, 15
37, 15,3, 15
37, 16,3, 15
37, 17,3, 15
37, 18,3, 15
37, 19,3, 15
37, 20,3, 15
37, 21,3, 15
37, 22,3, 15
37, 23,3, 15
37, 24,3, 15
37, 25,3, 15
37, 26,3, 15
37, 27,3, 15
37, 28,3, 15
37, 29,3, 15
37, 30,3, 15
37, 31,3, 15
37, 32,3, 15
37, 33,3, 15
37, 34,3, 15
37, 35,3, 15
37, 36,3, 15
37, 37,3, 15
37, 38,3, 15
37, 39,3, 15
37, 0,4, 15
37, 1,4, 15
37, 2,4, 15
37, 3,4, 15
37, 4,4, 15
37, 5,4, 15
37, 6,4, 15
37, 7,4, 15
37, 8,4, 15
37, 9,4, 15
37, 10,4, 15
37, 11,4, 15
37, 12,4, 15
37, 13,4, 15
37, 14,4, 15
37, 15,4, 15
37, 16,4, 15
37, 17,4, 15
37, 18,4, 15
37, 19,4, 15
37, 20,4, 15
37, 21,4, 15
37, 22,4, 15
37, 23,4, 15
37, 24,4, 15
37, 25,4, 15
37, 26,4, 15
37, 27,4, 15
37, 28,4, 15
37, 29,4, 15
37, 30,4, 15
37, 31,4, 15
37, 32,4, 15
37, 33,4, 15
37, 34,4, 15
37, 35,4, 15
37, 36,4, 15
37, 37,4, 15
37, 38,4, 15
37, 39,4, 15
38, 0,0, 15
38, 1,0, 15
38, 2,0, 15
38, 3,0, 15
38, 4,0, 15
38, 5,0, 15
38, 6,0, 15
38, 7,0, 15
38, 8,0, 15
38, 9,0, 15
38, 10,0, 15
38, 11,0, 15
38, 12,0, 15
38, 13,0, 15
38, 14,0, 15
38, 15,0, 15
38, 16,0, 15
38, 17,0, 15
38, 18,0, 15
38, 19,0, 15
38, 20,0, 15
38, 21,0, 15
38, 22,0, 15
38, 23,0, 15
38, 24,0, 15
38, 25,0, 15
38, 26,0, 15
38, 27,0, 15
38, 28,0, 15
38, 29,0, 15
38, 30,0, 15
38, 31,0, 15
38, 32,0, 15
38, 33,0, 15
38, 34,0, 15
38, 35,0, 15
38, 36,0, 15
38, 37,0, 15
38, 38,0, 15
38, 39,0, 15
38, 0,1, 15
38, 1,1, 15
38, 2,1, 15
38, 3,1, 15
38, 4,1, 15
38, 5,1, 15
38, 6,1, 15
38, 7,1, 15
38, 8,1, 15
38, 9,1, 15
38, 10,1, 15
38, 11,1, 15
38, 12,1, 15
38, 13,1, 15
38, 14,1, 15
38, 15,1, 15
38, 16,1, 15
38, 17,1, 15
38, 18,1, 15
38, 19,1, 15
38, 20,1, 15
38, 21,1, 15
38, 22,1, 15
38, 23,1, 15
38, 24,1, 15
38, 25,1, 15
38, 26,1, 15
38, 27,1, 15
38, 28,1, 15
38, 29,1, 15
38, 30,1, 15
38, 31,1, 15
38, 32,1, 15
38, 33,1, 15
38, 34,1, 15
38, 35,1, 15
38, 36,1, 15
38, 37,1, 15
38, 38,1, 15
38, 39,1, 15
38, 0,2, 15
38, 1,2, 15
38, 2,2, 15
38, 3,2, 15
38, 4,2, 15
38, 5,2, 15
38, 6,2, 15
38, 7,2, 15
38, 8,2, 15
38, 9,2, 15
38, 10,2, 15
38, 11,2, 15
38, 12,2, 15
38, 13,2, 15
38, 14,2, 15
38, 15,2, 15
38, 16,2, 15
38, 17,2, 15
38, 18,2, 15
38, 19,2, 15
38, 20,2, 15
38, 21,2, 15
38, 22,2, 15
38, 23,2, 15
38, 24,2, 15
38, 25,2, 15
38, 26,2, 15
38, 27,2, 15
38, 28,2, 15
38, 29,2, 15
38, 30,2, 15
38, 31,2, 15
38, 32,2, 15
38, 33,2, 15
38, 34,2, 15
38, 35,2, 15
38, 36,2, 15
38, 37,2, 15
38, 38,2, 15
38, 39,2, 15
38, 0,3, 15
38, 1,3, 15
38, 2,3, 15
38, 3,3, 15
38, 4,3, 15
38, 5,3, 15
38, 6,3, 15
38, 7,3, 15
38, 8,3, 15
38, 9,3, 15
38, 10,3, 15
38, 11,3, 15
38, 12,3, 15
38, 13,3, 15
38, 14,3, 15
38, 15,3, 15
38, 16,3, 15
38, 17,3, 15
38, 18,3, 15
38, 19,3, 15
38, 20,3, 15
38, 21,3, 15
38, 22,3, 15
38, 23,3, 15
38, 24,3, 15
38, 25,3, 15
38, 26,3, 15
38, 27,3, 15
38, 28,3, 15
38, 29,3, 15
38, 30,3, 15
38, 31,3, 15
38, 32,3, 15
38, 33,3, 15
38, 34,3, 15
38, 35,3, 15
38, 36,3, 15
38, 37,3, 15
38, 38,3, 15
38, 39,3, 15
38, 0,4, 15
38, 1,4, 15
38, 2,4, 15
38, 3,4, 15
38, 4,4, 15
38, 5,4, 15
38, 6,4, 15
38, 7,4, 15
38, 8,4, 15
38, 9,4, 15
38, 10,4, 15
38, 11,4, 15
38, 12,4, 15
38, 13,4, 15
38, 14,4, 15
38, 15,4, 15
38, 16,4, 15
38, 17,4, 15
38, 18,4, 15
38, 19,4, 15
38, 20,4, 15
38, 21,4, 15
38, 22,4, 15
38, 23,4, 15
38, 24,4, 15
38, 25,4, 15
38, 26,4, 15
38, 27,4, 15
38, 28,4, 15
38, 29,4, 15
38, 30,4, 15
38, 31,4, 15
38, 32,4, 15
38, 33,4, 15
38, 34,4, 15
38, 35,4, 15
38, 36,4, 15
38, 37,4, 15
38, 38,4, 15
38, 39,4, 15
39, 0,0, 15
39, 1,0, 15
39, 2,0, 15
39, 3,0, 15
39, 4,0, 15
39, 5,0, 15
39, 6,0, 15
39, 7,0, 15
39, 8,0, 15
39, 9,0, 15
39, 10,0, 15
39, 11,0, 15
39, 12,0, 15
39, 13,0, 15
39, 14,0, 15
39, 15,0, 15
39, 16,0, 15
39, 17,0, 15
39, 18,0, 15
39, 19,0, 15
39, 20,0, 15
39, 21,0, 15
39, 22,0, 15
39, 23,0, 15
39, 24,0, 15
39, 25,0, 15
39, 26,0, 15
39, 27,0, 15
39, 28,0, 15
39, 29,0, 15
39, 30,0, 15
39, 31,0, 15
39, 32,0, 15
39, 33,0, 15
39, 34,0, 15
39, 35,0, 15
39, 36,0, 15
39, 37,0, 15
39, 38,0, 15
39, 39,0, 15
39, 0,1, 15
39, 1,1, 15
39, 2,1, 15
39, 3,1, 15
39, 4,1, 15
39, 5,1, 15
39, 6,1, 15
39, 7,1, 15
39, 8,1, 15
39, 9,1, 15
39, 10,1, 15
39, 11,1, 15
39, 12,1, 15
39, 13,1, 15
39, 14,1, 15
39, 15,1, 15
39, 16,1, 15
39, 17,1, 15
39, 18,1, 15
39, 19,1, 15
39, 20,1, 15
39, 21,1, 15
39, 22,1, 15
39, 23,1, 15
39, 24,1, 15
39, 25,1, 15
39, 26,1, 15
39, 27,1, 15
39, 28,1, 15
39, 29,1, 15
39, 30,1, 15
39, 31,1, 15
39, 32,1, 15
39, 33,1, 15
39, 34,1, 15
39, 35,1, 15
39, 36,1, 15
39, 37,1, 15
39, 38,1, 15
39, 39,1, 15
39, 0,2, 15
39, 1,2, 15
39, 2,2, 15
39, 3,2, 15
39, 4,2, 15
39, 5,2, 15
39, 6,2, 15
39, 7,2, 15
39, 8,2, 15
39, 9,2, 15
39, 10,2, 15
39, 11,2, 15
39, 12,2, 15
39, 13,2, 15
39, 14,2, 15
39, 15,2, 15
39, 16,2, 15
39, 17,2, 15
39, 18,2, 15
39, 19,2, 15
39, 20,2, 15
39, 21,2, 15
39, 22,2, 15
39, 23,2, 15
39, 24,2, 15
39, 25,2, 15
39, 26,2, 15
39, 27,2, 15
39, 28,2, 15
39, 29,2, 15
39, 30,2, 15
39, 31,2, 15
39, 32,2, 15
39, 33,2, 15
39, 34,2, 15
39, 35,2, 15
39, 36,2, 15
39, 37,2, 15
39, 38,2, 15
39, 39,2, 15
39, 0,3, 15
39, 1,3, 15
39, 2,3, 15
39, 3,3, 15
39, 4,3, 15
39, 5,3, 15
39, 6,3, 15
39, 7,3, 15
39, 8,3, 15
39, 9,3, 15
39, 10,3, 15
39, 11,3, 15
39, 12,3, 15
39, 13,3, 15
39, 14,3, 15
39, 15,3, 15
39, 16,3, 15
39, 17,3, 15
39, 18,3, 15
39, 19,3, 15
39, 20,3, 15
39, 21,3, 15
39, 22,3, 15
39, 23,3, 15
39, 24,3, 15
39, 25,3, 15
39, 26,3, 15
39, 27,3, 15
39, 28,3, 15
39, 29,3, 15
39, 30,3, 15
39, 31,3, 15
39, 32,3, 15
39, 33,3, 15
39, 34,3, 15
39, 35,3, 15
39, 36,3, 15
39, 37,3, 15
39, 38,3, 15
39, 39,3, 15
39, 0,4, 15
39, 1,4, 15
39, 2,4, 15
39, 3,4, 15
39, 4,4, 15
39, 5,4, 15
39, 6,4, 15
39, 7,4, 15
39, 8,4, 15
39, 9,4, 15
39, 10,4, 15
39, 11,4, 15
39, 12,4, 15
39, 13,4, 15
39, 14,4, 15
39, 15,4, 15
39, 16,4, 15
39, 17,4, 15
39, 18,4, 15
39, 19,4, 15
39, 20,4, 15
39, 21,4, 15
39, 22,4, 15
39, 23,4, 15
39, 24,4, 15
39, 25,4, 15
39, 26,4, 15
39, 27,4, 15
39, 28,4, 15
39, 29,4, 15
39, 30,4, 15
39, 31,4, 15
39, 32,4, 15
39, 33,4, 15
39, 34,4, 15
39, 35,4, 15
39, 36,4, 15
39, 37,4, 15
39, 38,4, 15
39, 39,4, 15
40, 0,0, 15
40, 1,0, 15
40, 2,0, 15
40, 3,0, 15
40, 4,0, 15
40, 5,0, 15
40, 6,0, 15
40, 7,0, 15
40, 8,0, 15
40, 9,0, 15
40, 10,0, 15
40, 11,0, 15
40, 12,0, 15
40, 13,0, 15
40, 14,0, 15
40, 15,0, 15
40, 16,0, 15
40, 17,0, 15
40, 18,0, 15
40, 19,0, 15
40, 20,0, 15
40, 21,0, 15
40, 22,0, 15
40, 23,0, 15
40, 24,0, 15
40, 25,0, 15
40, 26,0, 15
40, 27,0, 15
40, 28,0, 15
40, 29,0, 15
40, 30,0, 15
40, 31,0, 15
40, 32,0, 15
40, 33,0, 15
40, 34,0, 15
40, 35,0, 15
40, 36,0, 15
40, 37,0, 15
40, 38,0, 15
40, 39,0, 15
40, 0,1, 15
40, 1,1, 15
40, 2,1, 15
40, 3,1, 15
40, 4,1, 15
40, 5,1, 15
40, 6,1, 15
40, 7,1, 15
40, 8,1, 15
40, 9,1, 15
40, 10,1, 15
40, 11,1, 15
40, 12,1, 15
40, 13,1, 15
40, 14,1, 15
40, 15,1, 15
40, 16,1, 15
40, 17,1, 15
40, 18,1, 15
40, 19,1, 15
40, 20,1, 15
40, 21,1, 15
40, 22,1, 15
40, 23,1, 15
40, 24,1, 15
40, 25,1, 15
40, 26,1, 15
40, 27,1, 15
40, 28,1, 15
40, 29,1, 15
40, 30,1, 15
40, 31,1, 15
40, 32,1, 15
40, 33,1, 15
40, 34,1, 15
40, 35,1, 15
40, 36,1, 15
40, 37,1, 15
40, 38,1, 15
40, 39,1, 15
40, 0,2, 15
40, 1,2, 15
40, 2,2, 15
40, 3,2, 15
40, 4,2, 15
40, 5,2, 15
40, 6,2, 15
40, 7,2, 15
40, 8,2, 15
40, 9,2, 15
40, 10,2, 15
40, 11,2, 15
40, 12,2, 15
40, 13,2, 15
40, 14,2, 15
40, 15,2, 15
40, 16,2, 15
40, 17,2, 15
40, 18,2, 15
40, 19,2, 15
40, 20,2, 15
40, 21,2, 15
40, 22,2, 15
40, 23,2, 15
40, 24,2, 15
40, 25,2, 15
40, 26,2, 15
40, 27,2, 15
40, 28,2, 15
40, 29,2, 15
40, 30,2, 15
40, 31,2, 15
40, 32,2, 15
40, 33,2, 15
40, 34,2, 15
40, 35,2, 15
40, 36,2, 15
40, 37,2, 15
40, 38,2, 15
40, 39,2, 15
40, 0,3, 15
40, 1,3, 15
40, 2,3, 15
40, 3,3, 15
40, 4,3, 15
40, 5,3, 15
40, 6,3, 15
40, 7,3, 15
40, 8,3, 15
40, 9,3, 15
40, 10,3, 15
40, 11,3, 15
40, 12,3, 15
40, 13,3, 15
40, 14,3, 15
40, 15,3, 15
40, 16,3, 15
40, 17,3, 15
40, 18,3, 15
40, 19,3, 15
40, 20,3, 15
40, 21,3, 15
40, 22,3, 15
40, 23,3, 15
40, 24,3, 15
40, 25,3, 15
40, 26,3, 15
40, 27,3, 15
40, 28,3, 15
40, 29,3, 15
40, 30,3, 15
40, 31,3, 15
40, 32,3, 15
40, 33,3, 15
40, 34,3, 15
40, 35,3, 15
40, 36,3, 15
40, 37,3, 15
40, 38,3, 15
40, 39,3, 15
40, 0,4, 15
40, 1,4, 15
40, 2,4, 15
40, 3,4, 15
40, 4,4, 15
40, 5,4, 15
40, 6,4, 15
40, 7,4, 15
40, 8,4, 15
40, 9,4, 15
40, 10,4, 15
40, 11,4, 15
40, 12,4, 15
40, 13,4, 15
40, 14,4, 15
40, 15,4, 15
40, 16,4, 15
40, 17,4, 15
40, 18,4, 15
40, 19,4, 15
40, 20,4, 15
40, 21,4, 15
40, 22,4, 15
40, 23,4, 15
40, 24,4, 15
40, 25,4, 15
40, 26,4, 15
40, 27,4, 15
40, 28,4, 15
40, 29,4, 15
40, 30,4, 15
40, 31,4, 15
40, 32,4, 15
40, 33,4, 15
40, 34,4, 15
40, 35,4, 15
40, 36,4, 15
40, 37,4, 15
40, 38,4, 15
40, 39,4, 15
41, 0,0, 15
41, 1,0, 15
41, 2,0, 15
41, 3,0, 15
41, 4,0, 15
41, 5,0, 15
41, 6,0, 15
41, 7,0, 15
41, 8,0, 15
41, 9,0, 15
41, 10,0, 15
41, 11,0, 15
41, 12,0, 15
41, 13,0, 15
41, 14,0, 15
41, 15,0, 15
41, 16,0, 15
41, 17,0, 15
41, 18,0, 15
41, 19,0, 15
41, 20,0, 15
41, 21,0, 15
41, 22,0, 15
41, 23,0, 15
41, 24,0, 15
41, 25,0, 15
41, 26,0, 15
41, 27,0, 15
41, 28,0, 15
41, 29,0, 15
41, 30,0, 15
41, 31,0, 15
41, 32,0, 15
41, 33,0, 15
41, 34,0, 15
41, 35,0, 15
41, 36,0, 15
41, 37,0, 15
41, 38,0, 15
41, 39,0, 15
41, 0,1, 15
41, 1,1, 15
41, 2,1, 15
41, 3,1, 15
41, 4,1, 15
41, 5,1, 15
41, 6,1, 15
41, 7,1, 15
41, 8,1, 15
41, 9,1, 15
41, 10,1, 15
41, 11,1, 15
41, 12,1, 15
41, 13,1, 15
41, 14,1, 15
41, 15,1, 15
41, 16,1, 15
41, 17,1, 15
41, 18,1, 15
41, 19,1, 15
41, 20,1, 15
41, 21,1, 15
41, 22,1, 15
41, 23,1, 15
41, 24,1, 15
41, 25,1, 15
41, 26,1, 15
41, 27,1, 15
41, 28,1, 15
41, 29,1, 15
41, 30,1, 15
41, 31,1, 15
41, 32,1, 15
41, 33,1, 15
41, 34,1, 15
41, 35,1, 15
41, 36,1, 15
41, 37,1, 15
41, 38,1, 15
41, 39,1, 15
41, 0,2, 15
41, 1,2, 15
41, 2,2, 15
41, 3,2, 15
41, 4,2, 15
41, 5,2, 15
41, 6,2, 15
41, 7,2, 15
41, 8,2, 15
41, 9,2, 15
41, 10,2, 15
41, 11,2, 15
41, 12,2, 15
41, 13,2, 15
41, 14,2, 15
41, 15,2, 15
41, 16,2, 15
41, 17,2, 15
41, 18,2, 15
41, 19,2, 15
41, 20,2, 15
41, 21,2, 15
41, 22,2, 15
41, 23,2, 15
41, 24,2, 15
41, 25,2, 15
41, 26,2, 15
41, 27,2, 15
41, 28,2, 15
41, 29,2, 15
41, 30,2, 15
41, 31,2, 15
41, 32,2, 15
41, 33,2, 15
41, 34,2, 15
41, 35,2, 15
41, 36,2, 15
41, 37,2, 15
41, 38,2, 15
41, 39,2, 15
41, 0,3, 15
41, 1,3, 15
41, 2,3, 15
41, 3,3, 15
41, 4,3, 15
41, 5,3, 15
41, 6,3, 15
41, 7,3, 15
41, 8,3, 15
41, 9,3, 15
41, 10,3, 15
41, 11,3, 15
41, 12,3, 15
41, 13,3, 15
41, 14,3, 15
41, 15,3, 15
41, 16,3, 15
41, 17,3, 15
41, 18,3, 15
41, 19,3, 15
41, 20,3, 15
41, 21,3, 15
41, 22,3, 15
41, 23,3, 15
41, 24,3, 15
41, 25,3, 15
41, 26,3, 15
41, 27,3, 15
41, 28,3, 15
41, 29,3, 15
41, 30,3, 15
41, 31,3, 15
41, 32,3, 15
41, 33,3, 15
41, 34,3, 15
41, 35,3, 15
41, 36,3, 15
41, 37,3, 15
41, 38,3, 15
41, 39,3, 15
41, 0,4, 15
41, 1,4, 15
41, 2,4, 15
41, 3,4, 15
41, 4,4, 15
41, 5,4, 15
41, 6,4, 15
41, 7,4, 15
41, 8,4, 15
41, 9,4, 15
41, 10,4, 15
41, 11,4, 15
41, 12,4, 15
41, 13,4, 15
41, 14,4, 15
41, 15,4, 15
41, 16,4, 15
41, 17,4, 15
41, 18,4, 15
41, 19,4, 15
41, 20,4, 15
41, 21,4, 15
41, 22,4, 15
41, 23,4, 15
41, 24,4, 15
41, 25,4, 15
41, 26,4, 15
41, 27,4, 15
41, 28,4, 15
41, 29,4, 15
41, 30,4, 15
41, 31,4, 15
41, 32,4, 15
41, 33,4, 15
41, 34,4, 15
41, 35,4, 15
41, 36,4, 15
41, 37,4, 15
41, 38,4, 15
41, 39,4, 15
42, 0,0, 15
42, 1,0, 15
42, 2,0, 15
42, 3,0, 15
42, 4,0, 15
42, 5,0, 15
42, 6,0, 15
42, 7,0, 15
42, 8,0, 15
42, 9,0, 15
42, 10,0, 15
42, 11,0, 15
42, 12,0, 15
42, 13,0, 15
42, 14,0, 15
42, 15,0, 15
42, 16,0, 15
42, 17,0, 15
42, 18,0, 15
42, 19,0, 15
42, 20,0, 15
42, 21,0, 15
42, 22,0, 15
42, 23,0, 15
42, 24,0, 15
42, 25,0, 15
42, 26,0, 15
42, 27,0, 15
42, 28,0, 15
42, 29,0, 15
42, 30,0, 15
42, 31,0, 15
42, 32,0, 15
42, 33,0, 15
42, 34,0, 15
42, 35,0, 15
42, 36,0, 15
42, 37,0, 15
42, 38,0, 15
42, 39,0, 15
42, 0,1, 15
42, 1,1, 15
42, 2,1, 15
42, 3,1, 15
42, 4,1, 15
42, 5,1, 15
42, 6,1, 15
42, 7,1, 15
42, 8,1, 15
42, 9,1, 15
42, 10,1, 15
42, 11,1, 15
42, 12,1, 15
42, 13,1, 15
42, 14,1, 15
42, 15,1, 15
42, 16,1, 15
42, 17,1, 15
42, 18,1, 15
42, 19,1, 15
42, 20,1, 15
42, 21,1, 15
42, 22,1, 15
42, 23,1, 15
42, 24,1, 15
42, 25,1, 15
42, 26,1, 15
42, 27,1, 15
42, 28,1, 15
42, 29,1, 15
42, 30,1, 15
42, 31,1, 15
42, 32,1, 15
42, 33,1, 15
42, 34,1, 15
42, 35,1, 15
42, 36,1, 15
42, 37,1, 15
42, 38,1, 15
42, 39,1, 15
42, 0,2, 15
42, 1,2, 15
42, 2,2, 15
42, 3,2, 15
42, 4,2, 15
42, 5,2, 15
42, 6,2, 15
42, 7,2, 15
42, 8,2, 15
42, 9,2, 15
42, 10,2, 15
42, 11,2, 15
42, 12,2, 15
42, 13,2, 15
42, 14,2, 15
42, 15,2, 15
42, 16,2, 15
42, 17,2, 15
42, 18,2, 15
42, 19,2, 15
42, 20,2, 15
42, 21,2, 15
42, 22,2, 15
42, 23,2, 15
42, 24,2, 15
42, 25,2, 15
42, 26,2, 15
42, 27,2, 15
42, 28,2, 15
42, 29,2, 15
42, 30,2, 15
42, 31,2, 15
42, 32,2, 15
42, 33,2, 15
42, 34,2, 15
42, 35,2, 15
42, 36,2, 15
42, 37,2, 15
42, 38,2, 15
42, 39,2, 15
42, 0,3, 15
42, 1,3, 15
42, 2,3, 15
42, 3,3, 15
42, 4,3, 15
42, 5,3, 15
42, 6,3, 15
42, 7,3, 15
42, 8,3, 15
42, 9,3, 15
42, 10,3, 15
42, 11,3, 15
42, 12,3, 15
42, 13,3, 15
42, 14,3, 15
42, 15,3, 15
42, 16,3, 15
42, 17,3, 15
42, 18,3, 15
42, 19,3, 15
42, 20,3, 15
42, 21,3, 15
42, 22,3, 15
42, 23,3, 15
42, 24,3, 15
42, 25,3, 15
42, 26,3, 15
42, 27,3, 15
42, 28,3, 15
42, 29,3, 15
42, 30,3, 15
42, 31,3, 15
42, 32,3, 15
42, 33,3, 15
42, 34,3, 15
42, 35,3, 15
42, 36,3, 15
42, 37,3, 15
42, 38,3, 15
42, 39,3, 15
42, 0,4, 15
42, 1,4, 15
42, 2,4, 15
42, 3,4, 15
42, 4,4, 15
42, 5,4, 15
42, 6,4, 15
42, 7,4, 15
42, 8,4, 15
42, 9,4, 15
42, 10,4, 15
42, 11,4, 15
42, 12,4, 15
42, 13,4, 15
42, 14,4, 15
42, 15,4, 15
42, 16,4, 15
42, 17,4, 15
42, 18,4, 15
42, 19,4, 15
42, 20,4, 15
42, 21,4, 15
42, 22,4, 15
42, 23,4, 15
42, 24,4, 15
42, 25,4, 15
42, 26,4, 15
42, 27,4, 15
42, 28,4, 15
42, 29,4, 15
42, 30,4, 15
42, 31,4, 15
42, 32,4, 15
42, 33,4, 15
42, 34,4, 15
42, 35,4, 15
42, 36,4, 15
42, 37,4, 15
42, 38,4, 15
42, 39,4, 15
43, 0,0, 15
43, 1,0, 15
43, 2,0, 15
43, 3,0, 15
43, 4,0, 15
43, 5,0, 15
43, 6,0, 15
43, 7,0, 15
43, 8,0, 15
43, 9,0, 15
43, 10,0, 15
43, 11,0, 15
43, 12,0, 15
43, 13,0, 15
43, 14,0, 15
43, 15,0, 15
43, 16,0, 15
43, 17,0, 15
43, 18,0, 15
43, 19,0, 15
43, 20,0, 15
43, 21,0, 15
43, 22,0, 15
43, 23,0, 15
43, 24,0, 15
43, 25,0, 15
43, 26,0, 15
43, 27,0, 15
43, 28,0, 15
43, 29,0, 15
43, 30,0, 15
43, 31,0, 15
43, 32,0, 15
43, 33,0, 15
43, 34,0, 15
43, 35,0, 15
43, 36,0, 15
43, 37,0, 15
43, 38,0, 15
43, 39,0, 15
43, 0,1, 15
43, 1,1, 15
43, 2,1, 15
43, 3,1, 15
43, 4,1, 15
43, 5,1, 15
43, 6,1, 15
43, 7,1, 15
43, 8,1, 15
43, 9,1, 15
43, 10,1, 15
43, 11,1, 15
43, 12,1, 15
43, 13,1, 15
43, 14,1, 15
43, 15,1, 15
43, 16,1, 15
43, 17,1, 15
43, 18,1, 15
43, 19,1, 15
43, 20,1, 15
43, 21,1, 15
43, 22,1, 15
43, 23,1, 15
43, 24,1, 15
43, 25,1, 15
43, 26,1, 15
43, 27,1, 15
43, 28,1, 15
43, 29,1, 15
43, 30,1, 15
43, 31,1, 15
43, 32,1, 15
43, 33,1, 15
43, 34,1, 15
43, 35,1, 15
43, 36,1, 15
43, 37,1, 15
43, 38,1, 15
43, 39,1, 15
43, 0,2, 15
43, 1,2, 15
43, 2,2, 15
43, 3,2, 15
43, 4,2, 15
43, 5,2, 15
43, 6,2, 15
43, 7,2, 15
43, 8,2, 15
43, 9,2, 15
43, 10,2, 15
43, 11,2, 15
43, 12,2, 15
43, 13,2, 15
43, 14,2, 15
43, 15,2, 15
43, 16,2, 15
43, 17,2, 15
43, 18,2, 15
43, 19,2, 15
43, 20,2, 15
43, 21,2, 15
43, 22,2, 15
43, 23,2, 15
43, 24,2, 15
43, 25,2, 15
43, 26,2, 15
43, 27,2, 15
43, 28,2, 15
43, 29,2, 15
43, 30,2, 15
43, 31,2, 15
43, 32,2, 15
43, 33,2, 15
43, 34,2, 15
43, 35,2, 15
43, 36,2, 15
43, 37,2, 15
43, 38,2, 15
43, 39,2, 15
43, 0,3, 15
43, 1,3, 15
43, 2,3, 15
43, 3,3, 15
43, 4,3, 15
43, 5,3, 15
43, 6,3, 15
43, 7,3, 15
43, 8,3, 15
43, 9,3, 15
43, 10,3, 15
43, 11,3, 15
43, 12,3, 15
43, 13,3, 15
43, 14,3, 15
43, 15,3, 15
43, 16,3, 15
43, 17,3, 15
43, 18,3, 15
43, 19,3, 15
43, 20,3, 15
43, 21,3, 15
43, 22,3, 15
43, 23,3, 15
43, 24,3, 15
43, 25,3, 15
43, 26,3, 15
43, 27,3, 15
43, 28,3, 15
43, 29,3, 15
43, 30,3, 15
43, 31,3, 15
43, 32,3, 15
43, 33,3, 15
43, 34,3, 15
43, 35,3, 15
43, 36,3, 15
43, 37,3, 15
43, 38,3, 15
43, 39,3, 15
43, 0,4, 15
43, 1,4, 15
43, 2,4, 15
43, 3,4, 15
43, 4,4, 15
43, 5,4, 15
43, 6,4, 15
43, 7,4, 15
43, 8,4, 15
43, 9,4, 15
43, 10,4, 15
43, 11,4, 15
43, 12,4, 15
43, 13,4, 15
43, 14,4, 15
43, 15,4, 15
43, 16,4, 15
43, 17,4, 15
43, 18,4, 15
43, 19,4, 15
43, 20,4, 15
43, 21,4, 15
43, 22,4, 15
43, 23,4, 15
43, 24,4, 15
43, 25,4, 15
43, 26,4, 15
43, 27,4, 15
43, 28,4, 15
43, 29,4, 15
43, 30,4, 15
43, 31,4, 15
43, 32,4, 15
43, 33,4, 15
43, 34,4, 15
43, 35,4, 15
43, 36,4, 15
43, 37,4, 15
43, 38,4, 15
43, 39,4, 15
44, 0,0, 15
44, 1,0, 15
44, 2,0, 15
44, 3,0, 15
44, 4,0, 15
44, 5,0, 15
44, 6,0, 15
44, 7,0, 15
44, 8,0, 15
44, 9,0, 15
44, 10,0, 15
44, 11,0, 15
44, 12,0, 15
44, 13,0, 15
44, 14,0, 15
44, 15,0, 15
44, 16,0, 15
44, 17,0, 15
44, 18,0, 15
44, 19,0, 15
44, 20,0, 15
44, 21,0, 15
44, 22,0, 15
44, 23,0, 15
44, 24,0, 15
44, 25,0, 15
44, 26,0, 15
44, 27,0, 15
44, 28,0, 15
44, 29,0, 15
44, 30,0, 15
44, 31,0, 15
44, 32,0, 15
44, 33,0, 15
44, 34,0, 15
44, 35,0, 15
44, 36,0, 15
44, 37,0, 15
44, 38,0, 15
44, 39,0, 15
44, 0,1, 15
44, 1,1, 15
44, 2,1, 15
44, 3,1, 15
44, 4,1, 15
44, 5,1, 15
44, 6,1, 15
44, 7,1, 15
44, 8,1, 15
44, 9,1, 15
44, 10,1, 15
44, 11,1, 15
44, 12,1, 15
44, 13,1, 15
44, 14,1, 15
44, 15,1, 15
44, 16,1, 15
44, 17,1, 15
44, 18,1, 15
44, 19,1, 15
44, 20,1, 15
44, 21,1, 15
44, 22,1, 15
44, 23,1, 15
44, 24,1, 15
44, 25,1, 15
44, 26,1, 15
44, 27,1, 15
44, 28,1, 15
44, 29,1, 15
44, 30,1, 15
44, 31,1, 15
44, 32,1, 15
44, 33,1, 15
44, 34,1, 15
44, 35,1, 15
44, 36,1, 15
44, 37,1, 15
44, 38,1, 15
44, 39,1, 15
44, 0,2, 15
44, 1,2, 15
44, 2,2, 15
44, 3,2, 15
44, 4,2, 15
44, 5,2, 15
44, 6,2, 15
44, 7,2, 15
44, 8,2, 15
44, 9,2, 15
44, 10,2, 15
44, 11,2, 15
44, 12,2, 15
44, 13,2, 15
44, 14,2, 15
44, 15,2, 15
44, 16,2, 15
44, 17,2, 15
44, 18,2, 15
44, 19,2, 15
44, 20,2, 15
44, 21,2, 15
44, 22,2, 15
44, 23,2, 15
44, 24,2, 15
44, 25,2, 15
44, 26,2, 15
44, 27,2, 15
44, 28,2, 15
44, 29,2, 15
44, 30,2, 15
44, 31,2, 15
44, 32,2, 15
44, 33,2, 15
44, 34,2, 15
44, 35,2, 15
44, 36,2, 15
44, 37,2, 15
44, 38,2, 15
44, 39,2, 15
44, 0,3, 15
44, 1,3, 15
44, 2,3, 15
44, 3,3, 15
44, 4,3, 15
44, 5,3, 15
44, 6,3, 15
44, 7,3, 15
44, 8,3, 15
44, 9,3, 15
44, 10,3, 15
44, 11,3, 15
44, 12,3, 15
44, 13,3, 15
44, 14,3, 15
44, 15,3, 15
44, 16,3, 15
44, 17,3, 15
44, 18,3, 15
44, 19,3, 15
44, 20,3, 15
44, 21,3, 15
44, 22,3, 15
44, 23,3, 15
44, 24,3, 15
44, 25,3, 15
44, 26,3, 15
44, 27,3, 15
44, 28,3, 15
44, 29,3, 15
44, 30,3, 15
44, 31,3, 15
44, 32,3, 15
44, 33,3, 15
44, 34,3, 15
44, 35,3, 15
44, 36,3, 15
44, 37,3, 15
44, 38,3, 15
44, 39,3, 15
44, 0,4, 15
44, 1,4, 15
44, 2,4, 15
44, 3,4, 15
44, 4,4, 15
44, 5,4, 15
44, 6,4, 15
44, 7,4, 15
44, 8,4, 15
44, 9,4, 15
44, 10,4, 15
44, 11,4, 15
44, 12,4, 15
44, 13,4, 15
44, 14,4, 15
44, 15,4, 15
44, 16,4, 15
44, 17,4, 15
44, 18,4, 15
44, 19,4, 15
44, 20,4, 15
44, 21,4, 15
44, 22,4, 15
44, 23,4, 15
44, 24,4, 15
44, 25,4, 15
44, 26,4, 15
44, 27,4, 15
44, 28,4, 15
44, 29,4, 15
44, 30,4, 15
44, 31,4, 15
44, 32,4, 15
44, 33,4, 15
44, 34,4, 15
44, 35,4, 15
44, 36,4, 15
44, 37,4, 15
44, 38,4, 15
44, 39,4, 15
45, 0,0, 15
45, 1,0, 15
45, 2,0, 15
45, 3,0, 15
45, 4,0, 15
45, 5,0, 15
45, 6,0, 15
45, 7,0, 15
45, 8,0, 15
45, 9,0, 15
45, 10,0, 15
45, 11,0, 15
45, 12,0, 15
45, 13,0, 15
45, 14,0, 15
45, 15,0, 15
45, 16,0, 15
45, 17,0, 15
45, 18,0, 15
45, 19,0, 15
45, 20,0, 15
45, 21,0, 15
45, 22,0, 15
45, 23,0, 15
45, 24,0, 15
45, 25,0, 15
45, 26,0, 15
45, 27,0, 15
45, 28,0, 15
45, 29,0, 15
45, 30,0, 15
45, 31,0, 15
45, 32,0, 15
45, 33,0, 15
45, 34,0, 15
45, 35,0, 15
45, 36,0, 15
45, 37,0, 15
45, 38,0, 15
45, 39,0, 15
45, 0,1, 15
45, 1,1, 15
45, 2,1, 15
45, 3,1, 15
45, 4,1, 15
45, 5,1, 15
45, 6,1, 15
45, 7,1, 15
45, 8,1, 15
45, 9,1, 15
45, 10,1, 15
45, 11,1, 15
45, 12,1, 15
45, 13,1, 15
45, 14,1, 15
45, 15,1, 15
45, 16,1, 15
45, 17,1, 15
45, 18,1, 15
45, 19,1, 15
45, 20,1, 15
45, 21,1, 15
45, 22,1, 15
45, 23,1, 15
45, 24,1, 15
45, 25,1, 15
45, 26,1, 15
45, 27,1, 15
45, 28,1, 15
45, 29,1, 15
45, 30,1, 15
45, 31,1, 15
45, 32,1, 15
45, 33,1, 15
45, 34,1, 15
45, 35,1, 15
45, 36,1, 15
45, 37,1, 15
45, 38,1, 15
45, 39,1, 15
45, 0,2, 15
45, 1,2, 15
45, 2,2, 15
45, 3,2, 15
45, 4,2, 15
45, 5,2, 15
45, 6,2, 15
45, 7,2, 15
45, 8,2, 15
45, 9,2, 15
45, 10,2, 15
45, 11,2, 15
45, 12,2, 15
45, 13,2, 15
45, 14,2, 15
45, 15,2, 15
45, 16,2, 15
45, 17,2, 15
45, 18,2, 15
45, 19,2, 15
45, 20,2, 15
45, 21,2, 15
45, 22,2, 15
45, 23,2, 15
45, 24,2, 15
45, 25,2, 15
45, 26,2, 15
45, 27,2, 15
45, 28,2, 15
45, 29,2, 15
45, 30,2, 15
45, 31,2, 15
45, 32,2, 15
45, 33,2, 15
45, 34,2, 15
45, 35,2, 15
45, 36,2, 15
45, 37,2, 15
45, 38,2, 15
45, 39,2, 15
45, 0,3, 15
45, 1,3, 15
45, 2,3, 15
45, 3,3, 15
45, 4,3, 15
45, 5,3, 15
45, 6,3, 15
45, 7,3, 15
45, 8,3, 15
45, 9,3, 15
45, 10,3, 15
45, 11,3, 15
45, 12,3, 15
45, 13,3, 15
45, 14,3, 15
45, 15,3, 15
45, 16,3, 15
45, 17,3, 15
45, 18,3, 15
45, 19,3, 15
45, 20,3, 15
45, 21,3, 15
45, 22,3, 15
45, 23,3, 15
45, 24,3, 15
45, 25,3, 15
45, 26,3, 15
45, 27,3, 15
45, 28,3, 15
45, 29,3, 15
45, 30,3, 15
45, 31,3, 15
45, 32,3, 15
45, 33,3, 15
45, 34,3, 15
45, 35,3, 15
45, 36,3, 15
45, 37,3, 15
45, 38,3, 15
45, 39,3, 15
45, 0,4, 15
45, 1,4, 15
45, 2,4, 15
45, 3,4, 15
45, 4,4, 15
45, 5,4, 15
45, 6,4, 15
45, 7,4, 15
45, 8,4, 15
45, 9,4, 15
45, 10,4, 15
45, 11,4, 15
45, 12,4, 15
45, 13,4, 15
45, 14,4, 15
45, 15,4, 15
45, 16,4, 15
45, 17,4, 15
45, 18,4, 15
45, 19,4, 15
45, 20,4, 15
45, 21,4, 15
45, 22,4, 15
45, 23,4, 15
45, 24,4, 15
45, 25,4, 15
45, 26,4, 15
45, 27,4, 15
45, 28,4, 15
45, 29,4, 15
45, 30,4, 15
45, 31,4, 15
45, 32,4, 15
45, 33,4, 15
45, 34,4, 15
45, 35,4, 15
45, 36,4, 15
45, 37,4, 15
45, 38,4, 15
45, 39,4, 15
46, 0,0, 15
46, 1,0, 15
46, 2,0, 15
46, 3,0, 15
46, 4,0, 15
46, 5,0, 15
46, 6,0, 15
46, 7,0, 15
46, 8,0, 15
46, 9,0, 15
46, 10,0, 15
46, 11,0, 15
46, 12,0, 15
46, 13,0, 15
46, 14,0, 15
46, 15,0, 15
46, 16,0, 15
46, 17,0, 15
46, 18,0, 15
46, 19,0, 15
46, 20,0, 15
46, 21,0, 15
46, 22,0, 15
46, 23,0, 15
46, 24,0, 15
46, 25,0, 15
46, 26,0, 15
46, 27,0, 15
46, 28,0, 15
46, 29,0, 15
46, 30,0, 15
46, 31,0, 15
46, 32,0, 15
46, 33,0, 15
46, 34,0, 15
46, 35,0, 15
46, 36,0, 15
46, 37,0, 15
46, 38,0, 15
46, 39,0, 15
46, 0,1, 15
46, 1,1, 15
46, 2,1, 15
46, 3,1, 15
46, 4,1, 15
46, 5,1, 15
46, 6,1, 15
46, 7,1, 15
46, 8,1, 15
46, 9,1, 15
46, 10,1, 15
46, 11,1, 15
46, 12,1, 15
46, 13,1, 15
46, 14,1, 15
46, 15,1, 15
46, 16,1, 15
46, 17,1, 15
46, 18,1, 15
46, 19,1, 15
46, 20,1, 15
46, 21,1, 15
46, 22,1, 15
46, 23,1, 15
46, 24,1, 15
46, 25,1, 15
46, 26,1, 15
46, 27,1, 15
46, 28,1, 15
46, 29,1, 15
46, 30,1, 15
46, 31,1, 15
46, 32,1, 15
46, 33,1, 15
46, 34,1, 15
46, 35,1, 15
46, 36,1, 15
46, 37,1, 15
46, 38,1, 15
46, 39,1, 15
46, 0,2, 15
46, 1,2, 15
46, 2,2, 15
46, 3,2, 15
46, 4,2, 15
46, 5,2, 15
46, 6,2, 15
46, 7,2, 15
46, 8,2, 15
46, 9,2, 15
46, 10,2, 15
46, 11,2, 15
46, 12,2, 15
46, 13,2, 15
46, 14,2, 15
46, 15,2, 15
46, 16,2, 15
46, 17,2, 15
46, 18,2, 15
46, 19,2, 15
46, 20,2, 15
46, 21,2, 15
46, 22,2, 15
46, 23,2, 15
46, 24,2, 15
46, 25,2, 15
46, 26,2, 15
46, 27,2, 15
46, 28,2, 15
46, 29,2, 15
46, 30,2, 15
46, 31,2, 15
46, 32,2, 15
46, 33,2, 15
46, 34,2, 15
46, 35,2, 15
46, 36,2, 15
46, 37,2, 15
46, 38,2, 15
46, 39,2, 15
46, 0,3, 15
46, 1,3, 15
46, 2,3, 15
46, 3,3, 15
46, 4,3, 15
46, 5,3, 15
46, 6,3, 15
46, 7,3, 15
46, 8,3, 15
46, 9,3, 15
46, 10,3, 15
46, 11,3, 15
46, 12,3, 15
46, 13,3, 15
46, 14,3, 15
46, 15,3, 15
46, 16,3, 15
46, 17,3, 15
46, 18,3, 15
46, 19,3, 15
46, 20,3, 15
46, 21,3, 15
46, 22,3, 15
46, 23,3, 15
46, 24,3, 15
46, 25,3, 15
46, 26,3, 15
46, 27,3, 15
46, 28,3, 15
46, 29,3, 15
46, 30,3, 15
46, 31,3, 15
46, 32,3, 15
46, 33,3, 15
46, 34,3, 15
46, 35,3, 15
46, 36,3, 15
46, 37,3, 15
46, 38,3, 15
46, 39,3, 15
46, 0,4, 15
46, 1,4, 15
46, 2,4, 15
46, 3,4, 15
46, 4,4, 15
46, 5,4, 15
46, 6,4, 15
46, 7,4, 15
46, 8,4, 15
46, 9,4, 15
46, 10,4, 15
46, 11,4, 15
46, 12,4, 15
46, 13,4, 15
46, 14,4, 15
46, 15,4, 15
46, 16,4, 15
46, 17,4, 15
46, 18,4, 15
46, 19,4, 15
46, 20,4, 15
46, 21,4, 15
46, 22,4, 15
46, 23,4, 15
46, 24,4, 15
46, 25,4, 15
46, 26,4, 15
46, 27,4, 15
46, 28,4, 15
46, 29,4, 15
46, 30,4, 15
46, 31,4, 15
46, 32,4, 15
46, 33,4, 15
46, 34,4, 15
46, 35,4, 15
46, 36,4, 15
46, 37,4, 15
46, 38,4, 15
46, 39,4, 15
47, 0,0, 15
47, 1,0, 15
47, 2,0, 15
47, 3,0, 15
47, 4,0, 15
47, 5,0, 15
47, 6,0, 15
47, 7,0, 15
47, 8,0, 15
47, 9,0, 15
47, 10,0, 15
47, 11,0, 15
47, 12,0, 15
47, 13,0, 15
47, 14,0, 15
47, 15,0, 15
47, 16,0, 15
47, 17,0, 15
47, 18,0, 15
47, 19,0, 15
47, 20,0, 15
47, 21,0, 15
47, 22,0, 15
47, 23,0, 15
47, 24,0, 15
47, 25,0, 15
47, 26,0, 15
47, 27,0, 15
47, 28,0, 15
47, 29,0, 15
47, 30,0, 15
47, 31,0, 15
47, 32,0, 15
47, 33,0, 15
47, 34,0, 15
47, 35,0, 15
47, 36,0, 15
47, 37,0, 15
47, 38,0, 15
47, 39,0, 15
47, 0,1, 15
47, 1,1, 15
47, 2,1, 15
47, 3,1, 15
47, 4,1, 15
47, 5,1, 15
47, 6,1, 15
47, 7,1, 15
47, 8,1, 15
47, 9,1, 15
47, 10,1, 15
47, 11,1, 15
47, 12,1, 15
47, 13,1, 15
47, 14,1, 15
47, 15,1, 15
47, 16,1, 15
47, 17,1, 15
47, 18,1, 15
47, 19,1, 15
47, 20,1, 15
47, 21,1, 15
47, 22,1, 15
47, 23,1, 15
47, 24,1, 15
47, 25,1, 15
47, 26,1, 15
47, 27,1, 15
47, 28,1, 15
47, 29,1, 15
47, 30,1, 15
47, 31,1, 15
47, 32,1, 15
47, 33,1, 15
47, 34,1, 15
47, 35,1, 15
47, 36,1, 15
47, 37,1, 15
47, 38,1, 15
47, 39,1, 15
47, 0,2, 15
47, 1,2, 15
47, 2,2, 15
47, 3,2, 15
47, 4,2, 15
47, 5,2, 15
47, 6,2, 15
47, 7,2, 15
47, 8,2, 15
47, 9,2, 15
47, 10,2, 15
47, 11,2, 15
47, 12,2, 15
47, 13,2, 15
47, 14,2, 15
47, 15,2, 15
47, 16,2, 15
47, 17,2, 15
47, 18,2, 15
47, 19,2, 15
47, 20,2, 15
47, 21,2, 15
47, 22,2, 15
47, 23,2, 15
47, 24,2, 15
47, 25,2, 15
47, 26,2, 15
47, 27,2, 15
47, 28,2, 15
47, 29,2, 15
47, 30,2, 15
47, 31,2, 15
47, 32,2, 15
47, 33,2, 15
47, 34,2, 15
47, 35,2, 15
47, 36,2, 15
47, 37,2, 15
47, 38,2, 15
47, 39,2, 15
47, 0,3, 15
47, 1,3, 15
47, 2,3, 15
47, 3,3, 15
47, 4,3, 15
47, 5,3, 15
47, 6,3, 15
47, 7,3, 15
47, 8,3, 15
47, 9,3, 15
47, 10,3, 15
47, 11,3, 15
47, 12,3, 15
47, 13,3, 15
47, 14,3, 15
47, 15,3, 15
47, 16,3, 15
47, 17,3, 15
47, 18,3, 15
47, 19,3, 15
47, 20,3, 15
47, 21,3, 15
47, 22,3, 15
47, 23,3, 15
47, 24,3, 15
47, 25,3, 15
47, 26,3, 15
47, 27,3, 15
47, 28,3, 15
47, 29,3, 15
47, 30,3, 15
47, 31,3, 15
47, 32,3, 15
47, 33,3, 15
47, 34,3, 15
47, 35,3, 15
47, 36,3, 15
47, 37,3, 15
47, 38,3, 15
47, 39,3, 15
47, 0,4, 15
47, 1,4, 15
47, 2,4, 15
47, 3,4, 15
47, 4,4, 15
47, 5,4, 15
47, 6,4, 15
47, 7,4, 15
47, 8,4, 15
47, 9,4, 15
47, 10,4, 15
47, 11,4, 15
47, 12,4, 15
47, 13,4, 15
47, 14,4, 15
47, 15,4, 15
47, 16,4, 15
47, 17,4, 15
47, 18,4, 15
47, 19,4, 15
47, 20,4, 15
47, 21,4, 15
47, 22,4, 15
47, 23,4, 15
47, 24,4, 15
47, 25,4, 15
47, 26,4, 15
47, 27,4, 15
47, 28,4, 15
47, 29,4, 15
47, 30,4, 15
47, 31,4, 15
47, 32,4, 15
47, 33,4, 15
47, 34,4, 15
47, 35,4, 15
47, 36,4, 15
47, 37,4, 15
47, 38,4, 15
47, 39,4, 15
48, 0,0, 15
48, 1,0, 15
48, 2,0, 15
48, 3,0, 15
48, 4,0, 15
48, 5,0, 15
48, 6,0, 15
48, 7,0, 15
48, 8,0, 15
48, 9,0, 15
48, 10,0, 15
48, 11,0, 15
48, 12,0, 15
48, 13,0, 15
48, 14,0, 15
48, 15,0, 15
48, 16,0, 15
48, 17,0, 15
48, 18,0, 15
48, 19,0, 15
48, 20,0, 15
48, 21,0, 15
48, 22,0, 15
48, 23,0, 15
48, 24,0, 15
48, 25,0, 15
48, 26,0, 15
48, 27,0, 15
48, 28,0, 15
48, 29,0, 15
48, 30,0, 15
48, 31,0, 15
48, 32,0, 15
48, 33,0, 15
48, 34,0, 15
48, 35,0, 15
48, 36,0, 15
48, 37,0, 15
48, 38,0, 15
48, 39,0, 15
48, 0,1, 15
48, 1,1, 15
48, 2,1, 15
48, 3,1, 15
48, 4,1, 15
48, 5,1, 15
48, 6,1, 15
48, 7,1, 15
48, 8,1, 15
48, 9,1, 15
48, 10,1, 15
48, 11,1, 15
48, 12,1, 15
48, 13,1, 15
48, 14,1, 15
48, 15,1, 15
48, 16,1, 15
48, 17,1, 15
48, 18,1, 15
48, 19,1, 15
48, 20,1, 15
48, 21,1, 15
48, 22,1, 15
48, 23,1, 15
48, 24,1, 15
48, 25,1, 15
48, 26,1, 15
48, 27,1, 15
48, 28,1, 15
48, 29,1, 15
48, 30,1, 15
48, 31,1, 15
48, 32,1, 15
48, 33,1, 15
48, 34,1, 15
48, 35,1, 15
48, 36,1, 15
48, 37,1, 15
48, 38,1, 15
48, 39,1, 15
48, 0,2, 15
48, 1,2, 15
48, 2,2, 15
48, 3,2, 15
48, 4,2, 15
48, 5,2, 15
48, 6,2, 15
48, 7,2, 15
48, 8,2, 15
48, 9,2, 15
48, 10,2, 15
48, 11,2, 15
48, 12,2, 15
48, 13,2, 15
48, 14,2, 15
48, 15,2, 15
48, 16,2, 15
48, 17,2, 15
48, 18,2, 15
48, 19,2, 15
48, 20,2, 15
48, 21,2, 15
48, 22,2, 15
48, 23,2, 15
48, 24,2, 15
48, 25,2, 15
48, 26,2, 15
48, 27,2, 15
48, 28,2, 15
48, 29,2, 15
48, 30,2, 15
48, 31,2, 15
48, 32,2, 15
48, 33,2, 15
48, 34,2, 15
48, 35,2, 15
48, 36,2, 15
48, 37,2, 15
48, 38,2, 15
48, 39,2, 15
48, 0,3, 15
48, 1,3, 15
48, 2,3, 15
48, 3,3, 15
48, 4,3, 15
48, 5,3, 15
48, 6,3, 15
48, 7,3, 15
48, 8,3, 15
48, 9,3, 15
48, 10,3, 15
48, 11,3, 15
48, 12,3, 15
48, 13,3, 15
48, 14,3, 15
48, 15,3, 15
48, 16,3, 15
48, 17,3, 15
48, 18,3, 15
48, 19,3, 15
48, 20,3, 15
48, 21,3, 15
48, 22,3, 15
48, 23,3, 15
48, 24,3, 15
48, 25,3, 15
48, 26,3, 15
48, 27,3, 15
48, 28,3, 15
48, 29,3, 15
48, 30,3, 15
48, 31,3, 15
48, 32,3, 15
48, 33,3, 15
48, 34,3, 15
48, 35,3, 15
48, 36,3, 15
48, 37,3, 15
48, 38,3, 15
48, 39,3, 15
48, 0,4, 15
48, 1,4, 15
48, 2,4, 15
48, 3,4, 15
48, 4,4, 15
48, 5,4, 15
48, 6,4, 15
48, 7,4, 15
48, 8,4, 15
48, 9,4, 15
48, 10,4, 15
48, 11,4, 15
48, 12,4, 15
48, 13,4, 15
48, 14,4, 15
48, 15,4, 15
48, 16,4, 15
48, 17,4, 15
48, 18,4, 15
48, 19,4, 15
48, 20,4, 15
48, 21,4, 15
48, 22,4, 15
48, 23,4, 15
48, 24,4, 15
48, 25,4, 15
48, 26,4, 15
48, 27,4, 15
48, 28,4, 15
48, 29,4, 15
48, 30,4, 15
48, 31,4, 15
48, 32,4, 15
48, 33,4, 15
48, 34,4, 15
48, 35,4, 15
48, 36,4, 15
48, 37,4, 15
48, 38,4, 15
48, 39,4, 15
49, 0,0, 15
49, 1,0, 15
49, 2,0, 15
49, 3,0, 15
49, 4,0, 15
49, 5,0, 15
49, 6,0, 15
49, 7,0, 15
49, 8,0, 15
49, 9,0, 15
49, 10,0, 15
49, 11,0, 15
49, 12,0, 15
49, 13,0, 15
49, 14,0, 15
49, 15,0, 15
49, 16,0, 15
49, 17,0, 15
49, 18,0, 15
49, 19,0, 15
49, 20,0, 15
49, 21,0, 15
49, 22,0, 15
49, 23,0, 15
49, 24,0, 15
49, 25,0, 15
49, 26,0, 15
49, 27,0, 15
49, 28,0, 15
49, 29,0, 15
49, 30,0, 15
49, 31,0, 15
49, 32,0, 15
49, 33,0, 15
49, 34,0, 15
49, 35,0, 15
49, 36,0, 15
49, 37,0, 15
49, 38,0, 15
49, 39,0, 15
49, 0,1, 15
49, 1,1, 15
49, 2,1, 15
49, 3,1, 15
49, 4,1, 15
49, 5,1, 15
49, 6,1, 15
49, 7,1, 15
49, 8,1, 15
49, 9,1, 15
49, 10,1, 15
49, 11,1, 15
49, 12,1, 15
49, 13,1, 15
49, 14,1, 15
49, 15,1, 15
49, 16,1, 15
49, 17,1, 15
49, 18,1, 15
49, 19,1, 15
49, 20,1, 15
49, 21,1, 15
49, 22,1, 15
49, 23,1, 15
49, 24,1, 15
49, 25,1, 15
49, 26,1, 15
49, 27,1, 15
49, 28,1, 15
49, 29,1, 15
49, 30,1, 15
49, 31,1, 15
49, 32,1, 15
49, 33,1, 15
49, 34,1, 15
49, 35,1, 15
49, 36,1, 15
49, 37,1, 15
49, 38,1, 15
49, 39,1, 15
49, 0,2, 15
49, 1,2, 15
49, 2,2, 15
49, 3,2, 15
49, 4,2, 15
49, 5,2, 15
49, 6,2, 15
49, 7,2, 15
49, 8,2, 15
49, 9,2, 15
49, 10,2, 15
49, 11,2, 15
49, 12,2, 15
49, 13,2, 15
49, 14,2, 15
49, 15,2, 15
49, 16,2, 15
49, 17,2, 15
49, 18,2, 15
49, 19,2, 15
49, 20,2, 15
49, 21,2, 15
49, 22,2, 15
49, 23,2, 15
49, 24,2, 15
49, 25,2, 15
49, 26,2, 15
49, 27,2, 15
49, 28,2, 15
49, 29,2, 15
49, 30,2, 15
49, 31,2, 15
49, 32,2, 15
49, 33,2, 15
49, 34,2, 15
49, 35,2, 15
49, 36,2, 15
49, 37,2, 15
49, 38,2, 15
49, 39,2, 15
49, 0,3, 15
49, 1,3, 15
49, 2,3, 15
49, 3,3, 15
49, 4,3, 15
49, 5,3, 15
49, 6,3, 15
49, 7,3, 15
49, 8,3, 15
49, 9,3, 15
49, 10,3, 15
49, 11,3, 15
49, 12,3, 15
49, 13,3, 15
49, 14,3, 15
49, 15,3, 15
49, 16,3, 15
49, 17,3, 15
49, 18,3, 15
49, 19,3, 15
49, 20,3, 15
49, 21,3, 15
49, 22,3, 15
49, 23,3, 15
49, 24,3, 15
49, 25,3, 15
49, 26,3, 15
49, 27,3, 15
49, 28,3, 15
49, 29,3, 15
49, 30,3, 15
49, 31,3, 15
49, 32,3, 15
49, 33,3, 15
49, 34,3, 15
49, 35,3, 15
49, 36,3, 15
49, 37,3, 15
49, 38,3, 15
49, 39,3, 15
49, 0,4, 15
49, 1,4, 15
49, 2,4, 15
49, 3,4, 15
49, 4,4, 15
49, 5,4, 15
49, 6,4, 15
49, 7,4, 15
49, 8,4, 15
49, 9,4, 15
49, 10,4, 15
49, 11,4, 15
49, 12,4, 15
49, 13,4, 15
49, 14,4, 15
49, 15,4, 15
49, 16,4, 15
49, 17,4, 15
49, 18,4, 15
49, 19,4, 15
49, 20,4, 15
49, 21,4, 15
49, 22,4, 15
49, 23,4, 15
49, 24,4, 15
49, 25,4, 15
49, 26,4, 15
49, 27,4, 15
49, 28,4, 15
49, 29,4, 15
49, 30,4, 15
49, 31,4, 15
49, 32,4, 15
49, 33,4, 15
49, 34,4, 15
49, 35,4, 15
49, 36,4, 15
49, 37,4, 15
49, 38,4, 15
49, 39,4, 15
50, 0,0, 15
50, 1,0, 15
50, 2,0, 15
50, 3,0, 15
50, 4,0, 15
50, 5,0, 15
50, 6,0, 15
50, 7,0, 15
50, 8,0, 15
50, 9,0, 15
50, 10,0, 15
50, 11,0, 15
50, 12,0, 15
50, 13,0, 15
50, 14,0, 15
50, 15,0, 15
50, 16,0, 15
50, 17,0, 15
50, 18,0, 15
50, 19,0, 15
50, 20,0, 15
50, 21,0, 15
50, 22,0, 15
50, 23,0, 15
50, 24,0, 15
50, 25,0, 15
50, 26,0, 15
50, 27,0, 15
50, 28,0, 15
50, 29,0, 15
50, 30,0, 15
50, 31,0, 15
50, 32,0, 15
50, 33,0, 15
50, 34,0, 15
50, 35,0, 15
50, 36,0, 15
50, 37,0, 15
50, 38,0, 15
50, 39,0, 15
50, 0,1, 15
50, 1,1, 15
50, 2,1, 15
50, 3,1, 15
50, 4,1, 15
50, 5,1, 15
50, 6,1, 15
50, 7,1, 15
50, 8,1, 15
50, 9,1, 15
50, 10,1, 15
50, 11,1, 15
50, 12,1, 15
50, 13,1, 15
50, 14,1, 15
50, 15,1, 15
50, 16,1, 15
50, 17,1, 15
50, 18,1, 15
50, 19,1, 15
50, 20,1, 15
50, 21,1, 15
50, 22,1, 15
50, 23,1, 15
50, 24,1, 15
50, 25,1, 15
50, 26,1, 15
50, 27,1, 15
50, 28,1, 15
50, 29,1, 15
50, 30,1, 15
50, 31,1, 15
50, 32,1, 15
50, 33,1, 15
50, 34,1, 15
50, 35,1, 15
50, 36,1, 15
50, 37,1, 15
50, 38,1, 15
50, 39,1, 15
50, 0,2, 15
50, 1,2, 15
50, 2,2, 15
50, 3,2, 15
50, 4,2, 15
50, 5,2, 15
50, 6,2, 15
50, 7,2, 15
50, 8,2, 15
50, 9,2, 15
50, 10,2, 15
50, 11,2, 15
50, 12,2, 15
50, 13,2, 15
50, 14,2, 15
50, 15,2, 15
50, 16,2, 15
50, 17,2, 15
50, 18,2, 15
50, 19,2, 15
50, 20,2, 15
50, 21,2, 15
50, 22,2, 15
50, 23,2, 15
50, 24,2, 15
50, 25,2, 15
50, 26,2, 15
50, 27,2, 15
50, 28,2, 15
50, 29,2, 15
50, 30,2, 15
50, 31,2, 15
50, 32,2, 15
50, 33,2, 15
50, 34,2, 15
50, 35,2, 15
50, 36,2, 15
50, 37,2, 15
50, 38,2, 15
50, 39,2, 15
50, 0,3, 15
50, 1,3, 15
50, 2,3, 15
50, 3,3, 15
50, 4,3, 15
50, 5,3, 15
50, 6,3, 15
50, 7,3, 15
50, 8,3, 15
50, 9,3, 15
50, 10,3, 15
50, 11,3, 15
50, 12,3, 15
50, 13,3, 15
50, 14,3, 15
50, 15,3, 15
50, 16,3, 15
50, 17,3, 15
50, 18,3, 15
50, 19,3, 15
50, 20,3, 15
50, 21,3, 15
50, 22,3, 15
50, 23,3, 15
50, 24,3, 15
50, 25,3, 15
50, 26,3, 15
50, 27,3, 15
50, 28,3, 15
50, 29,3, 15
50, 30,3, 15
50, 31,3, 15
50, 32,3, 15
50, 33,3, 15
50, 34,3, 15
50, 35,3, 15
50, 36,3, 15
50, 37,3, 15
50, 38,3, 15
50, 39,3, 15
50, 0,4, 15
50, 1,4, 15
50, 2,4, 15
50, 3,4, 15
50, 4,4, 15
50, 5,4, 15
50, 6,4, 15
50, 7,4, 15
50, 8,4, 15
50, 9,4, 15
50, 10,4, 15
50, 11,4, 15
50, 12,4, 15
50, 13,4, 15
50, 14,4, 15
50, 15,4, 15
50, 16,4, 15
50, 17,4, 15
50, 18,4, 15
50, 19,4, 15
50, 20,4, 15
50, 21,4, 15
50, 22,4, 15
50, 23,4, 15
50, 24,4, 15
50, 25,4, 15
50, 26,4, 15
50, 27,4, 15
50, 28,4, 15
50, 29,4, 15
50, 30,4, 15
50, 31,4, 15
50, 32,4, 15
50, 33,4, 15
50, 34,4, 15
50, 35,4, 15
50, 36,4, 15
50, 37,4, 15
50, 38,4, 15
50, 39,4, 15
51, 0,0, 15
51, 1,0, 15
51, 2,0, 15
51, 3,0, 15
51, 4,0, 15
51, 5,0, 15
51, 6,0, 15
51, 7,0, 15
51, 8,0, 15
51, 9,0, 15
51, 10,0, 15
51, 11,0, 15
51, 12,0, 15
51, 13,0, 15
51, 14,0, 15
51, 15,0, 15
51, 16,0, 15
51, 17,0, 15
51, 18,0, 15
51, 19,0, 15
51, 20,0, 15
51, 21,0, 15
51, 22,0, 15
51, 23,0, 15
51, 24,0, 15
51, 25,0, 15
51, 26,0, 15
51, 27,0, 15
51, 28,0, 15
51, 29,0, 15
51, 30,0, 15
51, 31,0, 15
51, 32,0, 15
51, 33,0, 15
51, 34,0, 15
51, 35,0, 15
51, 36,0, 15
51, 37,0, 15
51, 38,0, 15
51, 39,0, 15
51, 0,1, 15
51, 1,1, 15
51, 2,1, 15
51, 3,1, 15
51, 4,1, 15
51, 5,1, 15
51, 6,1, 15
51, 7,1, 15
51, 8,1, 15
51, 9,1, 15
51, 10,1, 15
51, 11,1, 15
51, 12,1, 15
51, 13,1, 15
51, 14,1, 15
51, 15,1, 15
51, 16,1, 15
51, 17,1, 15
51, 18,1, 15
51, 19,1, 15
51, 20,1, 15
51, 21,1, 15
51, 22,1, 15
51, 23,1, 15
51, 24,1, 15
51, 25,1, 15
51, 26,1, 15
51, 27,1, 15
51, 28,1, 15
51, 29,1, 15
51, 30,1, 15
51, 31,1, 15
51, 32,1, 15
51, 33,1, 15
51, 34,1, 15
51, 35,1, 15
51, 36,1, 15
51, 37,1, 15
51, 38,1, 15
51, 39,1, 15
51, 0,2, 15
51, 1,2, 15
51, 2,2, 15
51, 3,2, 15
51, 4,2, 15
51, 5,2, 15
51, 6,2, 15
51, 7,2, 15
51, 8,2, 15
51, 9,2, 15
51, 10,2, 15
51, 11,2, 15
51, 12,2, 15
51, 13,2, 15
51, 14,2, 15
51, 15,2, 15
51, 16,2, 15
51, 17,2, 15
51, 18,2, 15
51, 19,2, 15
51, 20,2, 15
51, 21,2, 15
51, 22,2, 15
51, 23,2, 15
51, 24,2, 15
51, 25,2, 15
51, 26,2, 15
51, 27,2, 15
51, 28,2, 15
51, 29,2, 15
51, 30,2, 15
51, 31,2, 15
51, 32,2, 15
51, 33,2, 15
51, 34,2, 15
51, 35,2, 15
51, 36,2, 15
51, 37,2, 15
51, 38,2, 15
51, 39,2, 15
51, 0,3, 15
51, 1,3, 15
51, 2,3, 15
51, 3,3, 15
51, 4,3, 15
51, 5,3, 15
51, 6,3, 15
51, 7,3, 15
51, 8,3, 15
51, 9,3, 15
51, 10,3, 15
51, 11,3, 15
51, 12,3, 15
51, 13,3, 15
51, 14,3, 15
51, 15,3, 15
51, 16,3, 15
51, 17,3, 15
51, 18,3, 15
51, 19,3, 15
51, 20,3, 15
51, 21,3, 15
51, 22,3, 15
51, 23,3, 15
51, 24,3, 15
51, 25,3, 15
51, 26,3, 15
51, 27,3, 15
51, 28,3, 15
51, 29,3, 15
51, 30,3, 15
51, 31,3, 15
51, 32,3, 15
51, 33,3, 15
51, 34,3, 15
51, 35,3, 15
51, 36,3, 15
51, 37,3, 15
51, 38,3, 15
51, 39,3, 15
51, 0,4, 15
51, 1,4, 15
51, 2,4, 15
51, 3,4, 15
51, 4,4, 15
51, 5,4, 15
51, 6,4, 15
51, 7,4, 15
51, 8,4, 15
51, 9,4, 15
51, 10,4, 15
51, 11,4, 15
51, 12,4, 15
51, 13,4, 15
51, 14,4, 15
51, 15,4, 15
51, 16,4, 15
51, 17,4, 15
51, 18,4, 15
51, 19,4, 15
51, 20,4, 15
51, 21,4, 15
51, 22,4, 15
51, 23,4, 15
51, 24,4, 15
51, 25,4, 15
51, 26,4, 15
51, 27,4, 15
51, 28,4, 15
51, 29,4, 15
51, 30,4, 15
51, 31,4, 15
51, 32,4, 15
51, 33,4, 15
51, 34,4, 15
51, 35,4, 15
51, 36,4, 15
51, 37,4, 15
51, 38,4, 15
51, 39,4, 15
52, 0,0, 15
52, 1,0, 15
52, 2,0, 15
52, 3,0, 15
52, 4,0, 15
52, 5,0, 15
52, 6,0, 15
52, 7,0, 15
52, 8,0, 15
52, 9,0, 15
52, 10,0, 15
52, 11,0, 15
52, 12,0, 15
52, 13,0, 15
52, 14,0, 15
52, 15,0, 15
52, 16,0, 15
52, 17,0, 15
52, 18,0, 15
52, 19,0, 15
52, 20,0, 15
52, 21,0, 15
52, 22,0, 15
52, 23,0, 15
52, 24,0, 15
52, 25,0, 15
52, 26,0, 15
52, 27,0, 15
52, 28,0, 15
52, 29,0, 15
52, 30,0, 15
52, 31,0, 15
52, 32,0, 15
52, 33,0, 15
52, 34,0, 15
52, 35,0, 15
52, 36,0, 15
52, 37,0, 15
52, 38,0, 15
52, 39,0, 15
52, 0,1, 15
52, 1,1, 15
52, 2,1, 15
52, 3,1, 15
52, 4,1, 15
52, 5,1, 15
52, 6,1, 15
52, 7,1, 15
52, 8,1, 15
52, 9,1, 15
52, 10,1, 15
52, 11,1, 15
52, 12,1, 15
52, 13,1, 15
52, 14,1, 15
52, 15,1, 15
52, 16,1, 15
52, 17,1, 15
52, 18,1, 15
52, 19,1, 15
52, 20,1, 15
52, 21,1, 15
52, 22,1, 15
52, 23,1, 15
52, 24,1, 15
52, 25,1, 15
52, 26,1, 15
52, 27,1, 15
52, 28,1, 15
52, 29,1, 15
52, 30,1, 15
52, 31,1, 15
52, 32,1, 15
52, 33,1, 15
52, 34,1, 15
52, 35,1, 15
52, 36,1, 15
52, 37,1, 15
52, 38,1, 15
52, 39,1, 15
52, 0,2, 15
52, 1,2, 15
52, 2,2, 15
52, 3,2, 15
52, 4,2, 15
52, 5,2, 15
52, 6,2, 15
52, 7,2, 15
52, 8,2, 15
52, 9,2, 15
52, 10,2, 15
52, 11,2, 15
52, 12,2, 15
52, 13,2, 15
52, 14,2, 15
52, 15,2, 15
52, 16,2, 15
52, 17,2, 15
52, 18,2, 15
52, 19,2, 15
52, 20,2, 15
52, 21,2, 15
52, 22,2, 15
52, 23,2, 15
52, 24,2, 15
52, 25,2, 15
52, 26,2, 15
52, 27,2, 15
52, 28,2, 15
52, 29,2, 15
52, 30,2, 15
52, 31,2, 15
52, 32,2, 15
52, 33,2, 15
52, 34,2, 15
52, 35,2, 15
52, 36,2, 15
52, 37,2, 15
52, 38,2, 15
52, 39,2, 15
52, 0,3, 15
52, 1,3, 15
52, 2,3, 15
52, 3,3, 15
52, 4,3, 15
52, 5,3, 15
52, 6,3, 15
52, 7,3, 15
52, 8,3, 15
52, 9,3, 15
52, 10,3, 15
52, 11,3, 15
52, 12,3, 15
52, 13,3, 15
52, 14,3, 15
52, 15,3, 15
52, 16,3, 15
52, 17,3, 15
52, 18,3, 15
52, 19,3, 15
52, 20,3, 15
52, 21,3, 15
52, 22,3, 15
52, 23,3, 15
52, 24,3, 15
52, 25,3, 15
52, 26,3, 15
52, 27,3, 15
52, 28,3, 15
52, 29,3, 15
52, 30,3, 15
52, 31,3, 15
52, 32,3, 15
52, 33,3, 15
52, 34,3, 15
52, 35,3, 15
52, 36,3, 15
52, 37,3, 15
52, 38,3, 15
52, 39,3, 15
52, 0,4, 15
52, 1,4, 15
52, 2,4, 15
52, 3,4, 15
52, 4,4, 15
52, 5,4, 15
52, 6,4, 15
52, 7,4, 15
52, 8,4, 15
52, 9,4, 15
52, 10,4, 15
52, 11,4, 15
52, 12,4, 15
52, 13,4, 15
52, 14,4, 15
52, 15,4, 15
52, 16,4, 15
52, 17,4, 15
52, 18,4, 15
52, 19,4, 15
52, 20,4, 15
52, 21,4, 15
52, 22,4, 15
52, 23,4, 15
52, 24,4, 15
52, 25,4, 15
52, 26,4, 15
52, 27,4, 15
52, 28,4, 15
52, 29,4, 15
52, 30,4, 15
52, 31,4, 15
52, 32,4, 15
52, 33,4, 15
52, 34,4, 15
52, 35,4, 15
52, 36,4, 15
52, 37,4, 15
52, 38,4, 15
52, 39,4, 15
53, 0,0, 15
53, 1,0, 15
53, 2,0, 15
53, 3,0, 15
53, 4,0, 15
53, 5,0, 15
53, 6,0, 15
53, 7,0, 15
53, 8,0, 15
53, 9,0, 15
53, 10,0, 15
53, 11,0, 15
53, 12,0, 15
53, 13,0, 15
53, 14,0, 15
53, 15,0, 15
53, 16,0, 15
53, 17,0, 15
53, 18,0, 15
53, 19,0, 15
53, 20,0, 15
53, 21,0, 15
53, 22,0, 15
53, 23,0, 15
53, 24,0, 15
53, 25,0, 15
53, 26,0, 15
53, 27,0, 15
53, 28,0, 15
53, 29,0, 15
53, 30,0, 15
53, 31,0, 15
53, 32,0, 15
53, 33,0, 15
53, 34,0, 15
53, 35,0, 15
53, 36,0, 15
53, 37,0, 15
53, 38,0, 15
53, 39,0, 15
53, 0,1, 15
53, 1,1, 15
53, 2,1, 15
53, 3,1, 15
53, 4,1, 15
53, 5,1, 15
53, 6,1, 15
53, 7,1, 15
53, 8,1, 15
53, 9,1, 15
53, 10,1, 15
53, 11,1, 15
53, 12,1, 15
53, 13,1, 15
53, 14,1, 15
53, 15,1, 15
53, 16,1, 15
53, 17,1, 15
53, 18,1, 15
53, 19,1, 15
53, 20,1, 15
53, 21,1, 15
53, 22,1, 15
53, 23,1, 15
53, 24,1, 15
53, 25,1, 15
53, 26,1, 15
53, 27,1, 15
53, 28,1, 15
53, 29,1, 15
53, 30,1, 15
53, 31,1, 15
53, 32,1, 15
53, 33,1, 15
53, 34,1, 15
53, 35,1, 15
53, 36,1, 15
53, 37,1, 15
53, 38,1, 15
53, 39,1, 15
53, 0,2, 15
53, 1,2, 15
53, 2,2, 15
53, 3,2, 15
53, 4,2, 15
53, 5,2, 15
53, 6,2, 15
53, 7,2, 15
53, 8,2, 15
53, 9,2, 15
53, 10,2, 15
53, 11,2, 15
53, 12,2, 15
53, 13,2, 15
53, 14,2, 15
53, 15,2, 15
53, 16,2, 15
53, 17,2, 15
53, 18,2, 15
53, 19,2, 15
53, 20,2, 15
53, 21,2, 15
53, 22,2, 15
53, 23,2, 15
53, 24,2, 15
53, 25,2, 15
53, 26,2, 15
53, 27,2, 15
53, 28,2, 15
53, 29,2, 15
53, 30,2, 15
53, 31,2, 15
53, 32,2, 15
53, 33,2, 15
53, 34,2, 15
53, 35,2, 15
53, 36,2, 15
53, 37,2, 15
53, 38,2, 15
53, 39,2, 15
53, 0,3, 15
53, 1,3, 15
53, 2,3, 15
53, 3,3, 15
53, 4,3, 15
53, 5,3, 15
53, 6,3, 15
53, 7,3, 15
53, 8,3, 15
53, 9,3, 15
53, 10,3, 15
53, 11,3, 15
53, 12,3, 15
53, 13,3, 15
53, 14,3, 15
53, 15,3, 15
53, 16,3, 15
53, 17,3, 15
53, 18,3, 15
53, 19,3, 15
53, 20,3, 15
53, 21,3, 15
53, 22,3, 15
53, 23,3, 15
53, 24,3, 15
53, 25,3, 15
53, 26,3, 15
53, 27,3, 15
53, 28,3, 15
53, 29,3, 15
53, 30,3, 15
53, 31,3, 15
53, 32,3, 15
53, 33,3, 15
53, 34,3, 15
53, 35,3, 15
53, 36,3, 15
53, 37,3, 15
53, 38,3, 15
53, 39,3, 15
53, 0,4, 15
53, 1,4, 15
53, 2,4, 15
53, 3,4, 15
53, 4,4, 15
53, 5,4, 15
53, 6,4, 15
53, 7,4, 15
53, 8,4, 15
53, 9,4, 15
53, 10,4, 15
53, 11,4, 15
53, 12,4, 15
53, 13,4, 15
53, 14,4, 15
53, 15,4, 15
53, 16,4, 15
53, 17,4, 15
53, 18,4, 15
53, 19,4, 15
53, 20,4, 15
53, 21,4, 15
53, 22,4, 15
53, 23,4, 15
53, 24,4, 15
53, 25,4, 15
53, 26,4, 15
53, 27,4, 15
53, 28,4, 15
53, 29,4, 15
53, 30,4, 15
53, 31,4, 15
53, 32,4, 15
53, 33,4, 15
53, 34,4, 15
53, 35,4, 15
53, 36,4, 15
53, 37,4, 15
53, 38,4, 15
53, 39,4, 15
54, 0,0, 15
54, 1,0, 15
54, 2,0, 15
54, 3,0, 15
54, 4,0, 15
54, 5,0, 15
54, 6,0, 15
54, 7,0, 15
54, 8,0, 15
54, 9,0, 15
54, 10,0, 15
54, 11,0, 15
54, 12,0, 15
54, 13,0, 15
54, 14,0, 15
54, 15,0, 15
54, 16,0, 15
54, 17,0, 15
54, 18,0, 15
54, 19,0, 15
54, 20,0, 15
54, 21,0, 15
54, 22,0, 15
54, 23,0, 15
54, 24,0, 15
54, 25,0, 15
54, 26,0, 15
54, 27,0, 15
54, 28,0, 15
54, 29,0, 15
54, 30,0, 15
54, 31,0, 15
54, 32,0, 15
54, 33,0, 15
54, 34,0, 15
54, 35,0, 15
54, 36,0, 15
54, 37,0, 15
54, 38,0, 15
54, 39,0, 15
54, 0,1, 15
54, 1,1, 15
54, 2,1, 15
54, 3,1, 15
54, 4,1, 15
54, 5,1, 15
54, 6,1, 15
54, 7,1, 15
54, 8,1, 15
54, 9,1, 15
54, 10,1, 15
54, 11,1, 15
54, 12,1, 15
54, 13,1, 15
54, 14,1, 15
54, 15,1, 15
54, 16,1, 15
54, 17,1, 15
54, 18,1, 15
54, 19,1, 15
54, 20,1, 15
54, 21,1, 15
54, 22,1, 15
54, 23,1, 15
54, 24,1, 15
54, 25,1, 15
54, 26,1, 15
54, 27,1, 15
54, 28,1, 15
54, 29,1, 15
54, 30,1, 15
54, 31,1, 15
54, 32,1, 15
54, 33,1, 15
54, 34,1, 15
54, 35,1, 15
54, 36,1, 15
54, 37,1, 15
54, 38,1, 15
54, 39,1, 15
54, 0,2, 15
54, 1,2, 15
54, 2,2, 15
54, 3,2, 15
54, 4,2, 15
54, 5,2, 15
54, 6,2, 15
54, 7,2, 15
54, 8,2, 15
54, 9,2, 15
54, 10,2, 15
54, 11,2, 15
54, 12,2, 15
54, 13,2, 15
54, 14,2, 15
54, 15,2, 15
54, 16,2, 15
54, 17,2, 15
54, 18,2, 15
54, 19,2, 15
54, 20,2, 15
54, 21,2, 15
54, 22,2, 15
54, 23,2, 15
54, 24,2, 15
54, 25,2, 15
54, 26,2, 15
54, 27,2, 15
54, 28,2, 15
54, 29,2, 15
54, 30,2, 15
54, 31,2, 15
54, 32,2, 15
54, 33,2, 15
54, 34,2, 15
54, 35,2, 15
54, 36,2, 15
54, 37,2, 15
54, 38,2, 15
54, 39,2, 15
54, 0,3, 15
54, 1,3, 15
54, 2,3, 15
54, 3,3, 15
54, 4,3, 15
54, 5,3, 15
54, 6,3, 15
54, 7,3, 15
54, 8,3, 15
54, 9,3, 15
54, 10,3, 15
54, 11,3, 15
54, 12,3, 15
54, 13,3, 15
54, 14,3, 15
54, 15,3, 15
54, 16,3, 15
54, 17,3, 15
54, 18,3, 15
54, 19,3, 15
54, 20,3, 15
54, 21,3, 15
54, 22,3, 15
54, 23,3, 15
54, 24,3, 15
54, 25,3, 15
54, 26,3, 15
54, 27,3, 15
54, 28,3, 15
54, 29,3, 15
54, 30,3, 15
54, 31,3, 15
54, 32,3, 15
54, 33,3, 15
54, 34,3, 15
54, 35,3, 15
54, 36,3, 15
54, 37,3, 15
54, 38,3, 15
54, 39,3, 15
54, 0,4, 15
54, 1,4, 15
54, 2,4, 15
54, 3,4, 15
54, 4,4, 15
54, 5,4, 15
54, 6,4, 15
54, 7,4, 15
54, 8,4, 15
54, 9,4, 15
54, 10,4, 15
54, 11,4, 15
54, 12,4, 15
54, 13,4, 15
54, 14,4, 15
54, 15,4, 15
54, 16,4, 15
54, 17,4, 15
54, 18,4, 15
54, 19,4, 15
54, 20,4, 15
54, 21,4, 15
54, 22,4, 15
54, 23,4, 15
54, 24,4, 15
54, 25,4, 15
54, 26,4, 15
54, 27,4, 15
54, 28,4, 15
54, 29,4, 15
54, 30,4, 15
54, 31,4, 15
54, 32,4, 15
54, 33,4, 15
54, 34,4, 15
54, 35,4, 15
54, 36,4, 15
54, 37,4, 15
54, 38,4, 15
54, 39,4, 15
55, 0,0, 15
55, 1,0, 15
55, 2,0, 15
55, 3,0, 15
55, 4,0, 15
55, 5,0, 15
55, 6,0, 15
55, 7,0, 15
55, 8,0, 15
55, 9,0, 15
55, 10,0, 15
55, 11,0, 15
55, 12,0, 15
55, 13,0, 15
55, 14,0, 15
55, 15,0, 15
55, 16,0, 15
55, 17,0, 15
55, 18,0, 15
55, 19,0, 15
55, 20,0, 15
55, 21,0, 15
55, 22,0, 15
55, 23,0, 15
55, 24,0, 15
55, 25,0, 15
55, 26,0, 15
55, 27,0, 15
55, 28,0, 15
55, 29,0, 15
55, 30,0, 15
55, 31,0, 15
55, 32,0, 15
55, 33,0, 15
55, 34,0, 15
55, 35,0, 15
55, 36,0, 15
55, 37,0, 15
55, 38,0, 15
55, 39,0, 15
55, 0,1, 15
55, 1,1, 15
55, 2,1, 15
55, 3,1, 15
55, 4,1, 15
55, 5,1, 15
55, 6,1, 15
55, 7,1, 15
55, 8,1, 15
55, 9,1, 15
55, 10,1, 15
55, 11,1, 15
55, 12,1, 15
55, 13,1, 15
55, 14,1, 15
55, 15,1, 15
55, 16,1, 15
55, 17,1, 15
55, 18,1, 15
55, 19,1, 15
55, 20,1, 15
55, 21,1, 15
55, 22,1, 15
55, 23,1, 15
55, 24,1, 15
55, 25,1, 15
55, 26,1, 15
55, 27,1, 15
55, 28,1, 15
55, 29,1, 15
55, 30,1, 15
55, 31,1, 15
55, 32,1, 15
55, 33,1, 15
55, 34,1, 15
55, 35,1, 15
55, 36,1, 15
55, 37,1, 15
55, 38,1, 15
55, 39,1, 15
55, 0,2, 15
55, 1,2, 15
55, 2,2, 15
55, 3,2, 15
55, 4,2, 15
55, 5,2, 15
55, 6,2, 15
55, 7,2, 15
55, 8,2, 15
55, 9,2, 15
55, 10,2, 15
55, 11,2, 15
55, 12,2, 15
55, 13,2, 15
55, 14,2, 15
55, 15,2, 15
55, 16,2, 15
55, 17,2, 15
55, 18,2, 15
55, 19,2, 15
55, 20,2, 15
55, 21,2, 15
55, 22,2, 15
55, 23,2, 15
55, 24,2, 15
55, 25,2, 15
55, 26,2, 15
55, 27,2, 15
55, 28,2, 15
55, 29,2, 15
55, 30,2, 15
55, 31,2, 15
55, 32,2, 15
55, 33,2, 15
55, 34,2, 15
55, 35,2, 15
55, 36,2, 15
55, 37,2, 15
55, 38,2, 15
55, 39,2, 15
55, 0,3, 15
55, 1,3, 15
55, 2,3, 15
55, 3,3, 15
55, 4,3, 15
55, 5,3, 15
55, 6,3, 15
55, 7,3, 15
55, 8,3, 15
55, 9,3, 15
55, 10,3, 15
55, 11,3, 15
55, 12,3, 15
55, 13,3, 15
55, 14,3, 15
55, 15,3, 15
55, 16,3, 15
55, 17,3, 15
55, 18,3, 15
55, 19,3, 15
55, 20,3, 15
55, 21,3, 15
55, 22,3, 15
55, 23,3, 15
55, 24,3, 15
55, 25,3, 15
55, 26,3, 15
55, 27,3, 15
55, 28,3, 15
55, 29,3, 15
55, 30,3, 15
55, 31,3, 15
55, 32,3, 15
55, 33,3, 15
55, 34,3, 15
55, 35,3, 15
55, 36,3, 15
55, 37,3, 15
55, 38,3, 15
55, 39,3, 15
55, 0,4, 15
55, 1,4, 15
55, 2,4, 15
55, 3,4, 15
55, 4,4, 15
55, 5,4, 15
55, 6,4, 15
55, 7,4, 15
55, 8,4, 15
55, 9,4, 15
55, 10,4, 15
55, 11,4, 15
55, 12,4, 15
55, 13,4, 15
55, 14,4, 15
55, 15,4, 15
55, 16,4, 15
55, 17,4, 15
55, 18,4, 15
55, 19,4, 15
55, 20,4, 15
55, 21,4, 15
55, 22,4, 15
55, 23,4, 15
55, 24,4, 15
55, 25,4, 15
55, 26,4, 15
55, 27,4, 15
55, 28,4, 15
55, 29,4, 15
55, 30,4, 15
55, 31,4, 15
55, 32,4, 15
55, 33,4, 15
55, 34,4, 15
55, 35,4, 15
55, 36,4, 15
55, 37,4, 15
55, 38,4, 15
55, 39,4, 15
56, 0,0, 15
56, 1,0, 15
56, 2,0, 15
56, 3,0, 15
56, 4,0, 15
56, 5,0, 15
56, 6,0, 15
56, 7,0, 15
56, 8,0, 15
56, 9,0, 15
56, 10,0, 15
56, 11,0, 15
56, 12,0, 15
56, 13,0, 15
56, 14,0, 15
56, 15,0, 15
56, 16,0, 15
56, 17,0, 15
56, 18,0, 15
56, 19,0, 15
56, 20,0, 15
56, 21,0, 15
56, 22,0, 15
56, 23,0, 15
56, 24,0, 15
56, 25,0, 15
56, 26,0, 15
56, 27,0, 15
56, 28,0, 15
56, 29,0, 15
56, 30,0, 15
56, 31,0, 15
56, 32,0, 15
56, 33,0, 15
56, 34,0, 15
56, 35,0, 15
56, 36,0, 15
56, 37,0, 15
56, 38,0, 15
56, 39,0, 15
56, 0,1, 15
56, 1,1, 15
56, 2,1, 15
56, 3,1, 15
56, 4,1, 15
56, 5,1, 15
56, 6,1, 15
56, 7,1, 15
56, 8,1, 15
56, 9,1, 15
56, 10,1, 15
56, 11,1, 15
56, 12,1, 15
56, 13,1, 15
56, 14,1, 15
56, 15,1, 15
56, 16,1, 15
56, 17,1, 15
56, 18,1, 15
56, 19,1, 15
56, 20,1, 15
56, 21,1, 15
56, 22,1, 15
56, 23,1, 15
56, 24,1, 15
56, 25,1, 15
56, 26,1, 15
56, 27,1, 15
56, 28,1, 15
56, 29,1, 15
56, 30,1, 15
56, 31,1, 15
56, 32,1, 15
56, 33,1, 15
56, 34,1, 15
56, 35,1, 15
56, 36,1, 15
56, 37,1, 15
56, 38,1, 15
56, 39,1, 15
56, 0,2, 15
56, 1,2, 15
56, 2,2, 15
56, 3,2, 15
56, 4,2, 15
56, 5,2, 15
56, 6,2, 15
56, 7,2, 15
56, 8,2, 15
56, 9,2, 15
56, 10,2, 15
56, 11,2, 15
56, 12,2, 15
56, 13,2, 15
56, 14,2, 15
56, 15,2, 15
56, 16,2, 15
56, 17,2, 15
56, 18,2, 15
56, 19,2, 15
56, 20,2, 15
56, 21,2, 15
56, 22,2, 15
56, 23,2, 15
56, 24,2, 15
56, 25,2, 15
56, 26,2, 15
56, 27,2, 15
56, 28,2, 15
56, 29,2, 15
56, 30,2, 15
56, 31,2, 15
56, 32,2, 15
56, 33,2, 15
56, 34,2, 15
56, 35,2, 15
56, 36,2, 15
56, 37,2, 15
56, 38,2, 15
56, 39,2, 15
56, 0,3, 15
56, 1,3, 15
56, 2,3, 15
56, 3,3, 15
56, 4,3, 15
56, 5,3, 15
56, 6,3, 15
56, 7,3, 15
56, 8,3, 15
56, 9,3, 15
56, 10,3, 15
56, 11,3, 15
56, 12,3, 15
56, 13,3, 15
56, 14,3, 15
56, 15,3, 15
56, 16,3, 15
56, 17,3, 15
56, 18,3, 15
56, 19,3, 15
56, 20,3, 15
56, 21,3, 15
56, 22,3, 15
56, 23,3, 15
56, 24,3, 15
56, 25,3, 15
56, 26,3, 15
56, 27,3, 15
56, 28,3, 15
56, 29,3, 15
56, 30,3, 15
56, 31,3, 15
56, 32,3, 15
56, 33,3, 15
56, 34,3, 15
56, 35,3, 15
56, 36,3, 15
56, 37,3, 15
56, 38,3, 15
56, 39,3, 15
56, 0,4, 15
56, 1,4, 15
56, 2,4, 15
56, 3,4, 15
56, 4,4, 15
56, 5,4, 15
56, 6,4, 15
56, 7,4, 15
56, 8,4, 15
56, 9,4, 15
56, 10,4, 15
56, 11,4, 15
56, 12,4, 15
56, 13,4, 15
56, 14,4, 15
56, 15,4, 15
56, 16,4, 15
56, 17,4, 15
56, 18,4, 15
56, 19,4, 15
56, 20,4, 15
56, 21,4, 15
56, 22,4, 15
56, 23,4, 15
56, 24,4, 15
56, 25,4, 15
56, 26,4, 15
56, 27,4, 15
56, 28,4, 15
56, 29,4, 15
56, 30,4, 15
56, 31,4, 15
56, 32,4, 15
56, 33,4, 15
56, 34,4, 15
56, 35,4, 15
56, 36,4, 15
56, 37,4, 15
56, 38,4, 15
56, 39,4, 15
57, 0,0, 15
57, 1,0, 15
57, 2,0, 15
57, 3,0, 15
57, 4,0, 15
57, 5,0, 15
57, 6,0, 15
57, 7,0, 15
57, 8,0, 15
57, 9,0, 15
57, 10,0, 15
57, 11,0, 15
57, 12,0, 15
57, 13,0, 15
57, 14,0, 15
57, 15,0, 15
57, 16,0, 15
57, 17,0, 15
57, 18,0, 15
57, 19,0, 15
57, 20,0, 15
57, 21,0, 15
57, 22,0, 15
57, 23,0, 15
57, 24,0, 15
57, 25,0, 15
57, 26,0, 15
57, 27,0, 15
57, 28,0, 15
57, 29,0, 15
57, 30,0, 15
57, 31,0, 15
57, 32,0, 15
57, 33,0, 15
57, 34,0, 15
57, 35,0, 15
57, 36,0, 15
57, 37,0, 15
57, 38,0, 15
57, 39,0, 15
57, 0,1, 15
57, 1,1, 15
57, 2,1, 15
57, 3,1, 15
57, 4,1, 15
57, 5,1, 15
57, 6,1, 15
57, 7,1, 15
57, 8,1, 15
57, 9,1, 15
57, 10,1, 15
57, 11,1, 15
57, 12,1, 15
57, 13,1, 15
57, 14,1, 15
57, 15,1, 15
57, 16,1, 15
57, 17,1, 15
57, 18,1, 15
57, 19,1, 15
57, 20,1, 15
57, 21,1, 15
57, 22,1, 15
57, 23,1, 15
57, 24,1, 15
57, 25,1, 15
57, 26,1, 15
57, 27,1, 15
57, 28,1, 15
57, 29,1, 15
57, 30,1, 15
57, 31,1, 15
57, 32,1, 15
57, 33,1, 15
57, 34,1, 15
57, 35,1, 15
57, 36,1, 15
57, 37,1, 15
57, 38,1, 15
57, 39,1, 15
57, 0,2, 15
57, 1,2, 15
57, 2,2, 15
57, 3,2, 15
57, 4,2, 15
57, 5,2, 15
57, 6,2, 15
57, 7,2, 15
57, 8,2, 15
57, 9,2, 15
57, 10,2, 15
57, 11,2, 15
57, 12,2, 15
57, 13,2, 15
57, 14,2, 15
57, 15,2, 15
57, 16,2, 15
57, 17,2, 15
57, 18,2, 15
57, 19,2, 15
57, 20,2, 15
57, 21,2, 15
57, 22,2, 15
57, 23,2, 15
57, 24,2, 15
57, 25,2, 15
57, 26,2, 15
57, 27,2, 15
57, 28,2, 15
57, 29,2, 15
57, 30,2, 15
57, 31,2, 15
57, 32,2, 15
57, 33,2, 15
57, 34,2, 15
57, 35,2, 15
57, 36,2, 15
57, 37,2, 15
57, 38,2, 15
57, 39,2, 15
57, 0,3, 15
57, 1,3, 15
57, 2,3, 15
57, 3,3, 15
57, 4,3, 15
57, 5,3, 15
57, 6,3, 15
57, 7,3, 15
57, 8,3, 15
57, 9,3, 15
57, 10,3, 15
57, 11,3, 15
57, 12,3, 15
57, 13,3, 15
57, 14,3, 15
57, 15,3, 15
57, 16,3, 15
57, 17,3, 15
57, 18,3, 15
57, 19,3, 15
57, 20,3, 15
57, 21,3, 15
57, 22,3, 15
57, 23,3, 15
57, 24,3, 15
57, 25,3, 15
57, 26,3, 15
57, 27,3, 15
57, 28,3, 15
57, 29,3, 15
57, 30,3, 15
57, 31,3, 15
57, 32,3, 15
57, 33,3, 15
57, 34,3, 15
57, 35,3, 15
57, 36,3, 15
57, 37,3, 15
57, 38,3, 15
57, 39,3, 15
57, 0,4, 15
57, 1,4, 15
57, 2,4, 15
57, 3,4, 15
57, 4,4, 15
57, 5,4, 15
57, 6,4, 15
57, 7,4, 15
57, 8,4, 15
57, 9,4, 15
57, 10,4, 15
57, 11,4, 15
57, 12,4, 15
57, 13,4, 15
57, 14,4, 15
57, 15,4, 15
57, 16,4, 15
57, 17,4, 15
57, 18,4, 15
57, 19,4, 15
57, 20,4, 15
57, 21,4, 15
57, 22,4, 15
57, 23,4, 15
57, 24,4, 15
57, 25,4, 15
57, 26,4, 15
57, 27,4, 15
57, 28,4, 15
57, 29,4, 15
57, 30,4, 15
57, 31,4, 15
57, 32,4, 15
57, 33,4, 15
57, 34,4, 15
57, 35,4, 15
57, 36,4, 15
57, 37,4, 15
57, 38,4, 15
57, 39,4, 15
58, 0,0, 15
58, 1,0, 15
58, 2,0, 15
58, 3,0, 15
58, 4,0, 15
58, 5,0, 15
58, 6,0, 15
58, 7,0, 15
58, 8,0, 15
58, 9,0, 15
58, 10,0, 15
58, 11,0, 15
58, 12,0, 15
58, 13,0, 15
58, 14,0, 15
58, 15,0, 15
58, 16,0, 15
58, 17,0, 15
58, 18,0, 15
58, 19,0, 15
58, 20,0, 15
58, 21,0, 15
58, 22,0, 15
58, 23,0, 15
58, 24,0, 15
58, 25,0, 15
58, 26,0, 15
58, 27,0, 15
58, 28,0, 15
58, 29,0, 15
58, 30,0, 15
58, 31,0, 15
58, 32,0, 15
58, 33,0, 15
58, 34,0, 15
58, 35,0, 15
58, 36,0, 15
58, 37,0, 15
58, 38,0, 15
58, 39,0, 15
58, 0,1, 15
58, 1,1, 15
58, 2,1, 15
58, 3,1, 15
58, 4,1, 15
58, 5,1, 15
58, 6,1, 15
58, 7,1, 15
58, 8,1, 15
58, 9,1, 15
58, 10,1, 15
58, 11,1, 15
58, 12,1, 15
58, 13,1, 15
58, 14,1, 15
58, 15,1, 15
58, 16,1, 15
58, 17,1, 15
58, 18,1, 15
58, 19,1, 15
58, 20,1, 15
58, 21,1, 15
58, 22,1, 15
58, 23,1, 15
58, 24,1, 15
58, 25,1, 15
58, 26,1, 15
58, 27,1, 15
58, 28,1, 15
58, 29,1, 15
58, 30,1, 15
58, 31,1, 15
58, 32,1, 15
58, 33,1, 15
58, 34,1, 15
58, 35,1, 15
58, 36,1, 15
58, 37,1, 15
58, 38,1, 15
58, 39,1, 15
58, 0,2, 15
58, 1,2, 15
58, 2,2, 15
58, 3,2, 15
58, 4,2, 15
58, 5,2, 15
58, 6,2, 15
58, 7,2, 15
58, 8,2, 15
58, 9,2, 15
58, 10,2, 15
58, 11,2, 15
58, 12,2, 15
58, 13,2, 15
58, 14,2, 15
58, 15,2, 15
58, 16,2, 15
58, 17,2, 15
58, 18,2, 15
58, 19,2, 15
58, 20,2, 15
58, 21,2, 15
58, 22,2, 15
58, 23,2, 15
58, 24,2, 15
58, 25,2, 15
58, 26,2, 15
58, 27,2, 15
58, 28,2, 15
58, 29,2, 15
58, 30,2, 15
58, 31,2, 15
58, 32,2, 15
58, 33,2, 15
58, 34,2, 15
58, 35,2, 15
58, 36,2, 15
58, 37,2, 15
58, 38,2, 15
58, 39,2, 15
58, 0,3, 15
58, 1,3, 15
58, 2,3, 15
58, 3,3, 15
58, 4,3, 15
58, 5,3, 15
58, 6,3, 15
58, 7,3, 15
58, 8,3, 15
58, 9,3, 15
58, 10,3, 15
58, 11,3, 15
58, 12,3, 15
58, 13,3, 15
58, 14,3, 15
58, 15,3, 15
58, 16,3, 15
58, 17,3, 15
58, 18,3, 15
58, 19,3, 15
58, 20,3, 15
58, 21,3, 15
58, 22,3, 15
58, 23,3, 15
58, 24,3, 15
58, 25,3, 15
58, 26,3, 15
58, 27,3, 15
58, 28,3, 15
58, 29,3, 15
58, 30,3, 15
58, 31,3, 15
58, 32,3, 15
58, 33,3, 15
58, 34,3, 15
58, 35,3, 15
58, 36,3, 15
58, 37,3, 15
58, 38,3, 15
58, 39,3, 15
58, 0,4, 15
58, 1,4, 15
58, 2,4, 15
58, 3,4, 15
58, 4,4, 15
58, 5,4, 15
58, 6,4, 15
58, 7,4, 15
58, 8,4, 15
58, 9,4, 15
58, 10,4, 15
58, 11,4, 15
58, 12,4, 15
58, 13,4, 15
58, 14,4, 15
58, 15,4, 15
58, 16,4, 15
58, 17,4, 15
58, 18,4, 15
58, 19,4, 15
58, 20,4, 15
58, 21,4, 15
58, 22,4, 15
58, 23,4, 15
58, 24,4, 15
58, 25,4, 15
58, 26,4, 15
58, 27,4, 15
58, 28,4, 15
58, 29,4, 15
58, 30,4, 15
58, 31,4, 15
58, 32,4, 15
58, 33,4, 15
58, 34,4, 15
58, 35,4, 15
58, 36,4, 15
58, 37,4, 15
58, 38,4, 15
58, 39,4, 15
59, 0,0, 15
59, 1,0, 15
59, 2,0, 15
59, 3,0, 15
59, 4,0, 15
59, 5,0, 15
59, 6,0, 15
59, 7,0, 15
59, 8,0, 15
59, 9,0, 15
59, 10,0, 15
59, 11,0, 15
59, 12,0, 15
59, 13,0, 15
59, 14,0, 15
59, 15,0, 15
59, 16,0, 15
59, 17,0, 15
59, 18,0, 15
59, 19,0, 15
59, 20,0, 15
59, 21,0, 15
59, 22,0, 15
59, 23,0, 15
59, 24,0, 15
59, 25,0, 15
59, 26,0, 15
59, 27,0, 15
59, 28,0, 15
59, 29,0, 15
59, 30,0, 15
59, 31,0, 15
59, 32,0, 15
59, 33,0, 15
59, 34,0, 15
59, 35,0, 15
59, 36,0, 15
59, 37,0, 15
59, 38,0, 15
59, 39,0, 15
59, 0,1, 15
59, 1,1, 15
59, 2,1, 15
59, 3,1, 15
59, 4,1, 15
59, 5,1, 15
59, 6,1, 15
59, 7,1, 15
59, 8,1, 15
59, 9,1, 15
59, 10,1, 15
59, 11,1, 15
59, 12,1, 15
59, 13,1, 15
59, 14,1, 15
59, 15,1, 15
59, 16,1, 15
59, 17,1, 15
59, 18,1, 15
59, 19,1, 15
59, 20,1, 15
59, 21,1, 15
59, 22,1, 15
59, 23,1, 15
59, 24,1, 15
59, 25,1, 15
59, 26,1, 15
59, 27,1, 15
59, 28,1, 15
59, 29,1, 15
59, 30,1, 15
59, 31,1, 15
59, 32,1, 15
59, 33,1, 15
59, 34,1, 15
59, 35,1, 15
59, 36,1, 15
59, 37,1, 15
59, 38,1, 15
59, 39,1, 15
59, 0,2, 15
59, 1,2, 15
59, 2,2, 15
59, 3,2, 15
59, 4,2, 15
59, 5,2, 15
59, 6,2, 15
59, 7,2, 15
59, 8,2, 15
59, 9,2, 15
59, 10,2, 15
59, 11,2, 15
59, 12,2, 15
59, 13,2, 15
59, 14,2, 15
59, 15,2, 15
59, 16,2, 15
59, 17,2, 15
59, 18,2, 15
59, 19,2, 15
59, 20,2, 15
59, 21,2, 15
59, 22,2, 15
59, 23,2, 15
59, 24,2, 15
59, 25,2, 15
59, 26,2, 15
59, 27,2, 15
59, 28,2, 15
59, 29,2, 15
59, 30,2, 15
59, 31,2, 15
59, 32,2, 15
59, 33,2, 15
59, 34,2, 15
59, 35,2, 15
59, 36,2, 15
59, 37,2, 15
59, 38,2, 15
59, 39,2, 15
59, 0,3, 15
59, 1,3, 15
59, 2,3, 15
59, 3,3, 15
59, 4,3, 15
59, 5,3, 15
59, 6,3, 15
59, 7,3, 15
59, 8,3, 15
59, 9,3, 15
59, 10,3, 15
59, 11,3, 15
59, 12,3, 15
59, 13,3, 15
59, 14,3, 15
59, 15,3, 15
59, 16,3, 15
59, 17,3, 15
59, 18,3, 15
59, 19,3, 15
59, 20,3, 15
59, 21,3, 15
59, 22,3, 15
59, 23,3, 15
59, 24,3, 15
59, 25,3, 15
59, 26,3, 15
59, 27,3, 15
59, 28,3, 15
59, 29,3, 15
59, 30,3, 15
59, 31,3, 15
59, 32,3, 15
59, 33,3, 15
59, 34,3, 15
59, 35,3, 15
59, 36,3, 15
59, 37,3, 15
59, 38,3, 15
59, 39,3, 15
59, 0,4, 15
59, 1,4, 15
59, 2,4, 15
59, 3,4, 15
59, 4,4, 15
59, 5,4, 15
59, 6,4, 15
59, 7,4, 15
59, 8,4, 15
59, 9,4, 15
59, 10,4, 15
59, 11,4, 15
59, 12,4, 15
59, 13,4, 15
59, 14,4, 15
59, 15,4, 15
59, 16,4, 15
59, 17,4, 15
59, 18,4, 15
59, 19,4, 15
59, 20,4, 15
59, 21,4, 15
59, 22,4, 15
59, 23,4, 15
59, 24,4, 15
59, 25,4, 15
59, 26,4, 15
59, 27,4, 15
59, 28,4, 15
59, 29,4, 15
59, 30,4, 15
59, 31,4, 15
59, 32,4, 15
59, 33,4, 15
59, 34,4, 15
59, 35,4, 15
59, 36,4, 15
59, 37,4, 15
59, 38,4, 15
59, 39,4, 15
60, 0,0, 15
60, 1,0, 15
60, 2,0, 15
60, 3,0, 15
60, 4,0, 15
60, 5,0, 15
60, 6,0, 15
60, 7,0, 15
60, 8,0, 15
60, 9,0, 15
60, 10,0, 15
60, 11,0, 15
60, 12,0, 15
60, 13,0, 15
60, 14,0, 15
60, 15,0, 15
60, 16,0, 15
60, 17,0, 15
60, 18,0, 15
60, 19,0, 15
60, 20,0, 15
60, 21,0, 15
60, 22,0, 15
60, 23,0, 15
60, 24,0, 15
60, 25,0, 15
60, 26,0, 15
60, 27,0, 15
60, 28,0, 15
60, 29,0, 15
60, 30,0, 15
60, 31,0, 15
60, 32,0, 15
60, 33,0, 15
60, 34,0, 15
60, 35,0, 15
60, 36,0, 15
60, 37,0, 15
60, 38,0, 15
60, 39,0, 15
60, 0,1, 15
60, 1,1, 15
60, 2,1, 15
60, 3,1, 15
60, 4,1, 15
60, 5,1, 15
60, 6,1, 15
60, 7,1, 15
60, 8,1, 15
60, 9,1, 15
60, 10,1, 15
60, 11,1, 15
60, 12,1, 15
60, 13,1, 15
60, 14,1, 15
60, 15,1, 15
60, 16,1, 15
60, 17,1, 15
60, 18,1, 15
60, 19,1, 15
60, 20,1, 15
60, 21,1, 15
60, 22,1, 15
60, 23,1, 15
60, 24,1, 15
60, 25,1, 15
60, 26,1, 15
60, 27,1, 15
60, 28,1, 15
60, 29,1, 15
60, 30,1, 15
60, 31,1, 15
60, 32,1, 15
60, 33,1, 15
60, 34,1, 15
60, 35,1, 15
60, 36,1, 15
60, 37,1, 15
60, 38,1, 15
60, 39,1, 15
60, 0,2, 15
60, 1,2, 15
60, 2,2, 15
60, 3,2, 15
60, 4,2, 15
60, 5,2, 15
60, 6,2, 15
60, 7,2, 15
60, 8,2, 15
60, 9,2, 15
60, 10,2, 15
60, 11,2, 15
60, 12,2, 15
60, 13,2, 15
60, 14,2, 15
60, 15,2, 15
60, 16,2, 15
60, 17,2, 15
60, 18,2, 15
60, 19,2, 15
60, 20,2, 15
60, 21,2, 15
60, 22,2, 15
60, 23,2, 15
60, 24,2, 15
60, 25,2, 15
60, 26,2, 15
60, 27,2, 15
60, 28,2, 15
60, 29,2, 15
60, 30,2, 15
60, 31,2, 15
60, 32,2, 15
60, 33,2, 15
60, 34,2, 15
60, 35,2, 15
60, 36,2, 15
60, 37,2, 15
60, 38,2, 15
60, 39,2, 15
60, 0,3, 15
60, 1,3, 15
60, 2,3, 15
60, 3,3, 15
60, 4,3, 15
60, 5,3, 15
60, 6,3, 15
60, 7,3, 15
60, 8,3, 15
60, 9,3, 15
60, 10,3, 15
60, 11,3, 15
60, 12,3, 15
60, 13,3, 15
60, 14,3, 15
60, 15,3, 15
60, 16,3, 15
60, 17,3, 15
60, 18,3, 15
60, 19,3, 15
60, 20,3, 15
60, 21,3, 15
60, 22,3, 15
60, 23,3, 15
60, 24,3, 15
60, 25,3, 15
60, 26,3, 15
60, 27,3, 15
60, 28,3, 15
60, 29,3, 15
60, 30,3, 15
60, 31,3, 15
60, 32,3, 15
60, 33,3, 15
60, 34,3, 15
60, 35,3, 15
60, 36,3, 15
60, 37,3, 15
60, 38,3, 15
60, 39,3, 15
60, 0,4, 15
60, 1,4, 15
60, 2,4, 15
60, 3,4, 15
60, 4,4, 15
60, 5,4, 15
60, 6,4, 15
60, 7,4, 15
60, 8,4, 15
60, 9,4, 15
60, 10,4, 15
60, 11,4, 15
60, 12,4, 15
60, 13,4, 15
60, 14,4, 15
60, 15,4, 15
60, 16,4, 15
60, 17,4, 15
60, 18,4, 15
60, 19,4, 15
60, 20,4, 15
60, 21,4, 15
60, 22,4, 15
60, 23,4, 15
60, 24,4, 15
60, 25,4, 15
60, 26,4, 15
60, 27,4, 15
60, 28,4, 15
60, 29,4, 15
60, 30,4, 15
60, 31,4, 15
60, 32,4, 15
60, 33,4, 15
60, 34,4, 15
60, 35,4, 15
60, 36,4, 15
60, 37,4, 15
60, 38,4, 15
60, 39,4, 15
61, 0,0, 15
61, 1,0, 15
61, 2,0, 15
61, 3,0, 15
61, 4,0, 15
61, 5,0, 15
61, 6,0, 15
61, 7,0, 15
61, 8,0, 15
61, 9,0, 15
61, 10,0, 15
61, 11,0, 15
61, 12,0, 15
61, 13,0, 15
61, 14,0, 15
61, 15,0, 15
61, 16,0, 15
61, 17,0, 15
61, 18,0, 15
61, 19,0, 15
61, 20,0, 15
61, 21,0, 15
61, 22,0, 15
61, 23,0, 15
61, 24,0, 15
61, 25,0, 15
61, 26,0, 15
61, 27,0, 15
61, 28,0, 15
61, 29,0, 15
61, 30,0, 15
61, 31,0, 15
61, 32,0, 15
61, 33,0, 15
61, 34,0, 15
61, 35,0, 15
61, 36,0, 15
61, 37,0, 15
61, 38,0, 15
61, 39,0, 15
61, 0,1, 15
61, 1,1, 15
61, 2,1, 15
61, 3,1, 15
61, 4,1, 15
61, 5,1, 15
61, 6,1, 15
61, 7,1, 15
61, 8,1, 15
61, 9,1, 15
61, 10,1, 15
61, 11,1, 15
61, 12,1, 15
61, 13,1, 15
61, 14,1, 15
61, 15,1, 15
61, 16,1, 15
61, 17,1, 15
61, 18,1, 15
61, 19,1, 15
61, 20,1, 15
61, 21,1, 15
61, 22,1, 15
61, 23,1, 15
61, 24,1, 15
61, 25,1, 15
61, 26,1, 15
61, 27,1, 15
61, 28,1, 15
61, 29,1, 15
61, 30,1, 15
61, 31,1, 15
61, 32,1, 15
61, 33,1, 15
61, 34,1, 15
61, 35,1, 15
61, 36,1, 15
61, 37,1, 15
61, 38,1, 15
61, 39,1, 15
61, 0,2, 15
61, 1,2, 15
61, 2,2, 15
61, 3,2, 15
61, 4,2, 15
61, 5,2, 15
61, 6,2, 15
61, 7,2, 15
61, 8,2, 15
61, 9,2, 15
61, 10,2, 15
61, 11,2, 15
61, 12,2, 15
61, 13,2, 15
61, 14,2, 15
61, 15,2, 15
61, 16,2, 15
61, 17,2, 15
61, 18,2, 15
61, 19,2, 15
61, 20,2, 15
61, 21,2, 15
61, 22,2, 15
61, 23,2, 15
61, 24,2, 15
61, 25,2, 15
61, 26,2, 15
61, 27,2, 15
61, 28,2, 15
61, 29,2, 15
61, 30,2, 15
61, 31,2, 15
61, 32,2, 15
61, 33,2, 15
61, 34,2, 15
61, 35,2, 15
61, 36,2, 15
61, 37,2, 15
61, 38,2, 15
61, 39,2, 15
61, 0,3, 15
61, 1,3, 15
61, 2,3, 15
61, 3,3, 15
61, 4,3, 15
61, 5,3, 15
61, 6,3, 15
61, 7,3, 15
61, 8,3, 15
61, 9,3, 15
61, 10,3, 15
61, 11,3, 15
61, 12,3, 15
61, 13,3, 15
61, 14,3, 15
61, 15,3, 15
61, 16,3, 15
61, 17,3, 15
61, 18,3, 15
61, 19,3, 15
61, 20,3, 15
61, 21,3, 15
61, 22,3, 15
61, 23,3, 15
61, 24,3, 15
61, 25,3, 15
61, 26,3, 15
61, 27,3, 15
61, 28,3, 15
61, 29,3, 15
61, 30,3, 15
61, 31,3, 15
61, 32,3, 15
61, 33,3, 15
61, 34,3, 15
61, 35,3, 15
61, 36,3, 15
61, 37,3, 15
61, 38,3, 15
61, 39,3, 15
61, 0,4, 15
61, 1,4, 15
61, 2,4, 15
61, 3,4, 15
61, 4,4, 15
61, 5,4, 15
61, 6,4, 15
61, 7,4, 15
61, 8,4, 15
61, 9,4, 15
61, 10,4, 15
61, 11,4, 15
61, 12,4, 15
61, 13,4, 15
61, 14,4, 15
61, 15,4, 15
61, 16,4, 15
61, 17,4, 15
61, 18,4, 15
61, 19,4, 15
61, 20,4, 15
61, 21,4, 15
61, 22,4, 15
61, 23,4, 15
61, 24,4, 15
61, 25,4, 15
61, 26,4, 15
61, 27,4, 15
61, 28,4, 15
61, 29,4, 15
61, 30,4, 15
61, 31,4, 15
61, 32,4, 15
61, 33,4, 15
61, 34,4, 15
61, 35,4, 15
61, 36,4, 15
61, 37,4, 15
61, 38,4, 15
61, 39,4, 15
62, 0,0, 15
62, 1,0, 15
62, 2,0, 15
62, 3,0, 15
62, 4,0, 15
62, 5,0, 15
62, 6,0, 15
62, 7,0, 15
62, 8,0, 15
62, 9,0, 15
62, 10,0, 15
62, 11,0, 15
62, 12,0, 15
62, 13,0, 15
62, 14,0, 15
62, 15,0, 15
62, 16,0, 15
62, 17,0, 15
62, 18,0, 15
62, 19,0, 15
62, 20,0, 15
62, 21,0, 15
62, 22,0, 15
62, 23,0, 15
62, 24,0, 15
62, 25,0, 15
62, 26,0, 15
62, 27,0, 15
62, 28,0, 15
62, 29,0, 15
62, 30,0, 15
62, 31,0, 15
62, 32,0, 15
62, 33,0, 15
62, 34,0, 15
62, 35,0, 15
62, 36,0, 15
62, 37,0, 15
62, 38,0, 15
62, 39,0, 15
62, 0,1, 15
62, 1,1, 15
62, 2,1, 15
62, 3,1, 15
62, 4,1, 15
62, 5,1, 15
62, 6,1, 15
62, 7,1, 15
62, 8,1, 15
62, 9,1, 15
62, 10,1, 15
62, 11,1, 15
62, 12,1, 15
62, 13,1, 15
62, 14,1, 15
62, 15,1, 15
62, 16,1, 15
62, 17,1, 15
62, 18,1, 15
62, 19,1, 15
62, 20,1, 15
62, 21,1, 15
62, 22,1, 15
62, 23,1, 15
62, 24,1, 15
62, 25,1, 15
62, 26,1, 15
62, 27,1, 15
62, 28,1, 15
62, 29,1, 15
62, 30,1, 15
62, 31,1, 15
62, 32,1, 15
62, 33,1, 15
62, 34,1, 15
62, 35,1, 15
62, 36,1, 15
62, 37,1, 15
62, 38,1, 15
62, 39,1, 15
62, 0,2, 15
62, 1,2, 15
62, 2,2, 15
62, 3,2, 15
62, 4,2, 15
62, 5,2, 15
62, 6,2, 15
62, 7,2, 15
62, 8,2, 15
62, 9,2, 15
62, 10,2, 15
62, 11,2, 15
62, 12,2, 15
62, 13,2, 15
62, 14,2, 15
62, 15,2, 15
62, 16,2, 15
62, 17,2, 15
62, 18,2, 15
62, 19,2, 15
62, 20,2, 15
62, 21,2, 15
62, 22,2, 15
62, 23,2, 15
62, 24,2, 15
62, 25,2, 15
62, 26,2, 15
62, 27,2, 15
62, 28,2, 15
62, 29,2, 15
62, 30,2, 15
62, 31,2, 15
62, 32,2, 15
62, 33,2, 15
62, 34,2, 15
62, 35,2, 15
62, 36,2, 15
62, 37,2, 15
62, 38,2, 15
62, 39,2, 15
62, 0,3, 15
62, 1,3, 15
62, 2,3, 15
62, 3,3, 15
62, 4,3, 15
62, 5,3, 15
62, 6,3, 15
62, 7,3, 15
62, 8,3, 15
62, 9,3, 15
62, 10,3, 15
62, 11,3, 15
62, 12,3, 15
62, 13,3, 15
62, 14,3, 15
62, 15,3, 15
62, 16,3, 15
62, 17,3, 15
62, 18,3, 15
62, 19,3, 15
62, 20,3, 15
62, 21,3, 15
62, 22,3, 15
62, 23,3, 15
62, 24,3, 15
62, 25,3, 15
62, 26,3, 15
62, 27,3, 15
62, 28,3, 15
62, 29,3, 15
62, 30,3, 15
62, 31,3, 15
62, 32,3, 15
62, 33,3, 15
62, 34,3, 15
62, 35,3, 15
62, 36,3, 15
62, 37,3, 15
62, 38,3, 15
62, 39,3, 15
62, 0,4, 15
62, 1,4, 15
62, 2,4, 15
62, 3,4, 15
62, 4,4, 15
62, 5,4, 15
62, 6,4, 15
62, 7,4, 15
62, 8,4, 15
62, 9,4, 15
62, 10,4, 15
62, 11,4, 15
62, 12,4, 15
62, 13,4, 15
62, 14,4, 15
62, 15,4, 15
62, 16,4, 15
62, 17,4, 15
62, 18,4, 15
62, 19,4, 15
62, 20,4, 15
62, 21,4, 15
62, 22,4, 15
62, 23,4, 15
62, 24,4, 15
62, 25,4, 15
62, 26,4, 15
62, 27,4, 15
62, 28,4, 15
62, 29,4, 15
62, 30,4, 15
62, 31,4, 15
62, 32,4, 15
62, 33,4, 15
62, 34,4, 15
62, 35,4, 15
62, 36,4, 15
62, 37,4, 15
62, 38,4, 15
62, 39,4, 15
63, 0,0, 15
63, 1,0, 15
63, 2,0, 15
63, 3,0, 15
63, 4,0, 15
63, 5,0, 15
63, 6,0, 15
63, 7,0, 15
63, 8,0, 15
63, 9,0, 15
63, 10,0, 15
63, 11,0, 15
63, 12,0, 15
63, 13,0, 15
63, 14,0, 15
63, 15,0, 15
63, 16,0, 15
63, 17,0, 15
63, 18,0, 15
63, 19,0, 15
63, 20,0, 15
63, 21,0, 15
63, 22,0, 15
63, 23,0, 15
63, 24,0, 15
63, 25,0, 15
63, 26,0, 15
63, 27,0, 15
63, 28,0, 15
63, 29,0, 15
63, 30,0, 15
63, 31,0, 15
63, 32,0, 15
63, 33,0, 15
63, 34,0, 15
63, 35,0, 15
63, 36,0, 15
63, 37,0, 15
63, 38,0, 15
63, 39,0, 15
63, 0,1, 15
63, 1,1, 15
63, 2,1, 15
63, 3,1, 15
63, 4,1, 15
63, 5,1, 15
63, 6,1, 15
63, 7,1, 15
63, 8,1, 15
63, 9,1, 15
63, 10,1, 15
63, 11,1, 15
63, 12,1, 15
63, 13,1, 15
63, 14,1, 15
63, 15,1, 15
63, 16,1, 15
63, 17,1, 15
63, 18,1, 15
63, 19,1, 15
63, 20,1, 15
63, 21,1, 15
63, 22,1, 15
63, 23,1, 15
63, 24,1, 15
63, 25,1, 15
63, 26,1, 15
63, 27,1, 15
63, 28,1, 15
63, 29,1, 15
63, 30,1, 15
63, 31,1, 15
63, 32,1, 15
63, 33,1, 15
63, 34,1, 15
63, 35,1, 15
63, 36,1, 15
63, 37,1, 15
63, 38,1, 15
63, 39,1, 15
63, 0,2, 15
63, 1,2, 15
63, 2,2, 15
63, 3,2, 15
63, 4,2, 15
63, 5,2, 15
63, 6,2, 15
63, 7,2, 15
63, 8,2, 15
63, 9,2, 15
63, 10,2, 15
63, 11,2, 15
63, 12,2, 15
63, 13,2, 15
63, 14,2, 15
63, 15,2, 15
63, 16,2, 15
63, 17,2, 15
63, 18,2, 15
63, 19,2, 15
63, 20,2, 15
63, 21,2, 15
63, 22,2, 15
63, 23,2, 15
63, 24,2, 15
63, 25,2, 15
63, 26,2, 15
63, 27,2, 15
63, 28,2, 15
63, 29,2, 15
63, 30,2, 15
63, 31,2, 15
63, 32,2, 15
63, 33,2, 15
63, 34,2, 15
63, 35,2, 15
63, 36,2, 15
63, 37,2, 15
63, 38,2, 15
63, 39,2, 15
63, 0,3, 15
63, 1,3, 15
63, 2,3, 15
63, 3,3, 15
63, 4,3, 15
63, 5,3, 15
63, 6,3, 15
63, 7,3, 15
63, 8,3, 15
63, 9,3, 15
63, 10,3, 15
63, 11,3, 15
63, 12,3, 15
63, 13,3, 15
63, 14,3, 15
63, 15,3, 15
63, 16,3, 15
63, 17,3, 15
63, 18,3, 15
63, 19,3, 15
63, 20,3, 15
63, 21,3, 15
63, 22,3, 15
63, 23,3, 15
63, 24,3, 15
63, 25,3, 15
63, 26,3, 15
63, 27,3, 15
63, 28,3, 15
63, 29,3, 15
63, 30,3, 15
63, 31,3, 15
63, 32,3, 15
63, 33,3, 15
63, 34,3, 15
63, 35,3, 15
63, 36,3, 15
63, 37,3, 15
63, 38,3, 15
63, 39,3, 15
63, 0,4, 15
63, 1,4, 15
63, 2,4, 15
63, 3,4, 15
63, 4,4, 15
63, 5,4, 15
63, 6,4, 15
63, 7,4, 15
63, 8,4, 15
63, 9,4, 15
63, 10,4, 15
63, 11,4, 15
63, 12,4, 15
63, 13,4, 15
63, 14,4, 15
63, 15,4, 15
63, 16,4, 15
63, 17,4, 15
63, 18,4, 15
63, 19,4, 15
63, 20,4, 15
63, 21,4, 15
63, 22,4, 15
63, 23,4, 15
63, 24,4, 15
63, 25,4, 15
63, 26,4, 15
63, 27,4, 15
63, 28,4, 15
63, 29,4, 15
63, 30,4, 15
63, 31,4, 15
63, 32,4, 15
63, 33,4, 15
63, 34,4, 15
63, 35,4, 15
63, 36,4, 15
63, 37,4, 15
63, 38,4, 15
63, 39,4, 15
64, 0,0, 15
64, 1,0, 15
64, 2,0, 15
64, 3,0, 15
64, 4,0, 15
64, 5,0, 15
64, 6,0, 15
64, 7,0, 15
64, 8,0, 15
64, 9,0, 15
64, 10,0, 15
64, 11,0, 15
64, 12,0, 15
64, 13,0, 15
64, 14,0, 15
64, 15,0, 15
64, 16,0, 15
64, 17,0, 15
64, 18,0, 15
64, 19,0, 15
64, 20,0, 15
64, 21,0, 15
64, 22,0, 15
64, 23,0, 15
64, 24,0, 15
64, 25,0, 15
64, 26,0, 15
64, 27,0, 15
64, 28,0, 15
64, 29,0, 15
64, 30,0, 15
64, 31,0, 15
64, 32,0, 15
64, 33,0, 15
64, 34,0, 15
64, 35,0, 15
64, 36,0, 15
64, 37,0, 15
64, 38,0, 15
64, 39,0, 15
64, 0,1, 15
64, 1,1, 15
64, 2,1, 15
64, 3,1, 15
64, 4,1, 15
64, 5,1, 15
64, 6,1, 15
64, 7,1, 15
64, 8,1, 15
64, 9,1, 15
64, 10,1, 15
64, 11,1, 15
64, 12,1, 15
64, 13,1, 15
64, 14,1, 15
64, 15,1, 15
64, 16,1, 15
64, 17,1, 15
64, 18,1, 15
64, 19,1, 15
64, 20,1, 15
64, 21,1, 15
64, 22,1, 15
64, 23,1, 15
64, 24,1, 15
64, 25,1, 15
64, 26,1, 15
64, 27,1, 15
64, 28,1, 15
64, 29,1, 15
64, 30,1, 15
64, 31,1, 15
64, 32,1, 15
64, 33,1, 15
64, 34,1, 15
64, 35,1, 15
64, 36,1, 15
64, 37,1, 15
64, 38,1, 15
64, 39,1, 15
64, 0,2, 15
64, 1,2, 15
64, 2,2, 15
64, 3,2, 15
64, 4,2, 15
64, 5,2, 15
64, 6,2, 15
64, 7,2, 15
64, 8,2, 15
64, 9,2, 15
64, 10,2, 15
64, 11,2, 15
64, 12,2, 15
64, 13,2, 15
64, 14,2, 15
64, 15,2, 15
64, 16,2, 15
64, 17,2, 15
64, 18,2, 15
64, 19,2, 15
64, 20,2, 15
64, 21,2, 15
64, 22,2, 15
64, 23,2, 15
64, 24,2, 15
64, 25,2, 15
64, 26,2, 15
64, 27,2, 15
64, 28,2, 15
64, 29,2, 15
64, 30,2, 15
64, 31,2, 15
64, 32,2, 15
64, 33,2, 15
64, 34,2, 15
64, 35,2, 15
64, 36,2, 15
64, 37,2, 15
64, 38,2, 15
64, 39,2, 15
64, 0,3, 15
64, 1,3, 15
64, 2,3, 15
64, 3,3, 15
64, 4,3, 15
64, 5,3, 15
64, 6,3, 15
64, 7,3, 15
64, 8,3, 15
64, 9,3, 15
64, 10,3, 15
64, 11,3, 15
64, 12,3, 15
64, 13,3, 15
64, 14,3, 15
64, 15,3, 15
64, 16,3, 15
64, 17,3, 15
64, 18,3, 15
64, 19,3, 15
64, 20,3, 15
64, 21,3, 15
64, 22,3, 15
64, 23,3, 15
64, 24,3, 15
64, 25,3, 15
64, 26,3, 15
64, 27,3, 15
64, 28,3, 15
64, 29,3, 15
64, 30,3, 15
64, 31,3, 15
64, 32,3, 15
64, 33,3, 15
64, 34,3, 15
64, 35,3, 15
64, 36,3, 15
64, 37,3, 15
64, 38,3, 15
64, 39,3, 15
64, 0,4, 15
64, 1,4, 15
64, 2,4, 15
64, 3,4, 15
64, 4,4, 15
64, 5,4, 15
64, 6,4, 15
64, 7,4, 15
64, 8,4, 15
64, 9,4, 15
64, 10,4, 15
64, 11,4, 15
64, 12,4, 15
64, 13,4, 15
64, 14,4, 15
64, 15,4, 15
64, 16,4, 15
64, 17,4, 15
64, 18,4, 15
64, 19,4, 15
64, 20,4, 15
64, 21,4, 15
64, 22,4, 15
64, 23,4, 15
64, 24,4, 15
64, 25,4, 15
64, 26,4, 15
64, 27,4, 15
64, 28,4, 15
64, 29,4, 15
64, 30,4, 15
64, 31,4, 15
64, 32,4, 15
64, 33,4, 15
64, 34,4, 15
64, 35,4, 15
64, 36,4, 15
64, 37,4, 15
64, 38,4, 15
64, 39,4, 15
65, 0,0, 15
65, 1,0, 15
65, 2,0, 15
65, 3,0, 15
65, 4,0, 15
65, 5,0, 15
65, 6,0, 15
65, 7,0, 15
65, 8,0, 15
65, 9,0, 15
65, 10,0, 15
65, 11,0, 15
65, 12,0, 15
65, 13,0, 15
65, 14,0, 15
65, 15,0, 15
65, 16,0, 15
65, 17,0, 15
65, 18,0, 15
65, 19,0, 15
65, 20,0, 15
65, 21,0, 15
65, 22,0, 15
65, 23,0, 15
65, 24,0, 15
65, 25,0, 15
65, 26,0, 15
65, 27,0, 15
65, 28,0, 15
65, 29,0, 15
65, 30,0, 15
65, 31,0, 15
65, 32,0, 15
65, 33,0, 15
65, 34,0, 15
65, 35,0, 15
65, 36,0, 15
65, 37,0, 15
65, 38,0, 15
65, 39,0, 15
65, 0,1, 15
65, 1,1, 15
65, 2,1, 15
65, 3,1, 15
65, 4,1, 15
65, 5,1, 15
65, 6,1, 15
65, 7,1, 15
65, 8,1, 15
65, 9,1, 15
65, 10,1, 15
65, 11,1, 15
65, 12,1, 15
65, 13,1, 15
65, 14,1, 15
65, 15,1, 15
65, 16,1, 15
65, 17,1, 15
65, 18,1, 15
65, 19,1, 15
65, 20,1, 15
65, 21,1, 15
65, 22,1, 15
65, 23,1, 15
65, 24,1, 15
65, 25,1, 15
65, 26,1, 15
65, 27,1, 15
65, 28,1, 15
65, 29,1, 15
65, 30,1, 15
65, 31,1, 15
65, 32,1, 15
65, 33,1, 15
65, 34,1, 15
65, 35,1, 15
65, 36,1, 15
65, 37,1, 15
65, 38,1, 15
65, 39,1, 15
65, 0,2, 15
65, 1,2, 15
65, 2,2, 15
65, 3,2, 15
65, 4,2, 15
65, 5,2, 15
65, 6,2, 15
65, 7,2, 15
65, 8,2, 15
65, 9,2, 15
65, 10,2, 15
65, 11,2, 15
65, 12,2, 15
65, 13,2, 15
65, 14,2, 15
65, 15,2, 15
65, 16,2, 15
65, 17,2, 15
65, 18,2, 15
65, 19,2, 15
65, 20,2, 15
65, 21,2, 15
65, 22,2, 15
65, 23,2, 15
65, 24,2, 15
65, 25,2, 15
65, 26,2, 15
65, 27,2, 15
65, 28,2, 15
65, 29,2, 15
65, 30,2, 15
65, 31,2, 15
65, 32,2, 15
65, 33,2, 15
65, 34,2, 15
65, 35,2, 15
65, 36,2, 15
65, 37,2, 15
65, 38,2, 15
65, 39,2, 15
65, 0,3, 15
65, 1,3, 15
65, 2,3, 15
65, 3,3, 15
65, 4,3, 15
65, 5,3, 15
65, 6,3, 15
65, 7,3, 15
65, 8,3, 15
65, 9,3, 15
65, 10,3, 15
65, 11,3, 15
65, 12,3, 15
65, 13,3, 15
65, 14,3, 15
65, 15,3, 15
65, 16,3, 15
65, 17,3, 15
65, 18,3, 15
65, 19,3, 15
65, 20,3, 15
65, 21,3, 15
65, 22,3, 15
65, 23,3, 15
65, 24,3, 15
65, 25,3, 15
65, 26,3, 15
65, 27,3, 15
65, 28,3, 15
65, 29,3, 15
65, 30,3, 15
65, 31,3, 15
65, 32,3, 15
65, 33,3, 15
65, 34,3, 15
65, 35,3, 15
65, 36,3, 15
65, 37,3, 15
65, 38,3, 15
65, 39,3, 15
65, 0,4, 15
65, 1,4, 15
65, 2,4, 15
65, 3,4, 15
65, 4,4, 15
65, 5,4, 15
65, 6,4, 15
65, 7,4, 15
65, 8,4, 15
65, 9,4, 15
65, 10,4, 15
65, 11,4, 15
65, 12,4, 15
65, 13,4, 15
65, 14,4, 15
65, 15,4, 15
65, 16,4, 15
65, 17,4, 15
65, 18,4, 15
65, 19,4, 15
65, 20,4, 15
65, 21,4, 15
65, 22,4, 15
65, 23,4, 15
65, 24,4, 15
65, 25,4, 15
65, 26,4, 15
65, 27,4, 15
65, 28,4, 15
65, 29,4, 15
65, 30,4, 15
65, 31,4, 15
65, 32,4, 15
65, 33,4, 15
65, 34,4, 15
65, 35,4, 15
65, 36,4, 15
65, 37,4, 15
65, 38,4, 15
65, 39,4, 15
66, 0,0, 15
66, 1,0, 15
66, 2,0, 15
66, 3,0, 15
66, 4,0, 15
66, 5,0, 15
66, 6,0, 15
66, 7,0, 15
66, 8,0, 15
66, 9,0, 15
66, 10,0, 15
66, 11,0, 15
66, 12,0, 15
66, 13,0, 15
66, 14,0, 15
66, 15,0, 15
66, 16,0, 15
66, 17,0, 15
66, 18,0, 15
66, 19,0, 15
66, 20,0, 15
66, 21,0, 15
66, 22,0, 15
66, 23,0, 15
66, 24,0, 15
66, 25,0, 15
66, 26,0, 15
66, 27,0, 15
66, 28,0, 15
66, 29,0, 15
66, 30,0, 15
66, 31,0, 15
66, 32,0, 15
66, 33,0, 15
66, 34,0, 15
66, 35,0, 15
66, 36,0, 15
66, 37,0, 15
66, 38,0, 15
66, 39,0, 15
66, 0,1, 15
66, 1,1, 15
66, 2,1, 15
66, 3,1, 15
66, 4,1, 15
66, 5,1, 15
66, 6,1, 15
66, 7,1, 15
66, 8,1, 15
66, 9,1, 15
66, 10,1, 15
66, 11,1, 15
66, 12,1, 15
66, 13,1, 15
66, 14,1, 15
66, 15,1, 15
66, 16,1, 15
66, 17,1, 15
66, 18,1, 15
66, 19,1, 15
66, 20,1, 15
66, 21,1, 15
66, 22,1, 15
66, 23,1, 15
66, 24,1, 15
66, 25,1, 15
66, 26,1, 15
66, 27,1, 15
66, 28,1, 15
66, 29,1, 15
66, 30,1, 15
66, 31,1, 15
66, 32,1, 15
66, 33,1, 15
66, 34,1, 15
66, 35,1, 15
66, 36,1, 15
66, 37,1, 15
66, 38,1, 15
66, 39,1, 15
66, 0,2, 15
66, 1,2, 15
66, 2,2, 15
66, 3,2, 15
66, 4,2, 15
66, 5,2, 15
66, 6,2, 15
66, 7,2, 15
66, 8,2, 15
66, 9,2, 15
66, 10,2, 15
66, 11,2, 15
66, 12,2, 15
66, 13,2, 15
66, 14,2, 15
66, 15,2, 15
66, 16,2, 15
66, 17,2, 15
66, 18,2, 15
66, 19,2, 15
66, 20,2, 15
66, 21,2, 15
66, 22,2, 15
66, 23,2, 15
66, 24,2, 15
66, 25,2, 15
66, 26,2, 15
66, 27,2, 15
66, 28,2, 15
66, 29,2, 15
66, 30,2, 15
66, 31,2, 15
66, 32,2, 15
66, 33,2, 15
66, 34,2, 15
66, 35,2, 15
66, 36,2, 15
66, 37,2, 15
66, 38,2, 15
66, 39,2, 15
66, 0,3, 15
66, 1,3, 15
66, 2,3, 15
66, 3,3, 15
66, 4,3, 15
66, 5,3, 15
66, 6,3, 15
66, 7,3, 15
66, 8,3, 15
66, 9,3, 15
66, 10,3, 15
66, 11,3, 15
66, 12,3, 15
66, 13,3, 15
66, 14,3, 15
66, 15,3, 15
66, 16,3, 15
66, 17,3, 15
66, 18,3, 15
66, 19,3, 15
66, 20,3, 15
66, 21,3, 15
66, 22,3, 15
66, 23,3, 15
66, 24,3, 15
66, 25,3, 15
66, 26,3, 15
66, 27,3, 15
66, 28,3, 15
66, 29,3, 15
66, 30,3, 15
66, 31,3, 15
66, 32,3, 15
66, 33,3, 15
66, 34,3, 15
66, 35,3, 15
66, 36,3, 15
66, 37,3, 15
66, 38,3, 15
66, 39,3, 15
66, 0,4, 15
66, 1,4, 15
66, 2,4, 15
66, 3,4, 15
66, 4,4, 15
66, 5,4, 15
66, 6,4, 15
66, 7,4, 15
66, 8,4, 15
66, 9,4, 15
66, 10,4, 15
66, 11,4, 15
66, 12,4, 15
66, 13,4, 15
66, 14,4, 15
66, 15,4, 15
66, 16,4, 15
66, 17,4, 15
66, 18,4, 15
66, 19,4, 15
66, 20,4, 15
66, 21,4, 15
66, 22,4, 15
66, 23,4, 15
66, 24,4, 15
66, 25,4, 15
66, 26,4, 15
66, 27,4, 15
66, 28,4, 15
66, 29,4, 15
66, 30,4, 15
66, 31,4, 15
66, 32,4, 15
66, 33,4, 15
66, 34,4, 15
66, 35,4, 15
66, 36,4, 15
66, 37,4, 15
66, 38,4, 15
66, 39,4, 15
67, 0,0, 15
67, 1,0, 15
67, 2,0, 15
67, 3,0, 15
67, 4,0, 15
67, 5,0, 15
67, 6,0, 15
67, 7,0, 15
67, 8,0, 15
67, 9,0, 15
67, 10,0, 15
67, 11,0, 15
67, 12,0, 15
67, 13,0, 15
67, 14,0, 15
67, 15,0, 15
67, 16,0, 15
67, 17,0, 15
67, 18,0, 15
67, 19,0, 15
67, 20,0, 15
67, 21,0, 15
67, 22,0, 15
67, 23,0, 15
67, 24,0, 15
67, 25,0, 15
67, 26,0, 15
67, 27,0, 15
67, 28,0, 15
67, 29,0, 15
67, 30,0, 15
67, 31,0, 15
67, 32,0, 15
67, 33,0, 15
67, 34,0, 15
67, 35,0, 15
67, 36,0, 15
67, 37,0, 15
67, 38,0, 15
67, 39,0, 15
67, 0,1, 15
67, 1,1, 15
67, 2,1, 15
67, 3,1, 15
67, 4,1, 15
67, 5,1, 15
67, 6,1, 15
67, 7,1, 15
67, 8,1, 15
67, 9,1, 15
67, 10,1, 15
67, 11,1, 15
67, 12,1, 15
67, 13,1, 15
67, 14,1, 15
67, 15,1, 15
67, 16,1, 15
67, 17,1, 15
67, 18,1, 15
67, 19,1, 15
67, 20,1, 15
67, 21,1, 15
67, 22,1, 15
67, 23,1, 15
67, 24,1, 15
67, 25,1, 15
67, 26,1, 15
67, 27,1, 15
67, 28,1, 15
67, 29,1, 15
67, 30,1, 15
67, 31,1, 15
67, 32,1, 15
67, 33,1, 15
67, 34,1, 15
67, 35,1, 15
67, 36,1, 15
67, 37,1, 15
67, 38,1, 15
67, 39,1, 15
67, 0,2, 15
67, 1,2, 15
67, 2,2, 15
67, 3,2, 15
67, 4,2, 15
67, 5,2, 15
67, 6,2, 15
67, 7,2, 15
67, 8,2, 15
67, 9,2, 15
67, 10,2, 15
67, 11,2, 15
67, 12,2, 15
67, 13,2, 15
67, 14,2, 15
67, 15,2, 15
67, 16,2, 15
67, 17,2, 15
67, 18,2, 15
67, 19,2, 15
67, 20,2, 15
67, 21,2, 15
67, 22,2, 15
67, 23,2, 15
67, 24,2, 15
67, 25,2, 15
67, 26,2, 15
67, 27,2, 15
67, 28,2, 15
67, 29,2, 15
67, 30,2, 15
67, 31,2, 15
67, 32,2, 15
67, 33,2, 15
67, 34,2, 15
67, 35,2, 15
67, 36,2, 15
67, 37,2, 15
67, 38,2, 15
67, 39,2, 15
67, 0,3, 15
67, 1,3, 15
67, 2,3, 15
67, 3,3, 15
67, 4,3, 15
67, 5,3, 15
67, 6,3, 15
67, 7,3, 15
67, 8,3, 15
67, 9,3, 15
67, 10,3, 15
67, 11,3, 15
67, 12,3, 15
67, 13,3, 15
67, 14,3, 15
67, 15,3, 15
67, 16,3, 15
67, 17,3, 15
67, 18,3, 15
67, 19,3, 15
67, 20,3, 15
67, 21,3, 15
67, 22,3, 15
67, 23,3, 15
67, 24,3, 15
67, 25,3, 15
67, 26,3, 15
67, 27,3, 15
67, 28,3, 15
67, 29,3, 15
67, 30,3, 15
67, 31,3, 15
67, 32,3, 15
67, 33,3, 15
67, 34,3, 15
67, 35,3, 15
67, 36,3, 15
67, 37,3, 15
67, 38,3, 15
67, 39,3, 15
67, 0,4, 15
67, 1,4, 15
67, 2,4, 15
67, 3,4, 15
67, 4,4, 15
67, 5,4, 15
67, 6,4, 15
67, 7,4, 15
67, 8,4, 15
67, 9,4, 15
67, 10,4, 15
67, 11,4, 15
67, 12,4, 15
67, 13,4, 15
67, 14,4, 15
67, 15,4, 15
67, 16,4, 15
67, 17,4, 15
67, 18,4, 15
67, 19,4, 15
67, 20,4, 15
67, 21,4, 15
67, 22,4, 15
67, 23,4, 15
67, 24,4, 15
67, 25,4, 15
67, 26,4, 15
67, 27,4, 15
67, 28,4, 15
67, 29,4, 15
67, 30,4, 15
67, 31,4, 15
67, 32,4, 15
67, 33,4, 15
67, 34,4, 15
67, 35,4, 15
67, 36,4, 15
67, 37,4, 15
67, 38,4, 15
67, 39,4, 15
68, 0,0, 15
68, 1,0, 15
68, 2,0, 15
68, 3,0, 15
68, 4,0, 15
68, 5,0, 15
68, 6,0, 15
68, 7,0, 15
68, 8,0, 15
68, 9,0, 15
68, 10,0, 15
68, 11,0, 15
68, 12,0, 15
68, 13,0, 15
68, 14,0, 15
68, 15,0, 15
68, 16,0, 15
68, 17,0, 15
68, 18,0, 15
68, 19,0, 15
68, 20,0, 15
68, 21,0, 15
68, 22,0, 15
68, 23,0, 15
68, 24,0, 15
68, 25,0, 15
68, 26,0, 15
68, 27,0, 15
68, 28,0, 15
68, 29,0, 15
68, 30,0, 15
68, 31,0, 15
68, 32,0, 15
68, 33,0, 15
68, 34,0, 15
68, 35,0, 15
68, 36,0, 15
68, 37,0, 15
68, 38,0, 15
68, 39,0, 15
68, 0,1, 15
68, 1,1, 15
68, 2,1, 15
68, 3,1, 15
68, 4,1, 15
68, 5,1, 15
68, 6,1, 15
68, 7,1, 15
68, 8,1, 15
68, 9,1, 15
68, 10,1, 15
68, 11,1, 15
68, 12,1, 15
68, 13,1, 15
68, 14,1, 15
68, 15,1, 15
68, 16,1, 15
68, 17,1, 15
68, 18,1, 15
68, 19,1, 15
68, 20,1, 15
68, 21,1, 15
68, 22,1, 15
68, 23,1, 15
68, 24,1, 15
68, 25,1, 15
68, 26,1, 15
68, 27,1, 15
68, 28,1, 15
68, 29,1, 15
68, 30,1, 15
68, 31,1, 15
68, 32,1, 15
68, 33,1, 15
68, 34,1, 15
68, 35,1, 15
68, 36,1, 15
68, 37,1, 15
68, 38,1, 15
68, 39,1, 15
68, 0,2, 15
68, 1,2, 15
68, 2,2, 15
68, 3,2, 15
68, 4,2, 15
68, 5,2, 15
68, 6,2, 15
68, 7,2, 15
68, 8,2, 15
68, 9,2, 15
68, 10,2, 15
68, 11,2, 15
68, 12,2, 15
68, 13,2, 15
68, 14,2, 15
68, 15,2, 15
68, 16,2, 15
68, 17,2, 15
68, 18,2, 15
68, 19,2, 15
68, 20,2, 15
68, 21,2, 15
68, 22,2, 15
68, 23,2, 15
68, 24,2, 15
68, 25,2, 15
68, 26,2, 15
68, 27,2, 15
68, 28,2, 15
68, 29,2, 15
68, 30,2, 15
68, 31,2, 15
68, 32,2, 15
68, 33,2, 15
68, 34,2, 15
68, 35,2, 15
68, 36,2, 15
68, 37,2, 15
68, 38,2, 15
68, 39,2, 15
68, 0,3, 15
68, 1,3, 15
68, 2,3, 15
68, 3,3, 15
68, 4,3, 15
68, 5,3, 15
68, 6,3, 15
68, 7,3, 15
68, 8,3, 15
68, 9,3, 15
68, 10,3, 15
68, 11,3, 15
68, 12,3, 15
68, 13,3, 15
68, 14,3, 15
68, 15,3, 15
68, 16,3, 15
68, 17,3, 15
68, 18,3, 15
68, 19,3, 15
68, 20,3, 15
68, 21,3, 15
68, 22,3, 15
68, 23,3, 15
68, 24,3, 15
68, 25,3, 15
68, 26,3, 15
68, 27,3, 15
68, 28,3, 15
68, 29,3, 15
68, 30,3, 15
68, 31,3, 15
68, 32,3, 15
68, 33,3, 15
68, 34,3, 15
68, 35,3, 15
68, 36,3, 15
68, 37,3, 15
68, 38,3, 15
68, 39,3, 15
68, 0,4, 15
68, 1,4, 15
68, 2,4, 15
68, 3,4, 15
68, 4,4, 15
68, 5,4, 15
68, 6,4, 15
68, 7,4, 15
68, 8,4, 15
68, 9,4, 15
68, 10,4, 15
68, 11,4, 15
68, 12,4, 15
68, 13,4, 15
68, 14,4, 15
68, 15,4, 15
68, 16,4, 15
68, 17,4, 15
68, 18,4, 15
68, 19,4, 15
68, 20,4, 15
68, 21,4, 15
68, 22,4, 15
68, 23,4, 15
68, 24,4, 15
68, 25,4, 15
68, 26,4, 15
68, 27,4, 15
68, 28,4, 15
68, 29,4, 15
68, 30,4, 15
68, 31,4, 15
68, 32,4, 15
68, 33,4, 15
68, 34,4, 15
68, 35,4, 15
68, 36,4, 15
68, 37,4, 15
68, 38,4, 15
68, 39,4, 15
69, 0,0, 15
69, 1,0, 15
69, 2,0, 15
69, 3,0, 15
69, 4,0, 15
69, 5,0, 15
69, 6,0, 15
69, 7,0, 15
69, 8,0, 15
69, 9,0, 15
69, 10,0, 15
69, 11,0, 15
69, 12,0, 15
69, 13,0, 15
69, 14,0, 15
69, 15,0, 15
69, 16,0, 15
69, 17,0, 15
69, 18,0, 15
69, 19,0, 15
69, 20,0, 15
69, 21,0, 15
69, 22,0, 15
69, 23,0, 15
69, 24,0, 15
69, 25,0, 15
69, 26,0, 15
69, 27,0, 15
69, 28,0, 15
69, 29,0, 15
69, 30,0, 15
69, 31,0, 15
69, 32,0, 15
69, 33,0, 15
69, 34,0, 15
69, 35,0, 15
69, 36,0, 15
69, 37,0, 15
69, 38,0, 15
69, 39,0, 15
69, 0,1, 15
69, 1,1, 15
69, 2,1, 15
69, 3,1, 15
69, 4,1, 15
69, 5,1, 15
69, 6,1, 15
69, 7,1, 15
69, 8,1, 15
69, 9,1, 15
69, 10,1, 15
69, 11,1, 15
69, 12,1, 15
69, 13,1, 15
69, 14,1, 15
69, 15,1, 15
69, 16,1, 15
69, 17,1, 15
69, 18,1, 15
69, 19,1, 15
69, 20,1, 15
69, 21,1, 15
69, 22,1, 15
69, 23,1, 15
69, 24,1, 15
69, 25,1, 15
69, 26,1, 15
69, 27,1, 15
69, 28,1, 15
69, 29,1, 15
69, 30,1, 15
69, 31,1, 15
69, 32,1, 15
69, 33,1, 15
69, 34,1, 15
69, 35,1, 15
69, 36,1, 15
69, 37,1, 15
69, 38,1, 15
69, 39,1, 15
69, 0,2, 15
69, 1,2, 15
69, 2,2, 15
69, 3,2, 15
69, 4,2, 15
69, 5,2, 15
69, 6,2, 15
69, 7,2, 15
69, 8,2, 15
69, 9,2, 15
69, 10,2, 15
69, 11,2, 15
69, 12,2, 15
69, 13,2, 15
69, 14,2, 15
69, 15,2, 15
69, 16,2, 15
69, 17,2, 15
69, 18,2, 15
69, 19,2, 15
69, 20,2, 15
69, 21,2, 15
69, 22,2, 15
69, 23,2, 15
69, 24,2, 15
69, 25,2, 15
69, 26,2, 15
69, 27,2, 15
69, 28,2, 15
69, 29,2, 15
69, 30,2, 15
69, 31,2, 15
69, 32,2, 15
69, 33,2, 15
69, 34,2, 15
69, 35,2, 15
69, 36,2, 15
69, 37,2, 15
69, 38,2, 15
69, 39,2, 15
69, 0,3, 15
69, 1,3, 15
69, 2,3, 15
69, 3,3, 15
69, 4,3, 15
69, 5,3, 15
69, 6,3, 15
69, 7,3, 15
69, 8,3, 15
69, 9,3, 15
69, 10,3, 15
69, 11,3, 15
69, 12,3, 15
69, 13,3, 15
69, 14,3, 15
69, 15,3, 15
69, 16,3, 15
69, 17,3, 15
69, 18,3, 15
69, 19,3, 15
69, 20,3, 15
69, 21,3, 15
69, 22,3, 15
69, 23,3, 15
69, 24,3, 15
69, 25,3, 15
69, 26,3, 15
69, 27,3, 15
69, 28,3, 15
69, 29,3, 15
69, 30,3, 15
69, 31,3, 15
69, 32,3, 15
69, 33,3, 15
69, 34,3, 15
69, 35,3, 15
69, 36,3, 15
69, 37,3, 15
69, 38,3, 15
69, 39,3, 15
69, 0,4, 15
69, 1,4, 15
69, 2,4, 15
69, 3,4, 15
69, 4,4, 15
69, 5,4, 15
69, 6,4, 15
69, 7,4, 15
69, 8,4, 15
69, 9,4, 15
69, 10,4, 15
69, 11,4, 15
69, 12,4, 15
69, 13,4, 15
69, 14,4, 15
69, 15,4, 15
69, 16,4, 15
69, 17,4, 15
69, 18,4, 15
69, 19,4, 15
69, 20,4, 15
69, 21,4, 15
69, 22,4, 15
69, 23,4, 15
69, 24,4, 15
69, 25,4, 15
69, 26,4, 15
69, 27,4, 15
69, 28,4, 15
69, 29,4, 15
69, 30,4, 15
69, 31,4, 15
69, 32,4, 15
69, 33,4, 15
69, 34,4, 15
69, 35,4, 15
69, 36,4, 15
69, 37,4, 15
69, 38,4, 15
69, 39,4, 15
70, 0,0, 15
70, 1,0, 15
70, 2,0, 15
70, 3,0, 15
70, 4,0, 15
70, 5,0, 15
70, 6,0, 15
70, 7,0, 15
70, 8,0, 15
70, 9,0, 15
70, 10,0, 15
70, 11,0, 15
70, 12,0, 15
70, 13,0, 15
70, 14,0, 15
70, 15,0, 15
70, 16,0, 15
70, 17,0, 15
70, 18,0, 15
70, 19,0, 15
70, 20,0, 15
70, 21,0, 15
70, 22,0, 15
70, 23,0, 15
70, 24,0, 15
70, 25,0, 15
70, 26,0, 15
70, 27,0, 15
70, 28,0, 15
70, 29,0, 15
70, 30,0, 15
70, 31,0, 15
70, 32,0, 15
70, 33,0, 15
70, 34,0, 15
70, 35,0, 15
70, 36,0, 15
70, 37,0, 15
70, 38,0, 15
70, 39,0, 15
70, 0,1, 15
70, 1,1, 15
70, 2,1, 15
70, 3,1, 15
70, 4,1, 15
70, 5,1, 15
70, 6,1, 15
70, 7,1, 15
70, 8,1, 15
70, 9,1, 15
70, 10,1, 15
70, 11,1, 15
70, 12,1, 15
70, 13,1, 15
70, 14,1, 15
70, 15,1, 15
70, 16,1, 15
70, 17,1, 15
70, 18,1, 15
70, 19,1, 15
70, 20,1, 15
70, 21,1, 15
70, 22,1, 15
70, 23,1, 15
70, 24,1, 15
70, 25,1, 15
70, 26,1, 15
70, 27,1, 15
70, 28,1, 15
70, 29,1, 15
70, 30,1, 15
70, 31,1, 15
70, 32,1, 15
70, 33,1, 15
70, 34,1, 15
70, 35,1, 15
70, 36,1, 15
70, 37,1, 15
70, 38,1, 15
70, 39,1, 15
70, 0,2, 15
70, 1,2, 15
70, 2,2, 15
70, 3,2, 15
70, 4,2, 15
70, 5,2, 15
70, 6,2, 15
70, 7,2, 15
70, 8,2, 15
70, 9,2, 15
70, 10,2, 15
70, 11,2, 15
70, 12,2, 15
70, 13,2, 15
70, 14,2, 15
70, 15,2, 15
70, 16,2, 15
70, 17,2, 15
70, 18,2, 15
70, 19,2, 15
70, 20,2, 15
70, 21,2, 15
70, 22,2, 15
70, 23,2, 15
70, 24,2, 15
70, 25,2, 15
70, 26,2, 15
70, 27,2, 15
70, 28,2, 15
70, 29,2, 15
70, 30,2, 15
70, 31,2, 15
70, 32,2, 15
70, 33,2, 15
70, 34,2, 15
70, 35,2, 15
70, 36,2, 15
70, 37,2, 15
70, 38,2, 15
70, 39,2, 15
70, 0,3, 15
70, 1,3, 15
70, 2,3, 15
70, 3,3, 15
70, 4,3, 15
70, 5,3, 15
70, 6,3, 15
70, 7,3, 15
70, 8,3, 15
70, 9,3, 15
70, 10,3, 15
70, 11,3, 15
70, 12,3, 15
70, 13,3, 15
70, 14,3, 15
70, 15,3, 15
70, 16,3, 15
70, 17,3, 15
70, 18,3, 15
70, 19,3, 15
70, 20,3, 15
70, 21,3, 15
70, 22,3, 15
70, 23,3, 15
70, 24,3, 15
70, 25,3, 15
70, 26,3, 15
70, 27,3, 15
70, 28,3, 15
70, 29,3, 15
70, 30,3, 15
70, 31,3, 15
70, 32,3, 15
70, 33,3, 15
70, 34,3, 15
70, 35,3, 15
70, 36,3, 15
70, 37,3, 15
70, 38,3, 15
70, 39,3, 15
70, 0,4, 15
70, 1,4, 15
70, 2,4, 15
70, 3,4, 15
70, 4,4, 15
70, 5,4, 15
70, 6,4, 15
70, 7,4, 15
70, 8,4, 15
70, 9,4, 15
70, 10,4, 15
70, 11,4, 15
70, 12,4, 15
70, 13,4, 15
70, 14,4, 15
70, 15,4, 15
70, 16,4, 15
70, 17,4, 15
70, 18,4, 15
70, 19,4, 15
70, 20,4, 15
70, 21,4, 15
70, 22,4, 15
70, 23,4, 15
70, 24,4, 15
70, 25,4, 15
70, 26,4, 15
70, 27,4, 15
70, 28,4, 15
70, 29,4, 15
70, 30,4, 15
70, 31,4, 15
70, 32,4, 15
70, 33,4, 15
70, 34,4, 15
70, 35,4, 15
70, 36,4, 15
70, 37,4, 15
70, 38,4, 15
70, 39,4, 15
71, 0,0, 15
71, 1,0, 15
71, 2,0, 15
71, 3,0, 15
71, 4,0, 15
71, 5,0, 15
71, 6,0, 15
71, 7,0, 15
71, 8,0, 15
71, 9,0, 15
71, 10,0, 15
71, 11,0, 15
71, 12,0, 15
71, 13,0, 15
71, 14,0, 15
71, 15,0, 15
71, 16,0, 15
71, 17,0, 15
71, 18,0, 15
71, 19,0, 15
71, 20,0, 15
71, 21,0, 15
71, 22,0, 15
71, 23,0, 15
71, 24,0, 15
71, 25,0, 15
71, 26,0, 15
71, 27,0, 15
71, 28,0, 15
71, 29,0, 15
71, 30,0, 15
71, 31,0, 15
71, 32,0, 15
71, 33,0, 15
71, 34,0, 15
71, 35,0, 15
71, 36,0, 15
71, 37,0, 15
71, 38,0, 15
71, 39,0, 15
71, 0,1, 15
71, 1,1, 15
71, 2,1, 15
71, 3,1, 15
71, 4,1, 15
71, 5,1, 15
71, 6,1, 15
71, 7,1, 15
71, 8,1, 15
71, 9,1, 15
71, 10,1, 15
71, 11,1, 15
71, 12,1, 15
71, 13,1, 15
71, 14,1, 15
71, 15,1, 15
71, 16,1, 15
71, 17,1, 15
71, 18,1, 15
71, 19,1, 15
71, 20,1, 15
71, 21,1, 15
71, 22,1, 15
71, 23,1, 15
71, 24,1, 15
71, 25,1, 15
71, 26,1, 15
71, 27,1, 15
71, 28,1, 15
71, 29,1, 15
71, 30,1, 15
71, 31,1, 15
71, 32,1, 15
71, 33,1, 15
71, 34,1, 15
71, 35,1, 15
71, 36,1, 15
71, 37,1, 15
71, 38,1, 15
71, 39,1, 15
71, 0,2, 15
71, 1,2, 15
71, 2,2, 15
71, 3,2, 15
71, 4,2, 15
71, 5,2, 15
71, 6,2, 15
71, 7,2, 15
71, 8,2, 15
71, 9,2, 15
71, 10,2, 15
71, 11,2, 15
71, 12,2, 15
71, 13,2, 15
71, 14,2, 15
71, 15,2, 15
71, 16,2, 15
71, 17,2, 15
71, 18,2, 15
71, 19,2, 15
71, 20,2, 15
71, 21,2, 15
71, 22,2, 15
71, 23,2, 15
71, 24,2, 15
71, 25,2, 15
71, 26,2, 15
71, 27,2, 15
71, 28,2, 15
71, 29,2, 15
71, 30,2, 15
71, 31,2, 15
71, 32,2, 15
71, 33,2, 15
71, 34,2, 15
71, 35,2, 15
71, 36,2, 15
71, 37,2, 15
71, 38,2, 15
71, 39,2, 15
71, 0,3, 15
71, 1,3, 15
71, 2,3, 15
71, 3,3, 15
71, 4,3, 15
71, 5,3, 15
71, 6,3, 15
71, 7,3, 15
71, 8,3, 15
71, 9,3, 15
71, 10,3, 15
71, 11,3, 15
71, 12,3, 15
71, 13,3, 15
71, 14,3, 15
71, 15,3, 15
71, 16,3, 15
71, 17,3, 15
71, 18,3, 15
71, 19,3, 15
71, 20,3, 15
71, 21,3, 15
71, 22,3, 15
71, 23,3, 15
71, 24,3, 15
71, 25,3, 15
71, 26,3, 15
71, 27,3, 15
71, 28,3, 15
71, 29,3, 15
71, 30,3, 15
71, 31,3, 15
71, 32,3, 15
71, 33,3, 15
71, 34,3, 15
71, 35,3, 15
71, 36,3, 15
71, 37,3, 15
71, 38,3, 15
71, 39,3, 15
71, 0,4, 15
71, 1,4, 15
71, 2,4, 15
71, 3,4, 15
71, 4,4, 15
71, 5,4, 15
71, 6,4, 15
71, 7,4, 15
71, 8,4, 15
71, 9,4, 15
71, 10,4, 15
71, 11,4, 15
71, 12,4, 15
71, 13,4, 15
71, 14,4, 15
71, 15,4, 15
71, 16,4, 15
71, 17,4, 15
71, 18,4, 15
71, 19,4, 15
71, 20,4, 15
71, 21,4, 15
71, 22,4, 15
71, 23,4, 15
71, 24,4, 15
71, 25,4, 15
71, 26,4, 15
71, 27,4, 15
71, 28,4, 15
71, 29,4, 15
71, 30,4, 15
71, 31,4, 15
71, 32,4, 15
71, 33,4, 15
71, 34,4, 15
71, 35,4, 15
71, 36,4, 15
71, 37,4, 15
71, 38,4, 15
71, 39,4, 15
72, 0,0, 15
72, 1,0, 15
72, 2,0, 15
72, 3,0, 15
72, 4,0, 15
72, 5,0, 15
72, 6,0, 15
72, 7,0, 15
72, 8,0, 15
72, 9,0, 15
72, 10,0, 15
72, 11,0, 15
72, 12,0, 15
72, 13,0, 15
72, 14,0, 15
72, 15,0, 15
72, 16,0, 15
72, 17,0, 15
72, 18,0, 15
72, 19,0, 15
72, 20,0, 15
72, 21,0, 15
72, 22,0, 15
72, 23,0, 15
72, 24,0, 15
72, 25,0, 15
72, 26,0, 15
72, 27,0, 15
72, 28,0, 15
72, 29,0, 15
72, 30,0, 15
72, 31,0, 15
72, 32,0, 15
72, 33,0, 15
72, 34,0, 15
72, 35,0, 15
72, 36,0, 15
72, 37,0, 15
72, 38,0, 15
72, 39,0, 15
72, 0,1, 15
72, 1,1, 15
72, 2,1, 15
72, 3,1, 15
72, 4,1, 15
72, 5,1, 15
72, 6,1, 15
72, 7,1, 15
72, 8,1, 15
72, 9,1, 15
72, 10,1, 15
72, 11,1, 15
72, 12,1, 15
72, 13,1, 15
72, 14,1, 15
72, 15,1, 15
72, 16,1, 15
72, 17,1, 15
72, 18,1, 15
72, 19,1, 15
72, 20,1, 15
72, 21,1, 15
72, 22,1, 15
72, 23,1, 15
72, 24,1, 15
72, 25,1, 15
72, 26,1, 15
72, 27,1, 15
72, 28,1, 15
72, 29,1, 15
72, 30,1, 15
72, 31,1, 15
72, 32,1, 15
72, 33,1, 15
72, 34,1, 15
72, 35,1, 15
72, 36,1, 15
72, 37,1, 15
72, 38,1, 15
72, 39,1, 15
72, 0,2, 15
72, 1,2, 15
72, 2,2, 15
72, 3,2, 15
72, 4,2, 15
72, 5,2, 15
72, 6,2, 15
72, 7,2, 15
72, 8,2, 15
72, 9,2, 15
72, 10,2, 15
72, 11,2, 15
72, 12,2, 15
72, 13,2, 15
72, 14,2, 15
72, 15,2, 15
72, 16,2, 15
72, 17,2, 15
72, 18,2, 15
72, 19,2, 15
72, 20,2, 15
72, 21,2, 15
72, 22,2, 15
72, 23,2, 15
72, 24,2, 15
72, 25,2, 15
72, 26,2, 15
72, 27,2, 15
72, 28,2, 15
72, 29,2, 15
72, 30,2, 15
72, 31,2, 15
72, 32,2, 15
72, 33,2, 15
72, 34,2, 15
72, 35,2, 15
72, 36,2, 15
72, 37,2, 15
72, 38,2, 15
72, 39,2, 15
72, 0,3, 15
72, 1,3, 15
72, 2,3, 15
72, 3,3, 15
72, 4,3, 15
72, 5,3, 15
72, 6,3, 15
72, 7,3, 15
72, 8,3, 15
72, 9,3, 15
72, 10,3, 15
72, 11,3, 15
72, 12,3, 15
72, 13,3, 15
72, 14,3, 15
72, 15,3, 15
72, 16,3, 15
72, 17,3, 15
72, 18,3, 15
72, 19,3, 15
72, 20,3, 15
72, 21,3, 15
72, 22,3, 15
72, 23,3, 15
72, 24,3, 15
72, 25,3, 15
72, 26,3, 15
72, 27,3, 15
72, 28,3, 15
72, 29,3, 15
72, 30,3, 15
72, 31,3, 15
72, 32,3, 15
72, 33,3, 15
72, 34,3, 15
72, 35,3, 15
72, 36,3, 15
72, 37,3, 15
72, 38,3, 15
72, 39,3, 15
72, 0,4, 15
72, 1,4, 15
72, 2,4, 15
72, 3,4, 15
72, 4,4, 15
72, 5,4, 15
72, 6,4, 15
72, 7,4, 15
72, 8,4, 15
72, 9,4, 15
72, 10,4, 15
72, 11,4, 15
72, 12,4, 15
72, 13,4, 15
72, 14,4, 15
72, 15,4, 15
72, 16,4, 15
72, 17,4, 15
72, 18,4, 15
72, 19,4, 15
72, 20,4, 15
72, 21,4, 15
72, 22,4, 15
72, 23,4, 15
72, 24,4, 15
72, 25,4, 15
72, 26,4, 15
72, 27,4, 15
72, 28,4, 15
72, 29,4, 15
72, 30,4, 15
72, 31,4, 15
72, 32,4, 15
72, 33,4, 15
72, 34,4, 15
72, 35,4, 15
72, 36,4, 15
72, 37,4, 15
72, 38,4, 15
72, 39,4, 15
73, 0,0, 15
73, 1,0, 15
73, 2,0, 15
73, 3,0, 15
73, 4,0, 15
73, 5,0, 15
73, 6,0, 15
73, 7,0, 15
73, 8,0, 15
73, 9,0, 15
73, 10,0, 15
73, 11,0, 15
73, 12,0, 15
73, 13,0, 15
73, 14,0, 15
73, 15,0, 15
73, 16,0, 15
73, 17,0, 15
73, 18,0, 15
73, 19,0, 15
73, 20,0, 15
73, 21,0, 15
73, 22,0, 15
73, 23,0, 15
73, 24,0, 15
73, 25,0, 15
73, 26,0, 15
73, 27,0, 15
73, 28,0, 15
73, 29,0, 15
73, 30,0, 15
73, 31,0, 15
73, 32,0, 15
73, 33,0, 15
73, 34,0, 15
73, 35,0, 15
73, 36,0, 15
73, 37,0, 15
73, 38,0, 15
73, 39,0, 15
73, 0,1, 15
73, 1,1, 15
73, 2,1, 15
73, 3,1, 15
73, 4,1, 15
73, 5,1, 15
73, 6,1, 15
73, 7,1, 15
73, 8,1, 15
73, 9,1, 15
73, 10,1, 15
73, 11,1, 15
73, 12,1, 15
73, 13,1, 15
73, 14,1, 15
73, 15,1, 15
73, 16,1, 15
73, 17,1, 15
73, 18,1, 15
73, 19,1, 15
73, 20,1, 15
73, 21,1, 15
73, 22,1, 15
73, 23,1, 15
73, 24,1, 15
73, 25,1, 15
73, 26,1, 15
73, 27,1, 15
73, 28,1, 15
73, 29,1, 15
73, 30,1, 15
73, 31,1, 15
73, 32,1, 15
73, 33,1, 15
73, 34,1, 15
73, 35,1, 15
73, 36,1, 15
73, 37,1, 15
73, 38,1, 15
73, 39,1, 15
73, 0,2, 15
73, 1,2, 15
73, 2,2, 15
73, 3,2, 15
73, 4,2, 15
73, 5,2, 15
73, 6,2, 15
73, 7,2, 15
73, 8,2, 15
73, 9,2, 15
73, 10,2, 15
73, 11,2, 15
73, 12,2, 15
73, 13,2, 15
73, 14,2, 15
73, 15,2, 15
73, 16,2, 15
73, 17,2, 15
73, 18,2, 15
73, 19,2, 15
73, 20,2, 15
73, 21,2, 15
73, 22,2, 15
73, 23,2, 15
73, 24,2, 15
73, 25,2, 15
73, 26,2, 15
73, 27,2, 15
73, 28,2, 15
73, 29,2, 15
73, 30,2, 15
73, 31,2, 15
73, 32,2, 15
73, 33,2, 15
73, 34,2, 15
73, 35,2, 15
73, 36,2, 15
73, 37,2, 15
73, 38,2, 15
73, 39,2, 15
73, 0,3, 15
73, 1,3, 15
73, 2,3, 15
73, 3,3, 15
73, 4,3, 15
73, 5,3, 15
73, 6,3, 15
73, 7,3, 15
73, 8,3, 15
73, 9,3, 15
73, 10,3, 15
73, 11,3, 15
73, 12,3, 15
73, 13,3, 15
73, 14,3, 15
73, 15,3, 15
73, 16,3, 15
73, 17,3, 15
73, 18,3, 15
73, 19,3, 15
73, 20,3, 15
73, 21,3, 15
73, 22,3, 15
73, 23,3, 15
73, 24,3, 15
73, 25,3, 15
73, 26,3, 15
73, 27,3, 15
73, 28,3, 15
73, 29,3, 15
73, 30,3, 15
73, 31,3, 15
73, 32,3, 15
73, 33,3, 15
73, 34,3, 15
73, 35,3, 15
73, 36,3, 15
73, 37,3, 15
73, 38,3, 15
73, 39,3, 15
73, 0,4, 15
73, 1,4, 15
73, 2,4, 15
73, 3,4, 15
73, 4,4, 15
73, 5,4, 15
73, 6,4, 15
73, 7,4, 15
73, 8,4, 15
73, 9,4, 15
73, 10,4, 15
73, 11,4, 15
73, 12,4, 15
73, 13,4, 15
73, 14,4, 15
73, 15,4, 15
73, 16,4, 15
73, 17,4, 15
73, 18,4, 15
73, 19,4, 15
73, 20,4, 15
73, 21,4, 15
73, 22,4, 15
73, 23,4, 15
73, 24,4, 15
73, 25,4, 15
73, 26,4, 15
73, 27,4, 15
73, 28,4, 15
73, 29,4, 15
73, 30,4, 15
73, 31,4, 15
73, 32,4, 15
73, 33,4, 15
73, 34,4, 15
73, 35,4, 15
73, 36,4, 15
73, 37,4, 15
73, 38,4, 15
73, 39,4, 15
74, 0,0, 15
74, 1,0, 15
74, 2,0, 15
74, 3,0, 15
74, 4,0, 15
74, 5,0, 15
74, 6,0, 15
74, 7,0, 15
74, 8,0, 15
74, 9,0, 15
74, 10,0, 15
74, 11,0, 15
74, 12,0, 15
74, 13,0, 15
74, 14,0, 15
74, 15,0, 15
74, 16,0, 15
74, 17,0, 15
74, 18,0, 15
74, 19,0, 15
74, 20,0, 15
74, 21,0, 15
74, 22,0, 15
74, 23,0, 15
74, 24,0, 15
74, 25,0, 15
74, 26,0, 15
74, 27,0, 15
74, 28,0, 15
74, 29,0, 15
74, 30,0, 15
74, 31,0, 15
74, 32,0, 15
74, 33,0, 15
74, 34,0, 15
74, 35,0, 15
74, 36,0, 15
74, 37,0, 15
74, 38,0, 15
74, 39,0, 15
74, 0,1, 15
74, 1,1, 15
74, 2,1, 15
74, 3,1, 15
74, 4,1, 15
74, 5,1, 15
74, 6,1, 15
74, 7,1, 15
74, 8,1, 15
74, 9,1, 15
74, 10,1, 15
74, 11,1, 15
74, 12,1, 15
74, 13,1, 15
74, 14,1, 15
74, 15,1, 15
74, 16,1, 15
74, 17,1, 15
74, 18,1, 15
74, 19,1, 15
74, 20,1, 15
74, 21,1, 15
74, 22,1, 15
74, 23,1, 15
74, 24,1, 15
74, 25,1, 15
74, 26,1, 15
74, 27,1, 15
74, 28,1, 15
74, 29,1, 15
74, 30,1, 15
74, 31,1, 15
74, 32,1, 15
74, 33,1, 15
74, 34,1, 15
74, 35,1, 15
74, 36,1, 15
74, 37,1, 15
74, 38,1, 15
74, 39,1, 15
74, 0,2, 15
74, 1,2, 15
74, 2,2, 15
74, 3,2, 15
74, 4,2, 15
74, 5,2, 15
74, 6,2, 15
74, 7,2, 15
74, 8,2, 15
74, 9,2, 15
74, 10,2, 15
74, 11,2, 15
74, 12,2, 15
74, 13,2, 15
74, 14,2, 15
74, 15,2, 15
74, 16,2, 15
74, 17,2, 15
74, 18,2, 15
74, 19,2, 15
74, 20,2, 15
74, 21,2, 15
74, 22,2, 15
74, 23,2, 15
74, 24,2, 15
74, 25,2, 15
74, 26,2, 15
74, 27,2, 15
74, 28,2, 15
74, 29,2, 15
74, 30,2, 15
74, 31,2, 15
74, 32,2, 15
74, 33,2, 15
74, 34,2, 15
74, 35,2, 15
74, 36,2, 15
74, 37,2, 15
74, 38,2, 15
74, 39,2, 15
74, 0,3, 15
74, 1,3, 15
74, 2,3, 15
74, 3,3, 15
74, 4,3, 15
74, 5,3, 15
74, 6,3, 15
74, 7,3, 15
74, 8,3, 15
74, 9,3, 15
74, 10,3, 15
74, 11,3, 15
74, 12,3, 15
74, 13,3, 15
74, 14,3, 15
74, 15,3, 15
74, 16,3, 15
74, 17,3, 15
74, 18,3, 15
74, 19,3, 15
74, 20,3, 15
74, 21,3, 15
74, 22,3, 15
74, 23,3, 15
74, 24,3, 15
74, 25,3, 15
74, 26,3, 15
74, 27,3, 15
74, 28,3, 15
74, 29,3, 15
74, 30,3, 15
74, 31,3, 15
74, 32,3, 15
74, 33,3, 15
74, 34,3, 15
74, 35,3, 15
74, 36,3, 15
74, 37,3, 15
74, 38,3, 15
74, 39,3, 15
74, 0,4, 15
74, 1,4, 15
74, 2,4, 15
74, 3,4, 15
74, 4,4, 15
74, 5,4, 15
74, 6,4, 15
74, 7,4, 15
74, 8,4, 15
74, 9,4, 15
74, 10,4, 15
74, 11,4, 15
74, 12,4, 15
74, 13,4, 15
74, 14,4, 15
74, 15,4, 15
74, 16,4, 15
74, 17,4, 15
74, 18,4, 15
74, 19,4, 15
74, 20,4, 15
74, 21,4, 15
74, 22,4, 15
74, 23,4, 15
74, 24,4, 15
74, 25,4, 15
74, 26,4, 15
74, 27,4, 15
74, 28,4, 15
74, 29,4, 15
74, 30,4, 15
74, 31,4, 15
74, 32,4, 15
74, 33,4, 15
74, 34,4, 15
74, 35,4, 15
74, 36,4, 15
74, 37,4, 15
74, 38,4, 15
74, 39,4, 15
75, 0,0, 15
75, 1,0, 15
75, 2,0, 15
75, 3,0, 15
75, 4,0, 15
75, 5,0, 15
75, 6,0, 15
75, 7,0, 15
75, 8,0, 15
75, 9,0, 15
75, 10,0, 15
75, 11,0, 15
75, 12,0, 15
75, 13,0, 15
75, 14,0, 15
75, 15,0, 15
75, 16,0, 15
75, 17,0, 15
75, 18,0, 15
75, 19,0, 15
75, 20,0, 15
75, 21,0, 15
75, 22,0, 15
75, 23,0, 15
75, 24,0, 15
75, 25,0, 15
75, 26,0, 15
75, 27,0, 15
75, 28,0, 15
75, 29,0, 15
75, 30,0, 15
75, 31,0, 15
75, 32,0, 15
75, 33,0, 15
75, 34,0, 15
75, 35,0, 15
75, 36,0, 15
75, 37,0, 15
75, 38,0, 15
75, 39,0, 15
75, 0,1, 15
75, 1,1, 15
75, 2,1, 15
75, 3,1, 15
75, 4,1, 15
75, 5,1, 15
75, 6,1, 15
75, 7,1, 15
75, 8,1, 15
75, 9,1, 15
75, 10,1, 15
75, 11,1, 15
75, 12,1, 15
75, 13,1, 15
75, 14,1, 15
75, 15,1, 15
75, 16,1, 15
75, 17,1, 15
75, 18,1, 15
75, 19,1, 15
75, 20,1, 15
75, 21,1, 15
75, 22,1, 15
75, 23,1, 15
75, 24,1, 15
75, 25,1, 15
75, 26,1, 15
75, 27,1, 15
75, 28,1, 15
75, 29,1, 15
75, 30,1, 15
75, 31,1, 15
75, 32,1, 15
75, 33,1, 15
75, 34,1, 15
75, 35,1, 15
75, 36,1, 15
75, 37,1, 15
75, 38,1, 15
75, 39,1, 15
75, 0,2, 15
75, 1,2, 15
75, 2,2, 15
75, 3,2, 15
75, 4,2, 15
75, 5,2, 15
75, 6,2, 15
75, 7,2, 15
75, 8,2, 15
75, 9,2, 15
75, 10,2, 15
75, 11,2, 15
75, 12,2, 15
75, 13,2, 15
75, 14,2, 15
75, 15,2, 15
75, 16,2, 15
75, 17,2, 15
75, 18,2, 15
75, 19,2, 15
75, 20,2, 15
75, 21,2, 15
75, 22,2, 15
75, 23,2, 15
75, 24,2, 15
75, 25,2, 15
75, 26,2, 15
75, 27,2, 15
75, 28,2, 15
75, 29,2, 15
75, 30,2, 15
75, 31,2, 15
75, 32,2, 15
75, 33,2, 15
75, 34,2, 15
75, 35,2, 15
75, 36,2, 15
75, 37,2, 15
75, 38,2, 15
75, 39,2, 15
75, 0,3, 15
75, 1,3, 15
75, 2,3, 15
75, 3,3, 15
75, 4,3, 15
75, 5,3, 15
75, 6,3, 15
75, 7,3, 15
75, 8,3, 15
75, 9,3, 15
75, 10,3, 15
75, 11,3, 15
75, 12,3, 15
75, 13,3, 15
75, 14,3, 15
75, 15,3, 15
75, 16,3, 15
75, 17,3, 15
75, 18,3, 15
75, 19,3, 15
75, 20,3, 15
75, 21,3, 15
75, 22,3, 15
75, 23,3, 15
75, 24,3, 15
75, 25,3, 15
75, 26,3, 15
75, 27,3, 15
75, 28,3, 15
75, 29,3, 15
75, 30,3, 15
75, 31,3, 15
75, 32,3, 15
75, 33,3, 15
75, 34,3, 15
75, 35,3, 15
75, 36,3, 15
75, 37,3, 15
75, 38,3, 15
75, 39,3, 15
75, 0,4, 15
75, 1,4, 15
75, 2,4, 15
75, 3,4, 15
75, 4,4, 15
75, 5,4, 15
75, 6,4, 15
75, 7,4, 15
75, 8,4, 15
75, 9,4, 15
75, 10,4, 15
75, 11,4, 15
75, 12,4, 15
75, 13,4, 15
75, 14,4, 15
75, 15,4, 15
75, 16,4, 15
75, 17,4, 15
75, 18,4, 15
75, 19,4, 15
75, 20,4, 15
75, 21,4, 15
75, 22,4, 15
75, 23,4, 15
75, 24,4, 15
75, 25,4, 15
75, 26,4, 15
75, 27,4, 15
75, 28,4, 15
75, 29,4, 15
75, 30,4, 15
75, 31,4, 15
75, 32,4, 15
75, 33,4, 15
75, 34,4, 15
75, 35,4, 15
75, 36,4, 15
75, 37,4, 15
75, 38,4, 15
75, 39,4, 15
76, 0,0, 15
76, 1,0, 15
76, 2,0, 15
76, 3,0, 15
76, 4,0, 15
76, 5,0, 15
76, 6,0, 15
76, 7,0, 15
76, 8,0, 15
76, 9,0, 15
76, 10,0, 15
76, 11,0, 15
76, 12,0, 15
76, 13,0, 15
76, 14,0, 15
76, 15,0, 15
76, 16,0, 15
76, 17,0, 15
76, 18,0, 15
76, 19,0, 15
76, 20,0, 15
76, 21,0, 15
76, 22,0, 15
76, 23,0, 15
76, 24,0, 15
76, 25,0, 15
76, 26,0, 15
76, 27,0, 15
76, 28,0, 15
76, 29,0, 15
76, 30,0, 15
76, 31,0, 15
76, 32,0, 15
76, 33,0, 15
76, 34,0, 15
76, 35,0, 15
76, 36,0, 15
76, 37,0, 15
76, 38,0, 15
76, 39,0, 15
76, 0,1, 15
76, 1,1, 15
76, 2,1, 15
76, 3,1, 15
76, 4,1, 15
76, 5,1, 15
76, 6,1, 15
76, 7,1, 15
76, 8,1, 15
76, 9,1, 15
76, 10,1, 15
76, 11,1, 15
76, 12,1, 15
76, 13,1, 15
76, 14,1, 15
76, 15,1, 15
76, 16,1, 15
76, 17,1, 15
76, 18,1, 15
76, 19,1, 15
76, 20,1, 15
76, 21,1, 15
76, 22,1, 15
76, 23,1, 15
76, 24,1, 15
76, 25,1, 15
76, 26,1, 15
76, 27,1, 15
76, 28,1, 15
76, 29,1, 15
76, 30,1, 15
76, 31,1, 15
76, 32,1, 15
76, 33,1, 15
76, 34,1, 15
76, 35,1, 15
76, 36,1, 15
76, 37,1, 15
76, 38,1, 15
76, 39,1, 15
76, 0,2, 15
76, 1,2, 15
76, 2,2, 15
76, 3,2, 15
76, 4,2, 15
76, 5,2, 15
76, 6,2, 15
76, 7,2, 15
76, 8,2, 15
76, 9,2, 15
76, 10,2, 15
76, 11,2, 15
76, 12,2, 15
76, 13,2, 15
76, 14,2, 15
76, 15,2, 15
76, 16,2, 15
76, 17,2, 15
76, 18,2, 15
76, 19,2, 15
76, 20,2, 15
76, 21,2, 15
76, 22,2, 15
76, 23,2, 15
76, 24,2, 15
76, 25,2, 15
76, 26,2, 15
76, 27,2, 15
76, 28,2, 15
76, 29,2, 15
76, 30,2, 15
76, 31,2, 15
76, 32,2, 15
76, 33,2, 15
76, 34,2, 15
76, 35,2, 15
76, 36,2, 15
76, 37,2, 15
76, 38,2, 15
76, 39,2, 15
76, 0,3, 15
76, 1,3, 15
76, 2,3, 15
76, 3,3, 15
76, 4,3, 15
76, 5,3, 15
76, 6,3, 15
76, 7,3, 15
76, 8,3, 15
76, 9,3, 15
76, 10,3, 15
76, 11,3, 15
76, 12,3, 15
76, 13,3, 15
76, 14,3, 15
76, 15,3, 15
76, 16,3, 15
76, 17,3, 15
76, 18,3, 15
76, 19,3, 15
76, 20,3, 15
76, 21,3, 15
76, 22,3, 15
76, 23,3, 15
76, 24,3, 15
76, 25,3, 15
76, 26,3, 15
76, 27,3, 15
76, 28,3, 15
76, 29,3, 15
76, 30,3, 15
76, 31,3, 15
76, 32,3, 15
76, 33,3, 15
76, 34,3, 15
76, 35,3, 15
76, 36,3, 15
76, 37,3, 15
76, 38,3, 15
76, 39,3, 15
76, 0,4, 15
76, 1,4, 15
76, 2,4, 15
76, 3,4, 15
76, 4,4, 15
76, 5,4, 15
76, 6,4, 15
76, 7,4, 15
76, 8,4, 15
76, 9,4, 15
76, 10,4, 15
76, 11,4, 15
76, 12,4, 15
76, 13,4, 15
76, 14,4, 15
76, 15,4, 15
76, 16,4, 15
76, 17,4, 15
76, 18,4, 15
76, 19,4, 15
76, 20,4, 15
76, 21,4, 15
76, 22,4, 15
76, 23,4, 15
76, 24,4, 15
76, 25,4, 15
76, 26,4, 15
76, 27,4, 15
76, 28,4, 15
76, 29,4, 15
76, 30,4, 15
76, 31,4, 15
76, 32,4, 15
76, 33,4, 15
76, 34,4, 15
76, 35,4, 15
76, 36,4, 15
76, 37,4, 15
76, 38,4, 15
76, 39,4, 15
77, 0,0, 15
77, 1,0, 15
77, 2,0, 15
77, 3,0, 15
77, 4,0, 15
77, 5,0, 15
77, 6,0, 15
77, 7,0, 15
77, 8,0, 15
77, 9,0, 15
77, 10,0, 15
77, 11,0, 15
77, 12,0, 15
77, 13,0, 15
77, 14,0, 15
77, 15,0, 15
77, 16,0, 15
77, 17,0, 15
77, 18,0, 15
77, 19,0, 15
77, 20,0, 15
77, 21,0, 15
77, 22,0, 15
77, 23,0, 15
77, 24,0, 15
77, 25,0, 15
77, 26,0, 15
77, 27,0, 15
77, 28,0, 15
77, 29,0, 15
77, 30,0, 15
77, 31,0, 15
77, 32,0, 15
77, 33,0, 15
77, 34,0, 15
77, 35,0, 15
77, 36,0, 15
77, 37,0, 15
77, 38,0, 15
77, 39,0, 15
77, 0,1, 15
77, 1,1, 15
77, 2,1, 15
77, 3,1, 15
77, 4,1, 15
77, 5,1, 15
77, 6,1, 15
77, 7,1, 15
77, 8,1, 15
77, 9,1, 15
77, 10,1, 15
77, 11,1, 15
77, 12,1, 15
77, 13,1, 15
77, 14,1, 15
77, 15,1, 15
77, 16,1, 15
77, 17,1, 15
77, 18,1, 15
77, 19,1, 15
77, 20,1, 15
77, 21,1, 15
77, 22,1, 15
77, 23,1, 15
77, 24,1, 15
77, 25,1, 15
77, 26,1, 15
77, 27,1, 15
77, 28,1, 15
77, 29,1, 15
77, 30,1, 15
77, 31,1, 15
77, 32,1, 15
77, 33,1, 15
77, 34,1, 15
77, 35,1, 15
77, 36,1, 15
77, 37,1, 15
77, 38,1, 15
77, 39,1, 15
77, 0,2, 15
77, 1,2, 15
77, 2,2, 15
77, 3,2, 15
77, 4,2, 15
77, 5,2, 15
77, 6,2, 15
77, 7,2, 15
77, 8,2, 15
77, 9,2, 15
77, 10,2, 15
77, 11,2, 15
77, 12,2, 15
77, 13,2, 15
77, 14,2, 15
77, 15,2, 15
77, 16,2, 15
77, 17,2, 15
77, 18,2, 15
77, 19,2, 15
77, 20,2, 15
77, 21,2, 15
77, 22,2, 15
77, 23,2, 15
77, 24,2, 15
77, 25,2, 15
77, 26,2, 15
77, 27,2, 15
77, 28,2, 15
77, 29,2, 15
77, 30,2, 15
77, 31,2, 15
77, 32,2, 15
77, 33,2, 15
77, 34,2, 15
77, 35,2, 15
77, 36,2, 15
77, 37,2, 15
77, 38,2, 15
77, 39,2, 15
77, 0,3, 15
77, 1,3, 15
77, 2,3, 15
77, 3,3, 15
77, 4,3, 15
77, 5,3, 15
77, 6,3, 15
77, 7,3, 15
77, 8,3, 15
77, 9,3, 15
77, 10,3, 15
77, 11,3, 15
77, 12,3, 15
77, 13,3, 15
77, 14,3, 15
77, 15,3, 15
77, 16,3, 15
77, 17,3, 15
77, 18,3, 15
77, 19,3, 15
77, 20,3, 15
77, 21,3, 15
77, 22,3, 15
77, 23,3, 15
77, 24,3, 15
77, 25,3, 15
77, 26,3, 15
77, 27,3, 15
77, 28,3, 15
77, 29,3, 15
77, 30,3, 15
77, 31,3, 15
77, 32,3, 15
77, 33,3, 15
77, 34,3, 15
77, 35,3, 15
77, 36,3, 15
77, 37,3, 15
77, 38,3, 15
77, 39,3, 15
77, 0,4, 15
77, 1,4, 15
77, 2,4, 15
77, 3,4, 15
77, 4,4, 15
77, 5,4, 15
77, 6,4, 15
77, 7,4, 15
77, 8,4, 15
77, 9,4, 15
77, 10,4, 15
77, 11,4, 15
77, 12,4, 15
77, 13,4, 15
77, 14,4, 15
77, 15,4, 15
77, 16,4, 15
77, 17,4, 15
77, 18,4, 15
77, 19,4, 15
77, 20,4, 15
77, 21,4, 15
77, 22,4, 15
77, 23,4, 15
77, 24,4, 15
77, 25,4, 15
77, 26,4, 15
77, 27,4, 15
77, 28,4, 15
77, 29,4, 15
77, 30,4, 15
77, 31,4, 15
77, 32,4, 15
77, 33,4, 15
77, 34,4, 15
77, 35,4, 15
77, 36,4, 15
77, 37,4, 15
77, 38,4, 15
77, 39,4, 15
78, 0,0, 15
78, 1,0, 15
78, 2,0, 15
78, 3,0, 15
78, 4,0, 15
78, 5,0, 15
78, 6,0, 15
78, 7,0, 15
78, 8,0, 15
78, 9,0, 15
78, 10,0, 15
78, 11,0, 15
78, 12,0, 15
78, 13,0, 15
78, 14,0, 15
78, 15,0, 15
78, 16,0, 15
78, 17,0, 15
78, 18,0, 15
78, 19,0, 15
78, 20,0, 15
78, 21,0, 15
78, 22,0, 15
78, 23,0, 15
78, 24,0, 15
78, 25,0, 15
78, 26,0, 15
78, 27,0, 15
78, 28,0, 15
78, 29,0, 15
78, 30,0, 15
78, 31,0, 15
78, 32,0, 15
78, 33,0, 15
78, 34,0, 15
78, 35,0, 15
78, 36,0, 15
78, 37,0, 15
78, 38,0, 15
78, 39,0, 15
78, 0,1, 15
78, 1,1, 15
78, 2,1, 15
78, 3,1, 15
78, 4,1, 15
78, 5,1, 15
78, 6,1, 15
78, 7,1, 15
78, 8,1, 15
78, 9,1, 15
78, 10,1, 15
78, 11,1, 15
78, 12,1, 15
78, 13,1, 15
78, 14,1, 15
78, 15,1, 15
78, 16,1, 15
78, 17,1, 15
78, 18,1, 15
78, 19,1, 15
78, 20,1, 15
78, 21,1, 15
78, 22,1, 15
78, 23,1, 15
78, 24,1, 15
78, 25,1, 15
78, 26,1, 15
78, 27,1, 15
78, 28,1, 15
78, 29,1, 15
78, 30,1, 15
78, 31,1, 15
78, 32,1, 15
78, 33,1, 15
78, 34,1, 15
78, 35,1, 15
78, 36,1, 15
78, 37,1, 15
78, 38,1, 15
78, 39,1, 15
78, 0,2, 15
78, 1,2, 15
78, 2,2, 15
78, 3,2, 15
78, 4,2, 15
78, 5,2, 15
78, 6,2, 15
78, 7,2, 15
78, 8,2, 15
78, 9,2, 15
78, 10,2, 15
78, 11,2, 15
78, 12,2, 15
78, 13,2, 15
78, 14,2, 15
78, 15,2, 15
78, 16,2, 15
78, 17,2, 15
78, 18,2, 15
78, 19,2, 15
78, 20,2, 15
78, 21,2, 15
78, 22,2, 15
78, 23,2, 15
78, 24,2, 15
78, 25,2, 15
78, 26,2, 15
78, 27,2, 15
78, 28,2, 15
78, 29,2, 15
78, 30,2, 15
78, 31,2, 15
78, 32,2, 15
78, 33,2, 15
78, 34,2, 15
78, 35,2, 15
78, 36,2, 15
78, 37,2, 15
78, 38,2, 15
78, 39,2, 15
78, 0,3, 15
78, 1,3, 15
78, 2,3, 15
78, 3,3, 15
78, 4,3, 15
78, 5,3, 15
78, 6,3, 15
78, 7,3, 15
78, 8,3, 15
78, 9,3, 15
78, 10,3, 15
78, 11,3, 15
78, 12,3, 15
78, 13,3, 15
78, 14,3, 15
78, 15,3, 15
78, 16,3, 15
78, 17,3, 15
78, 18,3, 15
78, 19,3, 15
78, 20,3, 15
78, 21,3, 15
78, 22,3, 15
78, 23,3, 15
78, 24,3, 15
78, 25,3, 15
78, 26,3, 15
78, 27,3, 15
78, 28,3, 15
78, 29,3, 15
78, 30,3, 15
78, 31,3, 15
78, 32,3, 15
78, 33,3, 15
78, 34,3, 15
78, 35,3, 15
78, 36,3, 15
78, 37,3, 15
78, 38,3, 15
78, 39,3, 15
78, 0,4, 15
78, 1,4, 15
78, 2,4, 15
78, 3,4, 15
78, 4,4, 15
78, 5,4, 15
78, 6,4, 15
78, 7,4, 15
78, 8,4, 15
78, 9,4, 15
78, 10,4, 15
78, 11,4, 15
78, 12,4, 15
78, 13,4, 15
78, 14,4, 15
78, 15,4, 15
78, 16,4, 15
78, 17,4, 15
78, 18,4, 15
78, 19,4, 15
78, 20,4, 15
78, 21,4, 15
78, 22,4, 15
78, 23,4, 15
78, 24,4, 15
78, 25,4, 15
78, 26,4, 15
78, 27,4, 15
78, 28,4, 15
78, 29,4, 15
78, 30,4, 15
78, 31,4, 15
78, 32,4, 15
78, 33,4, 15
78, 34,4, 15
78, 35,4, 15
78, 36,4, 15
78, 37,4, 15
78, 38,4, 15
78, 39,4, 15
79, 0,0, 15
79, 1,0, 15
79, 2,0, 15
79, 3,0, 15
79, 4,0, 15
79, 5,0, 15
79, 6,0, 15
79, 7,0, 15
79, 8,0, 15
79, 9,0, 15
79, 10,0, 15
79, 11,0, 15
79, 12,0, 15
79, 13,0, 15
79, 14,0, 15
79, 15,0, 15
79, 16,0, 15
79, 17,0, 15
79, 18,0, 15
79, 19,0, 15
79, 20,0, 15
79, 21,0, 15
79, 22,0, 15
79, 23,0, 15
79, 24,0, 15
79, 25,0, 15
79, 26,0, 15
79, 27,0, 15
79, 28,0, 15
79, 29,0, 15
79, 30,0, 15
79, 31,0, 15
79, 32,0, 15
79, 33,0, 15
79, 34,0, 15
79, 35,0, 15
79, 36,0, 15
79, 37,0, 15
79, 38,0, 15
79, 39,0, 15
79, 0,1, 15
79, 1,1, 15
79, 2,1, 15
79, 3,1, 15
79, 4,1, 15
79, 5,1, 15
79, 6,1, 15
79, 7,1, 15
79, 8,1, 15
79, 9,1, 15
79, 10,1, 15
79, 11,1, 15
79, 12,1, 15
79, 13,1, 15
79, 14,1, 15
79, 15,1, 15
79, 16,1, 15
79, 17,1, 15
79, 18,1, 15
79, 19,1, 15
79, 20,1, 15
79, 21,1, 15
79, 22,1, 15
79, 23,1, 15
79, 24,1, 15
79, 25,1, 15
79, 26,1, 15
79, 27,1, 15
79, 28,1, 15
79, 29,1, 15
79, 30,1, 15
79, 31,1, 15
79, 32,1, 15
79, 33,1, 15
79, 34,1, 15
79, 35,1, 15
79, 36,1, 15
79, 37,1, 15
79, 38,1, 15
79, 39,1, 15
79, 0,2, 15
79, 1,2, 15
79, 2,2, 15
79, 3,2, 15
79, 4,2, 15
79, 5,2, 15
79, 6,2, 15
79, 7,2, 15
79, 8,2, 15
79, 9,2, 15
79, 10,2, 15
79, 11,2, 15
79, 12,2, 15
79, 13,2, 15
79, 14,2, 15
79, 15,2, 15
79, 16,2, 15
79, 17,2, 15
79, 18,2, 15
79, 19,2, 15
79, 20,2, 15
79, 21,2, 15
79, 22,2, 15
79, 23,2, 15
79, 24,2, 15
79, 25,2, 15
79, 26,2, 15
79, 27,2, 15
79, 28,2, 15
79, 29,2, 15
79, 30,2, 15
79, 31,2, 15
79, 32,2, 15
79, 33,2, 15
79, 34,2, 15
79, 35,2, 15
79, 36,2, 15
79, 37,2, 15
79, 38,2, 15
79, 39,2, 15
79, 0,3, 15
79, 1,3, 15
79, 2,3, 15
79, 3,3, 15
79, 4,3, 15
79, 5,3, 15
79, 6,3, 15
79, 7,3, 15
79, 8,3, 15
79, 9,3, 15
79, 10,3, 15
79, 11,3, 15
79, 12,3, 15
79, 13,3, 15
79, 14,3, 15
79, 15,3, 15
79, 16,3, 15
79, 17,3, 15
79, 18,3, 15
79, 19,3, 15
79, 20,3, 15
79, 21,3, 15
79, 22,3, 15
79, 23,3, 15
79, 24,3, 15
79, 25,3, 15
79, 26,3, 15
79, 27,3, 15
79, 28,3, 15
79, 29,3, 15
79, 30,3, 15
79, 31,3, 15
79, 32,3, 15
79, 33,3, 15
79, 34,3, 15
79, 35,3, 15
79, 36,3, 15
79, 37,3, 15
79, 38,3, 15
79, 39,3, 15
79, 0,4, 15
79, 1,4, 15
79, 2,4, 15
79, 3,4, 15
79, 4,4, 15
79, 5,4, 15
79, 6,4, 15
79, 7,4, 15
79, 8,4, 15
79, 9,4, 15
79, 10,4, 15
79, 11,4, 15
79, 12,4, 15
79, 13,4, 15
79, 14,4, 15
79, 15,4, 15
79, 16,4, 15
79, 17,4, 15
79, 18,4, 15
79, 19,4, 15
79, 20,4, 15
79, 21,4, 15
79, 22,4, 15
79, 23,4, 15
79, 24,4, 15
79, 25,4, 15
79, 26,4, 15
79, 27,4, 15
79, 28,4, 15
79, 29,4, 15
79, 30,4, 15
79, 31,4, 15
79, 32,4, 15
79, 33,4, 15
79, 34,4, 15
79, 35,4, 15
79, 36,4, 15
79, 37,4, 15
79, 38,4, 15
79, 39,4, 15
80, 0,0, 15
80, 1,0, 15
80, 2,0, 15
80, 3,0, 15
80, 4,0, 15
80, 5,0, 15
80, 6,0, 15
80, 7,0, 15
80, 8,0, 15
80, 9,0, 15
80, 10,0, 15
80, 11,0, 15
80, 12,0, 15
80, 13,0, 15
80, 14,0, 15
80, 15,0, 15
80, 16,0, 15
80, 17,0, 15
80, 18,0, 15
80, 19,0, 15
80, 20,0, 15
80, 21,0, 15
80, 22,0, 15
80, 23,0, 15
80, 24,0, 15
80, 25,0, 15
80, 26,0, 15
80, 27,0, 15
80, 28,0, 15
80, 29,0, 15
80, 30,0, 15
80, 31,0, 15
80, 32,0, 15
80, 33,0, 15
80, 34,0, 15
80, 35,0, 15
80, 36,0, 15
80, 37,0, 15
80, 38,0, 15
80, 39,0, 15
80, 0,1, 15
80, 1,1, 15
80, 2,1, 15
80, 3,1, 15
80, 4,1, 15
80, 5,1, 15
80, 6,1, 15
80, 7,1, 15
80, 8,1, 15
80, 9,1, 15
80, 10,1, 15
80, 11,1, 15
80, 12,1, 15
80, 13,1, 15
80, 14,1, 15
80, 15,1, 15
80, 16,1, 15
80, 17,1, 15
80, 18,1, 15
80, 19,1, 15
80, 20,1, 15
80, 21,1, 15
80, 22,1, 15
80, 23,1, 15
80, 24,1, 15
80, 25,1, 15
80, 26,1, 15
80, 27,1, 15
80, 28,1, 15
80, 29,1, 15
80, 30,1, 15
80, 31,1, 15
80, 32,1, 15
80, 33,1, 15
80, 34,1, 15
80, 35,1, 15
80, 36,1, 15
80, 37,1, 15
80, 38,1, 15
80, 39,1, 15
80, 0,2, 15
80, 1,2, 15
80, 2,2, 15
80, 3,2, 15
80, 4,2, 15
80, 5,2, 15
80, 6,2, 15
80, 7,2, 15
80, 8,2, 15
80, 9,2, 15
80, 10,2, 15
80, 11,2, 15
80, 12,2, 15
80, 13,2, 15
80, 14,2, 15
80, 15,2, 15
80, 16,2, 15
80, 17,2, 15
80, 18,2, 15
80, 19,2, 15
80, 20,2, 15
80, 21,2, 15
80, 22,2, 15
80, 23,2, 15
80, 24,2, 15
80, 25,2, 15
80, 26,2, 15
80, 27,2, 15
80, 28,2, 15
80, 29,2, 15
80, 30,2, 15
80, 31,2, 15
80, 32,2, 15
80, 33,2, 15
80, 34,2, 15
80, 35,2, 15
80, 36,2, 15
80, 37,2, 15
80, 38,2, 15
80, 39,2, 15
80, 0,3, 15
80, 1,3, 15
80, 2,3, 15
80, 3,3, 15
80, 4,3, 15
80, 5,3, 15
80, 6,3, 15
80, 7,3, 15
80, 8,3, 15
80, 9,3, 15
80, 10,3, 15
80, 11,3, 15
80, 12,3, 15
80, 13,3, 15
80, 14,3, 15
80, 15,3, 15
80, 16,3, 15
80, 17,3, 15
80, 18,3, 15
80, 19,3, 15
80, 20,3, 15
80, 21,3, 15
80, 22,3, 15
80, 23,3, 15
80, 24,3, 15
80, 25,3, 15
80, 26,3, 15
80, 27,3, 15
80, 28,3, 15
80, 29,3, 15
80, 30,3, 15
80, 31,3, 15
80, 32,3, 15
80, 33,3, 15
80, 34,3, 15
80, 35,3, 15
80, 36,3, 15
80, 37,3, 15
80, 38,3, 15
80, 39,3, 15
80, 0,4, 15
80, 1,4, 15
80, 2,4, 15
80, 3,4, 15
80, 4,4, 15
80, 5,4, 15
80, 6,4, 15
80, 7,4, 15
80, 8,4, 15
80, 9,4, 15
80, 10,4, 15
80, 11,4, 15
80, 12,4, 15
80, 13,4, 15
80, 14,4, 15
80, 15,4, 15
80, 16,4, 15
80, 17,4, 15
80, 18,4, 15
80, 19,4, 15
80, 20,4, 15
80, 21,4, 15
80, 22,4, 15
80, 23,4, 15
80, 24,4, 15
80, 25,4, 15
80, 26,4, 15
80, 27,4, 15
80, 28,4, 15
80, 29,4, 15
80, 30,4, 15
80, 31,4, 15
80, 32,4, 15
80, 33,4, 15
80, 34,4, 15
80, 35,4, 15
80, 36,4, 15
80, 37,4, 15
80, 38,4, 15
80, 39,4, 15
81, 0,0, 15
81, 1,0, 15
81, 2,0, 15
81, 3,0, 15
81, 4,0, 15
81, 5,0, 15
81, 6,0, 15
81, 7,0, 15
81, 8,0, 15
81, 9,0, 15
81, 10,0, 15
81, 11,0, 15
81, 12,0, 15
81, 13,0, 15
81, 14,0, 15
81, 15,0, 15
81, 16,0, 15
81, 17,0, 15
81, 18,0, 15
81, 19,0, 15
81, 20,0, 15
81, 21,0, 15
81, 22,0, 15
81, 23,0, 15
81, 24,0, 15
81, 25,0, 15
81, 26,0, 15
81, 27,0, 15
81, 28,0, 15
81, 29,0, 15
81, 30,0, 15
81, 31,0, 15
81, 32,0, 15
81, 33,0, 15
81, 34,0, 15
81, 35,0, 15
81, 36,0, 15
81, 37,0, 15
81, 38,0, 15
81, 39,0, 15
81, 0,1, 15
81, 1,1, 15
81, 2,1, 15
81, 3,1, 15
81, 4,1, 15
81, 5,1, 15
81, 6,1, 15
81, 7,1, 15
81, 8,1, 15
81, 9,1, 15
81, 10,1, 15
81, 11,1, 15
81, 12,1, 15
81, 13,1, 15
81, 14,1, 15
81, 15,1, 15
81, 16,1, 15
81, 17,1, 15
81, 18,1, 15
81, 19,1, 15
81, 20,1, 15
81, 21,1, 15
81, 22,1, 15
81, 23,1, 15
81, 24,1, 15
81, 25,1, 15
81, 26,1, 15
81, 27,1, 15
81, 28,1, 15
81, 29,1, 15
81, 30,1, 15
81, 31,1, 15
81, 32,1, 15
81, 33,1, 15
81, 34,1, 15
81, 35,1, 15
81, 36,1, 15
81, 37,1, 15
81, 38,1, 15
81, 39,1, 15
81, 0,2, 15
81, 1,2, 15
81, 2,2, 15
81, 3,2, 15
81, 4,2, 15
81, 5,2, 15
81, 6,2, 15
81, 7,2, 15
81, 8,2, 15
81, 9,2, 15
81, 10,2, 15
81, 11,2, 15
81, 12,2, 15
81, 13,2, 15
81, 14,2, 15
81, 15,2, 15
81, 16,2, 15
81, 17,2, 15
81, 18,2, 15
81, 19,2, 15
81, 20,2, 15
81, 21,2, 15
81, 22,2, 15
81, 23,2, 15
81, 24,2, 15
81, 25,2, 15
81, 26,2, 15
81, 27,2, 15
81, 28,2, 15
81, 29,2, 15
81, 30,2, 15
81, 31,2, 15
81, 32,2, 15
81, 33,2, 15
81, 34,2, 15
81, 35,2, 15
81, 36,2, 15
81, 37,2, 15
81, 38,2, 15
81, 39,2, 15
81, 0,3, 15
81, 1,3, 15
81, 2,3, 15
81, 3,3, 15
81, 4,3, 15
81, 5,3, 15
81, 6,3, 15
81, 7,3, 15
81, 8,3, 15
81, 9,3, 15
81, 10,3, 15
81, 11,3, 15
81, 12,3, 15
81, 13,3, 15
81, 14,3, 15
81, 15,3, 15
81, 16,3, 15
81, 17,3, 15
81, 18,3, 15
81, 19,3, 15
81, 20,3, 15
81, 21,3, 15
81, 22,3, 15
81, 23,3, 15
81, 24,3, 15
81, 25,3, 15
81, 26,3, 15
81, 27,3, 15
81, 28,3, 15
81, 29,3, 15
81, 30,3, 15
81, 31,3, 15
81, 32,3, 15
81, 33,3, 15
81, 34,3, 15
81, 35,3, 15
81, 36,3, 15
81, 37,3, 15
81, 38,3, 15
81, 39,3, 15
81, 0,4, 15
81, 1,4, 15
81, 2,4, 15
81, 3,4, 15
81, 4,4, 15
81, 5,4, 15
81, 6,4, 15
81, 7,4, 15
81, 8,4, 15
81, 9,4, 15
81, 10,4, 15
81, 11,4, 15
81, 12,4, 15
81, 13,4, 15
81, 14,4, 15
81, 15,4, 15
81, 16,4, 15
81, 17,4, 15
81, 18,4, 15
81, 19,4, 15
81, 20,4, 15
81, 21,4, 15
81, 22,4, 15
81, 23,4, 15
81, 24,4, 15
81, 25,4, 15
81, 26,4, 15
81, 27,4, 15
81, 28,4, 15
81, 29,4, 15
81, 30,4, 15
81, 31,4, 15
81, 32,4, 15
81, 33,4, 15
81, 34,4, 15
81, 35,4, 15
81, 36,4, 15
81, 37,4, 15
81, 38,4, 15
81, 39,4, 15
82, 0,0, 15
82, 1,0, 15
82, 2,0, 15
82, 3,0, 15
82, 4,0, 15
82, 5,0, 15
82, 6,0, 15
82, 7,0, 15
82, 8,0, 15
82, 9,0, 15
82, 10,0, 15
82, 11,0, 15
82, 12,0, 15
82, 13,0, 15
82, 14,0, 15
82, 15,0, 15
82, 16,0, 15
82, 17,0, 15
82, 18,0, 15
82, 19,0, 15
82, 20,0, 15
82, 21,0, 15
82, 22,0, 15
82, 23,0, 15
82, 24,0, 15
82, 25,0, 15
82, 26,0, 15
82, 27,0, 15
82, 28,0, 15
82, 29,0, 15
82, 30,0, 15
82, 31,0, 15
82, 32,0, 15
82, 33,0, 15
82, 34,0, 15
82, 35,0, 15
82, 36,0, 15
82, 37,0, 15
82, 38,0, 15
82, 39,0, 15
82, 0,1, 15
82, 1,1, 15
82, 2,1, 15
82, 3,1, 15
82, 4,1, 15
82, 5,1, 15
82, 6,1, 15
82, 7,1, 15
82, 8,1, 15
82, 9,1, 15
82, 10,1, 15
82, 11,1, 15
82, 12,1, 15
82, 13,1, 15
82, 14,1, 15
82, 15,1, 15
82, 16,1, 15
82, 17,1, 15
82, 18,1, 15
82, 19,1, 15
82, 20,1, 15
82, 21,1, 15
82, 22,1, 15
82, 23,1, 15
82, 24,1, 15
82, 25,1, 15
82, 26,1, 15
82, 27,1, 15
82, 28,1, 15
82, 29,1, 15
82, 30,1, 15
82, 31,1, 15
82, 32,1, 15
82, 33,1, 15
82, 34,1, 15
82, 35,1, 15
82, 36,1, 15
82, 37,1, 15
82, 38,1, 15
82, 39,1, 15
82, 0,2, 15
82, 1,2, 15
82, 2,2, 15
82, 3,2, 15
82, 4,2, 15
82, 5,2, 15
82, 6,2, 15
82, 7,2, 15
82, 8,2, 15
82, 9,2, 15
82, 10,2, 15
82, 11,2, 15
82, 12,2, 15
82, 13,2, 15
82, 14,2, 15
82, 15,2, 15
82, 16,2, 15
82, 17,2, 15
82, 18,2, 15
82, 19,2, 15
82, 20,2, 15
82, 21,2, 15
82, 22,2, 15
82, 23,2, 15
82, 24,2, 15
82, 25,2, 15
82, 26,2, 15
82, 27,2, 15
82, 28,2, 15
82, 29,2, 15
82, 30,2, 15
82, 31,2, 15
82, 32,2, 15
82, 33,2, 15
82, 34,2, 15
82, 35,2, 15
82, 36,2, 15
82, 37,2, 15
82, 38,2, 15
82, 39,2, 15
82, 0,3, 15
82, 1,3, 15
82, 2,3, 15
82, 3,3, 15
82, 4,3, 15
82, 5,3, 15
82, 6,3, 15
82, 7,3, 15
82, 8,3, 15
82, 9,3, 15
82, 10,3, 15
82, 11,3, 15
82, 12,3, 15
82, 13,3, 15
82, 14,3, 15
82, 15,3, 15
82, 16,3, 15
82, 17,3, 15
82, 18,3, 15
82, 19,3, 15
82, 20,3, 15
82, 21,3, 15
82, 22,3, 15
82, 23,3, 15
82, 24,3, 15
82, 25,3, 15
82, 26,3, 15
82, 27,3, 15
82, 28,3, 15
82, 29,3, 15
82, 30,3, 15
82, 31,3, 15
82, 32,3, 15
82, 33,3, 15
82, 34,3, 15
82, 35,3, 15
82, 36,3, 15
82, 37,3, 15
82, 38,3, 15
82, 39,3, 15
82, 0,4, 15
82, 1,4, 15
82, 2,4, 15
82, 3,4, 15
82, 4,4, 15
82, 5,4, 15
82, 6,4, 15
82, 7,4, 15
82, 8,4, 15
82, 9,4, 15
82, 10,4, 15
82, 11,4, 15
82, 12,4, 15
82, 13,4, 15
82, 14,4, 15
82, 15,4, 15
82, 16,4, 15
82, 17,4, 15
82, 18,4, 15
82, 19,4, 15
82, 20,4, 15
82, 21,4, 15
82, 22,4, 15
82, 23,4, 15
82, 24,4, 15
82, 25,4, 15
82, 26,4, 15
82, 27,4, 15
82, 28,4, 15
82, 29,4, 15
82, 30,4, 15
82, 31,4, 15
82, 32,4, 15
82, 33,4, 15
82, 34,4, 15
82, 35,4, 15
82, 36,4, 15
82, 37,4, 15
82, 38,4, 15
82, 39,4, 15
83, 0,0, 15
83, 1,0, 15
83, 2,0, 15
83, 3,0, 15
83, 4,0, 15
83, 5,0, 15
83, 6,0, 15
83, 7,0, 15
83, 8,0, 15
83, 9,0, 15
83, 10,0, 15
83, 11,0, 15
83, 12,0, 15
83, 13,0, 15
83, 14,0, 15
83, 15,0, 15
83, 16,0, 15
83, 17,0, 15
83, 18,0, 15
83, 19,0, 15
83, 20,0, 15
83, 21,0, 15
83, 22,0, 15
83, 23,0, 15
83, 24,0, 15
83, 25,0, 15
83, 26,0, 15
83, 27,0, 15
83, 28,0, 15
83, 29,0, 15
83, 30,0, 15
83, 31,0, 15
83, 32,0, 15
83, 33,0, 15
83, 34,0, 15
83, 35,0, 15
83, 36,0, 15
83, 37,0, 15
83, 38,0, 15
83, 39,0, 15
83, 0,1, 15
83, 1,1, 15
83, 2,1, 15
83, 3,1, 15
83, 4,1, 15
83, 5,1, 15
83, 6,1, 15
83, 7,1, 15
83, 8,1, 15
83, 9,1, 15
83, 10,1, 15
83, 11,1, 15
83, 12,1, 15
83, 13,1, 15
83, 14,1, 15
83, 15,1, 15
83, 16,1, 15
83, 17,1, 15
83, 18,1, 15
83, 19,1, 15
83, 20,1, 15
83, 21,1, 15
83, 22,1, 15
83, 23,1, 15
83, 24,1, 15
83, 25,1, 15
83, 26,1, 15
83, 27,1, 15
83, 28,1, 15
83, 29,1, 15
83, 30,1, 15
83, 31,1, 15
83, 32,1, 15
83, 33,1, 15
83, 34,1, 15
83, 35,1, 15
83, 36,1, 15
83, 37,1, 15
83, 38,1, 15
83, 39,1, 15
83, 0,2, 15
83, 1,2, 15
83, 2,2, 15
83, 3,2, 15
83, 4,2, 15
83, 5,2, 15
83, 6,2, 15
83, 7,2, 15
83, 8,2, 15
83, 9,2, 15
83, 10,2, 15
83, 11,2, 15
83, 12,2, 15
83, 13,2, 15
83, 14,2, 15
83, 15,2, 15
83, 16,2, 15
83, 17,2, 15
83, 18,2, 15
83, 19,2, 15
83, 20,2, 15
83, 21,2, 15
83, 22,2, 15
83, 23,2, 15
83, 24,2, 15
83, 25,2, 15
83, 26,2, 15
83, 27,2, 15
83, 28,2, 15
83, 29,2, 15
83, 30,2, 15
83, 31,2, 15
83, 32,2, 15
83, 33,2, 15
83, 34,2, 15
83, 35,2, 15
83, 36,2, 15
83, 37,2, 15
83, 38,2, 15
83, 39,2, 15
83, 0,3, 15
83, 1,3, 15
83, 2,3, 15
83, 3,3, 15
83, 4,3, 15
83, 5,3, 15
83, 6,3, 15
83, 7,3, 15
83, 8,3, 15
83, 9,3, 15
83, 10,3, 15
83, 11,3, 15
83, 12,3, 15
83, 13,3, 15
83, 14,3, 15
83, 15,3, 15
83, 16,3, 15
83, 17,3, 15
83, 18,3, 15
83, 19,3, 15
83, 20,3, 15
83, 21,3, 15
83, 22,3, 15
83, 23,3, 15
83, 24,3, 15
83, 25,3, 15
83, 26,3, 15
83, 27,3, 15
83, 28,3, 15
83, 29,3, 15
83, 30,3, 15
83, 31,3, 15
83, 32,3, 15
83, 33,3, 15
83, 34,3, 15
83, 35,3, 15
83, 36,3, 15
83, 37,3, 15
83, 38,3, 15
83, 39,3, 15
83, 0,4, 15
83, 1,4, 15
83, 2,4, 15
83, 3,4, 15
83, 4,4, 15
83, 5,4, 15
83, 6,4, 15
83, 7,4, 15
83, 8,4, 15
83, 9,4, 15
83, 10,4, 15
83, 11,4, 15
83, 12,4, 15
83, 13,4, 15
83, 14,4, 15
83, 15,4, 15
83, 16,4, 15
83, 17,4, 15
83, 18,4, 15
83, 19,4, 15
83, 20,4, 15
83, 21,4, 15
83, 22,4, 15
83, 23,4, 15
83, 24,4, 15
83, 25,4, 15
83, 26,4, 15
83, 27,4, 15
83, 28,4, 15
83, 29,4, 15
83, 30,4, 15
83, 31,4, 15
83, 32,4, 15
83, 33,4, 15
83, 34,4, 15
83, 35,4, 15
83, 36,4, 15
83, 37,4, 15
83, 38,4, 15
83, 39,4, 15
84, 0,0, 15
84, 1,0, 15
84, 2,0, 15
84, 3,0, 15
84, 4,0, 15
84, 5,0, 15
84, 6,0, 15
84, 7,0, 15
84, 8,0, 15
84, 9,0, 15
84, 10,0, 15
84, 11,0, 15
84, 12,0, 15
84, 13,0, 15
84, 14,0, 15
84, 15,0, 15
84, 16,0, 15
84, 17,0, 15
84, 18,0, 15
84, 19,0, 15
84, 20,0, 15
84, 21,0, 15
84, 22,0, 15
84, 23,0, 15
84, 24,0, 15
84, 25,0, 15
84, 26,0, 15
84, 27,0, 15
84, 28,0, 15
84, 29,0, 15
84, 30,0, 15
84, 31,0, 15
84, 32,0, 15
84, 33,0, 15
84, 34,0, 15
84, 35,0, 15
84, 36,0, 15
84, 37,0, 15
84, 38,0, 15
84, 39,0, 15
84, 0,1, 15
84, 1,1, 15
84, 2,1, 15
84, 3,1, 15
84, 4,1, 15
84, 5,1, 15
84, 6,1, 15
84, 7,1, 15
84, 8,1, 15
84, 9,1, 15
84, 10,1, 15
84, 11,1, 15
84, 12,1, 15
84, 13,1, 15
84, 14,1, 15
84, 15,1, 15
84, 16,1, 15
84, 17,1, 15
84, 18,1, 15
84, 19,1, 15
84, 20,1, 15
84, 21,1, 15
84, 22,1, 15
84, 23,1, 15
84, 24,1, 15
84, 25,1, 15
84, 26,1, 15
84, 27,1, 15
84, 28,1, 15
84, 29,1, 15
84, 30,1, 15
84, 31,1, 15
84, 32,1, 15
84, 33,1, 15
84, 34,1, 15
84, 35,1, 15
84, 36,1, 15
84, 37,1, 15
84, 38,1, 15
84, 39,1, 15
84, 0,2, 15
84, 1,2, 15
84, 2,2, 15
84, 3,2, 15
84, 4,2, 15
84, 5,2, 15
84, 6,2, 15
84, 7,2, 15
84, 8,2, 15
84, 9,2, 15
84, 10,2, 15
84, 11,2, 15
84, 12,2, 15
84, 13,2, 15
84, 14,2, 15
84, 15,2, 15
84, 16,2, 15
84, 17,2, 15
84, 18,2, 15
84, 19,2, 15
84, 20,2, 15
84, 21,2, 15
84, 22,2, 15
84, 23,2, 15
84, 24,2, 15
84, 25,2, 15
84, 26,2, 15
84, 27,2, 15
84, 28,2, 15
84, 29,2, 15
84, 30,2, 15
84, 31,2, 15
84, 32,2, 15
84, 33,2, 15
84, 34,2, 15
84, 35,2, 15
84, 36,2, 15
84, 37,2, 15
84, 38,2, 15
84, 39,2, 15
84, 0,3, 15
84, 1,3, 15
84, 2,3, 15
84, 3,3, 15
84, 4,3, 15
84, 5,3, 15
84, 6,3, 15
84, 7,3, 15
84, 8,3, 15
84, 9,3, 15
84, 10,3, 15
84, 11,3, 15
84, 12,3, 15
84, 13,3, 15
84, 14,3, 15
84, 15,3, 15
84, 16,3, 15
84, 17,3, 15
84, 18,3, 15
84, 19,3, 15
84, 20,3, 15
84, 21,3, 15
84, 22,3, 15
84, 23,3, 15
84, 24,3, 15
84, 25,3, 15
84, 26,3, 15
84, 27,3, 15
84, 28,3, 15
84, 29,3, 15
84, 30,3, 15
84, 31,3, 15
84, 32,3, 15
84, 33,3, 15
84, 34,3, 15
84, 35,3, 15
84, 36,3, 15
84, 37,3, 15
84, 38,3, 15
84, 39,3, 15
84, 0,4, 15
84, 1,4, 15
84, 2,4, 15
84, 3,4, 15
84, 4,4, 15
84, 5,4, 15
84, 6,4, 15
84, 7,4, 15
84, 8,4, 15
84, 9,4, 15
84, 10,4, 15
84, 11,4, 15
84, 12,4, 15
84, 13,4, 15
84, 14,4, 15
84, 15,4, 15
84, 16,4, 15
84, 17,4, 15
84, 18,4, 15
84, 19,4, 15
84, 20,4, 15
84, 21,4, 15
84, 22,4, 15
84, 23,4, 15
84, 24,4, 15
84, 25,4, 15
84, 26,4, 15
84, 27,4, 15
84, 28,4, 15
84, 29,4, 15
84, 30,4, 15
84, 31,4, 15
84, 32,4, 15
84, 33,4, 15
84, 34,4, 15
84, 35,4, 15
84, 36,4, 15
84, 37,4, 15
84, 38,4, 15
84, 39,4, 15
85, 0,0, 15
85, 1,0, 15
85, 2,0, 15
85, 3,0, 15
85, 4,0, 15
85, 5,0, 15
85, 6,0, 15
85, 7,0, 15
85, 8,0, 15
85, 9,0, 15
85, 10,0, 15
85, 11,0, 15
85, 12,0, 15
85, 13,0, 15
85, 14,0, 15
85, 15,0, 15
85, 16,0, 15
85, 17,0, 15
85, 18,0, 15
85, 19,0, 15
85, 20,0, 15
85, 21,0, 15
85, 22,0, 15
85, 23,0, 15
85, 24,0, 15
85, 25,0, 15
85, 26,0, 15
85, 27,0, 15
85, 28,0, 15
85, 29,0, 15
85, 30,0, 15
85, 31,0, 15
85, 32,0, 15
85, 33,0, 15
85, 34,0, 15
85, 35,0, 15
85, 36,0, 15
85, 37,0, 15
85, 38,0, 15
85, 39,0, 15
85, 0,1, 15
85, 1,1, 15
85, 2,1, 15
85, 3,1, 15
85, 4,1, 15
85, 5,1, 15
85, 6,1, 15
85, 7,1, 15
85, 8,1, 15
85, 9,1, 15
85, 10,1, 15
85, 11,1, 15
85, 12,1, 15
85, 13,1, 15
85, 14,1, 15
85, 15,1, 15
85, 16,1, 15
85, 17,1, 15
85, 18,1, 15
85, 19,1, 15
85, 20,1, 15
85, 21,1, 15
85, 22,1, 15
85, 23,1, 15
85, 24,1, 15
85, 25,1, 15
85, 26,1, 15
85, 27,1, 15
85, 28,1, 15
85, 29,1, 15
85, 30,1, 15
85, 31,1, 15
85, 32,1, 15
85, 33,1, 15
85, 34,1, 15
85, 35,1, 15
85, 36,1, 15
85, 37,1, 15
85, 38,1, 15
85, 39,1, 15
85, 0,2, 15
85, 1,2, 15
85, 2,2, 15
85, 3,2, 15
85, 4,2, 15
85, 5,2, 15
85, 6,2, 15
85, 7,2, 15
85, 8,2, 15
85, 9,2, 15
85, 10,2, 15
85, 11,2, 15
85, 12,2, 15
85, 13,2, 15
85, 14,2, 15
85, 15,2, 15
85, 16,2, 15
85, 17,2, 15
85, 18,2, 15
85, 19,2, 15
85, 20,2, 15
85, 21,2, 15
85, 22,2, 15
85, 23,2, 15
85, 24,2, 15
85, 25,2, 15
85, 26,2, 15
85, 27,2, 15
85, 28,2, 15
85, 29,2, 15
85, 30,2, 15
85, 31,2, 15
85, 32,2, 15
85, 33,2, 15
85, 34,2, 15
85, 35,2, 15
85, 36,2, 15
85, 37,2, 15
85, 38,2, 15
85, 39,2, 15
85, 0,3, 15
85, 1,3, 15
85, 2,3, 15
85, 3,3, 15
85, 4,3, 15
85, 5,3, 15
85, 6,3, 15
85, 7,3, 15
85, 8,3, 15
85, 9,3, 15
85, 10,3, 15
85, 11,3, 15
85, 12,3, 15
85, 13,3, 15
85, 14,3, 15
85, 15,3, 15
85, 16,3, 15
85, 17,3, 15
85, 18,3, 15
85, 19,3, 15
85, 20,3, 15
85, 21,3, 15
85, 22,3, 15
85, 23,3, 15
85, 24,3, 15
85, 25,3, 15
85, 26,3, 15
85, 27,3, 15
85, 28,3, 15
85, 29,3, 15
85, 30,3, 15
85, 31,3, 15
85, 32,3, 15
85, 33,3, 15
85, 34,3, 15
85, 35,3, 15
85, 36,3, 15
85, 37,3, 15
85, 38,3, 15
85, 39,3, 15
85, 0,4, 15
85, 1,4, 15
85, 2,4, 15
85, 3,4, 15
85, 4,4, 15
85, 5,4, 15
85, 6,4, 15
85, 7,4, 15
85, 8,4, 15
85, 9,4, 15
85, 10,4, 15
85, 11,4, 15
85, 12,4, 15
85, 13,4, 15
85, 14,4, 15
85, 15,4, 15
85, 16,4, 15
85, 17,4, 15
85, 18,4, 15
85, 19,4, 15
85, 20,4, 15
85, 21,4, 15
85, 22,4, 15
85, 23,4, 15
85, 24,4, 15
85, 25,4, 15
85, 26,4, 15
85, 27,4, 15
85, 28,4, 15
85, 29,4, 15
85, 30,4, 15
85, 31,4, 15
85, 32,4, 15
85, 33,4, 15
85, 34,4, 15
85, 35,4, 15
85, 36,4, 15
85, 37,4, 15
85, 38,4, 15
85, 39,4, 15
86, 0,0, 15
86, 1,0, 15
86, 2,0, 15
86, 3,0, 15
86, 4,0, 15
86, 5,0, 15
86, 6,0, 15
86, 7,0, 15
86, 8,0, 15
86, 9,0, 15
86, 10,0, 15
86, 11,0, 15
86, 12,0, 15
86, 13,0, 15
86, 14,0, 15
86, 15,0, 15
86, 16,0, 15
86, 17,0, 15
86, 18,0, 15
86, 19,0, 15
86, 20,0, 15
86, 21,0, 15
86, 22,0, 15
86, 23,0, 15
86, 24,0, 15
86, 25,0, 15
86, 26,0, 15
86, 27,0, 15
86, 28,0, 15
86, 29,0, 15
86, 30,0, 15
86, 31,0, 15
86, 32,0, 15
86, 33,0, 15
86, 34,0, 15
86, 35,0, 15
86, 36,0, 15
86, 37,0, 15
86, 38,0, 15
86, 39,0, 15
86, 0,1, 15
86, 1,1, 15
86, 2,1, 15
86, 3,1, 15
86, 4,1, 15
86, 5,1, 15
86, 6,1, 15
86, 7,1, 15
86, 8,1, 15
86, 9,1, 15
86, 10,1, 15
86, 11,1, 15
86, 12,1, 15
86, 13,1, 15
86, 14,1, 15
86, 15,1, 15
86, 16,1, 15
86, 17,1, 15
86, 18,1, 15
86, 19,1, 15
86, 20,1, 15
86, 21,1, 15
86, 22,1, 15
86, 23,1, 15
86, 24,1, 15
86, 25,1, 15
86, 26,1, 15
86, 27,1, 15
86, 28,1, 15
86, 29,1, 15
86, 30,1, 15
86, 31,1, 15
86, 32,1, 15
86, 33,1, 15
86, 34,1, 15
86, 35,1, 15
86, 36,1, 15
86, 37,1, 15
86, 38,1, 15
86, 39,1, 15
86, 0,2, 15
86, 1,2, 15
86, 2,2, 15
86, 3,2, 15
86, 4,2, 15
86, 5,2, 15
86, 6,2, 15
86, 7,2, 15
86, 8,2, 15
86, 9,2, 15
86, 10,2, 15
86, 11,2, 15
86, 12,2, 15
86, 13,2, 15
86, 14,2, 15
86, 15,2, 15
86, 16,2, 15
86, 17,2, 15
86, 18,2, 15
86, 19,2, 15
86, 20,2, 15
86, 21,2, 15
86, 22,2, 15
86, 23,2, 15
86, 24,2, 15
86, 25,2, 15
86, 26,2, 15
86, 27,2, 15
86, 28,2, 15
86, 29,2, 15
86, 30,2, 15
86, 31,2, 15
86, 32,2, 15
86, 33,2, 15
86, 34,2, 15
86, 35,2, 15
86, 36,2, 15
86, 37,2, 15
86, 38,2, 15
86, 39,2, 15
86, 0,3, 15
86, 1,3, 15
86, 2,3, 15
86, 3,3, 15
86, 4,3, 15
86, 5,3, 15
86, 6,3, 15
86, 7,3, 15
86, 8,3, 15
86, 9,3, 15
86, 10,3, 15
86, 11,3, 15
86, 12,3, 15
86, 13,3, 15
86, 14,3, 15
86, 15,3, 15
86, 16,3, 15
86, 17,3, 15
86, 18,3, 15
86, 19,3, 15
86, 20,3, 15
86, 21,3, 15
86, 22,3, 15
86, 23,3, 15
86, 24,3, 15
86, 25,3, 15
86, 26,3, 15
86, 27,3, 15
86, 28,3, 15
86, 29,3, 15
86, 30,3, 15
86, 31,3, 15
86, 32,3, 15
86, 33,3, 15
86, 34,3, 15
86, 35,3, 15
86, 36,3, 15
86, 37,3, 15
86, 38,3, 15
86, 39,3, 15
86, 0,4, 15
86, 1,4, 15
86, 2,4, 15
86, 3,4, 15
86, 4,4, 15
86, 5,4, 15
86, 6,4, 15
86, 7,4, 15
86, 8,4, 15
86, 9,4, 15
86, 10,4, 15
86, 11,4, 15
86, 12,4, 15
86, 13,4, 15
86, 14,4, 15
86, 15,4, 15
86, 16,4, 15
86, 17,4, 15
86, 18,4, 15
86, 19,4, 15
86, 20,4, 15
86, 21,4, 15
86, 22,4, 15
86, 23,4, 15
86, 24,4, 15
86, 25,4, 15
86, 26,4, 15
86, 27,4, 15
86, 28,4, 15
86, 29,4, 15
86, 30,4, 15
86, 31,4, 15
86, 32,4, 15
86, 33,4, 15
86, 34,4, 15
86, 35,4, 15
86, 36,4, 15
86, 37,4, 15
86, 38,4, 15
86, 39,4, 15
87, 0,0, 15
87, 1,0, 15
87, 2,0, 15
87, 3,0, 15
87, 4,0, 15
87, 5,0, 15
87, 6,0, 15
87, 7,0, 15
87, 8,0, 15
87, 9,0, 15
87, 10,0, 15
87, 11,0, 15
87, 12,0, 15
87, 13,0, 15
87, 14,0, 15
87, 15,0, 15
87, 16,0, 15
87, 17,0, 15
87, 18,0, 15
87, 19,0, 15
87, 20,0, 15
87, 21,0, 15
87, 22,0, 15
87, 23,0, 15
87, 24,0, 15
87, 25,0, 15
87, 26,0, 15
87, 27,0, 15
87, 28,0, 15
87, 29,0, 15
87, 30,0, 15
87, 31,0, 15
87, 32,0, 15
87, 33,0, 15
87, 34,0, 15
87, 35,0, 15
87, 36,0, 15
87, 37,0, 15
87, 38,0, 15
87, 39,0, 15
87, 0,1, 15
87, 1,1, 15
87, 2,1, 15
87, 3,1, 15
87, 4,1, 15
87, 5,1, 15
87, 6,1, 15
87, 7,1, 15
87, 8,1, 15
87, 9,1, 15
87, 10,1, 15
87, 11,1, 15
87, 12,1, 15
87, 13,1, 15
87, 14,1, 15
87, 15,1, 15
87, 16,1, 15
87, 17,1, 15
87, 18,1, 15
87, 19,1, 15
87, 20,1, 15
87, 21,1, 15
87, 22,1, 15
87, 23,1, 15
87, 24,1, 15
87, 25,1, 15
87, 26,1, 15
87, 27,1, 15
87, 28,1, 15
87, 29,1, 15
87, 30,1, 15
87, 31,1, 15
87, 32,1, 15
87, 33,1, 15
87, 34,1, 15
87, 35,1, 15
87, 36,1, 15
87, 37,1, 15
87, 38,1, 15
87, 39,1, 15
87, 0,2, 15
87, 1,2, 15
87, 2,2, 15
87, 3,2, 15
87, 4,2, 15
87, 5,2, 15
87, 6,2, 15
87, 7,2, 15
87, 8,2, 15
87, 9,2, 15
87, 10,2, 15
87, 11,2, 15
87, 12,2, 15
87, 13,2, 15
87, 14,2, 15
87, 15,2, 15
87, 16,2, 15
87, 17,2, 15
87, 18,2, 15
87, 19,2, 15
87, 20,2, 15
87, 21,2, 15
87, 22,2, 15
87, 23,2, 15
87, 24,2, 15
87, 25,2, 15
87, 26,2, 15
87, 27,2, 15
87, 28,2, 15
87, 29,2, 15
87, 30,2, 15
87, 31,2, 15
87, 32,2, 15
87, 33,2, 15
87, 34,2, 15
87, 35,2, 15
87, 36,2, 15
87, 37,2, 15
87, 38,2, 15
87, 39,2, 15
87, 0,3, 15
87, 1,3, 15
87, 2,3, 15
87, 3,3, 15
87, 4,3, 15
87, 5,3, 15
87, 6,3, 15
87, 7,3, 15
87, 8,3, 15
87, 9,3, 15
87, 10,3, 15
87, 11,3, 15
87, 12,3, 15
87, 13,3, 15
87, 14,3, 15
87, 15,3, 15
87, 16,3, 15
87, 17,3, 15
87, 18,3, 15
87, 19,3, 15
87, 20,3, 15
87, 21,3, 15
87, 22,3, 15
87, 23,3, 15
87, 24,3, 15
87, 25,3, 15
87, 26,3, 15
87, 27,3, 15
87, 28,3, 15
87, 29,3, 15
87, 30,3, 15
87, 31,3, 15
87, 32,3, 15
87, 33,3, 15
87, 34,3, 15
87, 35,3, 15
87, 36,3, 15
87, 37,3, 15
87, 38,3, 15
87, 39,3, 15
87, 0,4, 15
87, 1,4, 15
87, 2,4, 15
87, 3,4, 15
87, 4,4, 15
87, 5,4, 15
87, 6,4, 15
87, 7,4, 15
87, 8,4, 15
87, 9,4, 15
87, 10,4, 15
87, 11,4, 15
87, 12,4, 15
87, 13,4, 15
87, 14,4, 15
87, 15,4, 15
87, 16,4, 15
87, 17,4, 15
87, 18,4, 15
87, 19,4, 15
87, 20,4, 15
87, 21,4, 15
87, 22,4, 15
87, 23,4, 15
87, 24,4, 15
87, 25,4, 15
87, 26,4, 15
87, 27,4, 15
87, 28,4, 15
87, 29,4, 15
87, 30,4, 15
87, 31,4, 15
87, 32,4, 15
87, 33,4, 15
87, 34,4, 15
87, 35,4, 15
87, 36,4, 15
87, 37,4, 15
87, 38,4, 15
87, 39,4, 15
88, 0,0, 15
88, 1,0, 15
88, 2,0, 15
88, 3,0, 15
88, 4,0, 15
88, 5,0, 15
88, 6,0, 15
88, 7,0, 15
88, 8,0, 15
88, 9,0, 15
88, 10,0, 15
88, 11,0, 15
88, 12,0, 15
88, 13,0, 15
88, 14,0, 15
88, 15,0, 15
88, 16,0, 15
88, 17,0, 15
88, 18,0, 15
88, 19,0, 15
88, 20,0, 15
88, 21,0, 15
88, 22,0, 15
88, 23,0, 15
88, 24,0, 15
88, 25,0, 15
88, 26,0, 15
88, 27,0, 15
88, 28,0, 15
88, 29,0, 15
88, 30,0, 15
88, 31,0, 15
88, 32,0, 15
88, 33,0, 15
88, 34,0, 15
88, 35,0, 15
88, 36,0, 15
88, 37,0, 15
88, 38,0, 15
88, 39,0, 15
88, 0,1, 15
88, 1,1, 15
88, 2,1, 15
88, 3,1, 15
88, 4,1, 15
88, 5,1, 15
88, 6,1, 15
88, 7,1, 15
88, 8,1, 15
88, 9,1, 15
88, 10,1, 15
88, 11,1, 15
88, 12,1, 15
88, 13,1, 15
88, 14,1, 15
88, 15,1, 15
88, 16,1, 15
88, 17,1, 15
88, 18,1, 15
88, 19,1, 15
88, 20,1, 15
88, 21,1, 15
88, 22,1, 15
88, 23,1, 15
88, 24,1, 15
88, 25,1, 15
88, 26,1, 15
88, 27,1, 15
88, 28,1, 15
88, 29,1, 15
88, 30,1, 15
88, 31,1, 15
88, 32,1, 15
88, 33,1, 15
88, 34,1, 15
88, 35,1, 15
88, 36,1, 15
88, 37,1, 15
88, 38,1, 15
88, 39,1, 15
88, 0,2, 15
88, 1,2, 15
88, 2,2, 15
88, 3,2, 15
88, 4,2, 15
88, 5,2, 15
88, 6,2, 15
88, 7,2, 15
88, 8,2, 15
88, 9,2, 15
88, 10,2, 15
88, 11,2, 15
88, 12,2, 15
88, 13,2, 15
88, 14,2, 15
88, 15,2, 15
88, 16,2, 15
88, 17,2, 15
88, 18,2, 15
88, 19,2, 15
88, 20,2, 15
88, 21,2, 15
88, 22,2, 15
88, 23,2, 15
88, 24,2, 15
88, 25,2, 15
88, 26,2, 15
88, 27,2, 15
88, 28,2, 15
88, 29,2, 15
88, 30,2, 15
88, 31,2, 15
88, 32,2, 15
88, 33,2, 15
88, 34,2, 15
88, 35,2, 15
88, 36,2, 15
88, 37,2, 15
88, 38,2, 15
88, 39,2, 15
88, 0,3, 15
88, 1,3, 15
88, 2,3, 15
88, 3,3, 15
88, 4,3, 15
88, 5,3, 15
88, 6,3, 15
88, 7,3, 15
88, 8,3, 15
88, 9,3, 15
88, 10,3, 15
88, 11,3, 15
88, 12,3, 15
88, 13,3, 15
88, 14,3, 15
88, 15,3, 15
88, 16,3, 15
88, 17,3, 15
88, 18,3, 15
88, 19,3, 15
88, 20,3, 15
88, 21,3, 15
88, 22,3, 15
88, 23,3, 15
88, 24,3, 15
88, 25,3, 15
88, 26,3, 15
88, 27,3, 15
88, 28,3, 15
88, 29,3, 15
88, 30,3, 15
88, 31,3, 15
88, 32,3, 15
88, 33,3, 15
88, 34,3, 15
88, 35,3, 15
88, 36,3, 15
88, 37,3, 15
88, 38,3, 15
88, 39,3, 15
88, 0,4, 15
88, 1,4, 15
88, 2,4, 15
88, 3,4, 15
88, 4,4, 15
88, 5,4, 15
88, 6,4, 15
88, 7,4, 15
88, 8,4, 15
88, 9,4, 15
88, 10,4, 15
88, 11,4, 15
88, 12,4, 15
88, 13,4, 15
88, 14,4, 15
88, 15,4, 15
88, 16,4, 15
88, 17,4, 15
88, 18,4, 15
88, 19,4, 15
88, 20,4, 15
88, 21,4, 15
88, 22,4, 15
88, 23,4, 15
88, 24,4, 15
88, 25,4, 15
88, 26,4, 15
88, 27,4, 15
88, 28,4, 15
88, 29,4, 15
88, 30,4, 15
88, 31,4, 15
88, 32,4, 15
88, 33,4, 15
88, 34,4, 15
88, 35,4, 15
88, 36,4, 15
88, 37,4, 15
88, 38,4, 15
88, 39,4, 15
89, 0,0, 15
89, 1,0, 15
89, 2,0, 15
89, 3,0, 15
89, 4,0, 15
89, 5,0, 15
89, 6,0, 15
89, 7,0, 15
89, 8,0, 15
89, 9,0, 15
89, 10,0, 15
89, 11,0, 15
89, 12,0, 15
89, 13,0, 15
89, 14,0, 15
89, 15,0, 15
89, 16,0, 15
89, 17,0, 15
89, 18,0, 15
89, 19,0, 15
89, 20,0, 15
89, 21,0, 15
89, 22,0, 15
89, 23,0, 15
89, 24,0, 15
89, 25,0, 15
89, 26,0, 15
89, 27,0, 15
89, 28,0, 15
89, 29,0, 15
89, 30,0, 15
89, 31,0, 15
89, 32,0, 15
89, 33,0, 15
89, 34,0, 15
89, 35,0, 15
89, 36,0, 15
89, 37,0, 15
89, 38,0, 15
89, 39,0, 15
89, 0,1, 15
89, 1,1, 15
89, 2,1, 15
89, 3,1, 15
89, 4,1, 15
89, 5,1, 15
89, 6,1, 15
89, 7,1, 15
89, 8,1, 15
89, 9,1, 15
89, 10,1, 15
89, 11,1, 15
89, 12,1, 15
89, 13,1, 15
89, 14,1, 15
89, 15,1, 15
89, 16,1, 15
89, 17,1, 15
89, 18,1, 15
89, 19,1, 15
89, 20,1, 15
89, 21,1, 15
89, 22,1, 15
89, 23,1, 15
89, 24,1, 15
89, 25,1, 15
89, 26,1, 15
89, 27,1, 15
89, 28,1, 15
89, 29,1, 15
89, 30,1, 15
89, 31,1, 15
89, 32,1, 15
89, 33,1, 15
89, 34,1, 15
89, 35,1, 15
89, 36,1, 15
89, 37,1, 15
89, 38,1, 15
89, 39,1, 15
89, 0,2, 15
89, 1,2, 15
89, 2,2, 15
89, 3,2, 15
89, 4,2, 15
89, 5,2, 15
89, 6,2, 15
89, 7,2, 15
89, 8,2, 15
89, 9,2, 15
89, 10,2, 15
89, 11,2, 15
89, 12,2, 15
89, 13,2, 15
89, 14,2, 15
89, 15,2, 15
89, 16,2, 15
89, 17,2, 15
89, 18,2, 15
89, 19,2, 15
89, 20,2, 15
89, 21,2, 15
89, 22,2, 15
89, 23,2, 15
89, 24,2, 15
89, 25,2, 15
89, 26,2, 15
89, 27,2, 15
89, 28,2, 15
89, 29,2, 15
89, 30,2, 15
89, 31,2, 15
89, 32,2, 15
89, 33,2, 15
89, 34,2, 15
89, 35,2, 15
89, 36,2, 15
89, 37,2, 15
89, 38,2, 15
89, 39,2, 15
89, 0,3, 15
89, 1,3, 15
89, 2,3, 15
89, 3,3, 15
89, 4,3, 15
89, 5,3, 15
89, 6,3, 15
89, 7,3, 15
89, 8,3, 15
89, 9,3, 15
89, 10,3, 15
89, 11,3, 15
89, 12,3, 15
89, 13,3, 15
89, 14,3, 15
89, 15,3, 15
89, 16,3, 15
89, 17,3, 15
89, 18,3, 15
89, 19,3, 15
89, 20,3, 15
89, 21,3, 15
89, 22,3, 15
89, 23,3, 15
89, 24,3, 15
89, 25,3, 15
89, 26,3, 15
89, 27,3, 15
89, 28,3, 15
89, 29,3, 15
89, 30,3, 15
89, 31,3, 15
89, 32,3, 15
89, 33,3, 15
89, 34,3, 15
89, 35,3, 15
89, 36,3, 15
89, 37,3, 15
89, 38,3, 15
89, 39,3, 15
89, 0,4, 15
89, 1,4, 15
89, 2,4, 15
89, 3,4, 15
89, 4,4, 15
89, 5,4, 15
89, 6,4, 15
89, 7,4, 15
89, 8,4, 15
89, 9,4, 15
89, 10,4, 15
89, 11,4, 15
89, 12,4, 15
89, 13,4, 15
89, 14,4, 15
89, 15,4, 15
89, 16,4, 15
89, 17,4, 15
89, 18,4, 15
89, 19,4, 15
89, 20,4, 15
89, 21,4, 15
89, 22,4, 15
89, 23,4, 15
89, 24,4, 15
89, 25,4, 15
89, 26,4, 15
89, 27,4, 15
89, 28,4, 15
89, 29,4, 15
89, 30,4, 15
89, 31,4, 15
89, 32,4, 15
89, 33,4, 15
89, 34,4, 15
89, 35,4, 15
89, 36,4, 15
89, 37,4, 15
89, 38,4, 15
89, 39,4, 15
90, 0,0, 15
90, 1,0, 15
90, 2,0, 15
90, 3,0, 15
90, 4,0, 15
90, 5,0, 15
90, 6,0, 15
90, 7,0, 15
90, 8,0, 15
90, 9,0, 15
90, 10,0, 15
90, 11,0, 15
90, 12,0, 15
90, 13,0, 15
90, 14,0, 15
90, 15,0, 15
90, 16,0, 15
90, 17,0, 15
90, 18,0, 15
90, 19,0, 15
90, 20,0, 15
90, 21,0, 15
90, 22,0, 15
90, 23,0, 15
90, 24,0, 15
90, 25,0, 15
90, 26,0, 15
90, 27,0, 15
90, 28,0, 15
90, 29,0, 15
90, 30,0, 15
90, 31,0, 15
90, 32,0, 15
90, 33,0, 15
90, 34,0, 15
90, 35,0, 15
90, 36,0, 15
90, 37,0, 15
90, 38,0, 15
90, 39,0, 15
90, 0,1, 15
90, 1,1, 15
90, 2,1, 15
90, 3,1, 15
90, 4,1, 15
90, 5,1, 15
90, 6,1, 15
90, 7,1, 15
90, 8,1, 15
90, 9,1, 15
90, 10,1, 15
90, 11,1, 15
90, 12,1, 15
90, 13,1, 15
90, 14,1, 15
90, 15,1, 15
90, 16,1, 15
90, 17,1, 15
90, 18,1, 15
90, 19,1, 15
90, 20,1, 15
90, 21,1, 15
90, 22,1, 15
90, 23,1, 15
90, 24,1, 15
90, 25,1, 15
90, 26,1, 15
90, 27,1, 15
90, 28,1, 15
90, 29,1, 15
90, 30,1, 15
90, 31,1, 15
90, 32,1, 15
90, 33,1, 15
90, 34,1, 15
90, 35,1, 15
90, 36,1, 15
90, 37,1, 15
90, 38,1, 15
90, 39,1, 15
90, 0,2, 15
90, 1,2, 15
90, 2,2, 15
90, 3,2, 15
90, 4,2, 15
90, 5,2, 15
90, 6,2, 15
90, 7,2, 15
90, 8,2, 15
90, 9,2, 15
90, 10,2, 15
90, 11,2, 15
90, 12,2, 15
90, 13,2, 15
90, 14,2, 15
90, 15,2, 15
90, 16,2, 15
90, 17,2, 15
90, 18,2, 15
90, 19,2, 15
90, 20,2, 15
90, 21,2, 15
90, 22,2, 15
90, 23,2, 15
90, 24,2, 15
90, 25,2, 15
90, 26,2, 15
90, 27,2, 15
90, 28,2, 15
90, 29,2, 15
90, 30,2, 15
90, 31,2, 15
90, 32,2, 15
90, 33,2, 15
90, 34,2, 15
90, 35,2, 15
90, 36,2, 15
90, 37,2, 15
90, 38,2, 15
90, 39,2, 15
90, 0,3, 15
90, 1,3, 15
90, 2,3, 15
90, 3,3, 15
90, 4,3, 15
90, 5,3, 15
90, 6,3, 15
90, 7,3, 15
90, 8,3, 15
90, 9,3, 15
90, 10,3, 15
90, 11,3, 15
90, 12,3, 15
90, 13,3, 15
90, 14,3, 15
90, 15,3, 15
90, 16,3, 15
90, 17,3, 15
90, 18,3, 15
90, 19,3, 15
90, 20,3, 15
90, 21,3, 15
90, 22,3, 15
90, 23,3, 15
90, 24,3, 15
90, 25,3, 15
90, 26,3, 15
90, 27,3, 15
90, 28,3, 15
90, 29,3, 15
90, 30,3, 15
90, 31,3, 15
90, 32,3, 15
90, 33,3, 15
90, 34,3, 15
90, 35,3, 15
90, 36,3, 15
90, 37,3, 15
90, 38,3, 15
90, 39,3, 15
90, 0,4, 15
90, 1,4, 15
90, 2,4, 15
90, 3,4, 15
90, 4,4, 15
90, 5,4, 15
90, 6,4, 15
90, 7,4, 15
90, 8,4, 15
90, 9,4, 15
90, 10,4, 15
90, 11,4, 15
90, 12,4, 15
90, 13,4, 15
90, 14,4, 15
90, 15,4, 15
90, 16,4, 15
90, 17,4, 15
90, 18,4, 15
90, 19,4, 15
90, 20,4, 15
90, 21,4, 15
90, 22,4, 15
90, 23,4, 15
90, 24,4, 15
90, 25,4, 15
90, 26,4, 15
90, 27,4, 15
90, 28,4, 15
90, 29,4, 15
90, 30,4, 15
90, 31,4, 15
90, 32,4, 15
90, 33,4, 15
90, 34,4, 15
90, 35,4, 15
90, 36,4, 15
90, 37,4, 15
90, 38,4, 15
90, 39,4, 15
91, 0,0, 15
91, 1,0, 15
91, 2,0, 15
91, 3,0, 15
91, 4,0, 15
91, 5,0, 15
91, 6,0, 15
91, 7,0, 15
91, 8,0, 15
91, 9,0, 15
91, 10,0, 15
91, 11,0, 15
91, 12,0, 15
91, 13,0, 15
91, 14,0, 15
91, 15,0, 15
91, 16,0, 15
91, 17,0, 15
91, 18,0, 15
91, 19,0, 15
91, 20,0, 15
91, 21,0, 15
91, 22,0, 15
91, 23,0, 15
91, 24,0, 15
91, 25,0, 15
91, 26,0, 15
91, 27,0, 15
91, 28,0, 15
91, 29,0, 15
91, 30,0, 15
91, 31,0, 15
91, 32,0, 15
91, 33,0, 15
91, 34,0, 15
91, 35,0, 15
91, 36,0, 15
91, 37,0, 15
91, 38,0, 15
91, 39,0, 15
91, 0,1, 15
91, 1,1, 15
91, 2,1, 15
91, 3,1, 15
91, 4,1, 15
91, 5,1, 15
91, 6,1, 15
91, 7,1, 15
91, 8,1, 15
91, 9,1, 15
91, 10,1, 15
91, 11,1, 15
91, 12,1, 15
91, 13,1, 15
91, 14,1, 15
91, 15,1, 15
91, 16,1, 15
91, 17,1, 15
91, 18,1, 15
91, 19,1, 15
91, 20,1, 15
91, 21,1, 15
91, 22,1, 15
91, 23,1, 15
91, 24,1, 15
91, 25,1, 15
91, 26,1, 15
91, 27,1, 15
91, 28,1, 15
91, 29,1, 15
91, 30,1, 15
91, 31,1, 15
91, 32,1, 15
91, 33,1, 15
91, 34,1, 15
91, 35,1, 15
91, 36,1, 15
91, 37,1, 15
91, 38,1, 15
91, 39,1, 15
91, 0,2, 15
91, 1,2, 15
91, 2,2, 15
91, 3,2, 15
91, 4,2, 15
91, 5,2, 15
91, 6,2, 15
91, 7,2, 15
91, 8,2, 15
91, 9,2, 15
91, 10,2, 15
91, 11,2, 15
91, 12,2, 15
91, 13,2, 15
91, 14,2, 15
91, 15,2, 15
91, 16,2, 15
91, 17,2, 15
91, 18,2, 15
91, 19,2, 15
91, 20,2, 15
91, 21,2, 15
91, 22,2, 15
91, 23,2, 15
91, 24,2, 15
91, 25,2, 15
91, 26,2, 15
91, 27,2, 15
91, 28,2, 15
91, 29,2, 15
91, 30,2, 15
91, 31,2, 15
91, 32,2, 15
91, 33,2, 15
91, 34,2, 15
91, 35,2, 15
91, 36,2, 15
91, 37,2, 15
91, 38,2, 15
91, 39,2, 15
91, 0,3, 15
91, 1,3, 15
91, 2,3, 15
91, 3,3, 15
91, 4,3, 15
91, 5,3, 15
91, 6,3, 15
91, 7,3, 15
91, 8,3, 15
91, 9,3, 15
91, 10,3, 15
91, 11,3, 15
91, 12,3, 15
91, 13,3, 15
91, 14,3, 15
91, 15,3, 15
91, 16,3, 15
91, 17,3, 15
91, 18,3, 15
91, 19,3, 15
91, 20,3, 15
91, 21,3, 15
91, 22,3, 15
91, 23,3, 15
91, 24,3, 15
91, 25,3, 15
91, 26,3, 15
91, 27,3, 15
91, 28,3, 15
91, 29,3, 15
91, 30,3, 15
91, 31,3, 15
91, 32,3, 15
91, 33,3, 15
91, 34,3, 15
91, 35,3, 15
91, 36,3, 15
91, 37,3, 15
91, 38,3, 15
91, 39,3, 15
91, 0,4, 15
91, 1,4, 15
91, 2,4, 15
91, 3,4, 15
91, 4,4, 15
91, 5,4, 15
91, 6,4, 15
91, 7,4, 15
91, 8,4, 15
91, 9,4, 15
91, 10,4, 15
91, 11,4, 15
91, 12,4, 15
91, 13,4, 15
91, 14,4, 15
91, 15,4, 15
91, 16,4, 15
91, 17,4, 15
91, 18,4, 15
91, 19,4, 15
91, 20,4, 15
91, 21,4, 15
91, 22,4, 15
91, 23,4, 15
91, 24,4, 15
91, 25,4, 15
91, 26,4, 15
91, 27,4, 15
91, 28,4, 15
91, 29,4, 15
91, 30,4, 15
91, 31,4, 15
91, 32,4, 15
91, 33,4, 15
91, 34,4, 15
91, 35,4, 15
91, 36,4, 15
91, 37,4, 15
91, 38,4, 15
91, 39,4, 15
92, 0,0, 15
92, 1,0, 15
92, 2,0, 15
92, 3,0, 15
92, 4,0, 15
92, 5,0, 15
92, 6,0, 15
92, 7,0, 15
92, 8,0, 15
92, 9,0, 15
92, 10,0, 15
92, 11,0, 15
92, 12,0, 15
92, 13,0, 15
92, 14,0, 15
92, 15,0, 15
92, 16,0, 15
92, 17,0, 15
92, 18,0, 15
92, 19,0, 15
92, 20,0, 15
92, 21,0, 15
92, 22,0, 15
92, 23,0, 15
92, 24,0, 15
92, 25,0, 15
92, 26,0, 15
92, 27,0, 15
92, 28,0, 15
92, 29,0, 15
92, 30,0, 15
92, 31,0, 15
92, 32,0, 15
92, 33,0, 15
92, 34,0, 15
92, 35,0, 15
92, 36,0, 15
92, 37,0, 15
92, 38,0, 15
92, 39,0, 15
92, 0,1, 15
92, 1,1, 15
92, 2,1, 15
92, 3,1, 15
92, 4,1, 15
92, 5,1, 15
92, 6,1, 15
92, 7,1, 15
92, 8,1, 15
92, 9,1, 15
92, 10,1, 15
92, 11,1, 15
92, 12,1, 15
92, 13,1, 15
92, 14,1, 15
92, 15,1, 15
92, 16,1, 15
92, 17,1, 15
92, 18,1, 15
92, 19,1, 15
92, 20,1, 15
92, 21,1, 15
92, 22,1, 15
92, 23,1, 15
92, 24,1, 15
92, 25,1, 15
92, 26,1, 15
92, 27,1, 15
92, 28,1, 15
92, 29,1, 15
92, 30,1, 15
92, 31,1, 15
92, 32,1, 15
92, 33,1, 15
92, 34,1, 15
92, 35,1, 15
92, 36,1, 15
92, 37,1, 15
92, 38,1, 15
92, 39,1, 15
92, 0,2, 15
92, 1,2, 15
92, 2,2, 15
92, 3,2, 15
92, 4,2, 15
92, 5,2, 15
92, 6,2, 15
92, 7,2, 15
92, 8,2, 15
92, 9,2, 15
92, 10,2, 15
92, 11,2, 15
92, 12,2, 15
92, 13,2, 15
92, 14,2, 15
92, 15,2, 15
92, 16,2, 15
92, 17,2, 15
92, 18,2, 15
92, 19,2, 15
92, 20,2, 15
92, 21,2, 15
92, 22,2, 15
92, 23,2, 15
92, 24,2, 15
92, 25,2, 15
92, 26,2, 15
92, 27,2, 15
92, 28,2, 15
92, 29,2, 15
92, 30,2, 15
92, 31,2, 15
92, 32,2, 15
92, 33,2, 15
92, 34,2, 15
92, 35,2, 15
92, 36,2, 15
92, 37,2, 15
92, 38,2, 15
92, 39,2, 15
92, 0,3, 15
92, 1,3, 15
92, 2,3, 15
92, 3,3, 15
92, 4,3, 15
92, 5,3, 15
92, 6,3, 15
92, 7,3, 15
92, 8,3, 15
92, 9,3, 15
92, 10,3, 15
92, 11,3, 15
92, 12,3, 15
92, 13,3, 15
92, 14,3, 15
92, 15,3, 15
92, 16,3, 15
92, 17,3, 15
92, 18,3, 15
92, 19,3, 15
92, 20,3, 15
92, 21,3, 15
92, 22,3, 15
92, 23,3, 15
92, 24,3, 15
92, 25,3, 15
92, 26,3, 15
92, 27,3, 15
92, 28,3, 15
92, 29,3, 15
92, 30,3, 15
92, 31,3, 15
92, 32,3, 15
92, 33,3, 15
92, 34,3, 15
92, 35,3, 15
92, 36,3, 15
92, 37,3, 15
92, 38,3, 15
92, 39,3, 15
92, 0,4, 15
92, 1,4, 15
92, 2,4, 15
92, 3,4, 15
92, 4,4, 15
92, 5,4, 15
92, 6,4, 15
92, 7,4, 15
92, 8,4, 15
92, 9,4, 15
92, 10,4, 15
92, 11,4, 15
92, 12,4, 15
92, 13,4, 15
92, 14,4, 15
92, 15,4, 15
92, 16,4, 15
92, 17,4, 15
92, 18,4, 15
92, 19,4, 15
92, 20,4, 15
92, 21,4, 15
92, 22,4, 15
92, 23,4, 15
92, 24,4, 15
92, 25,4, 15
92, 26,4, 15
92, 27,4, 15
92, 28,4, 15
92, 29,4, 15
92, 30,4, 15
92, 31,4, 15
92, 32,4, 15
92, 33,4, 15
92, 34,4, 15
92, 35,4, 15
92, 36,4, 15
92, 37,4, 15
92, 38,4, 15
92, 39,4, 15
93, 0,0, 15
93, 1,0, 15
93, 2,0, 15
93, 3,0, 15
93, 4,0, 15
93, 5,0, 15
93, 6,0, 15
93, 7,0, 15
93, 8,0, 15
93, 9,0, 15
93, 10,0, 15
93, 11,0, 15
93, 12,0, 15
93, 13,0, 15
93, 14,0, 15
93, 15,0, 15
93, 16,0, 15
93, 17,0, 15
93, 18,0, 15
93, 19,0, 15
93, 20,0, 15
93, 21,0, 15
93, 22,0, 15
93, 23,0, 15
93, 24,0, 15
93, 25,0, 15
93, 26,0, 15
93, 27,0, 15
93, 28,0, 15
93, 29,0, 15
93, 30,0, 15
93, 31,0, 15
93, 32,0, 15
93, 33,0, 15
93, 34,0, 15
93, 35,0, 15
93, 36,0, 15
93, 37,0, 15
93, 38,0, 15
93, 39,0, 15
93, 0,1, 15
93, 1,1, 15
93, 2,1, 15
93, 3,1, 15
93, 4,1, 15
93, 5,1, 15
93, 6,1, 15
93, 7,1, 15
93, 8,1, 15
93, 9,1, 15
93, 10,1, 15
93, 11,1, 15
93, 12,1, 15
93, 13,1, 15
93, 14,1, 15
93, 15,1, 15
93, 16,1, 15
93, 17,1, 15
93, 18,1, 15
93, 19,1, 15
93, 20,1, 15
93, 21,1, 15
93, 22,1, 15
93, 23,1, 15
93, 24,1, 15
93, 25,1, 15
93, 26,1, 15
93, 27,1, 15
93, 28,1, 15
93, 29,1, 15
93, 30,1, 15
93, 31,1, 15
93, 32,1, 15
93, 33,1, 15
93, 34,1, 15
93, 35,1, 15
93, 36,1, 15
93, 37,1, 15
93, 38,1, 15
93, 39,1, 15
93, 0,2, 15
93, 1,2, 15
93, 2,2, 15
93, 3,2, 15
93, 4,2, 15
93, 5,2, 15
93, 6,2, 15
93, 7,2, 15
93, 8,2, 15
93, 9,2, 15
93, 10,2, 15
93, 11,2, 15
93, 12,2, 15
93, 13,2, 15
93, 14,2, 15
93, 15,2, 15
93, 16,2, 15
93, 17,2, 15
93, 18,2, 15
93, 19,2, 15
93, 20,2, 15
93, 21,2, 15
93, 22,2, 15
93, 23,2, 15
93, 24,2, 15
93, 25,2, 15
93, 26,2, 15
93, 27,2, 15
93, 28,2, 15
93, 29,2, 15
93, 30,2, 15
93, 31,2, 15
93, 32,2, 15
93, 33,2, 15
93, 34,2, 15
93, 35,2, 15
93, 36,2, 15
93, 37,2, 15
93, 38,2, 15
93, 39,2, 15
93, 0,3, 15
93, 1,3, 15
93, 2,3, 15
93, 3,3, 15
93, 4,3, 15
93, 5,3, 15
93, 6,3, 15
93, 7,3, 15
93, 8,3, 15
93, 9,3, 15
93, 10,3, 15
93, 11,3, 15
93, 12,3, 15
93, 13,3, 15
93, 14,3, 15
93, 15,3, 15
93, 16,3, 15
93, 17,3, 15
93, 18,3, 15
93, 19,3, 15
93, 20,3, 15
93, 21,3, 15
93, 22,3, 15
93, 23,3, 15
93, 24,3, 15
93, 25,3, 15
93, 26,3, 15
93, 27,3, 15
93, 28,3, 15
93, 29,3, 15
93, 30,3, 15
93, 31,3, 15
93, 32,3, 15
93, 33,3, 15
93, 34,3, 15
93, 35,3, 15
93, 36,3, 15
93, 37,3, 15
93, 38,3, 15
93, 39,3, 15
93, 0,4, 15
93, 1,4, 15
93, 2,4, 15
93, 3,4, 15
93, 4,4, 15
93, 5,4, 15
93, 6,4, 15
93, 7,4, 15
93, 8,4, 15
93, 9,4, 15
93, 10,4, 15
93, 11,4, 15
93, 12,4, 15
93, 13,4, 15
93, 14,4, 15
93, 15,4, 15
93, 16,4, 15
93, 17,4, 15
93, 18,4, 15
93, 19,4, 15
93, 20,4, 15
93, 21,4, 15
93, 22,4, 15
93, 23,4, 15
93, 24,4, 15
93, 25,4, 15
93, 26,4, 15
93, 27,4, 15
93, 28,4, 15
93, 29,4, 15
93, 30,4, 15
93, 31,4, 15
93, 32,4, 15
93, 33,4, 15
93, 34,4, 15
93, 35,4, 15
93, 36,4, 15
93, 37,4, 15
93, 38,4, 15
93, 39,4, 15
94, 0,0, 15
94, 1,0, 15
94, 2,0, 15
94, 3,0, 15
94, 4,0, 15
94, 5,0, 15
94, 6,0, 15
94, 7,0, 15
94, 8,0, 15
94, 9,0, 15
94, 10,0, 15
94, 11,0, 15
94, 12,0, 15
94, 13,0, 15
94, 14,0, 15
94, 15,0, 15
94, 16,0, 15
94, 17,0, 15
94, 18,0, 15
94, 19,0, 15
94, 20,0, 15
94, 21,0, 15
94, 22,0, 15
94, 23,0, 15
94, 24,0, 15
94, 25,0, 15
94, 26,0, 15
94, 27,0, 15
94, 28,0, 15
94, 29,0, 15
94, 30,0, 15
94, 31,0, 15
94, 32,0, 15
94, 33,0, 15
94, 34,0, 15
94, 35,0, 15
94, 36,0, 15
94, 37,0, 15
94, 38,0, 15
94, 39,0, 15
94, 0,1, 15
94, 1,1, 15
94, 2,1, 15
94, 3,1, 15
94, 4,1, 15
94, 5,1, 15
94, 6,1, 15
94, 7,1, 15
94, 8,1, 15
94, 9,1, 15
94, 10,1, 15
94, 11,1, 15
94, 12,1, 15
94, 13,1, 15
94, 14,1, 15
94, 15,1, 15
94, 16,1, 15
94, 17,1, 15
94, 18,1, 15
94, 19,1, 15
94, 20,1, 15
94, 21,1, 15
94, 22,1, 15
94, 23,1, 15
94, 24,1, 15
94, 25,1, 15
94, 26,1, 15
94, 27,1, 15
94, 28,1, 15
94, 29,1, 15
94, 30,1, 15
94, 31,1, 15
94, 32,1, 15
94, 33,1, 15
94, 34,1, 15
94, 35,1, 15
94, 36,1, 15
94, 37,1, 15
94, 38,1, 15
94, 39,1, 15
94, 0,2, 15
94, 1,2, 15
94, 2,2, 15
94, 3,2, 15
94, 4,2, 15
94, 5,2, 15
94, 6,2, 15
94, 7,2, 15
94, 8,2, 15
94, 9,2, 15
94, 10,2, 15
94, 11,2, 15
94, 12,2, 15
94, 13,2, 15
94, 14,2, 15
94, 15,2, 15
94, 16,2, 15
94, 17,2, 15
94, 18,2, 15
94, 19,2, 15
94, 20,2, 15
94, 21,2, 15
94, 22,2, 15
94, 23,2, 15
94, 24,2, 15
94, 25,2, 15
94, 26,2, 15
94, 27,2, 15
94, 28,2, 15
94, 29,2, 15
94, 30,2, 15
94, 31,2, 15
94, 32,2, 15
94, 33,2, 15
94, 34,2, 15
94, 35,2, 15
94, 36,2, 15
94, 37,2, 15
94, 38,2, 15
94, 39,2, 15
94, 0,3, 15
94, 1,3, 15
94, 2,3, 15
94, 3,3, 15
94, 4,3, 15
94, 5,3, 15
94, 6,3, 15
94, 7,3, 15
94, 8,3, 15
94, 9,3, 15
94, 10,3, 15
94, 11,3, 15
94, 12,3, 15
94, 13,3, 15
94, 14,3, 15
94, 15,3, 15
94, 16,3, 15
94, 17,3, 15
94, 18,3, 15
94, 19,3, 15
94, 20,3, 15
94, 21,3, 15
94, 22,3, 15
94, 23,3, 15
94, 24,3, 15
94, 25,3, 15
94, 26,3, 15
94, 27,3, 15
94, 28,3, 15
94, 29,3, 15
94, 30,3, 15
94, 31,3, 15
94, 32,3, 15
94, 33,3, 15
94, 34,3, 15
94, 35,3, 15
94, 36,3, 15
94, 37,3, 15
94, 38,3, 15
94, 39,3, 15
94, 0,4, 15
94, 1,4, 15
94, 2,4, 15
94, 3,4, 15
94, 4,4, 15
94, 5,4, 15
94, 6,4, 15
94, 7,4, 15
94, 8,4, 15
94, 9,4, 15
94, 10,4, 15
94, 11,4, 15
94, 12,4, 15
94, 13,4, 15
94, 14,4, 15
94, 15,4, 15
94, 16,4, 15
94, 17,4, 15
94, 18,4, 15
94, 19,4, 15
94, 20,4, 15
94, 21,4, 15
94, 22,4, 15
94, 23,4, 15
94, 24,4, 15
94, 25,4, 15
94, 26,4, 15
94, 27,4, 15
94, 28,4, 15
94, 29,4, 15
94, 30,4, 15
94, 31,4, 15
94, 32,4, 15
94, 33,4, 15
94, 34,4, 15
94, 35,4, 15
94, 36,4, 15
94, 37,4, 15
94, 38,4, 15
94, 39,4, 15
95, 0,0, 15
95, 1,0, 15
95, 2,0, 15
95, 3,0, 15
95, 4,0, 15
95, 5,0, 15
95, 6,0, 15
95, 7,0, 15
95, 8,0, 15
95, 9,0, 15
95, 10,0, 15
95, 11,0, 15
95, 12,0, 15
95, 13,0, 15
95, 14,0, 15
95, 15,0, 15
95, 16,0, 15
95, 17,0, 15
95, 18,0, 15
95, 19,0, 15
95, 20,0, 15
95, 21,0, 15
95, 22,0, 15
95, 23,0, 15
95, 24,0, 15
95, 25,0, 15
95, 26,0, 15
95, 27,0, 15
95, 28,0, 15
95, 29,0, 15
95, 30,0, 15
95, 31,0, 15
95, 32,0, 15
95, 33,0, 15
95, 34,0, 15
95, 35,0, 15
95, 36,0, 15
95, 37,0, 15
95, 38,0, 15
95, 39,0, 15
95, 0,1, 15
95, 1,1, 15
95, 2,1, 15
95, 3,1, 15
95, 4,1, 15
95, 5,1, 15
95, 6,1, 15
95, 7,1, 15
95, 8,1, 15
95, 9,1, 15
95, 10,1, 15
95, 11,1, 15
95, 12,1, 15
95, 13,1, 15
95, 14,1, 15
95, 15,1, 15
95, 16,1, 15
95, 17,1, 15
95, 18,1, 15
95, 19,1, 15
95, 20,1, 15
95, 21,1, 15
95, 22,1, 15
95, 23,1, 15
95, 24,1, 15
95, 25,1, 15
95, 26,1, 15
95, 27,1, 15
95, 28,1, 15
95, 29,1, 15
95, 30,1, 15
95, 31,1, 15
95, 32,1, 15
95, 33,1, 15
95, 34,1, 15
95, 35,1, 15
95, 36,1, 15
95, 37,1, 15
95, 38,1, 15
95, 39,1, 15
95, 0,2, 15
95, 1,2, 15
95, 2,2, 15
95, 3,2, 15
95, 4,2, 15
95, 5,2, 15
95, 6,2, 15
95, 7,2, 15
95, 8,2, 15
95, 9,2, 15
95, 10,2, 15
95, 11,2, 15
95, 12,2, 15
95, 13,2, 15
95, 14,2, 15
95, 15,2, 15
95, 16,2, 15
95, 17,2, 15
95, 18,2, 15
95, 19,2, 15
95, 20,2, 15
95, 21,2, 15
95, 22,2, 15
95, 23,2, 15
95, 24,2, 15
95, 25,2, 15
95, 26,2, 15
95, 27,2, 15
95, 28,2, 15
95, 29,2, 15
95, 30,2, 15
95, 31,2, 15
95, 32,2, 15
95, 33,2, 15
95, 34,2, 15
95, 35,2, 15
95, 36,2, 15
95, 37,2, 15
95, 38,2, 15
95, 39,2, 15
95, 0,3, 15
95, 1,3, 15
95, 2,3, 15
95, 3,3, 15
95, 4,3, 15
95, 5,3, 15
95, 6,3, 15
95, 7,3, 15
95, 8,3, 15
95, 9,3, 15
95, 10,3, 15
95, 11,3, 15
95, 12,3, 15
95, 13,3, 15
95, 14,3, 15
95, 15,3, 15
95, 16,3, 15
95, 17,3, 15
95, 18,3, 15
95, 19,3, 15
95, 20,3, 15
95, 21,3, 15
95, 22,3, 15
95, 23,3, 15
95, 24,3, 15
95, 25,3, 15
95, 26,3, 15
95, 27,3, 15
95, 28,3, 15
95, 29,3, 15
95, 30,3, 15
95, 31,3, 15
95, 32,3, 15
95, 33,3, 15
95, 34,3, 15
95, 35,3, 15
95, 36,3, 15
95, 37,3, 15
95, 38,3, 15
95, 39,3, 15
95, 0,4, 15
95, 1,4, 15
95, 2,4, 15
95, 3,4, 15
95, 4,4, 15
95, 5,4, 15
95, 6,4, 15
95, 7,4, 15
95, 8,4, 15
95, 9,4, 15
95, 10,4, 15
95, 11,4, 15
95, 12,4, 15
95, 13,4, 15
95, 14,4, 15
95, 15,4, 15
95, 16,4, 15
95, 17,4, 15
95, 18,4, 15
95, 19,4, 15
95, 20,4, 15
95, 21,4, 15
95, 22,4, 15
95, 23,4, 15
95, 24,4, 15
95, 25,4, 15
95, 26,4, 15
95, 27,4, 15
95, 28,4, 15
95, 29,4, 15
95, 30,4, 15
95, 31,4, 15
95, 32,4, 15
95, 33,4, 15
95, 34,4, 15
95, 35,4, 15
95, 36,4, 15
95, 37,4, 15
95, 38,4, 15
95, 39,4, 15
96, 0,0, 15
96, 1,0, 15
96, 2,0, 15
96, 3,0, 15
96, 4,0, 15
96, 5,0, 15
96, 6,0, 15
96, 7,0, 15
96, 8,0, 15
96, 9,0, 15
96, 10,0, 15
96, 11,0, 15
96, 12,0, 15
96, 13,0, 15
96, 14,0, 15
96, 15,0, 15
96, 16,0, 15
96, 17,0, 15
96, 18,0, 15
96, 19,0, 15
96, 20,0, 15
96, 21,0, 15
96, 22,0, 15
96, 23,0, 15
96, 24,0, 15
96, 25,0, 15
96, 26,0, 15
96, 27,0, 15
96, 28,0, 15
96, 29,0, 15
96, 30,0, 15
96, 31,0, 15
96, 32,0, 15
96, 33,0, 15
96, 34,0, 15
96, 35,0, 15
96, 36,0, 15
96, 37,0, 15
96, 38,0, 15
96, 39,0, 15
96, 0,1, 15
96, 1,1, 15
96, 2,1, 15
96, 3,1, 15
96, 4,1, 15
96, 5,1, 15
96, 6,1, 15
96, 7,1, 15
96, 8,1, 15
96, 9,1, 15
96, 10,1, 15
96, 11,1, 15
96, 12,1, 15
96, 13,1, 15
96, 14,1, 15
96, 15,1, 15
96, 16,1, 15
96, 17,1, 15
96, 18,1, 15
96, 19,1, 15
96, 20,1, 15
96, 21,1, 15
96, 22,1, 15
96, 23,1, 15
96, 24,1, 15
96, 25,1, 15
96, 26,1, 15
96, 27,1, 15
96, 28,1, 15
96, 29,1, 15
96, 30,1, 15
96, 31,1, 15
96, 32,1, 15
96, 33,1, 15
96, 34,1, 15
96, 35,1, 15
96, 36,1, 15
96, 37,1, 15
96, 38,1, 15
96, 39,1, 15
96, 0,2, 15
96, 1,2, 15
96, 2,2, 15
96, 3,2, 15
96, 4,2, 15
96, 5,2, 15
96, 6,2, 15
96, 7,2, 15
96, 8,2, 15
96, 9,2, 15
96, 10,2, 15
96, 11,2, 15
96, 12,2, 15
96, 13,2, 15
96, 14,2, 15
96, 15,2, 15
96, 16,2, 15
96, 17,2, 15
96, 18,2, 15
96, 19,2, 15
96, 20,2, 15
96, 21,2, 15
96, 22,2, 15
96, 23,2, 15
96, 24,2, 15
96, 25,2, 15
96, 26,2, 15
96, 27,2, 15
96, 28,2, 15
96, 29,2, 15
96, 30,2, 15
96, 31,2, 15
96, 32,2, 15
96, 33,2, 15
96, 34,2, 15
96, 35,2, 15
96, 36,2, 15
96, 37,2, 15
96, 38,2, 15
96, 39,2, 15
96, 0,3, 15
96, 1,3, 15
96, 2,3, 15
96, 3,3, 15
96, 4,3, 15
96, 5,3, 15
96, 6,3, 15
96, 7,3, 15
96, 8,3, 15
96, 9,3, 15
96, 10,3, 15
96, 11,3, 15
96, 12,3, 15
96, 13,3, 15
96, 14,3, 15
96, 15,3, 15
96, 16,3, 15
96, 17,3, 15
96, 18,3, 15
96, 19,3, 15
96, 20,3, 15
96, 21,3, 15
96, 22,3, 15
96, 23,3, 15
96, 24,3, 15
96, 25,3, 15
96, 26,3, 15
96, 27,3, 15
96, 28,3, 15
96, 29,3, 15
96, 30,3, 15
96, 31,3, 15
96, 32,3, 15
96, 33,3, 15
96, 34,3, 15
96, 35,3, 15
96, 36,3, 15
96, 37,3, 15
96, 38,3, 15
96, 39,3, 15
96, 0,4, 15
96, 1,4, 15
96, 2,4, 15
96, 3,4, 15
96, 4,4, 15
96, 5,4, 15
96, 6,4, 15
96, 7,4, 15
96, 8,4, 15
96, 9,4, 15
96, 10,4, 15
96, 11,4, 15
96, 12,4, 15
96, 13,4, 15
96, 14,4, 15
96, 15,4, 15
96, 16,4, 15
96, 17,4, 15
96, 18,4, 15
96, 19,4, 15
96, 20,4, 15
96, 21,4, 15
96, 22,4, 15
96, 23,4, 15
96, 24,4, 15
96, 25,4, 15
96, 26,4, 15
96, 27,4, 15
96, 28,4, 15
96, 29,4, 15
96, 30,4, 15
96, 31,4, 15
96, 32,4, 15
96, 33,4, 15
96, 34,4, 15
96, 35,4, 15
96, 36,4, 15
96, 37,4, 15
96, 38,4, 15
96, 39,4, 15
97, 0,0, 15
97, 1,0, 15
97, 2,0, 15
97, 3,0, 15
97, 4,0, 15
97, 5,0, 15
97, 6,0, 15
97, 7,0, 15
97, 8,0, 15
97, 9,0, 15
97, 10,0, 15
97, 11,0, 15
97, 12,0, 15
97, 13,0, 15
97, 14,0, 15
97, 15,0, 15
97, 16,0, 15
97, 17,0, 15
97, 18,0, 15
97, 19,0, 15
97, 20,0, 15
97, 21,0, 15
97, 22,0, 15
97, 23,0, 15
97, 24,0, 15
97, 25,0, 15
97, 26,0, 15
97, 27,0, 15
97, 28,0, 15
97, 29,0, 15
97, 30,0, 15
97, 31,0, 15
97, 32,0, 15
97, 33,0, 15
97, 34,0, 15
97, 35,0, 15
97, 36,0, 15
97, 37,0, 15
97, 38,0, 15
97, 39,0, 15
97, 0,1, 15
97, 1,1, 15
97, 2,1, 15
97, 3,1, 15
97, 4,1, 15
97, 5,1, 15
97, 6,1, 15
97, 7,1, 15
97, 8,1, 15
97, 9,1, 15
97, 10,1, 15
97, 11,1, 15
97, 12,1, 15
97, 13,1, 15
97, 14,1, 15
97, 15,1, 15
97, 16,1, 15
97, 17,1, 15
97, 18,1, 15
97, 19,1, 15
97, 20,1, 15
97, 21,1, 15
97, 22,1, 15
97, 23,1, 15
97, 24,1, 15
97, 25,1, 15
97, 26,1, 15
97, 27,1, 15
97, 28,1, 15
97, 29,1, 15
97, 30,1, 15
97, 31,1, 15
97, 32,1, 15
97, 33,1, 15
97, 34,1, 15
97, 35,1, 15
97, 36,1, 15
97, 37,1, 15
97, 38,1, 15
97, 39,1, 15
97, 0,2, 15
97, 1,2, 15
97, 2,2, 15
97, 3,2, 15
97, 4,2, 15
97, 5,2, 15
97, 6,2, 15
97, 7,2, 15
97, 8,2, 15
97, 9,2, 15
97, 10,2, 15
97, 11,2, 15
97, 12,2, 15
97, 13,2, 15
97, 14,2, 15
97, 15,2, 15
97, 16,2, 15
97, 17,2, 15
97, 18,2, 15
97, 19,2, 15
97, 20,2, 15
97, 21,2, 15
97, 22,2, 15
97, 23,2, 15
97, 24,2, 15
97, 25,2, 15
97, 26,2, 15
97, 27,2, 15
97, 28,2, 15
97, 29,2, 15
97, 30,2, 15
97, 31,2, 15
97, 32,2, 15
97, 33,2, 15
97, 34,2, 15
97, 35,2, 15
97, 36,2, 15
97, 37,2, 15
97, 38,2, 15
97, 39,2, 15
97, 0,3, 15
97, 1,3, 15
97, 2,3, 15
97, 3,3, 15
97, 4,3, 15
97, 5,3, 15
97, 6,3, 15
97, 7,3, 15
97, 8,3, 15
97, 9,3, 15
97, 10,3, 15
97, 11,3, 15
97, 12,3, 15
97, 13,3, 15
97, 14,3, 15
97, 15,3, 15
97, 16,3, 15
97, 17,3, 15
97, 18,3, 15
97, 19,3, 15
97, 20,3, 15
97, 21,3, 15
97, 22,3, 15
97, 23,3, 15
97, 24,3, 15
97, 25,3, 15
97, 26,3, 15
97, 27,3, 15
97, 28,3, 15
97, 29,3, 15
97, 30,3, 15
97, 31,3, 15
97, 32,3, 15
97, 33,3, 15
97, 34,3, 15
97, 35,3, 15
97, 36,3, 15
97, 37,3, 15
97, 38,3, 15
97, 39,3, 15
97, 0,4, 15
97, 1,4, 15
97, 2,4, 15
97, 3,4, 15
97, 4,4, 15
97, 5,4, 15
97, 6,4, 15
97, 7,4, 15
97, 8,4, 15
97, 9,4, 15
97, 10,4, 15
97, 11,4, 15
97, 12,4, 15
97, 13,4, 15
97, 14,4, 15
97, 15,4, 15
97, 16,4, 15
97, 17,4, 15
97, 18,4, 15
97, 19,4, 15
97, 20,4, 15
97, 21,4, 15
97, 22,4, 15
97, 23,4, 15
97, 24,4, 15
97, 25,4, 15
97, 26,4, 15
97, 27,4, 15
97, 28,4, 15
97, 29,4, 15
97, 30,4, 15
97, 31,4, 15
97, 32,4, 15
97, 33,4, 15
97, 34,4, 15
97, 35,4, 15
97, 36,4, 15
97, 37,4, 15
97, 38,4, 15
97, 39,4, 15
98, 0,0, 15
98, 1,0, 15
98, 2,0, 15
98, 3,0, 15
98, 4,0, 15
98, 5,0, 15
98, 6,0, 15
98, 7,0, 15
98, 8,0, 15
98, 9,0, 15
98, 10,0, 15
98, 11,0, 15
98, 12,0, 15
98, 13,0, 15
98, 14,0, 15
98, 15,0, 15
98, 16,0, 15
98, 17,0, 15
98, 18,0, 15
98, 19,0, 15
98, 20,0, 15
98, 21,0, 15
98, 22,0, 15
98, 23,0, 15
98, 24,0, 15
98, 25,0, 15
98, 26,0, 15
98, 27,0, 15
98, 28,0, 15
98, 29,0, 15
98, 30,0, 15
98, 31,0, 15
98, 32,0, 15
98, 33,0, 15
98, 34,0, 15
98, 35,0, 15
98, 36,0, 15
98, 37,0, 15
98, 38,0, 15
98, 39,0, 15
98, 0,1, 15
98, 1,1, 15
98, 2,1, 15
98, 3,1, 15
98, 4,1, 15
98, 5,1, 15
98, 6,1, 15
98, 7,1, 15
98, 8,1, 15
98, 9,1, 15
98, 10,1, 15
98, 11,1, 15
98, 12,1, 15
98, 13,1, 15
98, 14,1, 15
98, 15,1, 15
98, 16,1, 15
98, 17,1, 15
98, 18,1, 15
98, 19,1, 15
98, 20,1, 15
98, 21,1, 15
98, 22,1, 15
98, 23,1, 15
98, 24,1, 15
98, 25,1, 15
98, 26,1, 15
98, 27,1, 15
98, 28,1, 15
98, 29,1, 15
98, 30,1, 15
98, 31,1, 15
98, 32,1, 15
98, 33,1, 15
98, 34,1, 15
98, 35,1, 15
98, 36,1, 15
98, 37,1, 15
98, 38,1, 15
98, 39,1, 15
98, 0,2, 15
98, 1,2, 15
98, 2,2, 15
98, 3,2, 15
98, 4,2, 15
98, 5,2, 15
98, 6,2, 15
98, 7,2, 15
98, 8,2, 15
98, 9,2, 15
98, 10,2, 15
98, 11,2, 15
98, 12,2, 15
98, 13,2, 15
98, 14,2, 15
98, 15,2, 15
98, 16,2, 15
98, 17,2, 15
98, 18,2, 15
98, 19,2, 15
98, 20,2, 15
98, 21,2, 15
98, 22,2, 15
98, 23,2, 15
98, 24,2, 15
98, 25,2, 15
98, 26,2, 15
98, 27,2, 15
98, 28,2, 15
98, 29,2, 15
98, 30,2, 15
98, 31,2, 15
98, 32,2, 15
98, 33,2, 15
98, 34,2, 15
98, 35,2, 15
98, 36,2, 15
98, 37,2, 15
98, 38,2, 15
98, 39,2, 15
98, 0,3, 15
98, 1,3, 15
98, 2,3, 15
98, 3,3, 15
98, 4,3, 15
98, 5,3, 15
98, 6,3, 15
98, 7,3, 15
98, 8,3, 15
98, 9,3, 15
98, 10,3, 15
98, 11,3, 15
98, 12,3, 15
98, 13,3, 15
98, 14,3, 15
98, 15,3, 15
98, 16,3, 15
98, 17,3, 15
98, 18,3, 15
98, 19,3, 15
98, 20,3, 15
98, 21,3, 15
98, 22,3, 15
98, 23,3, 15
98, 24,3, 15
98, 25,3, 15
98, 26,3, 15
98, 27,3, 15
98, 28,3, 15
98, 29,3, 15
98, 30,3, 15
98, 31,3, 15
98, 32,3, 15
98, 33,3, 15
98, 34,3, 15
98, 35,3, 15
98, 36,3, 15
98, 37,3, 15
98, 38,3, 15
98, 39,3, 15
98, 0,4, 15
98, 1,4, 15
98, 2,4, 15
98, 3,4, 15
98, 4,4, 15
98, 5,4, 15
98, 6,4, 15
98, 7,4, 15
98, 8,4, 15
98, 9,4, 15
98, 10,4, 15
98, 11,4, 15
98, 12,4, 15
98, 13,4, 15
98, 14,4, 15
98, 15,4, 15
98, 16,4, 15
98, 17,4, 15
98, 18,4, 15
98, 19,4, 15
98, 20,4, 15
98, 21,4, 15
98, 22,4, 15
98, 23,4, 15
98, 24,4, 15
98, 25,4, 15
98, 26,4, 15
98, 27,4, 15
98, 28,4, 15
98, 29,4, 15
98, 30,4, 15
98, 31,4, 15
98, 32,4, 15
98, 33,4, 15
98, 34,4, 15
98, 35,4, 15
98, 36,4, 15
98, 37,4, 15
98, 38,4, 15
98, 39,4, 15
99, 0,0, 15
99, 1,0, 15
99, 2,0, 15
99, 3,0, 15
99, 4,0, 15
99, 5,0, 15
99, 6,0, 15
99, 7,0, 15
99, 8,0, 15
99, 9,0, 15
99, 10,0, 15
99, 11,0, 15
99, 12,0, 15
99, 13,0, 15
99, 14,0, 15
99, 15,0, 15
99, 16,0, 15
99, 17,0, 15
99, 18,0, 15
99, 19,0, 15
99, 20,0, 15
99, 21,0, 15
99, 22,0, 15
99, 23,0, 15
99, 24,0, 15
99, 25,0, 15
99, 26,0, 15
99, 27,0, 15
99, 28,0, 15
99, 29,0, 15
99, 30,0, 15
99, 31,0, 15
99, 32,0, 15
99, 33,0, 15
99, 34,0, 15
99, 35,0, 15
99, 36,0, 15
99, 37,0, 15
99, 38,0, 15
99, 39,0, 15
99, 0,1, 15
99, 1,1, 15
99, 2,1, 15
99, 3,1, 15
99, 4,1, 15
99, 5,1, 15
99, 6,1, 15
99, 7,1, 15
99, 8,1, 15
99, 9,1, 15
99, 10,1, 15
99, 11,1, 15
99, 12,1, 15
99, 13,1, 15
99, 14,1, 15
99, 15,1, 15
99, 16,1, 15
99, 17,1, 15
99, 18,1, 15
99, 19,1, 15
99, 20,1, 15
99, 21,1, 15
99, 22,1, 15
99, 23,1, 15
99, 24,1, 15
99, 25,1, 15
99, 26,1, 15
99, 27,1, 15
99, 28,1, 15
99, 29,1, 15
99, 30,1, 15
99, 31,1, 15
99, 32,1, 15
99, 33,1, 15
99, 34,1, 15
99, 35,1, 15
99, 36,1, 15
99, 37,1, 15
99, 38,1, 15
99, 39,1, 15
99, 0,2, 15
99, 1,2, 15
99, 2,2, 15
99, 3,2, 15
99, 4,2, 15
99, 5,2, 15
99, 6,2, 15
99, 7,2, 15
99, 8,2, 15
99, 9,2, 15
99, 10,2, 15
99, 11,2, 15
99, 12,2, 15
99, 13,2, 15
99, 14,2, 15
99, 15,2, 15
99, 16,2, 15
99, 17,2, 15
99, 18,2, 15
99, 19,2, 15
99, 20,2, 15
99, 21,2, 15
99, 22,2, 15
99, 23,2, 15
99, 24,2, 15
99, 25,2, 15
99, 26,2, 15
99, 27,2, 15
99, 28,2, 15
99, 29,2, 15
99, 30,2, 15
99, 31,2, 15
99, 32,2, 15
99, 33,2, 15
99, 34,2, 15
99, 35,2, 15
99, 36,2, 15
99, 37,2, 15
99, 38,2, 15
99, 39,2, 15
99, 0,3, 15
99, 1,3, 15
99, 2,3, 15
99, 3,3, 15
99, 4,3, 15
99, 5,3, 15
99, 6,3, 15
99, 7,3, 15
99, 8,3, 15
99, 9,3, 15
99, 10,3, 15
99, 11,3, 15
99, 12,3, 15
99, 13,3, 15
99, 14,3, 15
99, 15,3, 15
99, 16,3, 15
99, 17,3, 15
99, 18,3, 15
99, 19,3, 15
99, 20,3, 15
99, 21,3, 15
99, 22,3, 15
99, 23,3, 15
99, 24,3, 15
99, 25,3, 15
99, 26,3, 15
99, 27,3, 15
99, 28,3, 15
99, 29,3, 15
99, 30,3, 15
99, 31,3, 15
99, 32,3, 15
99, 33,3, 15
99, 34,3, 15
99, 35,3, 15
99, 36,3, 15
99, 37,3, 15
99, 38,3, 15
99, 39,3, 15
99, 0,4, 15
99, 1,4, 15
99, 2,4, 15
99, 3,4, 15
99, 4,4, 15
99, 5,4, 15
99, 6,4, 15
99, 7,4, 15
99, 8,4, 15
99, 9,4, 15
99, 10,4, 15
99, 11,4, 15
99, 12,4, 15
99, 13,4, 15
99, 14,4, 15
99, 15,4, 15
99, 16,4, 15
99, 17,4, 15
99, 18,4, 15
99, 19,4, 15
99, 20,4, 15
99, 21,4, 15
99, 22,4, 15
99, 23,4, 15
99, 24,4, 15
99, 25,4, 15
99, 26,4, 15
99, 27,4, 15
99, 28,4, 15
99, 29,4, 15
99, 30,4, 15
99, 31,4, 15
99, 32,4, 15
99, 33,4, 15
99, 34,4, 15
99, 35,4, 15
99, 36,4, 15
99, 37,4, 15
99, 38,4, 15
99, 39,4, 15
100, 0,0, 15
100, 1,0, 15
100, 2,0, 15
100, 3,0, 15
100, 4,0, 15
100, 5,0, 15
100, 6,0, 15
100, 7,0, 15
100, 8,0, 15
100, 9,0, 15
100, 10,0, 15
100, 11,0, 15
100, 12,0, 15
100, 13,0, 15
100, 14,0, 15
100, 15,0, 15
100, 16,0, 15
100, 17,0, 15
100, 18,0, 15
100, 19,0, 15
100, 20,0, 15
100, 21,0, 15
100, 22,0, 15
100, 23,0, 15
100, 24,0, 15
100, 25,0, 15
100, 26,0, 15
100, 27,0, 15
100, 28,0, 15
100, 29,0, 15
100, 30,0, 15
100, 31,0, 15
100, 32,0, 15
100, 33,0, 15
100, 34,0, 15
100, 35,0, 15
100, 36,0, 15
100, 37,0, 15
100, 38,0, 15
100, 39,0, 15
100, 0,1, 15
100, 1,1, 15
100, 2,1, 15
100, 3,1, 15
100, 4,1, 15
100, 5,1, 15
100, 6,1, 15
100, 7,1, 15
100, 8,1, 15
100, 9,1, 15
100, 10,1, 15
100, 11,1, 15
100, 12,1, 15
100, 13,1, 15
100, 14,1, 15
100, 15,1, 15
100, 16,1, 15
100, 17,1, 15
100, 18,1, 15
100, 19,1, 15
100, 20,1, 15
100, 21,1, 15
100, 22,1, 15
100, 23,1, 15
100, 24,1, 15
100, 25,1, 15
100, 26,1, 15
100, 27,1, 15
100, 28,1, 15
100, 29,1, 15
100, 30,1, 15
100, 31,1, 15
100, 32,1, 15
100, 33,1, 15
100, 34,1, 15
100, 35,1, 15
100, 36,1, 15
100, 37,1, 15
100, 38,1, 15
100, 39,1, 15
100, 0,2, 15
100, 1,2, 15
100, 2,2, 15
100, 3,2, 15
100, 4,2, 15
100, 5,2, 15
100, 6,2, 15
100, 7,2, 15
100, 8,2, 15
100, 9,2, 15
100, 10,2, 15
100, 11,2, 15
100, 12,2, 15
100, 13,2, 15
100, 14,2, 15
100, 15,2, 15
100, 16,2, 15
100, 17,2, 15
100, 18,2, 15
100, 19,2, 15
100, 20,2, 15
100, 21,2, 15
100, 22,2, 15
100, 23,2, 15
100, 24,2, 15
100, 25,2, 15
100, 26,2, 15
100, 27,2, 15
100, 28,2, 15
100, 29,2, 15
100, 30,2, 15
100, 31,2, 15
100, 32,2, 15
100, 33,2, 15
100, 34,2, 15
100, 35,2, 15
100, 36,2, 15
100, 37,2, 15
100, 38,2, 15
100, 39,2, 15
100, 0,3, 15
100, 1,3, 15
100, 2,3, 15
100, 3,3, 15
100, 4,3, 15
100, 5,3, 15
100, 6,3, 15
100, 7,3, 15
100, 8,3, 15
100, 9,3, 15
100, 10,3, 15
100, 11,3, 15
100, 12,3, 15
100, 13,3, 15
100, 14,3, 15
100, 15,3, 15
100, 16,3, 15
100, 17,3, 15
100, 18,3, 15
100, 19,3, 15
100, 20,3, 15
100, 21,3, 15
100, 22,3, 15
100, 23,3, 15
100, 24,3, 15
100, 25,3, 15
100, 26,3, 15
100, 27,3, 15
100, 28,3, 15
100, 29,3, 15
100, 30,3, 15
100, 31,3, 15
100, 32,3, 15
100, 33,3, 15
100, 34,3, 15
100, 35,3, 15
100, 36,3, 15
100, 37,3, 15
100, 38,3, 15
100, 39,3, 15
100, 0,4, 15
100, 1,4, 15
100, 2,4, 15
100, 3,4, 15
100, 4,4, 15
100, 5,4, 15
100, 6,4, 15
100, 7,4, 15
100, 8,4, 15
100, 9,4, 15
100, 10,4, 15
100, 11,4, 15
100, 12,4, 15
100, 13,4, 15
100, 14,4, 15
100, 15,4, 15
100, 16,4, 15
100, 17,4, 15
100, 18,4, 15
100, 19,4, 15
100, 20,4, 15
100, 21,4, 15
100, 22,4, 15
100, 23,4, 15
100, 24,4, 15
100, 25,4, 15
100, 26,4, 15
100, 27,4, 15
100, 28,4, 15
100, 29,4, 15
100, 30,4, 15
100, 31,4, 15
100, 32,4, 15
100, 33,4, 15
100, 34,4, 15
100, 35,4, 15
100, 36,4, 15
100, 37,4, 15
100, 38,4, 15
100, 39,4, 15
101, 0,0, 15
101, 1,0, 15
101, 2,0, 15
101, 3,0, 15
101, 4,0, 15
101, 5,0, 15
101, 6,0, 15
101, 7,0, 15
101, 8,0, 15
101, 9,0, 15
101, 10,0, 15
101, 11,0, 15
101, 12,0, 15
101, 13,0, 15
101, 14,0, 15
101, 15,0, 15
101, 16,0, 15
101, 17,0, 15
101, 18,0, 15
101, 19,0, 15
101, 20,0, 15
101, 21,0, 15
101, 22,0, 15
101, 23,0, 15
101, 24,0, 15
101, 25,0, 15
101, 26,0, 15
101, 27,0, 15
101, 28,0, 15
101, 29,0, 15
101, 30,0, 15
101, 31,0, 15
101, 32,0, 15
101, 33,0, 15
101, 34,0, 15
101, 35,0, 15
101, 36,0, 15
101, 37,0, 15
101, 38,0, 15
101, 39,0, 15
101, 0,1, 15
101, 1,1, 15
101, 2,1, 15
101, 3,1, 15
101, 4,1, 15
101, 5,1, 15
101, 6,1, 15
101, 7,1, 15
101, 8,1, 15
101, 9,1, 15
101, 10,1, 15
101, 11,1, 15
101, 12,1, 15
101, 13,1, 15
101, 14,1, 15
101, 15,1, 15
101, 16,1, 15
101, 17,1, 15
101, 18,1, 15
101, 19,1, 15
101, 20,1, 15
101, 21,1, 15
101, 22,1, 15
101, 23,1, 15
101, 24,1, 15
101, 25,1, 15
101, 26,1, 15
101, 27,1, 15
101, 28,1, 15
101, 29,1, 15
101, 30,1, 15
101, 31,1, 15
101, 32,1, 15
101, 33,1, 15
101, 34,1, 15
101, 35,1, 15
101, 36,1, 15
101, 37,1, 15
101, 38,1, 15
101, 39,1, 15
101, 0,2, 15
101, 1,2, 15
101, 2,2, 15
101, 3,2, 15
101, 4,2, 15
101, 5,2, 15
101, 6,2, 15
101, 7,2, 15
101, 8,2, 15
101, 9,2, 15
101, 10,2, 15
101, 11,2, 15
101, 12,2, 15
101, 13,2, 15
101, 14,2, 15
101, 15,2, 15
101, 16,2, 15
101, 17,2, 15
101, 18,2, 15
101, 19,2, 15
101, 20,2, 15
101, 21,2, 15
101, 22,2, 15
101, 23,2, 15
101, 24,2, 15
101, 25,2, 15
101, 26,2, 15
101, 27,2, 15
101, 28,2, 15
101, 29,2, 15
101, 30,2, 15
101, 31,2, 15
101, 32,2, 15
101, 33,2, 15
101, 34,2, 15
101, 35,2, 15
101, 36,2, 15
101, 37,2, 15
101, 38,2, 15
101, 39,2, 15
101, 0,3, 15
101, 1,3, 15
101, 2,3, 15
101, 3,3, 15
101, 4,3, 15
101, 5,3, 15
101, 6,3, 15
101, 7,3, 15
101, 8,3, 15
101, 9,3, 15
101, 10,3, 15
101, 11,3, 15
101, 12,3, 15
101, 13,3, 15
101, 14,3, 15
101, 15,3, 15
101, 16,3, 15
101, 17,3, 15
101, 18,3, 15
101, 19,3, 15
101, 20,3, 15
101, 21,3, 15
101, 22,3, 15
101, 23,3, 15
101, 24,3, 15
101, 25,3, 15
101, 26,3, 15
101, 27,3, 15
101, 28,3, 15
101, 29,3, 15
101, 30,3, 15
101, 31,3, 15
101, 32,3, 15
101, 33,3, 15
101, 34,3, 15
101, 35,3, 15
101, 36,3, 15
101, 37,3, 15
101, 38,3, 15
101, 39,3, 15
101, 0,4, 15
101, 1,4, 15
101, 2,4, 15
101, 3,4, 15
101, 4,4, 15
101, 5,4, 15
101, 6,4, 15
101, 7,4, 15
101, 8,4, 15
101, 9,4, 15
101, 10,4, 15
101, 11,4, 15
101, 12,4, 15
101, 13,4, 15
101, 14,4, 15
101, 15,4, 15
101, 16,4, 15
101, 17,4, 15
101, 18,4, 15
101, 19,4, 15
101, 20,4, 15
101, 21,4, 15
101, 22,4, 15
101, 23,4, 15
101, 24,4, 15
101, 25,4, 15
101, 26,4, 15
101, 27,4, 15
101, 28,4, 15
101, 29,4, 15
101, 30,4, 15
101, 31,4, 15
101, 32,4, 15
101, 33,4, 15
101, 34,4, 15
101, 35,4, 15
101, 36,4, 15
101, 37,4, 15
101, 38,4, 15
101, 39,4, 15
102, 0,0, 15
102, 1,0, 15
102, 2,0, 15
102, 3,0, 15
102, 4,0, 15
102, 5,0, 15
102, 6,0, 15
102, 7,0, 15
102, 8,0, 15
102, 9,0, 15
102, 10,0, 15
102, 11,0, 15
102, 12,0, 15
102, 13,0, 15
102, 14,0, 15
102, 15,0, 15
102, 16,0, 15
102, 17,0, 15
102, 18,0, 15
102, 19,0, 15
102, 20,0, 15
102, 21,0, 15
102, 22,0, 15
102, 23,0, 15
102, 24,0, 15
102, 25,0, 15
102, 26,0, 15
102, 27,0, 15
102, 28,0, 15
102, 29,0, 15
102, 30,0, 15
102, 31,0, 15
102, 32,0, 15
102, 33,0, 15
102, 34,0, 15
102, 35,0, 15
102, 36,0, 15
102, 37,0, 15
102, 38,0, 15
102, 39,0, 15
102, 0,1, 15
102, 1,1, 15
102, 2,1, 15
102, 3,1, 15
102, 4,1, 15
102, 5,1, 15
102, 6,1, 15
102, 7,1, 15
102, 8,1, 15
102, 9,1, 15
102, 10,1, 15
102, 11,1, 15
102, 12,1, 15
102, 13,1, 15
102, 14,1, 15
102, 15,1, 15
102, 16,1, 15
102, 17,1, 15
102, 18,1, 15
102, 19,1, 15
102, 20,1, 15
102, 21,1, 15
102, 22,1, 15
102, 23,1, 15
102, 24,1, 15
102, 25,1, 15
102, 26,1, 15
102, 27,1, 15
102, 28,1, 15
102, 29,1, 15
102, 30,1, 15
102, 31,1, 15
102, 32,1, 15
102, 33,1, 15
102, 34,1, 15
102, 35,1, 15
102, 36,1, 15
102, 37,1, 15
102, 38,1, 15
102, 39,1, 15
102, 0,2, 15
102, 1,2, 15
102, 2,2, 15
102, 3,2, 15
102, 4,2, 15
102, 5,2, 15
102, 6,2, 15
102, 7,2, 15
102, 8,2, 15
102, 9,2, 15
102, 10,2, 15
102, 11,2, 15
102, 12,2, 15
102, 13,2, 15
102, 14,2, 15
102, 15,2, 15
102, 16,2, 15
102, 17,2, 15
102, 18,2, 15
102, 19,2, 15
102, 20,2, 15
102, 21,2, 15
102, 22,2, 15
102, 23,2, 15
102, 24,2, 15
102, 25,2, 15
102, 26,2, 15
102, 27,2, 15
102, 28,2, 15
102, 29,2, 15
102, 30,2, 15
102, 31,2, 15
102, 32,2, 15
102, 33,2, 15
102, 34,2, 15
102, 35,2, 15
102, 36,2, 15
102, 37,2, 15
102, 38,2, 15
102, 39,2, 15
102, 0,3, 15
102, 1,3, 15
102, 2,3, 15
102, 3,3, 15
102, 4,3, 15
102, 5,3, 15
102, 6,3, 15
102, 7,3, 15
102, 8,3, 15
102, 9,3, 15
102, 10,3, 15
102, 11,3, 15
102, 12,3, 15
102, 13,3, 15
102, 14,3, 15
102, 15,3, 15
102, 16,3, 15
102, 17,3, 15
102, 18,3, 15
102, 19,3, 15
102, 20,3, 15
102, 21,3, 15
102, 22,3, 15
102, 23,3, 15
102, 24,3, 15
102, 25,3, 15
102, 26,3, 15
102, 27,3, 15
102, 28,3, 15
102, 29,3, 15
102, 30,3, 15
102, 31,3, 15
102, 32,3, 15
102, 33,3, 15
102, 34,3, 15
102, 35,3, 15
102, 36,3, 15
102, 37,3, 15
102, 38,3, 15
102, 39,3, 15
102, 0,4, 15
102, 1,4, 15
102, 2,4, 15
102, 3,4, 15
102, 4,4, 15
102, 5,4, 15
102, 6,4, 15
102, 7,4, 15
102, 8,4, 15
102, 9,4, 15
102, 10,4, 15
102, 11,4, 15
102, 12,4, 15
102, 13,4, 15
102, 14,4, 15
102, 15,4, 15
102, 16,4, 15
102, 17,4, 15
102, 18,4, 15
102, 19,4, 15
102, 20,4, 15
102, 21,4, 15
102, 22,4, 15
102, 23,4, 15
102, 24,4, 15
102, 25,4, 15
102, 26,4, 15
102, 27,4, 15
102, 28,4, 15
102, 29,4, 15
102, 30,4, 15
102, 31,4, 15
102, 32,4, 15
102, 33,4, 15
102, 34,4, 15
102, 35,4, 15
102, 36,4, 15
102, 37,4, 15
102, 38,4, 15
102, 39,4, 15
103, 0,0, 15
103, 1,0, 15
103, 2,0, 15
103, 3,0, 15
103, 4,0, 15
103, 5,0, 15
103, 6,0, 15
103, 7,0, 15
103, 8,0, 15
103, 9,0, 15
103, 10,0, 15
103, 11,0, 15
103, 12,0, 15
103, 13,0, 15
103, 14,0, 15
103, 15,0, 15
103, 16,0, 15
103, 17,0, 15
103, 18,0, 15
103, 19,0, 15
103, 20,0, 15
103, 21,0, 15
103, 22,0, 15
103, 23,0, 15
103, 24,0, 15
103, 25,0, 15
103, 26,0, 15
103, 27,0, 15
103, 28,0, 15
103, 29,0, 15
103, 30,0, 15
103, 31,0, 15
103, 32,0, 15
103, 33,0, 15
103, 34,0, 15
103, 35,0, 15
103, 36,0, 15
103, 37,0, 15
103, 38,0, 15
103, 39,0, 15
103, 0,1, 15
103, 1,1, 15
103, 2,1, 15
103, 3,1, 15
103, 4,1, 15
103, 5,1, 15
103, 6,1, 15
103, 7,1, 15
103, 8,1, 15
103, 9,1, 15
103, 10,1, 15
103, 11,1, 15
103, 12,1, 15
103, 13,1, 15
103, 14,1, 15
103, 15,1, 15
103, 16,1, 15
103, 17,1, 15
103, 18,1, 15
103, 19,1, 15
103, 20,1, 15
103, 21,1, 15
103, 22,1, 15
103, 23,1, 15
103, 24,1, 15
103, 25,1, 15
103, 26,1, 15
103, 27,1, 15
103, 28,1, 15
103, 29,1, 15
103, 30,1, 15
103, 31,1, 15
103, 32,1, 15
103, 33,1, 15
103, 34,1, 15
103, 35,1, 15
103, 36,1, 15
103, 37,1, 15
103, 38,1, 15
103, 39,1, 15
103, 0,2, 15
103, 1,2, 15
103, 2,2, 15
103, 3,2, 15
103, 4,2, 15
103, 5,2, 15
103, 6,2, 15
103, 7,2, 15
103, 8,2, 15
103, 9,2, 15
103, 10,2, 15
103, 11,2, 15
103, 12,2, 15
103, 13,2, 15
103, 14,2, 15
103, 15,2, 15
103, 16,2, 15
103, 17,2, 15
103, 18,2, 15
103, 19,2, 15
103, 20,2, 15
103, 21,2, 15
103, 22,2, 15
103, 23,2, 15
103, 24,2, 15
103, 25,2, 15
103, 26,2, 15
103, 27,2, 15
103, 28,2, 15
103, 29,2, 15
103, 30,2, 15
103, 31,2, 15
103, 32,2, 15
103, 33,2, 15
103, 34,2, 15
103, 35,2, 15
103, 36,2, 15
103, 37,2, 15
103, 38,2, 15
103, 39,2, 15
103, 0,3, 15
103, 1,3, 15
103, 2,3, 15
103, 3,3, 15
103, 4,3, 15
103, 5,3, 15
103, 6,3, 15
103, 7,3, 15
103, 8,3, 15
103, 9,3, 15
103, 10,3, 15
103, 11,3, 15
103, 12,3, 15
103, 13,3, 15
103, 14,3, 15
103, 15,3, 15
103, 16,3, 15
103, 17,3, 15
103, 18,3, 15
103, 19,3, 15
103, 20,3, 15
103, 21,3, 15
103, 22,3, 15
103, 23,3, 15
103, 24,3, 15
103, 25,3, 15
103, 26,3, 15
103, 27,3, 15
103, 28,3, 15
103, 29,3, 15
103, 30,3, 15
103, 31,3, 15
103, 32,3, 15
103, 33,3, 15
103, 34,3, 15
103, 35,3, 15
103, 36,3, 15
103, 37,3, 15
103, 38,3, 15
103, 39,3, 15
103, 0,4, 15
103, 1,4, 15
103, 2,4, 15
103, 3,4, 15
103, 4,4, 15
103, 5,4, 15
103, 6,4, 15
103, 7,4, 15
103, 8,4, 15
103, 9,4, 15
103, 10,4, 15
103, 11,4, 15
103, 12,4, 15
103, 13,4, 15
103, 14,4, 15
103, 15,4, 15
103, 16,4, 15
103, 17,4, 15
103, 18,4, 15
103, 19,4, 15
103, 20,4, 15
103, 21,4, 15
103, 22,4, 15
103, 23,4, 15
103, 24,4, 15
103, 25,4, 15
103, 26,4, 15
103, 27,4, 15
103, 28,4, 15
103, 29,4, 15
103, 30,4, 15
103, 31,4, 15
103, 32,4, 15
103, 33,4, 15
103, 34,4, 15
103, 35,4, 15
103, 36,4, 15
103, 37,4, 15
103, 38,4, 15
103, 39,4, 15
104, 0,0, 15
104, 1,0, 15
104, 2,0, 15
104, 3,0, 15
104, 4,0, 15
104, 5,0, 15
104, 6,0, 15
104, 7,0, 15
104, 8,0, 15
104, 9,0, 15
104, 10,0, 15
104, 11,0, 15
104, 12,0, 15
104, 13,0, 15
104, 14,0, 15
104, 15,0, 15
104, 16,0, 15
104, 17,0, 15
104, 18,0, 15
104, 19,0, 15
104, 20,0, 15
104, 21,0, 15
104, 22,0, 15
104, 23,0, 15
104, 24,0, 15
104, 25,0, 15
104, 26,0, 15
104, 27,0, 15
104, 28,0, 15
104, 29,0, 15
104, 30,0, 15
104, 31,0, 15
104, 32,0, 15
104, 33,0, 15
104, 34,0, 15
104, 35,0, 15
104, 36,0, 15
104, 37,0, 15
104, 38,0, 15
104, 39,0, 15
104, 0,1, 15
104, 1,1, 15
104, 2,1, 15
104, 3,1, 15
104, 4,1, 15
104, 5,1, 15
104, 6,1, 15
104, 7,1, 15
104, 8,1, 15
104, 9,1, 15
104, 10,1, 15
104, 11,1, 15
104, 12,1, 15
104, 13,1, 15
104, 14,1, 15
104, 15,1, 15
104, 16,1, 15
104, 17,1, 15
104, 18,1, 15
104, 19,1, 15
104, 20,1, 15
104, 21,1, 15
104, 22,1, 15
104, 23,1, 15
104, 24,1, 15
104, 25,1, 15
104, 26,1, 15
104, 27,1, 15
104, 28,1, 15
104, 29,1, 15
104, 30,1, 15
104, 31,1, 15
104, 32,1, 15
104, 33,1, 15
104, 34,1, 15
104, 35,1, 15
104, 36,1, 15
104, 37,1, 15
104, 38,1, 15
104, 39,1, 15
104, 0,2, 15
104, 1,2, 15
104, 2,2, 15
104, 3,2, 15
104, 4,2, 15
104, 5,2, 15
104, 6,2, 15
104, 7,2, 15
104, 8,2, 15
104, 9,2, 15
104, 10,2, 15
104, 11,2, 15
104, 12,2, 15
104, 13,2, 15
104, 14,2, 15
104, 15,2, 15
104, 16,2, 15
104, 17,2, 15
104, 18,2, 15
104, 19,2, 15
104, 20,2, 15
104, 21,2, 15
104, 22,2, 15
104, 23,2, 15
104, 24,2, 15
104, 25,2, 15
104, 26,2, 15
104, 27,2, 15
104, 28,2, 15
104, 29,2, 15
104, 30,2, 15
104, 31,2, 15
104, 32,2, 15
104, 33,2, 15
104, 34,2, 15
104, 35,2, 15
104, 36,2, 15
104, 37,2, 15
104, 38,2, 15
104, 39,2, 15
104, 0,3, 15
104, 1,3, 15
104, 2,3, 15
104, 3,3, 15
104, 4,3, 15
104, 5,3, 15
104, 6,3, 15
104, 7,3, 15
104, 8,3, 15
104, 9,3, 15
104, 10,3, 15
104, 11,3, 15
104, 12,3, 15
104, 13,3, 15
104, 14,3, 15
104, 15,3, 15
104, 16,3, 15
104, 17,3, 15
104, 18,3, 15
104, 19,3, 15
104, 20,3, 15
104, 21,3, 15
104, 22,3, 15
104, 23,3, 15
104, 24,3, 15
104, 25,3, 15
104, 26,3, 15
104, 27,3, 15
104, 28,3, 15
104, 29,3, 15
104, 30,3, 15
104, 31,3, 15
104, 32,3, 15
104, 33,3, 15
104, 34,3, 15
104, 35,3, 15
104, 36,3, 15
104, 37,3, 15
104, 38,3, 15
104, 39,3, 15
104, 0,4, 15
104, 1,4, 15
104, 2,4, 15
104, 3,4, 15
104, 4,4, 15
104, 5,4, 15
104, 6,4, 15
104, 7,4, 15
104, 8,4, 15
104, 9,4, 15
104, 10,4, 15
104, 11,4, 15
104, 12,4, 15
104, 13,4, 15
104, 14,4, 15
104, 15,4, 15
104, 16,4, 15
104, 17,4, 15
104, 18,4, 15
104, 19,4, 15
104, 20,4, 15
104, 21,4, 15
104, 22,4, 15
104, 23,4, 15
104, 24,4, 15
104, 25,4, 15
104, 26,4, 15
104, 27,4, 15
104, 28,4, 15
104, 29,4, 15
104, 30,4, 15
104, 31,4, 15
104, 32,4, 15
104, 33,4, 15
104, 34,4, 15
104, 35,4, 15
104, 36,4, 15
104, 37,4, 15
104, 38,4, 15
104, 39,4, 15
105, 0,0, 15
105, 1,0, 15
105, 2,0, 15
105, 3,0, 15
105, 4,0, 15
105, 5,0, 15
105, 6,0, 15
105, 7,0, 15
105, 8,0, 15
105, 9,0, 15
105, 10,0, 15
105, 11,0, 15
105, 12,0, 15
105, 13,0, 15
105, 14,0, 15
105, 15,0, 15
105, 16,0, 15
105, 17,0, 15
105, 18,0, 15
105, 19,0, 15
105, 20,0, 15
105, 21,0, 15
105, 22,0, 15
105, 23,0, 15
105, 24,0, 15
105, 25,0, 15
105, 26,0, 15
105, 27,0, 15
105, 28,0, 15
105, 29,0, 15
105, 30,0, 15
105, 31,0, 15
105, 32,0, 15
105, 33,0, 15
105, 34,0, 15
105, 35,0, 15
105, 36,0, 15
105, 37,0, 15
105, 38,0, 15
105, 39,0, 15
105, 0,1, 15
105, 1,1, 15
105, 2,1, 15
105, 3,1, 15
105, 4,1, 15
105, 5,1, 15
105, 6,1, 15
105, 7,1, 15
105, 8,1, 15
105, 9,1, 15
105, 10,1, 15
105, 11,1, 15
105, 12,1, 15
105, 13,1, 15
105, 14,1, 15
105, 15,1, 15
105, 16,1, 15
105, 17,1, 15
105, 18,1, 15
105, 19,1, 15
105, 20,1, 15
105, 21,1, 15
105, 22,1, 15
105, 23,1, 15
105, 24,1, 15
105, 25,1, 15
105, 26,1, 15
105, 27,1, 15
105, 28,1, 15
105, 29,1, 15
105, 30,1, 15
105, 31,1, 15
105, 32,1, 15
105, 33,1, 15
105, 34,1, 15
105, 35,1, 15
105, 36,1, 15
105, 37,1, 15
105, 38,1, 15
105, 39,1, 15
105, 0,2, 15
105, 1,2, 15
105, 2,2, 15
105, 3,2, 15
105, 4,2, 15
105, 5,2, 15
105, 6,2, 15
105, 7,2, 15
105, 8,2, 15
105, 9,2, 15
105, 10,2, 15
105, 11,2, 15
105, 12,2, 15
105, 13,2, 15
105, 14,2, 15
105, 15,2, 15
105, 16,2, 15
105, 17,2, 15
105, 18,2, 15
105, 19,2, 15
105, 20,2, 15
105, 21,2, 15
105, 22,2, 15
105, 23,2, 15
105, 24,2, 15
105, 25,2, 15
105, 26,2, 15
105, 27,2, 15
105, 28,2, 15
105, 29,2, 15
105, 30,2, 15
105, 31,2, 15
105, 32,2, 15
105, 33,2, 15
105, 34,2, 15
105, 35,2, 15
105, 36,2, 15
105, 37,2, 15
105, 38,2, 15
105, 39,2, 15
105, 0,3, 15
105, 1,3, 15
105, 2,3, 15
105, 3,3, 15
105, 4,3, 15
105, 5,3, 15
105, 6,3, 15
105, 7,3, 15
105, 8,3, 15
105, 9,3, 15
105, 10,3, 15
105, 11,3, 15
105, 12,3, 15
105, 13,3, 15
105, 14,3, 15
105, 15,3, 15
105, 16,3, 15
105, 17,3, 15
105, 18,3, 15
105, 19,3, 15
105, 20,3, 15
105, 21,3, 15
105, 22,3, 15
105, 23,3, 15
105, 24,3, 15
105, 25,3, 15
105, 26,3, 15
105, 27,3, 15
105, 28,3, 15
105, 29,3, 15
105, 30,3, 15
105, 31,3, 15
105, 32,3, 15
105, 33,3, 15
105, 34,3, 15
105, 35,3, 15
105, 36,3, 15
105, 37,3, 15
105, 38,3, 15
105, 39,3, 15
105, 0,4, 15
105, 1,4, 15
105, 2,4, 15
105, 3,4, 15
105, 4,4, 15
105, 5,4, 15
105, 6,4, 15
105, 7,4, 15
105, 8,4, 15
105, 9,4, 15
105, 10,4, 15
105, 11,4, 15
105, 12,4, 15
105, 13,4, 15
105, 14,4, 15
105, 15,4, 15
105, 16,4, 15
105, 17,4, 15
105, 18,4, 15
105, 19,4, 15
105, 20,4, 15
105, 21,4, 15
105, 22,4, 15
105, 23,4, 15
105, 24,4, 15
105, 25,4, 15
105, 26,4, 15
105, 27,4, 15
105, 28,4, 15
105, 29,4, 15
105, 30,4, 15
105, 31,4, 15
105, 32,4, 15
105, 33,4, 15
105, 34,4, 15
105, 35,4, 15
105, 36,4, 15
105, 37,4, 15
105, 38,4, 15
105, 39,4, 15
106, 0,0, 15
106, 1,0, 15
106, 2,0, 15
106, 3,0, 15
106, 4,0, 15
106, 5,0, 15
106, 6,0, 15
106, 7,0, 15
106, 8,0, 15
106, 9,0, 15
106, 10,0, 15
106, 11,0, 15
106, 12,0, 15
106, 13,0, 15
106, 14,0, 15
106, 15,0, 15
106, 16,0, 15
106, 17,0, 15
106, 18,0, 15
106, 19,0, 15
106, 20,0, 15
106, 21,0, 15
106, 22,0, 15
106, 23,0, 15
106, 24,0, 15
106, 25,0, 15
106, 26,0, 15
106, 27,0, 15
106, 28,0, 15
106, 29,0, 15
106, 30,0, 15
106, 31,0, 15
106, 32,0, 15
106, 33,0, 15
106, 34,0, 15
106, 35,0, 15
106, 36,0, 15
106, 37,0, 15
106, 38,0, 15
106, 39,0, 15
106, 0,1, 15
106, 1,1, 15
106, 2,1, 15
106, 3,1, 15
106, 4,1, 15
106, 5,1, 15
106, 6,1, 15
106, 7,1, 15
106, 8,1, 15
106, 9,1, 15
106, 10,1, 15
106, 11,1, 15
106, 12,1, 15
106, 13,1, 15
106, 14,1, 15
106, 15,1, 15
106, 16,1, 15
106, 17,1, 15
106, 18,1, 15
106, 19,1, 15
106, 20,1, 15
106, 21,1, 15
106, 22,1, 15
106, 23,1, 15
106, 24,1, 15
106, 25,1, 15
106, 26,1, 15
106, 27,1, 15
106, 28,1, 15
106, 29,1, 15
106, 30,1, 15
106, 31,1, 15
106, 32,1, 15
106, 33,1, 15
106, 34,1, 15
106, 35,1, 15
106, 36,1, 15
106, 37,1, 15
106, 38,1, 15
106, 39,1, 15
106, 0,2, 15
106, 1,2, 15
106, 2,2, 15
106, 3,2, 15
106, 4,2, 15
106, 5,2, 15
106, 6,2, 15
106, 7,2, 15
106, 8,2, 15
106, 9,2, 15
106, 10,2, 15
106, 11,2, 15
106, 12,2, 15
106, 13,2, 15
106, 14,2, 15
106, 15,2, 15
106, 16,2, 15
106, 17,2, 15
106, 18,2, 15
106, 19,2, 15
106, 20,2, 15
106, 21,2, 15
106, 22,2, 15
106, 23,2, 15
106, 24,2, 15
106, 25,2, 15
106, 26,2, 15
106, 27,2, 15
106, 28,2, 15
106, 29,2, 15
106, 30,2, 15
106, 31,2, 15
106, 32,2, 15
106, 33,2, 15
106, 34,2, 15
106, 35,2, 15
106, 36,2, 15
106, 37,2, 15
106, 38,2, 15
106, 39,2, 15
106, 0,3, 15
106, 1,3, 15
106, 2,3, 15
106, 3,3, 15
106, 4,3, 15
106, 5,3, 15
106, 6,3, 15
106, 7,3, 15
106, 8,3, 15
106, 9,3, 15
106, 10,3, 15
106, 11,3, 15
106, 12,3, 15
106, 13,3, 15
106, 14,3, 15
106, 15,3, 15
106, 16,3, 15
106, 17,3, 15
106, 18,3, 15
106, 19,3, 15
106, 20,3, 15
106, 21,3, 15
106, 22,3, 15
106, 23,3, 15
106, 24,3, 15
106, 25,3, 15
106, 26,3, 15
106, 27,3, 15
106, 28,3, 15
106, 29,3, 15
106, 30,3, 15
106, 31,3, 15
106, 32,3, 15
106, 33,3, 15
106, 34,3, 15
106, 35,3, 15
106, 36,3, 15
106, 37,3, 15
106, 38,3, 15
106, 39,3, 15
106, 0,4, 15
106, 1,4, 15
106, 2,4, 15
106, 3,4, 15
106, 4,4, 15
106, 5,4, 15
106, 6,4, 15
106, 7,4, 15
106, 8,4, 15
106, 9,4, 15
106, 10,4, 15
106, 11,4, 15
106, 12,4, 15
106, 13,4, 15
106, 14,4, 15
106, 15,4, 15
106, 16,4, 15
106, 17,4, 15
106, 18,4, 15
106, 19,4, 15
106, 20,4, 15
106, 21,4, 15
106, 22,4, 15
106, 23,4, 15
106, 24,4, 15
106, 25,4, 15
106, 26,4, 15
106, 27,4, 15
106, 28,4, 15
106, 29,4, 15
106, 30,4, 15
106, 31,4, 15
106, 32,4, 15
106, 33,4, 15
106, 34,4, 15
106, 35,4, 15
106, 36,4, 15
106, 37,4, 15
106, 38,4, 15
106, 39,4, 15
107, 0,0, 15
107, 1,0, 15
107, 2,0, 15
107, 3,0, 15
107, 4,0, 15
107, 5,0, 15
107, 6,0, 15
107, 7,0, 15
107, 8,0, 15
107, 9,0, 15
107, 10,0, 15
107, 11,0, 15
107, 12,0, 15
107, 13,0, 15
107, 14,0, 15
107, 15,0, 15
107, 16,0, 15
107, 17,0, 15
107, 18,0, 15
107, 19,0, 15
107, 20,0, 15
107, 21,0, 15
107, 22,0, 15
107, 23,0, 15
107, 24,0, 15
107, 25,0, 15
107, 26,0, 15
107, 27,0, 15
107, 28,0, 15
107, 29,0, 15
107, 30,0, 15
107, 31,0, 15
107, 32,0, 15
107, 33,0, 15
107, 34,0, 15
107, 35,0, 15
107, 36,0, 15
107, 37,0, 15
107, 38,0, 15
107, 39,0, 15
107, 0,1, 15
107, 1,1, 15
107, 2,1, 15
107, 3,1, 15
107, 4,1, 15
107, 5,1, 15
107, 6,1, 15
107, 7,1, 15
107, 8,1, 15
107, 9,1, 15
107, 10,1, 15
107, 11,1, 15
107, 12,1, 15
107, 13,1, 15
107, 14,1, 15
107, 15,1, 15
107, 16,1, 15
107, 17,1, 15
107, 18,1, 15
107, 19,1, 15
107, 20,1, 15
107, 21,1, 15
107, 22,1, 15
107, 23,1, 15
107, 24,1, 15
107, 25,1, 15
107, 26,1, 15
107, 27,1, 15
107, 28,1, 15
107, 29,1, 15
107, 30,1, 15
107, 31,1, 15
107, 32,1, 15
107, 33,1, 15
107, 34,1, 15
107, 35,1, 15
107, 36,1, 15
107, 37,1, 15
107, 38,1, 15
107, 39,1, 15
107, 0,2, 15
107, 1,2, 15
107, 2,2, 15
107, 3,2, 15
107, 4,2, 15
107, 5,2, 15
107, 6,2, 15
107, 7,2, 15
107, 8,2, 15
107, 9,2, 15
107, 10,2, 15
107, 11,2, 15
107, 12,2, 15
107, 13,2, 15
107, 14,2, 15
107, 15,2, 15
107, 16,2, 15
107, 17,2, 15
107, 18,2, 15
107, 19,2, 15
107, 20,2, 15
107, 21,2, 15
107, 22,2, 15
107, 23,2, 15
107, 24,2, 15
107, 25,2, 15
107, 26,2, 15
107, 27,2, 15
107, 28,2, 15
107, 29,2, 15
107, 30,2, 15
107, 31,2, 15
107, 32,2, 15
107, 33,2, 15
107, 34,2, 15
107, 35,2, 15
107, 36,2, 15
107, 37,2, 15
107, 38,2, 15
107, 39,2, 15
107, 0,3, 15
107, 1,3, 15
107, 2,3, 15
107, 3,3, 15
107, 4,3, 15
107, 5,3, 15
107, 6,3, 15
107, 7,3, 15
107, 8,3, 15
107, 9,3, 15
107, 10,3, 15
107, 11,3, 15
107, 12,3, 15
107, 13,3, 15
107, 14,3, 15
107, 15,3, 15
107, 16,3, 15
107, 17,3, 15
107, 18,3, 15
107, 19,3, 15
107, 20,3, 15
107, 21,3, 15
107, 22,3, 15
107, 23,3, 15
107, 24,3, 15
107, 25,3, 15
107, 26,3, 15
107, 27,3, 15
107, 28,3, 15
107, 29,3, 15
107, 30,3, 15
107, 31,3, 15
107, 32,3, 15
107, 33,3, 15
107, 34,3, 15
107, 35,3, 15
107, 36,3, 15
107, 37,3, 15
107, 38,3, 15
107, 39,3, 15
107, 0,4, 15
107, 1,4, 15
107, 2,4, 15
107, 3,4, 15
107, 4,4, 15
107, 5,4, 15
107, 6,4, 15
107, 7,4, 15
107, 8,4, 15
107, 9,4, 15
107, 10,4, 15
107, 11,4, 15
107, 12,4, 15
107, 13,4, 15
107, 14,4, 15
107, 15,4, 15
107, 16,4, 15
107, 17,4, 15
107, 18,4, 15
107, 19,4, 15
107, 20,4, 15
107, 21,4, 15
107, 22,4, 15
107, 23,4, 15
107, 24,4, 15
107, 25,4, 15
107, 26,4, 15
107, 27,4, 15
107, 28,4, 15
107, 29,4, 15
107, 30,4, 15
107, 31,4, 15
107, 32,4, 15
107, 33,4, 15
107, 34,4, 15
107, 35,4, 15
107, 36,4, 15
107, 37,4, 15
107, 38,4, 15
107, 39,4, 15
108, 0,0, 15
108, 1,0, 15
108, 2,0, 15
108, 3,0, 15
108, 4,0, 15
108, 5,0, 15
108, 6,0, 15
108, 7,0, 15
108, 8,0, 15
108, 9,0, 15
108, 10,0, 15
108, 11,0, 15
108, 12,0, 15
108, 13,0, 15
108, 14,0, 15
108, 15,0, 15
108, 16,0, 15
108, 17,0, 15
108, 18,0, 15
108, 19,0, 15
108, 20,0, 15
108, 21,0, 15
108, 22,0, 15
108, 23,0, 15
108, 24,0, 15
108, 25,0, 15
108, 26,0, 15
108, 27,0, 15
108, 28,0, 15
108, 29,0, 15
108, 30,0, 15
108, 31,0, 15
108, 32,0, 15
108, 33,0, 15
108, 34,0, 15
108, 35,0, 15
108, 36,0, 15
108, 37,0, 15
108, 38,0, 15
108, 39,0, 15
108, 0,1, 15
108, 1,1, 15
108, 2,1, 15
108, 3,1, 15
108, 4,1, 15
108, 5,1, 15
108, 6,1, 15
108, 7,1, 15
108, 8,1, 15
108, 9,1, 15
108, 10,1, 15
108, 11,1, 15
108, 12,1, 15
108, 13,1, 15
108, 14,1, 15
108, 15,1, 15
108, 16,1, 15
108, 17,1, 15
108, 18,1, 15
108, 19,1, 15
108, 20,1, 15
108, 21,1, 15
108, 22,1, 15
108, 23,1, 15
108, 24,1, 15
108, 25,1, 15
108, 26,1, 15
108, 27,1, 15
108, 28,1, 15
108, 29,1, 15
108, 30,1, 15
108, 31,1, 15
108, 32,1, 15
108, 33,1, 15
108, 34,1, 15
108, 35,1, 15
108, 36,1, 15
108, 37,1, 15
108, 38,1, 15
108, 39,1, 15
108, 0,2, 15
108, 1,2, 15
108, 2,2, 15
108, 3,2, 15
108, 4,2, 15
108, 5,2, 15
108, 6,2, 15
108, 7,2, 15
108, 8,2, 15
108, 9,2, 15
108, 10,2, 15
108, 11,2, 15
108, 12,2, 15
108, 13,2, 15
108, 14,2, 15
108, 15,2, 15
108, 16,2, 15
108, 17,2, 15
108, 18,2, 15
108, 19,2, 15
108, 20,2, 15
108, 21,2, 15
108, 22,2, 15
108, 23,2, 15
108, 24,2, 15
108, 25,2, 15
108, 26,2, 15
108, 27,2, 15
108, 28,2, 15
108, 29,2, 15
108, 30,2, 15
108, 31,2, 15
108, 32,2, 15
108, 33,2, 15
108, 34,2, 15
108, 35,2, 15
108, 36,2, 15
108, 37,2, 15
108, 38,2, 15
108, 39,2, 15
108, 0,3, 15
108, 1,3, 15
108, 2,3, 15
108, 3,3, 15
108, 4,3, 15
108, 5,3, 15
108, 6,3, 15
108, 7,3, 15
108, 8,3, 15
108, 9,3, 15
108, 10,3, 15
108, 11,3, 15
108, 12,3, 15
108, 13,3, 15
108, 14,3, 15
108, 15,3, 15
108, 16,3, 15
108, 17,3, 15
108, 18,3, 15
108, 19,3, 15
108, 20,3, 15
108, 21,3, 15
108, 22,3, 15
108, 23,3, 15
108, 24,3, 15
108, 25,3, 15
108, 26,3, 15
108, 27,3, 15
108, 28,3, 15
108, 29,3, 15
108, 30,3, 15
108, 31,3, 15
108, 32,3, 15
108, 33,3, 15
108, 34,3, 15
108, 35,3, 15
108, 36,3, 15
108, 37,3, 15
108, 38,3, 15
108, 39,3, 15
108, 0,4, 15
108, 1,4, 15
108, 2,4, 15
108, 3,4, 15
108, 4,4, 15
108, 5,4, 15
108, 6,4, 15
108, 7,4, 15
108, 8,4, 15
108, 9,4, 15
108, 10,4, 15
108, 11,4, 15
108, 12,4, 15
108, 13,4, 15
108, 14,4, 15
108, 15,4, 15
108, 16,4, 15
108, 17,4, 15
108, 18,4, 15
108, 19,4, 15
108, 20,4, 15
108, 21,4, 15
108, 22,4, 15
108, 23,4, 15
108, 24,4, 15
108, 25,4, 15
108, 26,4, 15
108, 27,4, 15
108, 28,4, 15
108, 29,4, 15
108, 30,4, 15
108, 31,4, 15
108, 32,4, 15
108, 33,4, 15
108, 34,4, 15
108, 35,4, 15
108, 36,4, 15
108, 37,4, 15
108, 38,4, 15
108, 39,4, 15
109, 0,0, 15
109, 1,0, 15
109, 2,0, 15
109, 3,0, 15
109, 4,0, 15
109, 5,0, 15
109, 6,0, 15
109, 7,0, 15
109, 8,0, 15
109, 9,0, 15
109, 10,0, 15
109, 11,0, 15
109, 12,0, 15
109, 13,0, 15
109, 14,0, 15
109, 15,0, 15
109, 16,0, 15
109, 17,0, 15
109, 18,0, 15
109, 19,0, 15
109, 20,0, 15
109, 21,0, 15
109, 22,0, 15
109, 23,0, 15
109, 24,0, 15
109, 25,0, 15
109, 26,0, 15
109, 27,0, 15
109, 28,0, 15
109, 29,0, 15
109, 30,0, 15
109, 31,0, 15
109, 32,0, 15
109, 33,0, 15
109, 34,0, 15
109, 35,0, 15
109, 36,0, 15
109, 37,0, 15
109, 38,0, 15
109, 39,0, 15
109, 0,1, 15
109, 1,1, 15
109, 2,1, 15
109, 3,1, 15
109, 4,1, 15
109, 5,1, 15
109, 6,1, 15
109, 7,1, 15
109, 8,1, 15
109, 9,1, 15
109, 10,1, 15
109, 11,1, 15
109, 12,1, 15
109, 13,1, 15
109, 14,1, 15
109, 15,1, 15
109, 16,1, 15
109, 17,1, 15
109, 18,1, 15
109, 19,1, 15
109, 20,1, 15
109, 21,1, 15
109, 22,1, 15
109, 23,1, 15
109, 24,1, 15
109, 25,1, 15
109, 26,1, 15
109, 27,1, 15
109, 28,1, 15
109, 29,1, 15
109, 30,1, 15
109, 31,1, 15
109, 32,1, 15
109, 33,1, 15
109, 34,1, 15
109, 35,1, 15
109, 36,1, 15
109, 37,1, 15
109, 38,1, 15
109, 39,1, 15
109, 0,2, 15
109, 1,2, 15
109, 2,2, 15
109, 3,2, 15
109, 4,2, 15
109, 5,2, 15
109, 6,2, 15
109, 7,2, 15
109, 8,2, 15
109, 9,2, 15
109, 10,2, 15
109, 11,2, 15
109, 12,2, 15
109, 13,2, 15
109, 14,2, 15
109, 15,2, 15
109, 16,2, 15
109, 17,2, 15
109, 18,2, 15
109, 19,2, 15
109, 20,2, 15
109, 21,2, 15
109, 22,2, 15
109, 23,2, 15
109, 24,2, 15
109, 25,2, 15
109, 26,2, 15
109, 27,2, 15
109, 28,2, 15
109, 29,2, 15
109, 30,2, 15
109, 31,2, 15
109, 32,2, 15
109, 33,2, 15
109, 34,2, 15
109, 35,2, 15
109, 36,2, 15
109, 37,2, 15
109, 38,2, 15
109, 39,2, 15
109, 0,3, 15
109, 1,3, 15
109, 2,3, 15
109, 3,3, 15
109, 4,3, 15
109, 5,3, 15
109, 6,3, 15
109, 7,3, 15
109, 8,3, 15
109, 9,3, 15
109, 10,3, 15
109, 11,3, 15
109, 12,3, 15
109, 13,3, 15
109, 14,3, 15
109, 15,3, 15
109, 16,3, 15
109, 17,3, 15
109, 18,3, 15
109, 19,3, 15
109, 20,3, 15
109, 21,3, 15
109, 22,3, 15
109, 23,3, 15
109, 24,3, 15
109, 25,3, 15
109, 26,3, 15
109, 27,3, 15
109, 28,3, 15
109, 29,3, 15
109, 30,3, 15
109, 31,3, 15
109, 32,3, 15
109, 33,3, 15
109, 34,3, 15
109, 35,3, 15
109, 36,3, 15
109, 37,3, 15
109, 38,3, 15
109, 39,3, 15
109, 0,4, 15
109, 1,4, 15
109, 2,4, 15
109, 3,4, 15
109, 4,4, 15
109, 5,4, 15
109, 6,4, 15
109, 7,4, 15
109, 8,4, 15
109, 9,4, 15
109, 10,4, 15
109, 11,4, 15
109, 12,4, 15
109, 13,4, 15
109, 14,4, 15
109, 15,4, 15
109, 16,4, 15
109, 17,4, 15
109, 18,4, 15
109, 19,4, 15
109, 20,4, 15
109, 21,4, 15
109, 22,4, 15
109, 23,4, 15
109, 24,4, 15
109, 25,4, 15
109, 26,4, 15
109, 27,4, 15
109, 28,4, 15
109, 29,4, 15
109, 30,4, 15
109, 31,4, 15
109, 32,4, 15
109, 33,4, 15
109, 34,4, 15
109, 35,4, 15
109, 36,4, 15
109, 37,4, 15
109, 38,4, 15
109, 39,4, 15
110, 0,0, 15
110, 1,0, 15
110, 2,0, 15
110, 3,0, 15
110, 4,0, 15
110, 5,0, 15
110, 6,0, 15
110, 7,0, 15
110, 8,0, 15
110, 9,0, 15
110, 10,0, 15
110, 11,0, 15
110, 12,0, 15
110, 13,0, 15
110, 14,0, 15
110, 15,0, 15
110, 16,0, 15
110, 17,0, 15
110, 18,0, 15
110, 19,0, 15
110, 20,0, 15
110, 21,0, 15
110, 22,0, 15
110, 23,0, 15
110, 24,0, 15
110, 25,0, 15
110, 26,0, 15
110, 27,0, 15
110, 28,0, 15
110, 29,0, 15
110, 30,0, 15
110, 31,0, 15
110, 32,0, 15
110, 33,0, 15
110, 34,0, 15
110, 35,0, 15
110, 36,0, 15
110, 37,0, 15
110, 38,0, 15
110, 39,0, 15
110, 0,1, 15
110, 1,1, 15
110, 2,1, 15
110, 3,1, 15
110, 4,1, 15
110, 5,1, 15
110, 6,1, 15
110, 7,1, 15
110, 8,1, 15
110, 9,1, 15
110, 10,1, 15
110, 11,1, 15
110, 12,1, 15
110, 13,1, 15
110, 14,1, 15
110, 15,1, 15
110, 16,1, 15
110, 17,1, 15
110, 18,1, 15
110, 19,1, 15
110, 20,1, 15
110, 21,1, 15
110, 22,1, 15
110, 23,1, 15
110, 24,1, 15
110, 25,1, 15
110, 26,1, 15
110, 27,1, 15
110, 28,1, 15
110, 29,1, 15
110, 30,1, 15
110, 31,1, 15
110, 32,1, 15
110, 33,1, 15
110, 34,1, 15
110, 35,1, 15
110, 36,1, 15
110, 37,1, 15
110, 38,1, 15
110, 39,1, 15
110, 0,2, 15
110, 1,2, 15
110, 2,2, 15
110, 3,2, 15
110, 4,2, 15
110, 5,2, 15
110, 6,2, 15
110, 7,2, 15
110, 8,2, 15
110, 9,2, 15
110, 10,2, 15
110, 11,2, 15
110, 12,2, 15
110, 13,2, 15
110, 14,2, 15
110, 15,2, 15
110, 16,2, 15
110, 17,2, 15
110, 18,2, 15
110, 19,2, 15
110, 20,2, 15
110, 21,2, 15
110, 22,2, 15
110, 23,2, 15
110, 24,2, 15
110, 25,2, 15
110, 26,2, 15
110, 27,2, 15
110, 28,2, 15
110, 29,2, 15
110, 30,2, 15
110, 31,2, 15
110, 32,2, 15
110, 33,2, 15
110, 34,2, 15
110, 35,2, 15
110, 36,2, 15
110, 37,2, 15
110, 38,2, 15
110, 39,2, 15
110, 0,3, 15
110, 1,3, 15
110, 2,3, 15
110, 3,3, 15
110, 4,3, 15
110, 5,3, 15
110, 6,3, 15
110, 7,3, 15
110, 8,3, 15
110, 9,3, 15
110, 10,3, 15
110, 11,3, 15
110, 12,3, 15
110, 13,3, 15
110, 14,3, 15
110, 15,3, 15
110, 16,3, 15
110, 17,3, 15
110, 18,3, 15
110, 19,3, 15
110, 20,3, 15
110, 21,3, 15
110, 22,3, 15
110, 23,3, 15
110, 24,3, 15
110, 25,3, 15
110, 26,3, 15
110, 27,3, 15
110, 28,3, 15
110, 29,3, 15
110, 30,3, 15
110, 31,3, 15
110, 32,3, 15
110, 33,3, 15
110, 34,3, 15
110, 35,3, 15
110, 36,3, 15
110, 37,3, 15
110, 38,3, 15
110, 39,3, 15
110, 0,4, 15
110, 1,4, 15
110, 2,4, 15
110, 3,4, 15
110, 4,4, 15
110, 5,4, 15
110, 6,4, 15
110, 7,4, 15
110, 8,4, 15
110, 9,4, 15
110, 10,4, 15
110, 11,4, 15
110, 12,4, 15
110, 13,4, 15
110, 14,4, 15
110, 15,4, 15
110, 16,4, 15
110, 17,4, 15
110, 18,4, 15
110, 19,4, 15
110, 20,4, 15
110, 21,4, 15
110, 22,4, 15
110, 23,4, 15
110, 24,4, 15
110, 25,4, 15
110, 26,4, 15
110, 27,4, 15
110, 28,4, 15
110, 29,4, 15
110, 30,4, 15
110, 31,4, 15
110, 32,4, 15
110, 33,4, 15
110, 34,4, 15
110, 35,4, 15
110, 36,4, 15
110, 37,4, 15
110, 38,4, 15
110, 39,4, 15
111, 0,0, 15
111, 1,0, 15
111, 2,0, 15
111, 3,0, 15
111, 4,0, 15
111, 5,0, 15
111, 6,0, 15
111, 7,0, 15
111, 8,0, 15
111, 9,0, 15
111, 10,0, 15
111, 11,0, 15
111, 12,0, 15
111, 13,0, 15
111, 14,0, 15
111, 15,0, 15
111, 16,0, 15
111, 17,0, 15
111, 18,0, 15
111, 19,0, 15
111, 20,0, 15
111, 21,0, 15
111, 22,0, 15
111, 23,0, 15
111, 24,0, 15
111, 25,0, 15
111, 26,0, 15
111, 27,0, 15
111, 28,0, 15
111, 29,0, 15
111, 30,0, 15
111, 31,0, 15
111, 32,0, 15
111, 33,0, 15
111, 34,0, 15
111, 35,0, 15
111, 36,0, 15
111, 37,0, 15
111, 38,0, 15
111, 39,0, 15
111, 0,1, 15
111, 1,1, 15
111, 2,1, 15
111, 3,1, 15
111, 4,1, 15
111, 5,1, 15
111, 6,1, 15
111, 7,1, 15
111, 8,1, 15
111, 9,1, 15
111, 10,1, 15
111, 11,1, 15
111, 12,1, 15
111, 13,1, 15
111, 14,1, 15
111, 15,1, 15
111, 16,1, 15
111, 17,1, 15
111, 18,1, 15
111, 19,1, 15
111, 20,1, 15
111, 21,1, 15
111, 22,1, 15
111, 23,1, 15
111, 24,1, 15
111, 25,1, 15
111, 26,1, 15
111, 27,1, 15
111, 28,1, 15
111, 29,1, 15
111, 30,1, 15
111, 31,1, 15
111, 32,1, 15
111, 33,1, 15
111, 34,1, 15
111, 35,1, 15
111, 36,1, 15
111, 37,1, 15
111, 38,1, 15
111, 39,1, 15
111, 0,2, 15
111, 1,2, 15
111, 2,2, 15
111, 3,2, 15
111, 4,2, 15
111, 5,2, 15
111, 6,2, 15
111, 7,2, 15
111, 8,2, 15
111, 9,2, 15
111, 10,2, 15
111, 11,2, 15
111, 12,2, 15
111, 13,2, 15
111, 14,2, 15
111, 15,2, 15
111, 16,2, 15
111, 17,2, 15
111, 18,2, 15
111, 19,2, 15
111, 20,2, 15
111, 21,2, 15
111, 22,2, 15
111, 23,2, 15
111, 24,2, 15
111, 25,2, 15
111, 26,2, 15
111, 27,2, 15
111, 28,2, 15
111, 29,2, 15
111, 30,2, 15
111, 31,2, 15
111, 32,2, 15
111, 33,2, 15
111, 34,2, 15
111, 35,2, 15
111, 36,2, 15
111, 37,2, 15
111, 38,2, 15
111, 39,2, 15
111, 0,3, 15
111, 1,3, 15
111, 2,3, 15
111, 3,3, 15
111, 4,3, 15
111, 5,3, 15
111, 6,3, 15
111, 7,3, 15
111, 8,3, 15
111, 9,3, 15
111, 10,3, 15
111, 11,3, 15
111, 12,3, 15
111, 13,3, 15
111, 14,3, 15
111, 15,3, 15
111, 16,3, 15
111, 17,3, 15
111, 18,3, 15
111, 19,3, 15
111, 20,3, 15
111, 21,3, 15
111, 22,3, 15
111, 23,3, 15
111, 24,3, 15
111, 25,3, 15
111, 26,3, 15
111, 27,3, 15
111, 28,3, 15
111, 29,3, 15
111, 30,3, 15
111, 31,3, 15
111, 32,3, 15
111, 33,3, 15
111, 34,3, 15
111, 35,3, 15
111, 36,3, 15
111, 37,3, 15
111, 38,3, 15
111, 39,3, 15
111, 0,4, 15
111, 1,4, 15
111, 2,4, 15
111, 3,4, 15
111, 4,4, 15
111, 5,4, 15
111, 6,4, 15
111, 7,4, 15
111, 8,4, 15
111, 9,4, 15
111, 10,4, 15
111, 11,4, 15
111, 12,4, 15
111, 13,4, 15
111, 14,4, 15
111, 15,4, 15
111, 16,4, 15
111, 17,4, 15
111, 18,4, 15
111, 19,4, 15
111, 20,4, 15
111, 21,4, 15
111, 22,4, 15
111, 23,4, 15
111, 24,4, 15
111, 25,4, 15
111, 26,4, 15
111, 27,4, 15
111, 28,4, 15
111, 29,4, 15
111, 30,4, 15
111, 31,4, 15
111, 32,4, 15
111, 33,4, 15
111, 34,4, 15
111, 35,4, 15
111, 36,4, 15
111, 37,4, 15
111, 38,4, 15
111, 39,4, 15
112, 0,0, 15
112, 1,0, 15
112, 2,0, 15
112, 3,0, 15
112, 4,0, 15
112, 5,0, 15
112, 6,0, 15
112, 7,0, 15
112, 8,0, 15
112, 9,0, 15
112, 10,0, 15
112, 11,0, 15
112, 12,0, 15
112, 13,0, 15
112, 14,0, 15
112, 15,0, 15
112, 16,0, 15
112, 17,0, 15
112, 18,0, 15
112, 19,0, 15
112, 20,0, 15
112, 21,0, 15
112, 22,0, 15
112, 23,0, 15
112, 24,0, 15
112, 25,0, 15
112, 26,0, 15
112, 27,0, 15
112, 28,0, 15
112, 29,0, 15
112, 30,0, 15
112, 31,0, 15
112, 32,0, 15
112, 33,0, 15
112, 34,0, 15
112, 35,0, 15
112, 36,0, 15
112, 37,0, 15
112, 38,0, 15
112, 39,0, 15
112, 0,1, 15
112, 1,1, 15
112, 2,1, 15
112, 3,1, 15
112, 4,1, 15
112, 5,1, 15
112, 6,1, 15
112, 7,1, 15
112, 8,1, 15
112, 9,1, 15
112, 10,1, 15
112, 11,1, 15
112, 12,1, 15
112, 13,1, 15
112, 14,1, 15
112, 15,1, 15
112, 16,1, 15
112, 17,1, 15
112, 18,1, 15
112, 19,1, 15
112, 20,1, 15
112, 21,1, 15
112, 22,1, 15
112, 23,1, 15
112, 24,1, 15
112, 25,1, 15
112, 26,1, 15
112, 27,1, 15
112, 28,1, 15
112, 29,1, 15
112, 30,1, 15
112, 31,1, 15
112, 32,1, 15
112, 33,1, 15
112, 34,1, 15
112, 35,1, 15
112, 36,1, 15
112, 37,1, 15
112, 38,1, 15
112, 39,1, 15
112, 0,2, 15
112, 1,2, 15
112, 2,2, 15
112, 3,2, 15
112, 4,2, 15
112, 5,2, 15
112, 6,2, 15
112, 7,2, 15
112, 8,2, 15
112, 9,2, 15
112, 10,2, 15
112, 11,2, 15
112, 12,2, 15
112, 13,2, 15
112, 14,2, 15
112, 15,2, 15
112, 16,2, 15
112, 17,2, 15
112, 18,2, 15
112, 19,2, 15
112, 20,2, 15
112, 21,2, 15
112, 22,2, 15
112, 23,2, 15
112, 24,2, 15
112, 25,2, 15
112, 26,2, 15
112, 27,2, 15
112, 28,2, 15
112, 29,2, 15
112, 30,2, 15
112, 31,2, 15
112, 32,2, 15
112, 33,2, 15
112, 34,2, 15
112, 35,2, 15
112, 36,2, 15
112, 37,2, 15
112, 38,2, 15
112, 39,2, 15
112, 0,3, 15
112, 1,3, 15
112, 2,3, 15
112, 3,3, 15
112, 4,3, 15
112, 5,3, 15
112, 6,3, 15
112, 7,3, 15
112, 8,3, 15
112, 9,3, 15
112, 10,3, 15
112, 11,3, 15
112, 12,3, 15
112, 13,3, 15
112, 14,3, 15
112, 15,3, 15
112, 16,3, 15
112, 17,3, 15
112, 18,3, 15
112, 19,3, 15
112, 20,3, 15
112, 21,3, 15
112, 22,3, 15
112, 23,3, 15
112, 24,3, 15
112, 25,3, 15
112, 26,3, 15
112, 27,3, 15
112, 28,3, 15
112, 29,3, 15
112, 30,3, 15
112, 31,3, 15
112, 32,3, 15
112, 33,3, 15
112, 34,3, 15
112, 35,3, 15
112, 36,3, 15
112, 37,3, 15
112, 38,3, 15
112, 39,3, 15
112, 0,4, 15
112, 1,4, 15
112, 2,4, 15
112, 3,4, 15
112, 4,4, 15
112, 5,4, 15
112, 6,4, 15
112, 7,4, 15
112, 8,4, 15
112, 9,4, 15
112, 10,4, 15
112, 11,4, 15
112, 12,4, 15
112, 13,4, 15
112, 14,4, 15
112, 15,4, 15
112, 16,4, 15
112, 17,4, 15
112, 18,4, 15
112, 19,4, 15
112, 20,4, 15
112, 21,4, 15
112, 22,4, 15
112, 23,4, 15
112, 24,4, 15
112, 25,4, 15
112, 26,4, 15
112, 27,4, 15
112, 28,4, 15
112, 29,4, 15
112, 30,4, 15
112, 31,4, 15
112, 32,4, 15
112, 33,4, 15
112, 34,4, 15
112, 35,4, 15
112, 36,4, 15
112, 37,4, 15
112, 38,4, 15
112, 39,4, 15
113, 0,0, 15
113, 1,0, 15
113, 2,0, 15
113, 3,0, 15
113, 4,0, 15
113, 5,0, 15
113, 6,0, 15
113, 7,0, 15
113, 8,0, 15
113, 9,0, 15
113, 10,0, 15
113, 11,0, 15
113, 12,0, 15
113, 13,0, 15
113, 14,0, 15
113, 15,0, 15
113, 16,0, 15
113, 17,0, 15
113, 18,0, 15
113, 19,0, 15
113, 20,0, 15
113, 21,0, 15
113, 22,0, 15
113, 23,0, 15
113, 24,0, 15
113, 25,0, 15
113, 26,0, 15
113, 27,0, 15
113, 28,0, 15
113, 29,0, 15
113, 30,0, 15
113, 31,0, 15
113, 32,0, 15
113, 33,0, 15
113, 34,0, 15
113, 35,0, 15
113, 36,0, 15
113, 37,0, 15
113, 38,0, 15
113, 39,0, 15
113, 0,1, 15
113, 1,1, 15
113, 2,1, 15
113, 3,1, 15
113, 4,1, 15
113, 5,1, 15
113, 6,1, 15
113, 7,1, 15
113, 8,1, 15
113, 9,1, 15
113, 10,1, 15
113, 11,1, 15
113, 12,1, 15
113, 13,1, 15
113, 14,1, 15
113, 15,1, 15
113, 16,1, 15
113, 17,1, 15
113, 18,1, 15
113, 19,1, 15
113, 20,1, 15
113, 21,1, 15
113, 22,1, 15
113, 23,1, 15
113, 24,1, 15
113, 25,1, 15
113, 26,1, 15
113, 27,1, 15
113, 28,1, 15
113, 29,1, 15
113, 30,1, 15
113, 31,1, 15
113, 32,1, 15
113, 33,1, 15
113, 34,1, 15
113, 35,1, 15
113, 36,1, 15
113, 37,1, 15
113, 38,1, 15
113, 39,1, 15
113, 0,2, 15
113, 1,2, 15
113, 2,2, 15
113, 3,2, 15
113, 4,2, 15
113, 5,2, 15
113, 6,2, 15
113, 7,2, 15
113, 8,2, 15
113, 9,2, 15
113, 10,2, 15
113, 11,2, 15
113, 12,2, 15
113, 13,2, 15
113, 14,2, 15
113, 15,2, 15
113, 16,2, 15
113, 17,2, 15
113, 18,2, 15
113, 19,2, 15
113, 20,2, 15
113, 21,2, 15
113, 22,2, 15
113, 23,2, 15
113, 24,2, 15
113, 25,2, 15
113, 26,2, 15
113, 27,2, 15
113, 28,2, 15
113, 29,2, 15
113, 30,2, 15
113, 31,2, 15
113, 32,2, 15
113, 33,2, 15
113, 34,2, 15
113, 35,2, 15
113, 36,2, 15
113, 37,2, 15
113, 38,2, 15
113, 39,2, 15
113, 0,3, 15
113, 1,3, 15
113, 2,3, 15
113, 3,3, 15
113, 4,3, 15
113, 5,3, 15
113, 6,3, 15
113, 7,3, 15
113, 8,3, 15
113, 9,3, 15
113, 10,3, 15
113, 11,3, 15
113, 12,3, 15
113, 13,3, 15
113, 14,3, 15
113, 15,3, 15
113, 16,3, 15
113, 17,3, 15
113, 18,3, 15
113, 19,3, 15
113, 20,3, 15
113, 21,3, 15
113, 22,3, 15
113, 23,3, 15
113, 24,3, 15
113, 25,3, 15
113, 26,3, 15
113, 27,3, 15
113, 28,3, 15
113, 29,3, 15
113, 30,3, 15
113, 31,3, 15
113, 32,3, 15
113, 33,3, 15
113, 34,3, 15
113, 35,3, 15
113, 36,3, 15
113, 37,3, 15
113, 38,3, 15
113, 39,3, 15
113, 0,4, 15
113, 1,4, 15
113, 2,4, 15
113, 3,4, 15
113, 4,4, 15
113, 5,4, 15
113, 6,4, 15
113, 7,4, 15
113, 8,4, 15
113, 9,4, 15
113, 10,4, 15
113, 11,4, 15
113, 12,4, 15
113, 13,4, 15
113, 14,4, 15
113, 15,4, 15
113, 16,4, 15
113, 17,4, 15
113, 18,4, 15
113, 19,4, 15
113, 20,4, 15
113, 21,4, 15
113, 22,4, 15
113, 23,4, 15
113, 24,4, 15
113, 25,4, 15
113, 26,4, 15
113, 27,4, 15
113, 28,4, 15
113, 29,4, 15
113, 30,4, 15
113, 31,4, 15
113, 32,4, 15
113, 33,4, 15
113, 34,4, 15
113, 35,4, 15
113, 36,4, 15
113, 37,4, 15
113, 38,4, 15
113, 39,4, 15
114, 0,0, 15
114, 1,0, 15
114, 2,0, 15
114, 3,0, 15
114, 4,0, 15
114, 5,0, 15
114, 6,0, 15
114, 7,0, 15
114, 8,0, 15
114, 9,0, 15
114, 10,0, 15
114, 11,0, 15
114, 12,0, 15
114, 13,0, 15
114, 14,0, 15
114, 15,0, 15
114, 16,0, 15
114, 17,0, 15
114, 18,0, 15
114, 19,0, 15
114, 20,0, 15
114, 21,0, 15
114, 22,0, 15
114, 23,0, 15
114, 24,0, 15
114, 25,0, 15
114, 26,0, 15
114, 27,0, 15
114, 28,0, 15
114, 29,0, 15
114, 30,0, 15
114, 31,0, 15
114, 32,0, 15
114, 33,0, 15
114, 34,0, 15
114, 35,0, 15
114, 36,0, 15
114, 37,0, 15
114, 38,0, 15
114, 39,0, 15
114, 0,1, 15
114, 1,1, 15
114, 2,1, 15
114, 3,1, 15
114, 4,1, 15
114, 5,1, 15
114, 6,1, 15
114, 7,1, 15
114, 8,1, 15
114, 9,1, 15
114, 10,1, 15
114, 11,1, 15
114, 12,1, 15
114, 13,1, 15
114, 14,1, 15
114, 15,1, 15
114, 16,1, 15
114, 17,1, 15
114, 18,1, 15
114, 19,1, 15
114, 20,1, 15
114, 21,1, 15
114, 22,1, 15
114, 23,1, 15
114, 24,1, 15
114, 25,1, 15
114, 26,1, 15
114, 27,1, 15
114, 28,1, 15
114, 29,1, 15
114, 30,1, 15
114, 31,1, 15
114, 32,1, 15
114, 33,1, 15
114, 34,1, 15
114, 35,1, 15
114, 36,1, 15
114, 37,1, 15
114, 38,1, 15
114, 39,1, 15
114, 0,2, 15
114, 1,2, 15
114, 2,2, 15
114, 3,2, 15
114, 4,2, 15
114, 5,2, 15
114, 6,2, 15
114, 7,2, 15
114, 8,2, 15
114, 9,2, 15
114, 10,2, 15
114, 11,2, 15
114, 12,2, 15
114, 13,2, 15
114, 14,2, 15
114, 15,2, 15
114, 16,2, 15
114, 17,2, 15
114, 18,2, 15
114, 19,2, 15
114, 20,2, 15
114, 21,2, 15
114, 22,2, 15
114, 23,2, 15
114, 24,2, 15
114, 25,2, 15
114, 26,2, 15
114, 27,2, 15
114, 28,2, 15
114, 29,2, 15
114, 30,2, 15
114, 31,2, 15
114, 32,2, 15
114, 33,2, 15
114, 34,2, 15
114, 35,2, 15
114, 36,2, 15
114, 37,2, 15
114, 38,2, 15
114, 39,2, 15
114, 0,3, 15
114, 1,3, 15
114, 2,3, 15
114, 3,3, 15
114, 4,3, 15
114, 5,3, 15
114, 6,3, 15
114, 7,3, 15
114, 8,3, 15
114, 9,3, 15
114, 10,3, 15
114, 11,3, 15
114, 12,3, 15
114, 13,3, 15
114, 14,3, 15
114, 15,3, 15
114, 16,3, 15
114, 17,3, 15
114, 18,3, 15
114, 19,3, 15
114, 20,3, 15
114, 21,3, 15
114, 22,3, 15
114, 23,3, 15
114, 24,3, 15
114, 25,3, 15
114, 26,3, 15
114, 27,3, 15
114, 28,3, 15
114, 29,3, 15
114, 30,3, 15
114, 31,3, 15
114, 32,3, 15
114, 33,3, 15
114, 34,3, 15
114, 35,3, 15
114, 36,3, 15
114, 37,3, 15
114, 38,3, 15
114, 39,3, 15
114, 0,4, 15
114, 1,4, 15
114, 2,4, 15
114, 3,4, 15
114, 4,4, 15
114, 5,4, 15
114, 6,4, 15
114, 7,4, 15
114, 8,4, 15
114, 9,4, 15
114, 10,4, 15
114, 11,4, 15
114, 12,4, 15
114, 13,4, 15
114, 14,4, 15
114, 15,4, 15
114, 16,4, 15
114, 17,4, 15
114, 18,4, 15
114, 19,4, 15
114, 20,4, 15
114, 21,4, 15
114, 22,4, 15
114, 23,4, 15
114, 24,4, 15
114, 25,4, 15
114, 26,4, 15
114, 27,4, 15
114, 28,4, 15
114, 29,4, 15
114, 30,4, 15
114, 31,4, 15
114, 32,4, 15
114, 33,4, 15
114, 34,4, 15
114, 35,4, 15
114, 36,4, 15
114, 37,4, 15
114, 38,4, 15
114, 39,4, 15
115, 0,0, 15
115, 1,0, 15
115, 2,0, 15
115, 3,0, 15
115, 4,0, 15
115, 5,0, 15
115, 6,0, 15
115, 7,0, 15
115, 8,0, 15
115, 9,0, 15
115, 10,0, 15
115, 11,0, 15
115, 12,0, 15
115, 13,0, 15
115, 14,0, 15
115, 15,0, 15
115, 16,0, 15
115, 17,0, 15
115, 18,0, 15
115, 19,0, 15
115, 20,0, 15
115, 21,0, 15
115, 22,0, 15
115, 23,0, 15
115, 24,0, 15
115, 25,0, 15
115, 26,0, 15
115, 27,0, 15
115, 28,0, 15
115, 29,0, 15
115, 30,0, 15
115, 31,0, 15
115, 32,0, 15
115, 33,0, 15
115, 34,0, 15
115, 35,0, 15
115, 36,0, 15
115, 37,0, 15
115, 38,0, 15
115, 39,0, 15
115, 0,1, 15
115, 1,1, 15
115, 2,1, 15
115, 3,1, 15
115, 4,1, 15
115, 5,1, 15
115, 6,1, 15
115, 7,1, 15
115, 8,1, 15
115, 9,1, 15
115, 10,1, 15
115, 11,1, 15
115, 12,1, 15
115, 13,1, 15
115, 14,1, 15
115, 15,1, 15
115, 16,1, 15
115, 17,1, 15
115, 18,1, 15
115, 19,1, 15
115, 20,1, 15
115, 21,1, 15
115, 22,1, 15
115, 23,1, 15
115, 24,1, 15
115, 25,1, 15
115, 26,1, 15
115, 27,1, 15
115, 28,1, 15
115, 29,1, 15
115, 30,1, 15
115, 31,1, 15
115, 32,1, 15
115, 33,1, 15
115, 34,1, 15
115, 35,1, 15
115, 36,1, 15
115, 37,1, 15
115, 38,1, 15
115, 39,1, 15
115, 0,2, 15
115, 1,2, 15
115, 2,2, 15
115, 3,2, 15
115, 4,2, 15
115, 5,2, 15
115, 6,2, 15
115, 7,2, 15
115, 8,2, 15
115, 9,2, 15
115, 10,2, 15
115, 11,2, 15
115, 12,2, 15
115, 13,2, 15
115, 14,2, 15
115, 15,2, 15
115, 16,2, 15
115, 17,2, 15
115, 18,2, 15
115, 19,2, 15
115, 20,2, 15
115, 21,2, 15
115, 22,2, 15
115, 23,2, 15
115, 24,2, 15
115, 25,2, 15
115, 26,2, 15
115, 27,2, 15
115, 28,2, 15
115, 29,2, 15
115, 30,2, 15
115, 31,2, 15
115, 32,2, 15
115, 33,2, 15
115, 34,2, 15
115, 35,2, 15
115, 36,2, 15
115, 37,2, 15
115, 38,2, 15
115, 39,2, 15
115, 0,3, 15
115, 1,3, 15
115, 2,3, 15
115, 3,3, 15
115, 4,3, 15
115, 5,3, 15
115, 6,3, 15
115, 7,3, 15
115, 8,3, 15
115, 9,3, 15
115, 10,3, 15
115, 11,3, 15
115, 12,3, 15
115, 13,3, 15
115, 14,3, 15
115, 15,3, 15
115, 16,3, 15
115, 17,3, 15
115, 18,3, 15
115, 19,3, 15
115, 20,3, 15
115, 21,3, 15
115, 22,3, 15
115, 23,3, 15
115, 24,3, 15
115, 25,3, 15
115, 26,3, 15
115, 27,3, 15
115, 28,3, 15
115, 29,3, 15
115, 30,3, 15
115, 31,3, 15
115, 32,3, 15
115, 33,3, 15
115, 34,3, 15
115, 35,3, 15
115, 36,3, 15
115, 37,3, 15
115, 38,3, 15
115, 39,3, 15
115, 0,4, 15
115, 1,4, 15
115, 2,4, 15
115, 3,4, 15
115, 4,4, 15
115, 5,4, 15
115, 6,4, 15
115, 7,4, 15
115, 8,4, 15
115, 9,4, 15
115, 10,4, 15
115, 11,4, 15
115, 12,4, 15
115, 13,4, 15
115, 14,4, 15
115, 15,4, 15
115, 16,4, 15
115, 17,4, 15
115, 18,4, 15
115, 19,4, 15
115, 20,4, 15
115, 21,4, 15
115, 22,4, 15
115, 23,4, 15
115, 24,4, 15
115, 25,4, 15
115, 26,4, 15
115, 27,4, 15
115, 28,4, 15
115, 29,4, 15
115, 30,4, 15
115, 31,4, 15
115, 32,4, 15
115, 33,4, 15
115, 34,4, 15
115, 35,4, 15
115, 36,4, 15
115, 37,4, 15
115, 38,4, 15
115, 39,4, 15
116, 0,0, 15
116, 1,0, 15
116, 2,0, 15
116, 3,0, 15
116, 4,0, 15
116, 5,0, 15
116, 6,0, 15
116, 7,0, 15
116, 8,0, 15
116, 9,0, 15
116, 10,0, 15
116, 11,0, 15
116, 12,0, 15
116, 13,0, 15
116, 14,0, 15
116, 15,0, 15
116, 16,0, 15
116, 17,0, 15
116, 18,0, 15
116, 19,0, 15
116, 20,0, 15
116, 21,0, 15
116, 22,0, 15
116, 23,0, 15
116, 24,0, 15
116, 25,0, 15
116, 26,0, 15
116, 27,0, 15
116, 28,0, 15
116, 29,0, 15
116, 30,0, 15
116, 31,0, 15
116, 32,0, 15
116, 33,0, 15
116, 34,0, 15
116, 35,0, 15
116, 36,0, 15
116, 37,0, 15
116, 38,0, 15
116, 39,0, 15
116, 0,1, 15
116, 1,1, 15
116, 2,1, 15
116, 3,1, 15
116, 4,1, 15
116, 5,1, 15
116, 6,1, 15
116, 7,1, 15
116, 8,1, 15
116, 9,1, 15
116, 10,1, 15
116, 11,1, 15
116, 12,1, 15
116, 13,1, 15
116, 14,1, 15
116, 15,1, 15
116, 16,1, 15
116, 17,1, 15
116, 18,1, 15
116, 19,1, 15
116, 20,1, 15
116, 21,1, 15
116, 22,1, 15
116, 23,1, 15
116, 24,1, 15
116, 25,1, 15
116, 26,1, 15
116, 27,1, 15
116, 28,1, 15
116, 29,1, 15
116, 30,1, 15
116, 31,1, 15
116, 32,1, 15
116, 33,1, 15
116, 34,1, 15
116, 35,1, 15
116, 36,1, 15
116, 37,1, 15
116, 38,1, 15
116, 39,1, 15
116, 0,2, 15
116, 1,2, 15
116, 2,2, 15
116, 3,2, 15
116, 4,2, 15
116, 5,2, 15
116, 6,2, 15
116, 7,2, 15
116, 8,2, 15
116, 9,2, 15
116, 10,2, 15
116, 11,2, 15
116, 12,2, 15
116, 13,2, 15
116, 14,2, 15
116, 15,2, 15
116, 16,2, 15
116, 17,2, 15
116, 18,2, 15
116, 19,2, 15
116, 20,2, 15
116, 21,2, 15
116, 22,2, 15
116, 23,2, 15
116, 24,2, 15
116, 25,2, 15
116, 26,2, 15
116, 27,2, 15
116, 28,2, 15
116, 29,2, 15
116, 30,2, 15
116, 31,2, 15
116, 32,2, 15
116, 33,2, 15
116, 34,2, 15
116, 35,2, 15
116, 36,2, 15
116, 37,2, 15
116, 38,2, 15
116, 39,2, 15
116, 0,3, 15
116, 1,3, 15
116, 2,3, 15
116, 3,3, 15
116, 4,3, 15
116, 5,3, 15
116, 6,3, 15
116, 7,3, 15
116, 8,3, 15
116, 9,3, 15
116, 10,3, 15
116, 11,3, 15
116, 12,3, 15
116, 13,3, 15
116, 14,3, 15
116, 15,3, 15
116, 16,3, 15
116, 17,3, 15
116, 18,3, 15
116, 19,3, 15
116, 20,3, 15
116, 21,3, 15
116, 22,3, 15
116, 23,3, 15
116, 24,3, 15
116, 25,3, 15
116, 26,3, 15
116, 27,3, 15
116, 28,3, 15
116, 29,3, 15
116, 30,3, 15
116, 31,3, 15
116, 32,3, 15
116, 33,3, 15
116, 34,3, 15
116, 35,3, 15
116, 36,3, 15
116, 37,3, 15
116, 38,3, 15
116, 39,3, 15
116, 0,4, 15
116, 1,4, 15
116, 2,4, 15
116, 3,4, 15
116, 4,4, 15
116, 5,4, 15
116, 6,4, 15
116, 7,4, 15
116, 8,4, 15
116, 9,4, 15
116, 10,4, 15
116, 11,4, 15
116, 12,4, 15
116, 13,4, 15
116, 14,4, 15
116, 15,4, 15
116, 16,4, 15
116, 17,4, 15
116, 18,4, 15
116, 19,4, 15
116, 20,4, 15
116, 21,4, 15
116, 22,4, 15
116, 23,4, 15
116, 24,4, 15
116, 25,4, 15
116, 26,4, 15
116, 27,4, 15
116, 28,4, 15
116, 29,4, 15
116, 30,4, 15
116, 31,4, 15
116, 32,4, 15
116, 33,4, 15
116, 34,4, 15
116, 35,4, 15
116, 36,4, 15
116, 37,4, 15
116, 38,4, 15
116, 39,4, 15
117, 0,0, 15
117, 1,0, 15
117, 2,0, 15
117, 3,0, 15
117, 4,0, 15
117, 5,0, 15
117, 6,0, 15
117, 7,0, 15
117, 8,0, 15
117, 9,0, 15
117, 10,0, 15
117, 11,0, 15
117, 12,0, 15
117, 13,0, 15
117, 14,0, 15
117, 15,0, 15
117, 16,0, 15
117, 17,0, 15
117, 18,0, 15
117, 19,0, 15
117, 20,0, 15
117, 21,0, 15
117, 22,0, 15
117, 23,0, 15
117, 24,0, 15
117, 25,0, 15
117, 26,0, 15
117, 27,0, 15
117, 28,0, 15
117, 29,0, 15
117, 30,0, 15
117, 31,0, 15
117, 32,0, 15
117, 33,0, 15
117, 34,0, 15
117, 35,0, 15
117, 36,0, 15
117, 37,0, 15
117, 38,0, 15
117, 39,0, 15
117, 0,1, 15
117, 1,1, 15
117, 2,1, 15
117, 3,1, 15
117, 4,1, 15
117, 5,1, 15
117, 6,1, 15
117, 7,1, 15
117, 8,1, 15
117, 9,1, 15
117, 10,1, 15
117, 11,1, 15
117, 12,1, 15
117, 13,1, 15
117, 14,1, 15
117, 15,1, 15
117, 16,1, 15
117, 17,1, 15
117, 18,1, 15
117, 19,1, 15
117, 20,1, 15
117, 21,1, 15
117, 22,1, 15
117, 23,1, 15
117, 24,1, 15
117, 25,1, 15
117, 26,1, 15
117, 27,1, 15
117, 28,1, 15
117, 29,1, 15
117, 30,1, 15
117, 31,1, 15
117, 32,1, 15
117, 33,1, 15
117, 34,1, 15
117, 35,1, 15
117, 36,1, 15
117, 37,1, 15
117, 38,1, 15
117, 39,1, 15
117, 0,2, 15
117, 1,2, 15
117, 2,2, 15
117, 3,2, 15
117, 4,2, 15
117, 5,2, 15
117, 6,2, 15
117, 7,2, 15
117, 8,2, 15
117, 9,2, 15
117, 10,2, 15
117, 11,2, 15
117, 12,2, 15
117, 13,2, 15
117, 14,2, 15
117, 15,2, 15
117, 16,2, 15
117, 17,2, 15
117, 18,2, 15
117, 19,2, 15
117, 20,2, 15
117, 21,2, 15
117, 22,2, 15
117, 23,2, 15
117, 24,2, 15
117, 25,2, 15
117, 26,2, 15
117, 27,2, 15
117, 28,2, 15
117, 29,2, 15
117, 30,2, 15
117, 31,2, 15
117, 32,2, 15
117, 33,2, 15
117, 34,2, 15
117, 35,2, 15
117, 36,2, 15
117, 37,2, 15
117, 38,2, 15
117, 39,2, 15
117, 0,3, 15
117, 1,3, 15
117, 2,3, 15
117, 3,3, 15
117, 4,3, 15
117, 5,3, 15
117, 6,3, 15
117, 7,3, 15
117, 8,3, 15
117, 9,3, 15
117, 10,3, 15
117, 11,3, 15
117, 12,3, 15
117, 13,3, 15
117, 14,3, 15
117, 15,3, 15
117, 16,3, 15
117, 17,3, 15
117, 18,3, 15
117, 19,3, 15
117, 20,3, 15
117, 21,3, 15
117, 22,3, 15
117, 23,3, 15
117, 24,3, 15
117, 25,3, 15
117, 26,3, 15
117, 27,3, 15
117, 28,3, 15
117, 29,3, 15
117, 30,3, 15
117, 31,3, 15
117, 32,3, 15
117, 33,3, 15
117, 34,3, 15
117, 35,3, 15
117, 36,3, 15
117, 37,3, 15
117, 38,3, 15
117, 39,3, 15
117, 0,4, 15
117, 1,4, 15
117, 2,4, 15
117, 3,4, 15
117, 4,4, 15
117, 5,4, 15
117, 6,4, 15
117, 7,4, 15
117, 8,4, 15
117, 9,4, 15
117, 10,4, 15
117, 11,4, 15
117, 12,4, 15
117, 13,4, 15
117, 14,4, 15
117, 15,4, 15
117, 16,4, 15
117, 17,4, 15
117, 18,4, 15
117, 19,4, 15
117, 20,4, 15
117, 21,4, 15
117, 22,4, 15
117, 23,4, 15
117, 24,4, 15
117, 25,4, 15
117, 26,4, 15
117, 27,4, 15
117, 28,4, 15
117, 29,4, 15
117, 30,4, 15
117, 31,4, 15
117, 32,4, 15
117, 33,4, 15
117, 34,4, 15
117, 35,4, 15
117, 36,4, 15
117, 37,4, 15
117, 38,4, 15
117, 39,4, 15
118, 0,0, 15
118, 1,0, 15
118, 2,0, 15
118, 3,0, 15
118, 4,0, 15
118, 5,0, 15
118, 6,0, 15
118, 7,0, 15
118, 8,0, 15
118, 9,0, 15
118, 10,0, 15
118, 11,0, 15
118, 12,0, 15
118, 13,0, 15
118, 14,0, 15
118, 15,0, 15
118, 16,0, 15
118, 17,0, 15
118, 18,0, 15
118, 19,0, 15
118, 20,0, 15
118, 21,0, 15
118, 22,0, 15
118, 23,0, 15
118, 24,0, 15
118, 25,0, 15
118, 26,0, 15
118, 27,0, 15
118, 28,0, 15
118, 29,0, 15
118, 30,0, 15
118, 31,0, 15
118, 32,0, 15
118, 33,0, 15
118, 34,0, 15
118, 35,0, 15
118, 36,0, 15
118, 37,0, 15
118, 38,0, 15
118, 39,0, 15
118, 0,1, 15
118, 1,1, 15
118, 2,1, 15
118, 3,1, 15
118, 4,1, 15
118, 5,1, 15
118, 6,1, 15
118, 7,1, 15
118, 8,1, 15
118, 9,1, 15
118, 10,1, 15
118, 11,1, 15
118, 12,1, 15
118, 13,1, 15
118, 14,1, 15
118, 15,1, 15
118, 16,1, 15
118, 17,1, 15
118, 18,1, 15
118, 19,1, 15
118, 20,1, 15
118, 21,1, 15
118, 22,1, 15
118, 23,1, 15
118, 24,1, 15
118, 25,1, 15
118, 26,1, 15
118, 27,1, 15
118, 28,1, 15
118, 29,1, 15
118, 30,1, 15
118, 31,1, 15
118, 32,1, 15
118, 33,1, 15
118, 34,1, 15
118, 35,1, 15
118, 36,1, 15
118, 37,1, 15
118, 38,1, 15
118, 39,1, 15
118, 0,2, 15
118, 1,2, 15
118, 2,2, 15
118, 3,2, 15
118, 4,2, 15
118, 5,2, 15
118, 6,2, 15
118, 7,2, 15
118, 8,2, 15
118, 9,2, 15
118, 10,2, 15
118, 11,2, 15
118, 12,2, 15
118, 13,2, 15
118, 14,2, 15
118, 15,2, 15
118, 16,2, 15
118, 17,2, 15
118, 18,2, 15
118, 19,2, 15
118, 20,2, 15
118, 21,2, 15
118, 22,2, 15
118, 23,2, 15
118, 24,2, 15
118, 25,2, 15
118, 26,2, 15
118, 27,2, 15
118, 28,2, 15
118, 29,2, 15
118, 30,2, 15
118, 31,2, 15
118, 32,2, 15
118, 33,2, 15
118, 34,2, 15
118, 35,2, 15
118, 36,2, 15
118, 37,2, 15
118, 38,2, 15
118, 39,2, 15
118, 0,3, 15
118, 1,3, 15
118, 2,3, 15
118, 3,3, 15
118, 4,3, 15
118, 5,3, 15
118, 6,3, 15
118, 7,3, 15
118, 8,3, 15
118, 9,3, 15
118, 10,3, 15
118, 11,3, 15
118, 12,3, 15
118, 13,3, 15
118, 14,3, 15
118, 15,3, 15
118, 16,3, 15
118, 17,3, 15
118, 18,3, 15
118, 19,3, 15
118, 20,3, 15
118, 21,3, 15
118, 22,3, 15
118, 23,3, 15
118, 24,3, 15
118, 25,3, 15
118, 26,3, 15
118, 27,3, 15
118, 28,3, 15
118, 29,3, 15
118, 30,3, 15
118, 31,3, 15
118, 32,3, 15
118, 33,3, 15
118, 34,3, 15
118, 35,3, 15
118, 36,3, 15
118, 37,3, 15
118, 38,3, 15
118, 39,3, 15
118, 0,4, 15
118, 1,4, 15
118, 2,4, 15
118, 3,4, 15
118, 4,4, 15
118, 5,4, 15
118, 6,4, 15
118, 7,4, 15
118, 8,4, 15
118, 9,4, 15
118, 10,4, 15
118, 11,4, 15
118, 12,4, 15
118, 13,4, 15
118, 14,4, 15
118, 15,4, 15
118, 16,4, 15
118, 17,4, 15
118, 18,4, 15
118, 19,4, 15
118, 20,4, 15
118, 21,4, 15
118, 22,4, 15
118, 23,4, 15
118, 24,4, 15
118, 25,4, 15
118, 26,4, 15
118, 27,4, 15
118, 28,4, 15
118, 29,4, 15
118, 30,4, 15
118, 31,4, 15
118, 32,4, 15
118, 33,4, 15
118, 34,4, 15
118, 35,4, 15
118, 36,4, 15
118, 37,4, 15
118, 38,4, 15
118, 39,4, 15
119, 0,0, 15
119, 1,0, 15
119, 2,0, 15
119, 3,0, 15
119, 4,0, 15
119, 5,0, 15
119, 6,0, 15
119, 7,0, 15
119, 8,0, 15
119, 9,0, 15
119, 10,0, 15
119, 11,0, 15
119, 12,0, 15
119, 13,0, 15
119, 14,0, 15
119, 15,0, 15
119, 16,0, 15
119, 17,0, 15
119, 18,0, 15
119, 19,0, 15
119, 20,0, 15
119, 21,0, 15
119, 22,0, 15
119, 23,0, 15
119, 24,0, 15
119, 25,0, 15
119, 26,0, 15
119, 27,0, 15
119, 28,0, 15
119, 29,0, 15
119, 30,0, 15
119, 31,0, 15
119, 32,0, 15
119, 33,0, 15
119, 34,0, 15
119, 35,0, 15
119, 36,0, 15
119, 37,0, 15
119, 38,0, 15
119, 39,0, 15
119, 0,1, 15
119, 1,1, 15
119, 2,1, 15
119, 3,1, 15
119, 4,1, 15
119, 5,1, 15
119, 6,1, 15
119, 7,1, 15
119, 8,1, 15
119, 9,1, 15
119, 10,1, 15
119, 11,1, 15
119, 12,1, 15
119, 13,1, 15
119, 14,1, 15
119, 15,1, 15
119, 16,1, 15
119, 17,1, 15
119, 18,1, 15
119, 19,1, 15
119, 20,1, 15
119, 21,1, 15
119, 22,1, 15
119, 23,1, 15
119, 24,1, 15
119, 25,1, 15
119, 26,1, 15
119, 27,1, 15
119, 28,1, 15
119, 29,1, 15
119, 30,1, 15
119, 31,1, 15
119, 32,1, 15
119, 33,1, 15
119, 34,1, 15
119, 35,1, 15
119, 36,1, 15
119, 37,1, 15
119, 38,1, 15
119, 39,1, 15
119, 0,2, 15
119, 1,2, 15
119, 2,2, 15
119, 3,2, 15
119, 4,2, 15
119, 5,2, 15
119, 6,2, 15
119, 7,2, 15
119, 8,2, 15
119, 9,2, 15
119, 10,2, 15
119, 11,2, 15
119, 12,2, 15
119, 13,2, 15
119, 14,2, 15
119, 15,2, 15
119, 16,2, 15
119, 17,2, 15
119, 18,2, 15
119, 19,2, 15
119, 20,2, 15
119, 21,2, 15
119, 22,2, 15
119, 23,2, 15
119, 24,2, 15
119, 25,2, 15
119, 26,2, 15
119, 27,2, 15
119, 28,2, 15
119, 29,2, 15
119, 30,2, 15
119, 31,2, 15
119, 32,2, 15
119, 33,2, 15
119, 34,2, 15
119, 35,2, 15
119, 36,2, 15
119, 37,2, 15
119, 38,2, 15
119, 39,2, 15
119, 0,3, 15
119, 1,3, 15
119, 2,3, 15
119, 3,3, 15
119, 4,3, 15
119, 5,3, 15
119, 6,3, 15
119, 7,3, 15
119, 8,3, 15
119, 9,3, 15
119, 10,3, 15
119, 11,3, 15
119, 12,3, 15
119, 13,3, 15
119, 14,3, 15
119, 15,3, 15
119, 16,3, 15
119, 17,3, 15
119, 18,3, 15
119, 19,3, 15
119, 20,3, 15
119, 21,3, 15
119, 22,3, 15
119, 23,3, 15
119, 24,3, 15
119, 25,3, 15
119, 26,3, 15
119, 27,3, 15
119, 28,3, 15
119, 29,3, 15
119, 30,3, 15
119, 31,3, 15
119, 32,3, 15
119, 33,3, 15
119, 34,3, 15
119, 35,3, 15
119, 36,3, 15
119, 37,3, 15
119, 38,3, 15
119, 39,3, 15
119, 0,4, 15
119, 1,4, 15
119, 2,4, 15
119, 3,4, 15
119, 4,4, 15
119, 5,4, 15
119, 6,4, 15
119, 7,4, 15
119, 8,4, 15
119, 9,4, 15
119, 10,4, 15
119, 11,4, 15
119, 12,4, 15
119, 13,4, 15
119, 14,4, 15
119, 15,4, 15
119, 16,4, 15
119, 17,4, 15
119, 18,4, 15
119, 19,4, 15
119, 20,4, 15
119, 21,4, 15
119, 22,4, 15
119, 23,4, 15
119, 24,4, 15
119, 25,4, 15
119, 26,4, 15
119, 27,4, 15
119, 28,4, 15
119, 29,4, 15
119, 30,4, 15
119, 31,4, 15
119, 32,4, 15
119, 33,4, 15
119, 34,4, 15
119, 35,4, 15
119, 36,4, 15
119, 37,4, 15
119, 38,4, 15
119, 39,4, 15
120, 0,0, 15
120, 1,0, 15
120, 2,0, 15
120, 3,0, 15
120, 4,0, 15
120, 5,0, 15
120, 6,0, 15
120, 7,0, 15
120, 8,0, 15
120, 9,0, 15
120, 10,0, 15
120, 11,0, 15
120, 12,0, 15
120, 13,0, 15
120, 14,0, 15
120, 15,0, 15
120, 16,0, 15
120, 17,0, 15
120, 18,0, 15
120, 19,0, 15
120, 20,0, 15
120, 21,0, 15
120, 22,0, 15
120, 23,0, 15
120, 24,0, 15
120, 25,0, 15
120, 26,0, 15
120, 27,0, 15
120, 28,0, 15
120, 29,0, 15
120, 30,0, 15
120, 31,0, 15
120, 32,0, 15
120, 33,0, 15
120, 34,0, 15
120, 35,0, 15
120, 36,0, 15
120, 37,0, 15
120, 38,0, 15
120, 39,0, 15
120, 0,1, 15
120, 1,1, 15
120, 2,1, 15
120, 3,1, 15
120, 4,1, 15
120, 5,1, 15
120, 6,1, 15
120, 7,1, 15
120, 8,1, 15
120, 9,1, 15
120, 10,1, 15
120, 11,1, 15
120, 12,1, 15
120, 13,1, 15
120, 14,1, 15
120, 15,1, 15
120, 16,1, 15
120, 17,1, 15
120, 18,1, 15
120, 19,1, 15
120, 20,1, 15
120, 21,1, 15
120, 22,1, 15
120, 23,1, 15
120, 24,1, 15
120, 25,1, 15
120, 26,1, 15
120, 27,1, 15
120, 28,1, 15
120, 29,1, 15
120, 30,1, 15
120, 31,1, 15
120, 32,1, 15
120, 33,1, 15
120, 34,1, 15
120, 35,1, 15
120, 36,1, 15
120, 37,1, 15
120, 38,1, 15
120, 39,1, 15
120, 0,2, 15
120, 1,2, 15
120, 2,2, 15
120, 3,2, 15
120, 4,2, 15
120, 5,2, 15
120, 6,2, 15
120, 7,2, 15
120, 8,2, 15
120, 9,2, 15
120, 10,2, 15
120, 11,2, 15
120, 12,2, 15
120, 13,2, 15
120, 14,2, 15
120, 15,2, 15
120, 16,2, 15
120, 17,2, 15
120, 18,2, 15
120, 19,2, 15
120, 20,2, 15
120, 21,2, 15
120, 22,2, 15
120, 23,2, 15
120, 24,2, 15
120, 25,2, 15
120, 26,2, 15
120, 27,2, 15
120, 28,2, 15
120, 29,2, 15
120, 30,2, 15
120, 31,2, 15
120, 32,2, 15
120, 33,2, 15
120, 34,2, 15
120, 35,2, 15
120, 36,2, 15
120, 37,2, 15
120, 38,2, 15
120, 39,2, 15
120, 0,3, 15
120, 1,3, 15
120, 2,3, 15
120, 3,3, 15
120, 4,3, 15
120, 5,3, 15
120, 6,3, 15
120, 7,3, 15
120, 8,3, 15
120, 9,3, 15
120, 10,3, 15
120, 11,3, 15
120, 12,3, 15
120, 13,3, 15
120, 14,3, 15
120, 15,3, 15
120, 16,3, 15
120, 17,3, 15
120, 18,3, 15
120, 19,3, 15
120, 20,3, 15
120, 21,3, 15
120, 22,3, 15
120, 23,3, 15
120, 24,3, 15
120, 25,3, 15
120, 26,3, 15
120, 27,3, 15
120, 28,3, 15
120, 29,3, 15
120, 30,3, 15
120, 31,3, 15
120, 32,3, 15
120, 33,3, 15
120, 34,3, 15
120, 35,3, 15
120, 36,3, 15
120, 37,3, 15
120, 38,3, 15
120, 39,3, 15
120, 0,4, 15
120, 1,4, 15
120, 2,4, 15
120, 3,4, 15
120, 4,4, 15
120, 5,4, 15
120, 6,4, 15
120, 7,4, 15
120, 8,4, 15
120, 9,4, 15
120, 10,4, 15
120, 11,4, 15
120, 12,4, 15
120, 13,4, 15
120, 14,4, 15
120, 15,4, 15
120, 16,4, 15
120, 17,4, 15
120, 18,4, 15
120, 19,4, 15
120, 20,4, 15
120, 21,4, 15
120, 22,4, 15
120, 23,4, 15
120, 24,4, 15
120, 25,4, 15
120, 26,4, 15
120, 27,4, 15
120, 28,4, 15
120, 29,4, 15
120, 30,4, 15
120, 31,4, 15
120, 32,4, 15
120, 33,4, 15
120, 34,4, 15
120, 35,4, 15
120, 36,4, 15
120, 37,4, 15
120, 38,4, 15
120, 39,4, 15
121, 0,0, 15
121, 1,0, 15
121, 2,0, 15
121, 3,0, 15
121, 4,0, 15
121, 5,0, 15
121, 6,0, 15
121, 7,0, 15
121, 8,0, 15
121, 9,0, 15
121, 10,0, 15
121, 11,0, 15
121, 12,0, 15
121, 13,0, 15
121, 14,0, 15
121, 15,0, 15
121, 16,0, 15
121, 17,0, 15
121, 18,0, 15
121, 19,0, 15
121, 20,0, 15
121, 21,0, 15
121, 22,0, 15
121, 23,0, 15
121, 24,0, 15
121, 25,0, 15
121, 26,0, 15
121, 27,0, 15
121, 28,0, 15
121, 29,0, 15
121, 30,0, 15
121, 31,0, 15
121, 32,0, 15
121, 33,0, 15
121, 34,0, 15
121, 35,0, 15
121, 36,0, 15
121, 37,0, 15
121, 38,0, 15
121, 39,0, 15
121, 0,1, 15
121, 1,1, 15
121, 2,1, 15
121, 3,1, 15
121, 4,1, 15
121, 5,1, 15
121, 6,1, 15
121, 7,1, 15
121, 8,1, 15
121, 9,1, 15
121, 10,1, 15
121, 11,1, 15
121, 12,1, 15
121, 13,1, 15
121, 14,1, 15
121, 15,1, 15
121, 16,1, 15
121, 17,1, 15
121, 18,1, 15
121, 19,1, 15
121, 20,1, 15
121, 21,1, 15
121, 22,1, 15
121, 23,1, 15
121, 24,1, 15
121, 25,1, 15
121, 26,1, 15
121, 27,1, 15
121, 28,1, 15
121, 29,1, 15
121, 30,1, 15
121, 31,1, 15
121, 32,1, 15
121, 33,1, 15
121, 34,1, 15
121, 35,1, 15
121, 36,1, 15
121, 37,1, 15
121, 38,1, 15
121, 39,1, 15
121, 0,2, 15
121, 1,2, 15
121, 2,2, 15
121, 3,2, 15
121, 4,2, 15
121, 5,2, 15
121, 6,2, 15
121, 7,2, 15
121, 8,2, 15
121, 9,2, 15
121, 10,2, 15
121, 11,2, 15
121, 12,2, 15
121, 13,2, 15
121, 14,2, 15
121, 15,2, 15
121, 16,2, 15
121, 17,2, 15
121, 18,2, 15
121, 19,2, 15
121, 20,2, 15
121, 21,2, 15
121, 22,2, 15
121, 23,2, 15
121, 24,2, 15
121, 25,2, 15
121, 26,2, 15
121, 27,2, 15
121, 28,2, 15
121, 29,2, 15
121, 30,2, 15
121, 31,2, 15
121, 32,2, 15
121, 33,2, 15
121, 34,2, 15
121, 35,2, 15
121, 36,2, 15
121, 37,2, 15
121, 38,2, 15
121, 39,2, 15
121, 0,3, 15
121, 1,3, 15
121, 2,3, 15
121, 3,3, 15
121, 4,3, 15
121, 5,3, 15
121, 6,3, 15
121, 7,3, 15
121, 8,3, 15
121, 9,3, 15
121, 10,3, 15
121, 11,3, 15
121, 12,3, 15
121, 13,3, 15
121, 14,3, 15
121, 15,3, 15
121, 16,3, 15
121, 17,3, 15
121, 18,3, 15
121, 19,3, 15
121, 20,3, 15
121, 21,3, 15
121, 22,3, 15
121, 23,3, 15
121, 24,3, 15
121, 25,3, 15
121, 26,3, 15
121, 27,3, 15
121, 28,3, 15
121, 29,3, 15
121, 30,3, 15
121, 31,3, 15
121, 32,3, 15
121, 33,3, 15
121, 34,3, 15
121, 35,3, 15
121, 36,3, 15
121, 37,3, 15
121, 38,3, 15
121, 39,3, 15
121, 0,4, 15
121, 1,4, 15
121, 2,4, 15
121, 3,4, 15
121, 4,4, 15
121, 5,4, 15
121, 6,4, 15
121, 7,4, 15
121, 8,4, 15
121, 9,4, 15
121, 10,4, 15
121, 11,4, 15
121, 12,4, 15
121, 13,4, 15
121, 14,4, 15
121, 15,4, 15
121, 16,4, 15
121, 17,4, 15
121, 18,4, 15
121, 19,4, 15
121, 20,4, 15
121, 21,4, 15
121, 22,4, 15
121, 23,4, 15
121, 24,4, 15
121, 25,4, 15
121, 26,4, 15
121, 27,4, 15
121, 28,4, 15
121, 29,4, 15
121, 30,4, 15
121, 31,4, 15
121, 32,4, 15
121, 33,4, 15
121, 34,4, 15
121, 35,4, 15
121, 36,4, 15
121, 37,4, 15
121, 38,4, 15
121, 39,4, 15
122, 0,0, 15
122, 1,0, 15
122, 2,0, 15
122, 3,0, 15
122, 4,0, 15
122, 5,0, 15
122, 6,0, 15
122, 7,0, 15
122, 8,0, 15
122, 9,0, 15
122, 10,0, 15
122, 11,0, 15
122, 12,0, 15
122, 13,0, 15
122, 14,0, 15
122, 15,0, 15
122, 16,0, 15
122, 17,0, 15
122, 18,0, 15
122, 19,0, 15
122, 20,0, 15
122, 21,0, 15
122, 22,0, 15
122, 23,0, 15
122, 24,0, 15
122, 25,0, 15
122, 26,0, 15
122, 27,0, 15
122, 28,0, 15
122, 29,0, 15
122, 30,0, 15
122, 31,0, 15
122, 32,0, 15
122, 33,0, 15
122, 34,0, 15
122, 35,0, 15
122, 36,0, 15
122, 37,0, 15
122, 38,0, 15
122, 39,0, 15
122, 0,1, 15
122, 1,1, 15
122, 2,1, 15
122, 3,1, 15
122, 4,1, 15
122, 5,1, 15
122, 6,1, 15
122, 7,1, 15
122, 8,1, 15
122, 9,1, 15
122, 10,1, 15
122, 11,1, 15
122, 12,1, 15
122, 13,1, 15
122, 14,1, 15
122, 15,1, 15
122, 16,1, 15
122, 17,1, 15
122, 18,1, 15
122, 19,1, 15
122, 20,1, 15
122, 21,1, 15
122, 22,1, 15
122, 23,1, 15
122, 24,1, 15
122, 25,1, 15
122, 26,1, 15
122, 27,1, 15
122, 28,1, 15
122, 29,1, 15
122, 30,1, 15
122, 31,1, 15
122, 32,1, 15
122, 33,1, 15
122, 34,1, 15
122, 35,1, 15
122, 36,1, 15
122, 37,1, 15
122, 38,1, 15
122, 39,1, 15
122, 0,2, 15
122, 1,2, 15
122, 2,2, 15
122, 3,2, 15
122, 4,2, 15
122, 5,2, 15
122, 6,2, 15
122, 7,2, 15
122, 8,2, 15
122, 9,2, 15
122, 10,2, 15
122, 11,2, 15
122, 12,2, 15
122, 13,2, 15
122, 14,2, 15
122, 15,2, 15
122, 16,2, 15
122, 17,2, 15
122, 18,2, 15
122, 19,2, 15
122, 20,2, 15
122, 21,2, 15
122, 22,2, 15
122, 23,2, 15
122, 24,2, 15
122, 25,2, 15
122, 26,2, 15
122, 27,2, 15
122, 28,2, 15
122, 29,2, 15
122, 30,2, 15
122, 31,2, 15
122, 32,2, 15
122, 33,2, 15
122, 34,2, 15
122, 35,2, 15
122, 36,2, 15
122, 37,2, 15
122, 38,2, 15
122, 39,2, 15
122, 0,3, 15
122, 1,3, 15
122, 2,3, 15
122, 3,3, 15
122, 4,3, 15
122, 5,3, 15
122, 6,3, 15
122, 7,3, 15
122, 8,3, 15
122, 9,3, 15
122, 10,3, 15
122, 11,3, 15
122, 12,3, 15
122, 13,3, 15
122, 14,3, 15
122, 15,3, 15
122, 16,3, 15
122, 17,3, 15
122, 18,3, 15
122, 19,3, 15
122, 20,3, 15
122, 21,3, 15
122, 22,3, 15
122, 23,3, 15
122, 24,3, 15
122, 25,3, 15
122, 26,3, 15
122, 27,3, 15
122, 28,3, 15
122, 29,3, 15
122, 30,3, 15
122, 31,3, 15
122, 32,3, 15
122, 33,3, 15
122, 34,3, 15
122, 35,3, 15
122, 36,3, 15
122, 37,3, 15
122, 38,3, 15
122, 39,3, 15
122, 0,4, 15
122, 1,4, 15
122, 2,4, 15
122, 3,4, 15
122, 4,4, 15
122, 5,4, 15
122, 6,4, 15
122, 7,4, 15
122, 8,4, 15
122, 9,4, 15
122, 10,4, 15
122, 11,4, 15
122, 12,4, 15
122, 13,4, 15
122, 14,4, 15
122, 15,4, 15
122, 16,4, 15
122, 17,4, 15
122, 18,4, 15
122, 19,4, 15
122, 20,4, 15
122, 21,4, 15
122, 22,4, 15
122, 23,4, 15
122, 24,4, 15
122, 25,4, 15
122, 26,4, 15
122, 27,4, 15
122, 28,4, 15
122, 29,4, 15
122, 30,4, 15
122, 31,4, 15
122, 32,4, 15
122, 33,4, 15
122, 34,4, 15
122, 35,4, 15
122, 36,4, 15
122, 37,4, 15
122, 38,4, 15
122, 39,4, 15
123, 0,0, 15
123, 1,0, 15
123, 2,0, 15
123, 3,0, 15
123, 4,0, 15
123, 5,0, 15
123, 6,0, 15
123, 7,0, 15
123, 8,0, 15
123, 9,0, 15
123, 10,0, 15
123, 11,0, 15
123, 12,0, 15
123, 13,0, 15
123, 14,0, 15
123, 15,0, 15
123, 16,0, 15
123, 17,0, 15
123, 18,0, 15
123, 19,0, 15
123, 20,0, 15
123, 21,0, 15
123, 22,0, 15
123, 23,0, 15
123, 24,0, 15
123, 25,0, 15
123, 26,0, 15
123, 27,0, 15
123, 28,0, 15
123, 29,0, 15
123, 30,0, 15
123, 31,0, 15
123, 32,0, 15
123, 33,0, 15
123, 34,0, 15
123, 35,0, 15
123, 36,0, 15
123, 37,0, 15
123, 38,0, 15
123, 39,0, 15
123, 0,1, 15
123, 1,1, 15
123, 2,1, 15
123, 3,1, 15
123, 4,1, 15
123, 5,1, 15
123, 6,1, 15
123, 7,1, 15
123, 8,1, 15
123, 9,1, 15
123, 10,1, 15
123, 11,1, 15
123, 12,1, 15
123, 13,1, 15
123, 14,1, 15
123, 15,1, 15
123, 16,1, 15
123, 17,1, 15
123, 18,1, 15
123, 19,1, 15
123, 20,1, 15
123, 21,1, 15
123, 22,1, 15
123, 23,1, 15
123, 24,1, 15
123, 25,1, 15
123, 26,1, 15
123, 27,1, 15
123, 28,1, 15
123, 29,1, 15
123, 30,1, 15
123, 31,1, 15
123, 32,1, 15
123, 33,1, 15
123, 34,1, 15
123, 35,1, 15
123, 36,1, 15
123, 37,1, 15
123, 38,1, 15
123, 39,1, 15
123, 0,2, 15
123, 1,2, 15
123, 2,2, 15
123, 3,2, 15
123, 4,2, 15
123, 5,2, 15
123, 6,2, 15
123, 7,2, 15
123, 8,2, 15
123, 9,2, 15
123, 10,2, 15
123, 11,2, 15
123, 12,2, 15
123, 13,2, 15
123, 14,2, 15
123, 15,2, 15
123, 16,2, 15
123, 17,2, 15
123, 18,2, 15
123, 19,2, 15
123, 20,2, 15
123, 21,2, 15
123, 22,2, 15
123, 23,2, 15
123, 24,2, 15
123, 25,2, 15
123, 26,2, 15
123, 27,2, 15
123, 28,2, 15
123, 29,2, 15
123, 30,2, 15
123, 31,2, 15
123, 32,2, 15
123, 33,2, 15
123, 34,2, 15
123, 35,2, 15
123, 36,2, 15
123, 37,2, 15
123, 38,2, 15
123, 39,2, 15
123, 0,3, 15
123, 1,3, 15
123, 2,3, 15
123, 3,3, 15
123, 4,3, 15
123, 5,3, 15
123, 6,3, 15
123, 7,3, 15
123, 8,3, 15
123, 9,3, 15
123, 10,3, 15
123, 11,3, 15
123, 12,3, 15
123, 13,3, 15
123, 14,3, 15
123, 15,3, 15
123, 16,3, 15
123, 17,3, 15
123, 18,3, 15
123, 19,3, 15
123, 20,3, 15
123, 21,3, 15
123, 22,3, 15
123, 23,3, 15
123, 24,3, 15
123, 25,3, 15
123, 26,3, 15
123, 27,3, 15
123, 28,3, 15
123, 29,3, 15
123, 30,3, 15
123, 31,3, 15
123, 32,3, 15
123, 33,3, 15
123, 34,3, 15
123, 35,3, 15
123, 36,3, 15
123, 37,3, 15
123, 38,3, 15
123, 39,3, 15
123, 0,4, 15
123, 1,4, 15
123, 2,4, 15
123, 3,4, 15
123, 4,4, 15
123, 5,4, 15
123, 6,4, 15
123, 7,4, 15
123, 8,4, 15
123, 9,4, 15
123, 10,4, 15
123, 11,4, 15
123, 12,4, 15
123, 13,4, 15
123, 14,4, 15
123, 15,4, 15
123, 16,4, 15
123, 17,4, 15
123, 18,4, 15
123, 19,4, 15
123, 20,4, 15
123, 21,4, 15
123, 22,4, 15
123, 23,4, 15
123, 24,4, 15
123, 25,4, 15
123, 26,4, 15
123, 27,4, 15
123, 28,4, 15
123, 29,4, 15
123, 30,4, 15
123, 31,4, 15
123, 32,4, 15
123, 33,4, 15
123, 34,4, 15
123, 35,4, 15
123, 36,4, 15
123, 37,4, 15
123, 38,4, 15
123, 39,4, 15
124, 0,0, 15
124, 1,0, 15
124, 2,0, 15
124, 3,0, 15
124, 4,0, 15
124, 5,0, 15
124, 6,0, 15
124, 7,0, 15
124, 8,0, 15
124, 9,0, 15
124, 10,0, 15
124, 11,0, 15
124, 12,0, 15
124, 13,0, 15
124, 14,0, 15
124, 15,0, 15
124, 16,0, 15
124, 17,0, 15
124, 18,0, 15
124, 19,0, 15
124, 20,0, 15
124, 21,0, 15
124, 22,0, 15
124, 23,0, 15
124, 24,0, 15
124, 25,0, 15
124, 26,0, 15
124, 27,0, 15
124, 28,0, 15
124, 29,0, 15
124, 30,0, 15
124, 31,0, 15
124, 32,0, 15
124, 33,0, 15
124, 34,0, 15
124, 35,0, 15
124, 36,0, 15
124, 37,0, 15
124, 38,0, 15
124, 39,0, 15
124, 0,1, 15
124, 1,1, 15
124, 2,1, 15
124, 3,1, 15
124, 4,1, 15
124, 5,1, 15
124, 6,1, 15
124, 7,1, 15
124, 8,1, 15
124, 9,1, 15
124, 10,1, 15
124, 11,1, 15
124, 12,1, 15
124, 13,1, 15
124, 14,1, 15
124, 15,1, 15
124, 16,1, 15
124, 17,1, 15
124, 18,1, 15
124, 19,1, 15
124, 20,1, 15
124, 21,1, 15
124, 22,1, 15
124, 23,1, 15
124, 24,1, 15
124, 25,1, 15
124, 26,1, 15
124, 27,1, 15
124, 28,1, 15
124, 29,1, 15
124, 30,1, 15
124, 31,1, 15
124, 32,1, 15
124, 33,1, 15
124, 34,1, 15
124, 35,1, 15
124, 36,1, 15
124, 37,1, 15
124, 38,1, 15
124, 39,1, 15
124, 0,2, 15
124, 1,2, 15
124, 2,2, 15
124, 3,2, 15
124, 4,2, 15
124, 5,2, 15
124, 6,2, 15
124, 7,2, 15
124, 8,2, 15
124, 9,2, 15
124, 10,2, 15
124, 11,2, 15
124, 12,2, 15
124, 13,2, 15
124, 14,2, 15
124, 15,2, 15
124, 16,2, 15
124, 17,2, 15
124, 18,2, 15
124, 19,2, 15
124, 20,2, 15
124, 21,2, 15
124, 22,2, 15
124, 23,2, 15
124, 24,2, 15
124, 25,2, 15
124, 26,2, 15
124, 27,2, 15
124, 28,2, 15
124, 29,2, 15
124, 30,2, 15
124, 31,2, 15
124, 32,2, 15
124, 33,2, 15
124, 34,2, 15
124, 35,2, 15
124, 36,2, 15
124, 37,2, 15
124, 38,2, 15
124, 39,2, 15
124, 0,3, 15
124, 1,3, 15
124, 2,3, 15
124, 3,3, 15
124, 4,3, 15
124, 5,3, 15
124, 6,3, 15
124, 7,3, 15
124, 8,3, 15
124, 9,3, 15
124, 10,3, 15
124, 11,3, 15
124, 12,3, 15
124, 13,3, 15
124, 14,3, 15
124, 15,3, 15
124, 16,3, 15
124, 17,3, 15
124, 18,3, 15
124, 19,3, 15
124, 20,3, 15
124, 21,3, 15
124, 22,3, 15
124, 23,3, 15
124, 24,3, 15
124, 25,3, 15
124, 26,3, 15
124, 27,3, 15
124, 28,3, 15
124, 29,3, 15
124, 30,3, 15
124, 31,3, 15
124, 32,3, 15
124, 33,3, 15
124, 34,3, 15
124, 35,3, 15
124, 36,3, 15
124, 37,3, 15
124, 38,3, 15
124, 39,3, 15
124, 0,4, 15
124, 1,4, 15
124, 2,4, 15
124, 3,4, 15
124, 4,4, 15
124, 5,4, 15
124, 6,4, 15
124, 7,4, 15
124, 8,4, 15
124, 9,4, 15
124, 10,4, 15
124, 11,4, 15
124, 12,4, 15
124, 13,4, 15
124, 14,4, 15
124, 15,4, 15
124, 16,4, 15
124, 17,4, 15
124, 18,4, 15
124, 19,4, 15
124, 20,4, 15
124, 21,4, 15
124, 22,4, 15
124, 23,4, 15
124, 24,4, 15
124, 25,4, 15
124, 26,4, 15
124, 27,4, 15
124, 28,4, 15
124, 29,4, 15
124, 30,4, 15
124, 31,4, 15
124, 32,4, 15
124, 33,4, 15
124, 34,4, 15
124, 35,4, 15
124, 36,4, 15
124, 37,4, 15
124, 38,4, 15
124, 39,4, 15
125, 0,0, 15
125, 1,0, 15
125, 2,0, 15
125, 3,0, 15
125, 4,0, 15
125, 5,0, 15
125, 6,0, 15
125, 7,0, 15
125, 8,0, 15
125, 9,0, 15
125, 10,0, 15
125, 11,0, 15
125, 12,0, 15
125, 13,0, 15
125, 14,0, 15
125, 15,0, 15
125, 16,0, 15
125, 17,0, 15
125, 18,0, 15
125, 19,0, 15
125, 20,0, 15
125, 21,0, 15
125, 22,0, 15
125, 23,0, 15
125, 24,0, 15
125, 25,0, 15
125, 26,0, 15
125, 27,0, 15
125, 28,0, 15
125, 29,0, 15
125, 30,0, 15
125, 31,0, 15
125, 32,0, 15
125, 33,0, 15
125, 34,0, 15
125, 35,0, 15
125, 36,0, 15
125, 37,0, 15
125, 38,0, 15
125, 39,0, 15
125, 0,1, 15
125, 1,1, 15
125, 2,1, 15
125, 3,1, 15
125, 4,1, 15
125, 5,1, 15
125, 6,1, 15
125, 7,1, 15
125, 8,1, 15
125, 9,1, 15
125, 10,1, 15
125, 11,1, 15
125, 12,1, 15
125, 13,1, 15
125, 14,1, 15
125, 15,1, 15
125, 16,1, 15
125, 17,1, 15
125, 18,1, 15
125, 19,1, 15
125, 20,1, 15
125, 21,1, 15
125, 22,1, 15
125, 23,1, 15
125, 24,1, 15
125, 25,1, 15
125, 26,1, 15
125, 27,1, 15
125, 28,1, 15
125, 29,1, 15
125, 30,1, 15
125, 31,1, 15
125, 32,1, 15
125, 33,1, 15
125, 34,1, 15
125, 35,1, 15
125, 36,1, 15
125, 37,1, 15
125, 38,1, 15
125, 39,1, 15
125, 0,2, 15
125, 1,2, 15
125, 2,2, 15
125, 3,2, 15
125, 4,2, 15
125, 5,2, 15
125, 6,2, 15
125, 7,2, 15
125, 8,2, 15
125, 9,2, 15
125, 10,2, 15
125, 11,2, 15
125, 12,2, 15
125, 13,2, 15
125, 14,2, 15
125, 15,2, 15
125, 16,2, 15
125, 17,2, 15
125, 18,2, 15
125, 19,2, 15
125, 20,2, 15
125, 21,2, 15
125, 22,2, 15
125, 23,2, 15
125, 24,2, 15
125, 25,2, 15
125, 26,2, 15
125, 27,2, 15
125, 28,2, 15
125, 29,2, 15
125, 30,2, 15
125, 31,2, 15
125, 32,2, 15
125, 33,2, 15
125, 34,2, 15
125, 35,2, 15
125, 36,2, 15
125, 37,2, 15
125, 38,2, 15
125, 39,2, 15
125, 0,3, 15
125, 1,3, 15
125, 2,3, 15
125, 3,3, 15
125, 4,3, 15
125, 5,3, 15
125, 6,3, 15
125, 7,3, 15
125, 8,3, 15
125, 9,3, 15
125, 10,3, 15
125, 11,3, 15
125, 12,3, 15
125, 13,3, 15
125, 14,3, 15
125, 15,3, 15
125, 16,3, 15
125, 17,3, 15
125, 18,3, 15
125, 19,3, 15
125, 20,3, 15
125, 21,3, 15
125, 22,3, 15
125, 23,3, 15
125, 24,3, 15
125, 25,3, 15
125, 26,3, 15
125, 27,3, 15
125, 28,3, 15
125, 29,3, 15
125, 30,3, 15
125, 31,3, 15
125, 32,3, 15
125, 33,3, 15
125, 34,3, 15
125, 35,3, 15
125, 36,3, 15
125, 37,3, 15
125, 38,3, 15
125, 39,3, 15
125, 0,4, 15
125, 1,4, 15
125, 2,4, 15
125, 3,4, 15
125, 4,4, 15
125, 5,4, 15
125, 6,4, 15
125, 7,4, 15
125, 8,4, 15
125, 9,4, 15
125, 10,4, 15
125, 11,4, 15
125, 12,4, 15
125, 13,4, 15
125, 14,4, 15
125, 15,4, 15
125, 16,4, 15
125, 17,4, 15
125, 18,4, 15
125, 19,4, 15
125, 20,4, 15
125, 21,4, 15
125, 22,4, 15
125, 23,4, 15
125, 24,4, 15
125, 25,4, 15
125, 26,4, 15
125, 27,4, 15
125, 28,4, 15
125, 29,4, 15
125, 30,4, 15
125, 31,4, 15
125, 32,4, 15
125, 33,4, 15
125, 34,4, 15
125, 35,4, 15
125, 36,4, 15
125, 37,4, 15
125, 38,4, 15
125, 39,4, 15
126, 0,0, 15
126, 1,0, 15
126, 2,0, 15
126, 3,0, 15
126, 4,0, 15
126, 5,0, 15
126, 6,0, 15
126, 7,0, 15
126, 8,0, 15
126, 9,0, 15
126, 10,0, 15
126, 11,0, 15
126, 12,0, 15
126, 13,0, 15
126, 14,0, 15
126, 15,0, 15
126, 16,0, 15
126, 17,0, 15
126, 18,0, 15
126, 19,0, 15
126, 20,0, 15
126, 21,0, 15
126, 22,0, 15
126, 23,0, 15
126, 24,0, 15
126, 25,0, 15
126, 26,0, 15
126, 27,0, 15
126, 28,0, 15
126, 29,0, 15
126, 30,0, 15
126, 31,0, 15
126, 32,0, 15
126, 33,0, 15
126, 34,0, 15
126, 35,0, 15
126, 36,0, 15
126, 37,0, 15
126, 38,0, 15
126, 39,0, 15
126, 0,1, 15
126, 1,1, 15
126, 2,1, 15
126, 3,1, 15
126, 4,1, 15
126, 5,1, 15
126, 6,1, 15
126, 7,1, 15
126, 8,1, 15
126, 9,1, 15
126, 10,1, 15
126, 11,1, 15
126, 12,1, 15
126, 13,1, 15
126, 14,1, 15
126, 15,1, 15
126, 16,1, 15
126, 17,1, 15
126, 18,1, 15
126, 19,1, 15
126, 20,1, 15
126, 21,1, 15
126, 22,1, 15
126, 23,1, 15
126, 24,1, 15
126, 25,1, 15
126, 26,1, 15
126, 27,1, 15
126, 28,1, 15
126, 29,1, 15
126, 30,1, 15
126, 31,1, 15
126, 32,1, 15
126, 33,1, 15
126, 34,1, 15
126, 35,1, 15
126, 36,1, 15
126, 37,1, 15
126, 38,1, 15
126, 39,1, 15
126, 0,2, 15
126, 1,2, 15
126, 2,2, 15
126, 3,2, 15
126, 4,2, 15
126, 5,2, 15
126, 6,2, 15
126, 7,2, 15
126, 8,2, 15
126, 9,2, 15
126, 10,2, 15
126, 11,2, 15
126, 12,2, 15
126, 13,2, 15
126, 14,2, 15
126, 15,2, 15
126, 16,2, 15
126, 17,2, 15
126, 18,2, 15
126, 19,2, 15
126, 20,2, 15
126, 21,2, 15
126, 22,2, 15
126, 23,2, 15
126, 24,2, 15
126, 25,2, 15
126, 26,2, 15
126, 27,2, 15
126, 28,2, 15
126, 29,2, 15
126, 30,2, 15
126, 31,2, 15
126, 32,2, 15
126, 33,2, 15
126, 34,2, 15
126, 35,2, 15
126, 36,2, 15
126, 37,2, 15
126, 38,2, 15
126, 39,2, 15
126, 0,3, 15
126, 1,3, 15
126, 2,3, 15
126, 3,3, 15
126, 4,3, 15
126, 5,3, 15
126, 6,3, 15
126, 7,3, 15
126, 8,3, 15
126, 9,3, 15
126, 10,3, 15
126, 11,3, 15
126, 12,3, 15
126, 13,3, 15
126, 14,3, 15
126, 15,3, 15
126, 16,3, 15
126, 17,3, 15
126, 18,3, 15
126, 19,3, 15
126, 20,3, 15
126, 21,3, 15
126, 22,3, 15
126, 23,3, 15
126, 24,3, 15
126, 25,3, 15
126, 26,3, 15
126, 27,3, 15
126, 28,3, 15
126, 29,3, 15
126, 30,3, 15
126, 31,3, 15
126, 32,3, 15
126, 33,3, 15
126, 34,3, 15
126, 35,3, 15
126, 36,3, 15
126, 37,3, 15
126, 38,3, 15
126, 39,3, 15
126, 0,4, 15
126, 1,4, 15
126, 2,4, 15
126, 3,4, 15
126, 4,4, 15
126, 5,4, 15
126, 6,4, 15
126, 7,4, 15
126, 8,4, 15
126, 9,4, 15
126, 10,4, 15
126, 11,4, 15
126, 12,4, 15
126, 13,4, 15
126, 14,4, 15
126, 15,4, 15
126, 16,4, 15
126, 17,4, 15
126, 18,4, 15
126, 19,4, 15
126, 20,4, 15
126, 21,4, 15
126, 22,4, 15
126, 23,4, 15
126, 24,4, 15
126, 25,4, 15
126, 26,4, 15
126, 27,4, 15
126, 28,4, 15
126, 29,4, 15
126, 30,4, 15
126, 31,4, 15
126, 32,4, 15
126, 33,4, 15
126, 34,4, 15
126, 35,4, 15
126, 36,4, 15
126, 37,4, 15
126, 38,4, 15
126, 39,4, 15
127, 0,0, 15
127, 1,0, 15
127, 2,0, 15
127, 3,0, 15
127, 4,0, 15
127, 5,0, 15
127, 6,0, 15
127, 7,0, 15
127, 8,0, 15
127, 9,0, 15
127, 10,0, 15
127, 11,0, 15
127, 12,0, 15
127, 13,0, 15
127, 14,0, 15
127, 15,0, 15
127, 16,0, 15
127, 17,0, 15
127, 18,0, 15
127, 19,0, 15
127, 20,0, 15
127, 21,0, 15
127, 22,0, 15
127, 23,0, 15
127, 24,0, 15
127, 25,0, 15
127, 26,0, 15
127, 27,0, 15
127, 28,0, 15
127, 29,0, 15
127, 30,0, 15
127, 31,0, 15
127, 32,0, 15
127, 33,0, 15
127, 34,0, 15
127, 35,0, 15
127, 36,0, 15
127, 37,0, 15
127, 38,0, 15
127, 39,0, 15
127, 0,1, 15
127, 1,1, 15
127, 2,1, 15
127, 3,1, 15
127, 4,1, 15
127, 5,1, 15
127, 6,1, 15
127, 7,1, 15
127, 8,1, 15
127, 9,1, 15
127, 10,1, 15
127, 11,1, 15
127, 12,1, 15
127, 13,1, 15
127, 14,1, 15
127, 15,1, 15
127, 16,1, 15
127, 17,1, 15
127, 18,1, 15
127, 19,1, 15
127, 20,1, 15
127, 21,1, 15
127, 22,1, 15
127, 23,1, 15
127, 24,1, 15
127, 25,1, 15
127, 26,1, 15
127, 27,1, 15
127, 28,1, 15
127, 29,1, 15
127, 30,1, 15
127, 31,1, 15
127, 32,1, 15
127, 33,1, 15
127, 34,1, 15
127, 35,1, 15
127, 36,1, 15
127, 37,1, 15
127, 38,1, 15
127, 39,1, 15
127, 0,2, 15
127, 1,2, 15
127, 2,2, 15
127, 3,2, 15
127, 4,2, 15
127, 5,2, 15
127, 6,2, 15
127, 7,2, 15
127, 8,2, 15
127, 9,2, 15
127, 10,2, 15
127, 11,2, 15
127, 12,2, 15
127, 13,2, 15
127, 14,2, 15
127, 15,2, 15
127, 16,2, 15
127, 17,2, 15
127, 18,2, 15
127, 19,2, 15
127, 20,2, 15
127, 21,2, 15
127, 22,2, 15
127, 23,2, 15
127, 24,2, 15
127, 25,2, 15
127, 26,2, 15
127, 27,2, 15
127, 28,2, 15
127, 29,2, 15
127, 30,2, 15
127, 31,2, 15
127, 32,2, 15
127, 33,2, 15
127, 34,2, 15
127, 35,2, 15
127, 36,2, 15
127, 37,2, 15
127, 38,2, 15
127, 39,2, 15
127, 0,3, 15
127, 1,3, 15
127, 2,3, 15
127, 3,3, 15
127, 4,3, 15
127, 5,3, 15
127, 6,3, 15
127, 7,3, 15
127, 8,3, 15
127, 9,3, 15
127, 10,3, 15
127, 11,3, 15
127, 12,3, 15
127, 13,3, 15
127, 14,3, 15
127, 15,3, 15
127, 16,3, 15
127, 17,3, 15
127, 18,3, 15
127, 19,3, 15
127, 20,3, 15
127, 21,3, 15
127, 22,3, 15
127, 23,3, 15
127, 24,3, 15
127, 25,3, 15
127, 26,3, 15
127, 27,3, 15
127, 28,3, 15
127, 29,3, 15
127, 30,3, 15
127, 31,3, 15
127, 32,3, 15
127, 33,3, 15
127, 34,3, 15
127, 35,3, 15
127, 36,3, 15
127, 37,3, 15
127, 38,3, 15
127, 39,3, 15
127, 0,4, 15
127, 1,4, 15
127, 2,4, 15
127, 3,4, 15
127, 4,4, 15
127, 5,4, 15
127, 6,4, 15
127, 7,4, 15
127, 8,4, 15
127, 9,4, 15
127, 10,4, 15
127, 11,4, 15
127, 12,4, 15
127, 13,4, 15
127, 14,4, 15
127, 15,4, 15
127, 16,4, 15
127, 17,4, 15
127, 18,4, 15
127, 19,4, 15
127, 20,4, 15
127, 21,4, 15
127, 22,4, 15
127, 23,4, 15
127, 24,4, 15
127, 25,4, 15
127, 26,4, 15
127, 27,4, 15
127, 28,4, 15
127, 29,4, 15
127, 30,4, 15
127, 31,4, 15
127, 32,4, 15
127, 33,4, 15
127, 34,4, 15
127, 35,4, 15
127, 36,4, 15
127, 37,4, 15
127, 38,4, 15
127, 39,4, 15
128, 0,0, 15
128, 1,0, 15
128, 2,0, 15
128, 3,0, 15
128, 4,0, 15
128, 5,0, 15
128, 6,0, 15
128, 7,0, 15
128, 8,0, 15
128, 9,0, 15
128, 10,0, 15
128, 11,0, 15
128, 12,0, 15
128, 13,0, 15
128, 14,0, 15
128, 15,0, 15
128, 16,0, 15
128, 17,0, 15
128, 18,0, 15
128, 19,0, 15
128, 20,0, 15
128, 21,0, 15
128, 22,0, 15
128, 23,0, 15
128, 24,0, 15
128, 25,0, 15
128, 26,0, 15
128, 27,0, 15
128, 28,0, 15
128, 29,0, 15
128, 30,0, 15
128, 31,0, 15
128, 32,0, 15
128, 33,0, 15
128, 34,0, 15
128, 35,0, 15
128, 36,0, 15
128, 37,0, 15
128, 38,0, 15
128, 39,0, 15
128, 0,1, 15
128, 1,1, 15
128, 2,1, 15
128, 3,1, 15
128, 4,1, 15
128, 5,1, 15
128, 6,1, 15
128, 7,1, 15
128, 8,1, 15
128, 9,1, 15
128, 10,1, 15
128, 11,1, 15
128, 12,1, 15
128, 13,1, 15
128, 14,1, 15
128, 15,1, 15
128, 16,1, 15
128, 17,1, 15
128, 18,1, 15
128, 19,1, 15
128, 20,1, 15
128, 21,1, 15
128, 22,1, 15
128, 23,1, 15
128, 24,1, 15
128, 25,1, 15
128, 26,1, 15
128, 27,1, 15
128, 28,1, 15
128, 29,1, 15
128, 30,1, 15
128, 31,1, 15
128, 32,1, 15
128, 33,1, 15
128, 34,1, 15
128, 35,1, 15
128, 36,1, 15
128, 37,1, 15
128, 38,1, 15
128, 39,1, 15
128, 0,2, 15
128, 1,2, 15
128, 2,2, 15
128, 3,2, 15
128, 4,2, 15
128, 5,2, 15
128, 6,2, 15
128, 7,2, 15
128, 8,2, 15
128, 9,2, 15
128, 10,2, 15
128, 11,2, 15
128, 12,2, 15
128, 13,2, 15
128, 14,2, 15
128, 15,2, 15
128, 16,2, 15
128, 17,2, 15
128, 18,2, 15
128, 19,2, 15
128, 20,2, 15
128, 21,2, 15
128, 22,2, 15
128, 23,2, 15
128, 24,2, 15
128, 25,2, 15
128, 26,2, 15
128, 27,2, 15
128, 28,2, 15
128, 29,2, 15
128, 30,2, 15
128, 31,2, 15
128, 32,2, 15
128, 33,2, 15
128, 34,2, 15
128, 35,2, 15
128, 36,2, 15
128, 37,2, 15
128, 38,2, 15
128, 39,2, 15
128, 0,3, 15
128, 1,3, 15
128, 2,3, 15
128, 3,3, 15
128, 4,3, 15
128, 5,3, 15
128, 6,3, 15
128, 7,3, 15
128, 8,3, 15
128, 9,3, 15
128, 10,3, 15
128, 11,3, 15
128, 12,3, 15
128, 13,3, 15
128, 14,3, 15
128, 15,3, 15
128, 16,3, 15
128, 17,3, 15
128, 18,3, 15
128, 19,3, 15
128, 20,3, 15
128, 21,3, 15
128, 22,3, 15
128, 23,3, 15
128, 24,3, 15
128, 25,3, 15
128, 26,3, 15
128, 27,3, 15
128, 28,3, 15
128, 29,3, 15
128, 30,3, 15
128, 31,3, 15
128, 32,3, 15
128, 33,3, 15
128, 34,3, 15
128, 35,3, 15
128, 36,3, 15
128, 37,3, 15
128, 38,3, 15
128, 39,3, 15
128, 0,4, 15
128, 1,4, 15
128, 2,4, 15
128, 3,4, 15
128, 4,4, 15
128, 5,4, 15
128, 6,4, 15
128, 7,4, 15
128, 8,4, 15
128, 9,4, 15
128, 10,4, 15
128, 11,4, 15
128, 12,4, 15
128, 13,4, 15
128, 14,4, 15
128, 15,4, 15
128, 16,4, 15
128, 17,4, 15
128, 18,4, 15
128, 19,4, 15
128, 20,4, 15
128, 21,4, 15
128, 22,4, 15
128, 23,4, 15
128, 24,4, 15
128, 25,4, 15
128, 26,4, 15
128, 27,4, 15
128, 28,4, 15
128, 29,4, 15
128, 30,4, 15
128, 31,4, 15
128, 32,4, 15
128, 33,4, 15
128, 34,4, 15
128, 35,4, 15
128, 36,4, 15
128, 37,4, 15
128, 38,4, 15
128, 39,4, 15
129, 0,0, 15
129, 1,0, 15
129, 2,0, 15
129, 3,0, 15
129, 4,0, 15
129, 5,0, 15
129, 6,0, 15
129, 7,0, 15
129, 8,0, 15
129, 9,0, 15
129, 10,0, 15
129, 11,0, 15
129, 12,0, 15
129, 13,0, 15
129, 14,0, 15
129, 15,0, 15
129, 16,0, 15
129, 17,0, 15
129, 18,0, 15
129, 19,0, 15
129, 20,0, 15
129, 21,0, 15
129, 22,0, 15
129, 23,0, 15
129, 24,0, 15
129, 25,0, 15
129, 26,0, 15
129, 27,0, 15
129, 28,0, 15
129, 29,0, 15
129, 30,0, 15
129, 31,0, 15
129, 32,0, 15
129, 33,0, 15
129, 34,0, 15
129, 35,0, 15
129, 36,0, 15
129, 37,0, 15
129, 38,0, 15
129, 39,0, 15
129, 0,1, 15
129, 1,1, 15
129, 2,1, 15
129, 3,1, 15
129, 4,1, 15
129, 5,1, 15
129, 6,1, 15
129, 7,1, 15
129, 8,1, 15
129, 9,1, 15
129, 10,1, 15
129, 11,1, 15
129, 12,1, 15
129, 13,1, 15
129, 14,1, 15
129, 15,1, 15
129, 16,1, 15
129, 17,1, 15
129, 18,1, 15
129, 19,1, 15
129, 20,1, 15
129, 21,1, 15
129, 22,1, 15
129, 23,1, 15
129, 24,1, 15
129, 25,1, 15
129, 26,1, 15
129, 27,1, 15
129, 28,1, 15
129, 29,1, 15
129, 30,1, 15
129, 31,1, 15
129, 32,1, 15
129, 33,1, 15
129, 34,1, 15
129, 35,1, 15
129, 36,1, 15
129, 37,1, 15
129, 38,1, 15
129, 39,1, 15
129, 0,2, 15
129, 1,2, 15
129, 2,2, 15
129, 3,2, 15
129, 4,2, 15
129, 5,2, 15
129, 6,2, 15
129, 7,2, 15
129, 8,2, 15
129, 9,2, 15
129, 10,2, 15
129, 11,2, 15
129, 12,2, 15
129, 13,2, 15
129, 14,2, 15
129, 15,2, 15
129, 16,2, 15
129, 17,2, 15
129, 18,2, 15
129, 19,2, 15
129, 20,2, 15
129, 21,2, 15
129, 22,2, 15
129, 23,2, 15
129, 24,2, 15
129, 25,2, 15
129, 26,2, 15
129, 27,2, 15
129, 28,2, 15
129, 29,2, 15
129, 30,2, 15
129, 31,2, 15
129, 32,2, 15
129, 33,2, 15
129, 34,2, 15
129, 35,2, 15
129, 36,2, 15
129, 37,2, 15
129, 38,2, 15
129, 39,2, 15
129, 0,3, 15
129, 1,3, 15
129, 2,3, 15
129, 3,3, 15
129, 4,3, 15
129, 5,3, 15
129, 6,3, 15
129, 7,3, 15
129, 8,3, 15
129, 9,3, 15
129, 10,3, 15
129, 11,3, 15
129, 12,3, 15
129, 13,3, 15
129, 14,3, 15
129, 15,3, 15
129, 16,3, 15
129, 17,3, 15
129, 18,3, 15
129, 19,3, 15
129, 20,3, 15
129, 21,3, 15
129, 22,3, 15
129, 23,3, 15
129, 24,3, 15
129, 25,3, 15
129, 26,3, 15
129, 27,3, 15
129, 28,3, 15
129, 29,3, 15
129, 30,3, 15
129, 31,3, 15
129, 32,3, 15
129, 33,3, 15
129, 34,3, 15
129, 35,3, 15
129, 36,3, 15
129, 37,3, 15
129, 38,3, 15
129, 39,3, 15
129, 0,4, 15
129, 1,4, 15
129, 2,4, 15
129, 3,4, 15
129, 4,4, 15
129, 5,4, 15
129, 6,4, 15
129, 7,4, 15
129, 8,4, 15
129, 9,4, 15
129, 10,4, 15
129, 11,4, 15
129, 12,4, 15
129, 13,4, 15
129, 14,4, 15
129, 15,4, 15
129, 16,4, 15
129, 17,4, 15
129, 18,4, 15
129, 19,4, 15
129, 20,4, 15
129, 21,4, 15
129, 22,4, 15
129, 23,4, 15
129, 24,4, 15
129, 25,4, 15
129, 26,4, 15
129, 27,4, 15
129, 28,4, 15
129, 29,4, 15
129, 30,4, 15
129, 31,4, 15
129, 32,4, 15
129, 33,4, 15
129, 34,4, 15
129, 35,4, 15
129, 36,4, 15
129, 37,4, 15
129, 38,4, 15
129, 39,4, 15
130, 0,0, 15
130, 1,0, 15
130, 2,0, 15
130, 3,0, 15
130, 4,0, 15
130, 5,0, 15
130, 6,0, 15
130, 7,0, 15
130, 8,0, 15
130, 9,0, 15
130, 10,0, 15
130, 11,0, 15
130, 12,0, 15
130, 13,0, 15
130, 14,0, 15
130, 15,0, 15
130, 16,0, 15
130, 17,0, 15
130, 18,0, 15
130, 19,0, 15
130, 20,0, 15
130, 21,0, 15
130, 22,0, 15
130, 23,0, 15
130, 24,0, 15
130, 25,0, 15
130, 26,0, 15
130, 27,0, 15
130, 28,0, 15
130, 29,0, 15
130, 30,0, 15
130, 31,0, 15
130, 32,0, 15
130, 33,0, 15
130, 34,0, 15
130, 35,0, 15
130, 36,0, 15
130, 37,0, 15
130, 38,0, 15
130, 39,0, 15
130, 0,1, 15
130, 1,1, 15
130, 2,1, 15
130, 3,1, 15
130, 4,1, 15
130, 5,1, 15
130, 6,1, 15
130, 7,1, 15
130, 8,1, 15
130, 9,1, 15
130, 10,1, 15
130, 11,1, 15
130, 12,1, 15
130, 13,1, 15
130, 14,1, 15
130, 15,1, 15
130, 16,1, 15
130, 17,1, 15
130, 18,1, 15
130, 19,1, 15
130, 20,1, 15
130, 21,1, 15
130, 22,1, 15
130, 23,1, 15
130, 24,1, 15
130, 25,1, 15
130, 26,1, 15
130, 27,1, 15
130, 28,1, 15
130, 29,1, 15
130, 30,1, 15
130, 31,1, 15
130, 32,1, 15
130, 33,1, 15
130, 34,1, 15
130, 35,1, 15
130, 36,1, 15
130, 37,1, 15
130, 38,1, 15
130, 39,1, 15
130, 0,2, 15
130, 1,2, 15
130, 2,2, 15
130, 3,2, 15
130, 4,2, 15
130, 5,2, 15
130, 6,2, 15
130, 7,2, 15
130, 8,2, 15
130, 9,2, 15
130, 10,2, 15
130, 11,2, 15
130, 12,2, 15
130, 13,2, 15
130, 14,2, 15
130, 15,2, 15
130, 16,2, 15
130, 17,2, 15
130, 18,2, 15
130, 19,2, 15
130, 20,2, 15
130, 21,2, 15
130, 22,2, 15
130, 23,2, 15
130, 24,2, 15
130, 25,2, 15
130, 26,2, 15
130, 27,2, 15
130, 28,2, 15
130, 29,2, 15
130, 30,2, 15
130, 31,2, 15
130, 32,2, 15
130, 33,2, 15
130, 34,2, 15
130, 35,2, 15
130, 36,2, 15
130, 37,2, 15
130, 38,2, 15
130, 39,2, 15
130, 0,3, 15
130, 1,3, 15
130, 2,3, 15
130, 3,3, 15
130, 4,3, 15
130, 5,3, 15
130, 6,3, 15
130, 7,3, 15
130, 8,3, 15
130, 9,3, 15
130, 10,3, 15
130, 11,3, 15
130, 12,3, 15
130, 13,3, 15
130, 14,3, 15
130, 15,3, 15
130, 16,3, 15
130, 17,3, 15
130, 18,3, 15
130, 19,3, 15
130, 20,3, 15
130, 21,3, 15
130, 22,3, 15
130, 23,3, 15
130, 24,3, 15
130, 25,3, 15
130, 26,3, 15
130, 27,3, 15
130, 28,3, 15
130, 29,3, 15
130, 30,3, 15
130, 31,3, 15
130, 32,3, 15
130, 33,3, 15
130, 34,3, 15
130, 35,3, 15
130, 36,3, 15
130, 37,3, 15
130, 38,3, 15
130, 39,3, 15
130, 0,4, 15
130, 1,4, 15
130, 2,4, 15
130, 3,4, 15
130, 4,4, 15
130, 5,4, 15
130, 6,4, 15
130, 7,4, 15
130, 8,4, 15
130, 9,4, 15
130, 10,4, 15
130, 11,4, 15
130, 12,4, 15
130, 13,4, 15
130, 14,4, 15
130, 15,4, 15
130, 16,4, 15
130, 17,4, 15
130, 18,4, 15
130, 19,4, 15
130, 20,4, 15
130, 21,4, 15
130, 22,4, 15
130, 23,4, 15
130, 24,4, 15
130, 25,4, 15
130, 26,4, 15
130, 27,4, 15
130, 28,4, 15
130, 29,4, 15
130, 30,4, 15
130, 31,4, 15
130, 32,4, 15
130, 33,4, 15
130, 34,4, 15
130, 35,4, 15
130, 36,4, 15
130, 37,4, 15
130, 38,4, 15
130, 39,4, 15
131, 0,0, 15
131, 1,0, 15
131, 2,0, 15
131, 3,0, 15
131, 4,0, 15
131, 5,0, 15
131, 6,0, 15
131, 7,0, 15
131, 8,0, 15
131, 9,0, 15
131, 10,0, 15
131, 11,0, 15
131, 12,0, 15
131, 13,0, 15
131, 14,0, 15
131, 15,0, 15
131, 16,0, 15
131, 17,0, 15
131, 18,0, 15
131, 19,0, 15
131, 20,0, 15
131, 21,0, 15
131, 22,0, 15
131, 23,0, 15
131, 24,0, 15
131, 25,0, 15
131, 26,0, 15
131, 27,0, 15
131, 28,0, 15
131, 29,0, 15
131, 30,0, 15
131, 31,0, 15
131, 32,0, 15
131, 33,0, 15
131, 34,0, 15
131, 35,0, 15
131, 36,0, 15
131, 37,0, 15
131, 38,0, 15
131, 39,0, 15
131, 0,1, 15
131, 1,1, 15
131, 2,1, 15
131, 3,1, 15
131, 4,1, 15
131, 5,1, 15
131, 6,1, 15
131, 7,1, 15
131, 8,1, 15
131, 9,1, 15
131, 10,1, 15
131, 11,1, 15
131, 12,1, 15
131, 13,1, 15
131, 14,1, 15
131, 15,1, 15
131, 16,1, 15
131, 17,1, 15
131, 18,1, 15
131, 19,1, 15
131, 20,1, 15
131, 21,1, 15
131, 22,1, 15
131, 23,1, 15
131, 24,1, 15
131, 25,1, 15
131, 26,1, 15
131, 27,1, 15
131, 28,1, 15
131, 29,1, 15
131, 30,1, 15
131, 31,1, 15
131, 32,1, 15
131, 33,1, 15
131, 34,1, 15
131, 35,1, 15
131, 36,1, 15
131, 37,1, 15
131, 38,1, 15
131, 39,1, 15
131, 0,2, 15
131, 1,2, 15
131, 2,2, 15
131, 3,2, 15
131, 4,2, 15
131, 5,2, 15
131, 6,2, 15
131, 7,2, 15
131, 8,2, 15
131, 9,2, 15
131, 10,2, 15
131, 11,2, 15
131, 12,2, 15
131, 13,2, 15
131, 14,2, 15
131, 15,2, 15
131, 16,2, 15
131, 17,2, 15
131, 18,2, 15
131, 19,2, 15
131, 20,2, 15
131, 21,2, 15
131, 22,2, 15
131, 23,2, 15
131, 24,2, 15
131, 25,2, 15
131, 26,2, 15
131, 27,2, 15
131, 28,2, 15
131, 29,2, 15
131, 30,2, 15
131, 31,2, 15
131, 32,2, 15
131, 33,2, 15
131, 34,2, 15
131, 35,2, 15
131, 36,2, 15
131, 37,2, 15
131, 38,2, 15
131, 39,2, 15
131, 0,3, 15
131, 1,3, 15
131, 2,3, 15
131, 3,3, 15
131, 4,3, 15
131, 5,3, 15
131, 6,3, 15
131, 7,3, 15
131, 8,3, 15
131, 9,3, 15
131, 10,3, 15
131, 11,3, 15
131, 12,3, 15
131, 13,3, 15
131, 14,3, 15
131, 15,3, 15
131, 16,3, 15
131, 17,3, 15
131, 18,3, 15
131, 19,3, 15
131, 20,3, 15
131, 21,3, 15
131, 22,3, 15
131, 23,3, 15
131, 24,3, 15
131, 25,3, 15
131, 26,3, 15
131, 27,3, 15
131, 28,3, 15
131, 29,3, 15
131, 30,3, 15
131, 31,3, 15
131, 32,3, 15
131, 33,3, 15
131, 34,3, 15
131, 35,3, 15
131, 36,3, 15
131, 37,3, 15
131, 38,3, 15
131, 39,3, 15
131, 0,4, 15
131, 1,4, 15
131, 2,4, 15
131, 3,4, 15
131, 4,4, 15
131, 5,4, 15
131, 6,4, 15
131, 7,4, 15
131, 8,4, 15
131, 9,4, 15
131, 10,4, 15
131, 11,4, 15
131, 12,4, 15
131, 13,4, 15
131, 14,4, 15
131, 15,4, 15
131, 16,4, 15
131, 17,4, 15
131, 18,4, 15
131, 19,4, 15
131, 20,4, 15
131, 21,4, 15
131, 22,4, 15
131, 23,4, 15
131, 24,4, 15
131, 25,4, 15
131, 26,4, 15
131, 27,4, 15
131, 28,4, 15
131, 29,4, 15
131, 30,4, 15
131, 31,4, 15
131, 32,4, 15
131, 33,4, 15
131, 34,4, 15
131, 35,4, 15
131, 36,4, 15
131, 37,4, 15
131, 38,4, 15
131, 39,4, 15
132, 0,0, 15
132, 1,0, 15
132, 2,0, 15
132, 3,0, 15
132, 4,0, 15
132, 5,0, 15
132, 6,0, 15
132, 7,0, 15
132, 8,0, 15
132, 9,0, 15
132, 10,0, 15
132, 11,0, 15
132, 12,0, 15
132, 13,0, 15
132, 14,0, 15
132, 15,0, 15
132, 16,0, 15
132, 17,0, 15
132, 18,0, 15
132, 19,0, 15
132, 20,0, 15
132, 21,0, 15
132, 22,0, 15
132, 23,0, 15
132, 24,0, 15
132, 25,0, 15
132, 26,0, 15
132, 27,0, 15
132, 28,0, 15
132, 29,0, 15
132, 30,0, 15
132, 31,0, 15
132, 32,0, 15
132, 33,0, 15
132, 34,0, 15
132, 35,0, 15
132, 36,0, 15
132, 37,0, 15
132, 38,0, 15
132, 39,0, 15
132, 0,1, 15
132, 1,1, 15
132, 2,1, 15
132, 3,1, 15
132, 4,1, 15
132, 5,1, 15
132, 6,1, 15
132, 7,1, 15
132, 8,1, 15
132, 9,1, 15
132, 10,1, 15
132, 11,1, 15
132, 12,1, 15
132, 13,1, 15
132, 14,1, 15
132, 15,1, 15
132, 16,1, 15
132, 17,1, 15
132, 18,1, 15
132, 19,1, 15
132, 20,1, 15
132, 21,1, 15
132, 22,1, 15
132, 23,1, 15
132, 24,1, 15
132, 25,1, 15
132, 26,1, 15
132, 27,1, 15
132, 28,1, 15
132, 29,1, 15
132, 30,1, 15
132, 31,1, 15
132, 32,1, 15
132, 33,1, 15
132, 34,1, 15
132, 35,1, 15
132, 36,1, 15
132, 37,1, 15
132, 38,1, 15
132, 39,1, 15
132, 0,2, 15
132, 1,2, 15
132, 2,2, 15
132, 3,2, 15
132, 4,2, 15
132, 5,2, 15
132, 6,2, 15
132, 7,2, 15
132, 8,2, 15
132, 9,2, 15
132, 10,2, 15
132, 11,2, 15
132, 12,2, 15
132, 13,2, 15
132, 14,2, 15
132, 15,2, 15
132, 16,2, 15
132, 17,2, 15
132, 18,2, 15
132, 19,2, 15
132, 20,2, 15
132, 21,2, 15
132, 22,2, 15
132, 23,2, 15
132, 24,2, 15
132, 25,2, 15
132, 26,2, 15
132, 27,2, 15
132, 28,2, 15
132, 29,2, 15
132, 30,2, 15
132, 31,2, 15
132, 32,2, 15
132, 33,2, 15
132, 34,2, 15
132, 35,2, 15
132, 36,2, 15
132, 37,2, 15
132, 38,2, 15
132, 39,2, 15
132, 0,3, 15
132, 1,3, 15
132, 2,3, 15
132, 3,3, 15
132, 4,3, 15
132, 5,3, 15
132, 6,3, 15
132, 7,3, 15
132, 8,3, 15
132, 9,3, 15
132, 10,3, 15
132, 11,3, 15
132, 12,3, 15
132, 13,3, 15
132, 14,3, 15
132, 15,3, 15
132, 16,3, 15
132, 17,3, 15
132, 18,3, 15
132, 19,3, 15
132, 20,3, 15
132, 21,3, 15
132, 22,3, 15
132, 23,3, 15
132, 24,3, 15
132, 25,3, 15
132, 26,3, 15
132, 27,3, 15
132, 28,3, 15
132, 29,3, 15
132, 30,3, 15
132, 31,3, 15
132, 32,3, 15
132, 33,3, 15
132, 34,3, 15
132, 35,3, 15
132, 36,3, 15
132, 37,3, 15
132, 38,3, 15
132, 39,3, 15
132, 0,4, 15
132, 1,4, 15
132, 2,4, 15
132, 3,4, 15
132, 4,4, 15
132, 5,4, 15
132, 6,4, 15
132, 7,4, 15
132, 8,4, 15
132, 9,4, 15
132, 10,4, 15
132, 11,4, 15
132, 12,4, 15
132, 13,4, 15
132, 14,4, 15
132, 15,4, 15
132, 16,4, 15
132, 17,4, 15
132, 18,4, 15
132, 19,4, 15
132, 20,4, 15
132, 21,4, 15
132, 22,4, 15
132, 23,4, 15
132, 24,4, 15
132, 25,4, 15
132, 26,4, 15
132, 27,4, 15
132, 28,4, 15
132, 29,4, 15
132, 30,4, 15
132, 31,4, 15
132, 32,4, 15
132, 33,4, 15
132, 34,4, 15
132, 35,4, 15
132, 36,4, 15
132, 37,4, 15
132, 38,4, 15
132, 39,4, 15
133, 0,0, 15
133, 1,0, 15
133, 2,0, 15
133, 3,0, 15
133, 4,0, 15
133, 5,0, 15
133, 6,0, 15
133, 7,0, 15
133, 8,0, 15
133, 9,0, 15
133, 10,0, 15
133, 11,0, 15
133, 12,0, 15
133, 13,0, 15
133, 14,0, 15
133, 15,0, 15
133, 16,0, 15
133, 17,0, 15
133, 18,0, 15
133, 19,0, 15
133, 20,0, 15
133, 21,0, 15
133, 22,0, 15
133, 23,0, 15
133, 24,0, 15
133, 25,0, 15
133, 26,0, 15
133, 27,0, 15
133, 28,0, 15
133, 29,0, 15
133, 30,0, 15
133, 31,0, 15
133, 32,0, 15
133, 33,0, 15
133, 34,0, 15
133, 35,0, 15
133, 36,0, 15
133, 37,0, 15
133, 38,0, 15
133, 39,0, 15
133, 0,1, 15
133, 1,1, 15
133, 2,1, 15
133, 3,1, 15
133, 4,1, 15
133, 5,1, 15
133, 6,1, 15
133, 7,1, 15
133, 8,1, 15
133, 9,1, 15
133, 10,1, 15
133, 11,1, 15
133, 12,1, 15
133, 13,1, 15
133, 14,1, 15
133, 15,1, 15
133, 16,1, 15
133, 17,1, 15
133, 18,1, 15
133, 19,1, 15
133, 20,1, 15
133, 21,1, 15
133, 22,1, 15
133, 23,1, 15
133, 24,1, 15
133, 25,1, 15
133, 26,1, 15
133, 27,1, 15
133, 28,1, 15
133, 29,1, 15
133, 30,1, 15
133, 31,1, 15
133, 32,1, 15
133, 33,1, 15
133, 34,1, 15
133, 35,1, 15
133, 36,1, 15
133, 37,1, 15
133, 38,1, 15
133, 39,1, 15
133, 0,2, 15
133, 1,2, 15
133, 2,2, 15
133, 3,2, 15
133, 4,2, 15
133, 5,2, 15
133, 6,2, 15
133, 7,2, 15
133, 8,2, 15
133, 9,2, 15
133, 10,2, 15
133, 11,2, 15
133, 12,2, 15
133, 13,2, 15
133, 14,2, 15
133, 15,2, 15
133, 16,2, 15
133, 17,2, 15
133, 18,2, 15
133, 19,2, 15
133, 20,2, 15
133, 21,2, 15
133, 22,2, 15
133, 23,2, 15
133, 24,2, 15
133, 25,2, 15
133, 26,2, 15
133, 27,2, 15
133, 28,2, 15
133, 29,2, 15
133, 30,2, 15
133, 31,2, 15
133, 32,2, 15
133, 33,2, 15
133, 34,2, 15
133, 35,2, 15
133, 36,2, 15
133, 37,2, 15
133, 38,2, 15
133, 39,2, 15
133, 0,3, 15
133, 1,3, 15
133, 2,3, 15
133, 3,3, 15
133, 4,3, 15
133, 5,3, 15
133, 6,3, 15
133, 7,3, 15
133, 8,3, 15
133, 9,3, 15
133, 10,3, 15
133, 11,3, 15
133, 12,3, 15
133, 13,3, 15
133, 14,3, 15
133, 15,3, 15
133, 16,3, 15
133, 17,3, 15
133, 18,3, 15
133, 19,3, 15
133, 20,3, 15
133, 21,3, 15
133, 22,3, 15
133, 23,3, 15
133, 24,3, 15
133, 25,3, 15
133, 26,3, 15
133, 27,3, 15
133, 28,3, 15
133, 29,3, 15
133, 30,3, 15
133, 31,3, 15
133, 32,3, 15
133, 33,3, 15
133, 34,3, 15
133, 35,3, 15
133, 36,3, 15
133, 37,3, 15
133, 38,3, 15
133, 39,3, 15
133, 0,4, 15
133, 1,4, 15
133, 2,4, 15
133, 3,4, 15
133, 4,4, 15
133, 5,4, 15
133, 6,4, 15
133, 7,4, 15
133, 8,4, 15
133, 9,4, 15
133, 10,4, 15
133, 11,4, 15
133, 12,4, 15
133, 13,4, 15
133, 14,4, 15
133, 15,4, 15
133, 16,4, 15
133, 17,4, 15
133, 18,4, 15
133, 19,4, 15
133, 20,4, 15
133, 21,4, 15
133, 22,4, 15
133, 23,4, 15
133, 24,4, 15
133, 25,4, 15
133, 26,4, 15
133, 27,4, 15
133, 28,4, 15
133, 29,4, 15
133, 30,4, 15
133, 31,4, 15
133, 32,4, 15
133, 33,4, 15
133, 34,4, 15
133, 35,4, 15
133, 36,4, 15
133, 37,4, 15
133, 38,4, 15
133, 39,4, 15
134, 0,0, 15
134, 1,0, 15
134, 2,0, 15
134, 3,0, 15
134, 4,0, 15
134, 5,0, 15
134, 6,0, 15
134, 7,0, 15
134, 8,0, 15
134, 9,0, 15
134, 10,0, 15
134, 11,0, 15
134, 12,0, 15
134, 13,0, 15
134, 14,0, 15
134, 15,0, 15
134, 16,0, 15
134, 17,0, 15
134, 18,0, 15
134, 19,0, 15
134, 20,0, 15
134, 21,0, 15
134, 22,0, 15
134, 23,0, 15
134, 24,0, 15
134, 25,0, 15
134, 26,0, 15
134, 27,0, 15
134, 28,0, 15
134, 29,0, 15
134, 30,0, 15
134, 31,0, 15
134, 32,0, 15
134, 33,0, 15
134, 34,0, 15
134, 35,0, 15
134, 36,0, 15
134, 37,0, 15
134, 38,0, 15
134, 39,0, 15
134, 0,1, 15
134, 1,1, 15
134, 2,1, 15
134, 3,1, 15
134, 4,1, 15
134, 5,1, 15
134, 6,1, 15
134, 7,1, 15
134, 8,1, 15
134, 9,1, 15
134, 10,1, 15
134, 11,1, 15
134, 12,1, 15
134, 13,1, 15
134, 14,1, 15
134, 15,1, 15
134, 16,1, 15
134, 17,1, 15
134, 18,1, 15
134, 19,1, 15
134, 20,1, 15
134, 21,1, 15
134, 22,1, 15
134, 23,1, 15
134, 24,1, 15
134, 25,1, 15
134, 26,1, 15
134, 27,1, 15
134, 28,1, 15
134, 29,1, 15
134, 30,1, 15
134, 31,1, 15
134, 32,1, 15
134, 33,1, 15
134, 34,1, 15
134, 35,1, 15
134, 36,1, 15
134, 37,1, 15
134, 38,1, 15
134, 39,1, 15
134, 0,2, 15
134, 1,2, 15
134, 2,2, 15
134, 3,2, 15
134, 4,2, 15
134, 5,2, 15
134, 6,2, 15
134, 7,2, 15
134, 8,2, 15
134, 9,2, 15
134, 10,2, 15
134, 11,2, 15
134, 12,2, 15
134, 13,2, 15
134, 14,2, 15
134, 15,2, 15
134, 16,2, 15
134, 17,2, 15
134, 18,2, 15
134, 19,2, 15
134, 20,2, 15
134, 21,2, 15
134, 22,2, 15
134, 23,2, 15
134, 24,2, 15
134, 25,2, 15
134, 26,2, 15
134, 27,2, 15
134, 28,2, 15
134, 29,2, 15
134, 30,2, 15
134, 31,2, 15
134, 32,2, 15
134, 33,2, 15
134, 34,2, 15
134, 35,2, 15
134, 36,2, 15
134, 37,2, 15
134, 38,2, 15
134, 39,2, 15
134, 0,3, 15
134, 1,3, 15
134, 2,3, 15
134, 3,3, 15
134, 4,3, 15
134, 5,3, 15
134, 6,3, 15
134, 7,3, 15
134, 8,3, 15
134, 9,3, 15
134, 10,3, 15
134, 11,3, 15
134, 12,3, 15
134, 13,3, 15
134, 14,3, 15
134, 15,3, 15
134, 16,3, 15
134, 17,3, 15
134, 18,3, 15
134, 19,3, 15
134, 20,3, 15
134, 21,3, 15
134, 22,3, 15
134, 23,3, 15
134, 24,3, 15
134, 25,3, 15
134, 26,3, 15
134, 27,3, 15
134, 28,3, 15
134, 29,3, 15
134, 30,3, 15
134, 31,3, 15
134, 32,3, 15
134, 33,3, 15
134, 34,3, 15
134, 35,3, 15
134, 36,3, 15
134, 37,3, 15
134, 38,3, 15
134, 39,3, 15
134, 0,4, 15
134, 1,4, 15
134, 2,4, 15
134, 3,4, 15
134, 4,4, 15
134, 5,4, 15
134, 6,4, 15
134, 7,4, 15
134, 8,4, 15
134, 9,4, 15
134, 10,4, 15
134, 11,4, 15
134, 12,4, 15
134, 13,4, 15
134, 14,4, 15
134, 15,4, 15
134, 16,4, 15
134, 17,4, 15
134, 18,4, 15
134, 19,4, 15
134, 20,4, 15
134, 21,4, 15
134, 22,4, 15
134, 23,4, 15
134, 24,4, 15
134, 25,4, 15
134, 26,4, 15
134, 27,4, 15
134, 28,4, 15
134, 29,4, 15
134, 30,4, 15
134, 31,4, 15
134, 32,4, 15
134, 33,4, 15
134, 34,4, 15
134, 35,4, 15
134, 36,4, 15
134, 37,4, 15
134, 38,4, 15
134, 39,4, 15
135, 0,0, 15
135, 1,0, 15
135, 2,0, 15
135, 3,0, 15
135, 4,0, 15
135, 5,0, 15
135, 6,0, 15
135, 7,0, 15
135, 8,0, 15
135, 9,0, 15
135, 10,0, 15
135, 11,0, 15
135, 12,0, 15
135, 13,0, 15
135, 14,0, 15
135, 15,0, 15
135, 16,0, 15
135, 17,0, 15
135, 18,0, 15
135, 19,0, 15
135, 20,0, 15
135, 21,0, 15
135, 22,0, 15
135, 23,0, 15
135, 24,0, 15
135, 25,0, 15
135, 26,0, 15
135, 27,0, 15
135, 28,0, 15
135, 29,0, 15
135, 30,0, 15
135, 31,0, 15
135, 32,0, 15
135, 33,0, 15
135, 34,0, 15
135, 35,0, 15
135, 36,0, 15
135, 37,0, 15
135, 38,0, 15
135, 39,0, 15
135, 0,1, 15
135, 1,1, 15
135, 2,1, 15
135, 3,1, 15
135, 4,1, 15
135, 5,1, 15
135, 6,1, 15
135, 7,1, 15
135, 8,1, 15
135, 9,1, 15
135, 10,1, 15
135, 11,1, 15
135, 12,1, 15
135, 13,1, 15
135, 14,1, 15
135, 15,1, 15
135, 16,1, 15
135, 17,1, 15
135, 18,1, 15
135, 19,1, 15
135, 20,1, 15
135, 21,1, 15
135, 22,1, 15
135, 23,1, 15
135, 24,1, 15
135, 25,1, 15
135, 26,1, 15
135, 27,1, 15
135, 28,1, 15
135, 29,1, 15
135, 30,1, 15
135, 31,1, 15
135, 32,1, 15
135, 33,1, 15
135, 34,1, 15
135, 35,1, 15
135, 36,1, 15
135, 37,1, 15
135, 38,1, 15
135, 39,1, 15
135, 0,2, 15
135, 1,2, 15
135, 2,2, 15
135, 3,2, 15
135, 4,2, 15
135, 5,2, 15
135, 6,2, 15
135, 7,2, 15
135, 8,2, 15
135, 9,2, 15
135, 10,2, 15
135, 11,2, 15
135, 12,2, 15
135, 13,2, 15
135, 14,2, 15
135, 15,2, 15
135, 16,2, 15
135, 17,2, 15
135, 18,2, 15
135, 19,2, 15
135, 20,2, 15
135, 21,2, 15
135, 22,2, 15
135, 23,2, 15
135, 24,2, 15
135, 25,2, 15
135, 26,2, 15
135, 27,2, 15
135, 28,2, 15
135, 29,2, 15
135, 30,2, 15
135, 31,2, 15
135, 32,2, 15
135, 33,2, 15
135, 34,2, 15
135, 35,2, 15
135, 36,2, 15
135, 37,2, 15
135, 38,2, 15
135, 39,2, 15
135, 0,3, 15
135, 1,3, 15
135, 2,3, 15
135, 3,3, 15
135, 4,3, 15
135, 5,3, 15
135, 6,3, 15
135, 7,3, 15
135, 8,3, 15
135, 9,3, 15
135, 10,3, 15
135, 11,3, 15
135, 12,3, 15
135, 13,3, 15
135, 14,3, 15
135, 15,3, 15
135, 16,3, 15
135, 17,3, 15
135, 18,3, 15
135, 19,3, 15
135, 20,3, 15
135, 21,3, 15
135, 22,3, 15
135, 23,3, 15
135, 24,3, 15
135, 25,3, 15
135, 26,3, 15
135, 27,3, 15
135, 28,3, 15
135, 29,3, 15
135, 30,3, 15
135, 31,3, 15
135, 32,3, 15
135, 33,3, 15
135, 34,3, 15
135, 35,3, 15
135, 36,3, 15
135, 37,3, 15
135, 38,3, 15
135, 39,3, 15
135, 0,4, 15
135, 1,4, 15
135, 2,4, 15
135, 3,4, 15
135, 4,4, 15
135, 5,4, 15
135, 6,4, 15
135, 7,4, 15
135, 8,4, 15
135, 9,4, 15
135, 10,4, 15
135, 11,4, 15
135, 12,4, 15
135, 13,4, 15
135, 14,4, 15
135, 15,4, 15
135, 16,4, 15
135, 17,4, 15
135, 18,4, 15
135, 19,4, 15
135, 20,4, 15
135, 21,4, 15
135, 22,4, 15
135, 23,4, 15
135, 24,4, 15
135, 25,4, 15
135, 26,4, 15
135, 27,4, 15
135, 28,4, 15
135, 29,4, 15
135, 30,4, 15
135, 31,4, 15
135, 32,4, 15
135, 33,4, 15
135, 34,4, 15
135, 35,4, 15
135, 36,4, 15
135, 37,4, 15
135, 38,4, 15
135, 39,4, 15
136, 0,0, 15
136, 1,0, 15
136, 2,0, 15
136, 3,0, 15
136, 4,0, 15
136, 5,0, 15
136, 6,0, 15
136, 7,0, 15
136, 8,0, 15
136, 9,0, 15
136, 10,0, 15
136, 11,0, 15
136, 12,0, 15
136, 13,0, 15
136, 14,0, 15
136, 15,0, 15
136, 16,0, 15
136, 17,0, 15
136, 18,0, 15
136, 19,0, 15
136, 20,0, 15
136, 21,0, 15
136, 22,0, 15
136, 23,0, 15
136, 24,0, 15
136, 25,0, 15
136, 26,0, 15
136, 27,0, 15
136, 28,0, 15
136, 29,0, 15
136, 30,0, 15
136, 31,0, 15
136, 32,0, 15
136, 33,0, 15
136, 34,0, 15
136, 35,0, 15
136, 36,0, 15
136, 37,0, 15
136, 38,0, 15
136, 39,0, 15
136, 0,1, 15
136, 1,1, 15
136, 2,1, 15
136, 3,1, 15
136, 4,1, 15
136, 5,1, 15
136, 6,1, 15
136, 7,1, 15
136, 8,1, 15
136, 9,1, 15
136, 10,1, 15
136, 11,1, 15
136, 12,1, 15
136, 13,1, 15
136, 14,1, 15
136, 15,1, 15
136, 16,1, 15
136, 17,1, 15
136, 18,1, 15
136, 19,1, 15
136, 20,1, 15
136, 21,1, 15
136, 22,1, 15
136, 23,1, 15
136, 24,1, 15
136, 25,1, 15
136, 26,1, 15
136, 27,1, 15
136, 28,1, 15
136, 29,1, 15
136, 30,1, 15
136, 31,1, 15
136, 32,1, 15
136, 33,1, 15
136, 34,1, 15
136, 35,1, 15
136, 36,1, 15
136, 37,1, 15
136, 38,1, 15
136, 39,1, 15
136, 0,2, 15
136, 1,2, 15
136, 2,2, 15
136, 3,2, 15
136, 4,2, 15
136, 5,2, 15
136, 6,2, 15
136, 7,2, 15
136, 8,2, 15
136, 9,2, 15
136, 10,2, 15
136, 11,2, 15
136, 12,2, 15
136, 13,2, 15
136, 14,2, 15
136, 15,2, 15
136, 16,2, 15
136, 17,2, 15
136, 18,2, 15
136, 19,2, 15
136, 20,2, 15
136, 21,2, 15
136, 22,2, 15
136, 23,2, 15
136, 24,2, 15
136, 25,2, 15
136, 26,2, 15
136, 27,2, 15
136, 28,2, 15
136, 29,2, 15
136, 30,2, 15
136, 31,2, 15
136, 32,2, 15
136, 33,2, 15
136, 34,2, 15
136, 35,2, 15
136, 36,2, 15
136, 37,2, 15
136, 38,2, 15
136, 39,2, 15
136, 0,3, 15
136, 1,3, 15
136, 2,3, 15
136, 3,3, 15
136, 4,3, 15
136, 5,3, 15
136, 6,3, 15
136, 7,3, 15
136, 8,3, 15
136, 9,3, 15
136, 10,3, 15
136, 11,3, 15
136, 12,3, 15
136, 13,3, 15
136, 14,3, 15
136, 15,3, 15
136, 16,3, 15
136, 17,3, 15
136, 18,3, 15
136, 19,3, 15
136, 20,3, 15
136, 21,3, 15
136, 22,3, 15
136, 23,3, 15
136, 24,3, 15
136, 25,3, 15
136, 26,3, 15
136, 27,3, 15
136, 28,3, 15
136, 29,3, 15
136, 30,3, 15
136, 31,3, 15
136, 32,3, 15
136, 33,3, 15
136, 34,3, 15
136, 35,3, 15
136, 36,3, 15
136, 37,3, 15
136, 38,3, 15
136, 39,3, 15
136, 0,4, 15
136, 1,4, 15
136, 2,4, 15
136, 3,4, 15
136, 4,4, 15
136, 5,4, 15
136, 6,4, 15
136, 7,4, 15
136, 8,4, 15
136, 9,4, 15
136, 10,4, 15
136, 11,4, 15
136, 12,4, 15
136, 13,4, 15
136, 14,4, 15
136, 15,4, 15
136, 16,4, 15
136, 17,4, 15
136, 18,4, 15
136, 19,4, 15
136, 20,4, 15
136, 21,4, 15
136, 22,4, 15
136, 23,4, 15
136, 24,4, 15
136, 25,4, 15
136, 26,4, 15
136, 27,4, 15
136, 28,4, 15
136, 29,4, 15
136, 30,4, 15
136, 31,4, 15
136, 32,4, 15
136, 33,4, 15
136, 34,4, 15
136, 35,4, 15
136, 36,4, 15
136, 37,4, 15
136, 38,4, 15
136, 39,4, 15
137, 0,0, 15
137, 1,0, 15
137, 2,0, 15
137, 3,0, 15
137, 4,0, 15
137, 5,0, 15
137, 6,0, 15
137, 7,0, 15
137, 8,0, 15
137, 9,0, 15
137, 10,0, 15
137, 11,0, 15
137, 12,0, 15
137, 13,0, 15
137, 14,0, 15
137, 15,0, 15
137, 16,0, 15
137, 17,0, 15
137, 18,0, 15
137, 19,0, 15
137, 20,0, 15
137, 21,0, 15
137, 22,0, 15
137, 23,0, 15
137, 24,0, 15
137, 25,0, 15
137, 26,0, 15
137, 27,0, 15
137, 28,0, 15
137, 29,0, 15
137, 30,0, 15
137, 31,0, 15
137, 32,0, 15
137, 33,0, 15
137, 34,0, 15
137, 35,0, 15
137, 36,0, 15
137, 37,0, 15
137, 38,0, 15
137, 39,0, 15
137, 0,1, 15
137, 1,1, 15
137, 2,1, 15
137, 3,1, 15
137, 4,1, 15
137, 5,1, 15
137, 6,1, 15
137, 7,1, 15
137, 8,1, 15
137, 9,1, 15
137, 10,1, 15
137, 11,1, 15
137, 12,1, 15
137, 13,1, 15
137, 14,1, 15
137, 15,1, 15
137, 16,1, 15
137, 17,1, 15
137, 18,1, 15
137, 19,1, 15
137, 20,1, 15
137, 21,1, 15
137, 22,1, 15
137, 23,1, 15
137, 24,1, 15
137, 25,1, 15
137, 26,1, 15
137, 27,1, 15
137, 28,1, 15
137, 29,1, 15
137, 30,1, 15
137, 31,1, 15
137, 32,1, 15
137, 33,1, 15
137, 34,1, 15
137, 35,1, 15
137, 36,1, 15
137, 37,1, 15
137, 38,1, 15
137, 39,1, 15
137, 0,2, 15
137, 1,2, 15
137, 2,2, 15
137, 3,2, 15
137, 4,2, 15
137, 5,2, 15
137, 6,2, 15
137, 7,2, 15
137, 8,2, 15
137, 9,2, 15
137, 10,2, 15
137, 11,2, 15
137, 12,2, 15
137, 13,2, 15
137, 14,2, 15
137, 15,2, 15
137, 16,2, 15
137, 17,2, 15
137, 18,2, 15
137, 19,2, 15
137, 20,2, 15
137, 21,2, 15
137, 22,2, 15
137, 23,2, 15
137, 24,2, 15
137, 25,2, 15
137, 26,2, 15
137, 27,2, 15
137, 28,2, 15
137, 29,2, 15
137, 30,2, 15
137, 31,2, 15
137, 32,2, 15
137, 33,2, 15
137, 34,2, 15
137, 35,2, 15
137, 36,2, 15
137, 37,2, 15
137, 38,2, 15
137, 39,2, 15
137, 0,3, 15
137, 1,3, 15
137, 2,3, 15
137, 3,3, 15
137, 4,3, 15
137, 5,3, 15
137, 6,3, 15
137, 7,3, 15
137, 8,3, 15
137, 9,3, 15
137, 10,3, 15
137, 11,3, 15
137, 12,3, 15
137, 13,3, 15
137, 14,3, 15
137, 15,3, 15
137, 16,3, 15
137, 17,3, 15
137, 18,3, 15
137, 19,3, 15
137, 20,3, 15
137, 21,3, 15
137, 22,3, 15
137, 23,3, 15
137, 24,3, 15
137, 25,3, 15
137, 26,3, 15
137, 27,3, 15
137, 28,3, 15
137, 29,3, 15
137, 30,3, 15
137, 31,3, 15
137, 32,3, 15
137, 33,3, 15
137, 34,3, 15
137, 35,3, 15
137, 36,3, 15
137, 37,3, 15
137, 38,3, 15
137, 39,3, 15
137, 0,4, 15
137, 1,4, 15
137, 2,4, 15
137, 3,4, 15
137, 4,4, 15
137, 5,4, 15
137, 6,4, 15
137, 7,4, 15
137, 8,4, 15
137, 9,4, 15
137, 10,4, 15
137, 11,4, 15
137, 12,4, 15
137, 13,4, 15
137, 14,4, 15
137, 15,4, 15
137, 16,4, 15
137, 17,4, 15
137, 18,4, 15
137, 19,4, 15
137, 20,4, 15
137, 21,4, 15
137, 22,4, 15
137, 23,4, 15
137, 24,4, 15
137, 25,4, 15
137, 26,4, 15
137, 27,4, 15
137, 28,4, 15
137, 29,4, 15
137, 30,4, 15
137, 31,4, 15
137, 32,4, 15
137, 33,4, 15
137, 34,4, 15
137, 35,4, 15
137, 36,4, 15
137, 37,4, 15
137, 38,4, 15
137, 39,4, 15
138, 0,0, 15
138, 1,0, 15
138, 2,0, 15
138, 3,0, 15
138, 4,0, 15
138, 5,0, 15
138, 6,0, 15
138, 7,0, 15
138, 8,0, 15
138, 9,0, 15
138, 10,0, 15
138, 11,0, 15
138, 12,0, 15
138, 13,0, 15
138, 14,0, 15
138, 15,0, 15
138, 16,0, 15
138, 17,0, 15
138, 18,0, 15
138, 19,0, 15
138, 20,0, 15
138, 21,0, 15
138, 22,0, 15
138, 23,0, 15
138, 24,0, 15
138, 25,0, 15
138, 26,0, 15
138, 27,0, 15
138, 28,0, 15
138, 29,0, 15
138, 30,0, 15
138, 31,0, 15
138, 32,0, 15
138, 33,0, 15
138, 34,0, 15
138, 35,0, 15
138, 36,0, 15
138, 37,0, 15
138, 38,0, 15
138, 39,0, 15
138, 0,1, 15
138, 1,1, 15
138, 2,1, 15
138, 3,1, 15
138, 4,1, 15
138, 5,1, 15
138, 6,1, 15
138, 7,1, 15
138, 8,1, 15
138, 9,1, 15
138, 10,1, 15
138, 11,1, 15
138, 12,1, 15
138, 13,1, 15
138, 14,1, 15
138, 15,1, 15
138, 16,1, 15
138, 17,1, 15
138, 18,1, 15
138, 19,1, 15
138, 20,1, 15
138, 21,1, 15
138, 22,1, 15
138, 23,1, 15
138, 24,1, 15
138, 25,1, 15
138, 26,1, 15
138, 27,1, 15
138, 28,1, 15
138, 29,1, 15
138, 30,1, 15
138, 31,1, 15
138, 32,1, 15
138, 33,1, 15
138, 34,1, 15
138, 35,1, 15
138, 36,1, 15
138, 37,1, 15
138, 38,1, 15
138, 39,1, 15
138, 0,2, 15
138, 1,2, 15
138, 2,2, 15
138, 3,2, 15
138, 4,2, 15
138, 5,2, 15
138, 6,2, 15
138, 7,2, 15
138, 8,2, 15
138, 9,2, 15
138, 10,2, 15
138, 11,2, 15
138, 12,2, 15
138, 13,2, 15
138, 14,2, 15
138, 15,2, 15
138, 16,2, 15
138, 17,2, 15
138, 18,2, 15
138, 19,2, 15
138, 20,2, 15
138, 21,2, 15
138, 22,2, 15
138, 23,2, 15
138, 24,2, 15
138, 25,2, 15
138, 26,2, 15
138, 27,2, 15
138, 28,2, 15
138, 29,2, 15
138, 30,2, 15
138, 31,2, 15
138, 32,2, 15
138, 33,2, 15
138, 34,2, 15
138, 35,2, 15
138, 36,2, 15
138, 37,2, 15
138, 38,2, 15
138, 39,2, 15
138, 0,3, 15
138, 1,3, 15
138, 2,3, 15
138, 3,3, 15
138, 4,3, 15
138, 5,3, 15
138, 6,3, 15
138, 7,3, 15
138, 8,3, 15
138, 9,3, 15
138, 10,3, 15
138, 11,3, 15
138, 12,3, 15
138, 13,3, 15
138, 14,3, 15
138, 15,3, 15
138, 16,3, 15
138, 17,3, 15
138, 18,3, 15
138, 19,3, 15
138, 20,3, 15
138, 21,3, 15
138, 22,3, 15
138, 23,3, 15
138, 24,3, 15
138, 25,3, 15
138, 26,3, 15
138, 27,3, 15
138, 28,3, 15
138, 29,3, 15
138, 30,3, 15
138, 31,3, 15
138, 32,3, 15
138, 33,3, 15
138, 34,3, 15
138, 35,3, 15
138, 36,3, 15
138, 37,3, 15
138, 38,3, 15
138, 39,3, 15
138, 0,4, 15
138, 1,4, 15
138, 2,4, 15
138, 3,4, 15
138, 4,4, 15
138, 5,4, 15
138, 6,4, 15
138, 7,4, 15
138, 8,4, 15
138, 9,4, 15
138, 10,4, 15
138, 11,4, 15
138, 12,4, 15
138, 13,4, 15
138, 14,4, 15
138, 15,4, 15
138, 16,4, 15
138, 17,4, 15
138, 18,4, 15
138, 19,4, 15
138, 20,4, 15
138, 21,4, 15
138, 22,4, 15
138, 23,4, 15
138, 24,4, 15
138, 25,4, 15
138, 26,4, 15
138, 27,4, 15
138, 28,4, 15
138, 29,4, 15
138, 30,4, 15
138, 31,4, 15
138, 32,4, 15
138, 33,4, 15
138, 34,4, 15
138, 35,4, 15
138, 36,4, 15
138, 37,4, 15
138, 38,4, 15
138, 39,4, 15
139, 0,0, 15
139, 1,0, 15
139, 2,0, 15
139, 3,0, 15
139, 4,0, 15
139, 5,0, 15
139, 6,0, 15
139, 7,0, 15
139, 8,0, 15
139, 9,0, 15
139, 10,0, 15
139, 11,0, 15
139, 12,0, 15
139, 13,0, 15
139, 14,0, 15
139, 15,0, 15
139, 16,0, 15
139, 17,0, 15
139, 18,0, 15
139, 19,0, 15
139, 20,0, 15
139, 21,0, 15
139, 22,0, 15
139, 23,0, 15
139, 24,0, 15
139, 25,0, 15
139, 26,0, 15
139, 27,0, 15
139, 28,0, 15
139, 29,0, 15
139, 30,0, 15
139, 31,0, 15
139, 32,0, 15
139, 33,0, 15
139, 34,0, 15
139, 35,0, 15
139, 36,0, 15
139, 37,0, 15
139, 38,0, 15
139, 39,0, 15
139, 0,1, 15
139, 1,1, 15
139, 2,1, 15
139, 3,1, 15
139, 4,1, 15
139, 5,1, 15
139, 6,1, 15
139, 7,1, 15
139, 8,1, 15
139, 9,1, 15
139, 10,1, 15
139, 11,1, 15
139, 12,1, 15
139, 13,1, 15
139, 14,1, 15
139, 15,1, 15
139, 16,1, 15
139, 17,1, 15
139, 18,1, 15
139, 19,1, 15
139, 20,1, 15
139, 21,1, 15
139, 22,1, 15
139, 23,1, 15
139, 24,1, 15
139, 25,1, 15
139, 26,1, 15
139, 27,1, 15
139, 28,1, 15
139, 29,1, 15
139, 30,1, 15
139, 31,1, 15
139, 32,1, 15
139, 33,1, 15
139, 34,1, 15
139, 35,1, 15
139, 36,1, 15
139, 37,1, 15
139, 38,1, 15
139, 39,1, 15
139, 0,2, 15
139, 1,2, 15
139, 2,2, 15
139, 3,2, 15
139, 4,2, 15
139, 5,2, 15
139, 6,2, 15
139, 7,2, 15
139, 8,2, 15
139, 9,2, 15
139, 10,2, 15
139, 11,2, 15
139, 12,2, 15
139, 13,2, 15
139, 14,2, 15
139, 15,2, 15
139, 16,2, 15
139, 17,2, 15
139, 18,2, 15
139, 19,2, 15
139, 20,2, 15
139, 21,2, 15
139, 22,2, 15
139, 23,2, 15
139, 24,2, 15
139, 25,2, 15
139, 26,2, 15
139, 27,2, 15
139, 28,2, 15
139, 29,2, 15
139, 30,2, 15
139, 31,2, 15
139, 32,2, 15
139, 33,2, 15
139, 34,2, 15
139, 35,2, 15
139, 36,2, 15
139, 37,2, 15
139, 38,2, 15
139, 39,2, 15
139, 0,3, 15
139, 1,3, 15
139, 2,3, 15
139, 3,3, 15
139, 4,3, 15
139, 5,3, 15
139, 6,3, 15
139, 7,3, 15
139, 8,3, 15
139, 9,3, 15
139, 10,3, 15
139, 11,3, 15
139, 12,3, 15
139, 13,3, 15
139, 14,3, 15
139, 15,3, 15
139, 16,3, 15
139, 17,3, 15
139, 18,3, 15
139, 19,3, 15
139, 20,3, 15
139, 21,3, 15
139, 22,3, 15
139, 23,3, 15
139, 24,3, 15
139, 25,3, 15
139, 26,3, 15
139, 27,3, 15
139, 28,3, 15
139, 29,3, 15
139, 30,3, 15
139, 31,3, 15
139, 32,3, 15
139, 33,3, 15
139, 34,3, 15
139, 35,3, 15
139, 36,3, 15
139, 37,3, 15
139, 38,3, 15
139, 39,3, 15
139, 0,4, 15
139, 1,4, 15
139, 2,4, 15
139, 3,4, 15
139, 4,4, 15
139, 5,4, 15
139, 6,4, 15
139, 7,4, 15
139, 8,4, 15
139, 9,4, 15
139, 10,4, 15
139, 11,4, 15
139, 12,4, 15
139, 13,4, 15
139, 14,4, 15
139, 15,4, 15
139, 16,4, 15
139, 17,4, 15
139, 18,4, 15
139, 19,4, 15
139, 20,4, 15
139, 21,4, 15
139, 22,4, 15
139, 23,4, 15
139, 24,4, 15
139, 25,4, 15
139, 26,4, 15
139, 27,4, 15
139, 28,4, 15
139, 29,4, 15
139, 30,4, 15
139, 31,4, 15
139, 32,4, 15
139, 33,4, 15
139, 34,4, 15
139, 35,4, 15
139, 36,4, 15
139, 37,4, 15
139, 38,4, 15
139, 39,4, 15
140, 0,0, 15
140, 1,0, 15
140, 2,0, 15
140, 3,0, 15
140, 4,0, 15
140, 5,0, 15
140, 6,0, 15
140, 7,0, 15
140, 8,0, 15
140, 9,0, 15
140, 10,0, 15
140, 11,0, 15
140, 12,0, 15
140, 13,0, 15
140, 14,0, 15
140, 15,0, 15
140, 16,0, 15
140, 17,0, 15
140, 18,0, 15
140, 19,0, 15
140, 20,0, 15
140, 21,0, 15
140, 22,0, 15
140, 23,0, 15
140, 24,0, 15
140, 25,0, 15
140, 26,0, 15
140, 27,0, 15
140, 28,0, 15
140, 29,0, 15
140, 30,0, 15
140, 31,0, 15
140, 32,0, 15
140, 33,0, 15
140, 34,0, 15
140, 35,0, 15
140, 36,0, 15
140, 37,0, 15
140, 38,0, 15
140, 39,0, 15
140, 0,1, 15
140, 1,1, 15
140, 2,1, 15
140, 3,1, 15
140, 4,1, 15
140, 5,1, 15
140, 6,1, 15
140, 7,1, 15
140, 8,1, 15
140, 9,1, 15
140, 10,1, 15
140, 11,1, 15
140, 12,1, 15
140, 13,1, 15
140, 14,1, 15
140, 15,1, 15
140, 16,1, 15
140, 17,1, 15
140, 18,1, 15
140, 19,1, 15
140, 20,1, 15
140, 21,1, 15
140, 22,1, 15
140, 23,1, 15
140, 24,1, 15
140, 25,1, 15
140, 26,1, 15
140, 27,1, 15
140, 28,1, 15
140, 29,1, 15
140, 30,1, 15
140, 31,1, 15
140, 32,1, 15
140, 33,1, 15
140, 34,1, 15
140, 35,1, 15
140, 36,1, 15
140, 37,1, 15
140, 38,1, 15
140, 39,1, 15
140, 0,2, 15
140, 1,2, 15
140, 2,2, 15
140, 3,2, 15
140, 4,2, 15
140, 5,2, 15
140, 6,2, 15
140, 7,2, 15
140, 8,2, 15
140, 9,2, 15
140, 10,2, 15
140, 11,2, 15
140, 12,2, 15
140, 13,2, 15
140, 14,2, 15
140, 15,2, 15
140, 16,2, 15
140, 17,2, 15
140, 18,2, 15
140, 19,2, 15
140, 20,2, 15
140, 21,2, 15
140, 22,2, 15
140, 23,2, 15
140, 24,2, 15
140, 25,2, 15
140, 26,2, 15
140, 27,2, 15
140, 28,2, 15
140, 29,2, 15
140, 30,2, 15
140, 31,2, 15
140, 32,2, 15
140, 33,2, 15
140, 34,2, 15
140, 35,2, 15
140, 36,2, 15
140, 37,2, 15
140, 38,2, 15
140, 39,2, 15
140, 0,3, 15
140, 1,3, 15
140, 2,3, 15
140, 3,3, 15
140, 4,3, 15
140, 5,3, 15
140, 6,3, 15
140, 7,3, 15
140, 8,3, 15
140, 9,3, 15
140, 10,3, 15
140, 11,3, 15
140, 12,3, 15
140, 13,3, 15
140, 14,3, 15
140, 15,3, 15
140, 16,3, 15
140, 17,3, 15
140, 18,3, 15
140, 19,3, 15
140, 20,3, 15
140, 21,3, 15
140, 22,3, 15
140, 23,3, 15
140, 24,3, 15
140, 25,3, 15
140, 26,3, 15
140, 27,3, 15
140, 28,3, 15
140, 29,3, 15
140, 30,3, 15
140, 31,3, 15
140, 32,3, 15
140, 33,3, 15
140, 34,3, 15
140, 35,3, 15
140, 36,3, 15
140, 37,3, 15
140, 38,3, 15
140, 39,3, 15
140, 0,4, 15
140, 1,4, 15
140, 2,4, 15
140, 3,4, 15
140, 4,4, 15
140, 5,4, 15
140, 6,4, 15
140, 7,4, 15
140, 8,4, 15
140, 9,4, 15
140, 10,4, 15
140, 11,4, 15
140, 12,4, 15
140, 13,4, 15
140, 14,4, 15
140, 15,4, 15
140, 16,4, 15
140, 17,4, 15
140, 18,4, 15
140, 19,4, 15
140, 20,4, 15
140, 21,4, 15
140, 22,4, 15
140, 23,4, 15
140, 24,4, 15
140, 25,4, 15
140, 26,4, 15
140, 27,4, 15
140, 28,4, 15
140, 29,4, 15
140, 30,4, 15
140, 31,4, 15
140, 32,4, 15
140, 33,4, 15
140, 34,4, 15
140, 35,4, 15
140, 36,4, 15
140, 37,4, 15
140, 38,4, 15
140, 39,4, 15
141, 0,0, 15
141, 1,0, 15
141, 2,0, 15
141, 3,0, 15
141, 4,0, 15
141, 5,0, 15
141, 6,0, 15
141, 7,0, 15
141, 8,0, 15
141, 9,0, 15
141, 10,0, 15
141, 11,0, 15
141, 12,0, 15
141, 13,0, 15
141, 14,0, 15
141, 15,0, 15
141, 16,0, 15
141, 17,0, 15
141, 18,0, 15
141, 19,0, 15
141, 20,0, 15
141, 21,0, 15
141, 22,0, 15
141, 23,0, 15
141, 24,0, 15
141, 25,0, 15
141, 26,0, 15
141, 27,0, 15
141, 28,0, 15
141, 29,0, 15
141, 30,0, 15
141, 31,0, 15
141, 32,0, 15
141, 33,0, 15
141, 34,0, 15
141, 35,0, 15
141, 36,0, 15
141, 37,0, 15
141, 38,0, 15
141, 39,0, 15
141, 0,1, 15
141, 1,1, 15
141, 2,1, 15
141, 3,1, 15
141, 4,1, 15
141, 5,1, 15
141, 6,1, 15
141, 7,1, 15
141, 8,1, 15
141, 9,1, 15
141, 10,1, 15
141, 11,1, 15
141, 12,1, 15
141, 13,1, 15
141, 14,1, 15
141, 15,1, 15
141, 16,1, 15
141, 17,1, 15
141, 18,1, 15
141, 19,1, 15
141, 20,1, 15
141, 21,1, 15
141, 22,1, 15
141, 23,1, 15
141, 24,1, 15
141, 25,1, 15
141, 26,1, 15
141, 27,1, 15
141, 28,1, 15
141, 29,1, 15
141, 30,1, 15
141, 31,1, 15
141, 32,1, 15
141, 33,1, 15
141, 34,1, 15
141, 35,1, 15
141, 36,1, 15
141, 37,1, 15
141, 38,1, 15
141, 39,1, 15
141, 0,2, 15
141, 1,2, 15
141, 2,2, 15
141, 3,2, 15
141, 4,2, 15
141, 5,2, 15
141, 6,2, 15
141, 7,2, 15
141, 8,2, 15
141, 9,2, 15
141, 10,2, 15
141, 11,2, 15
141, 12,2, 15
141, 13,2, 15
141, 14,2, 15
141, 15,2, 15
141, 16,2, 15
141, 17,2, 15
141, 18,2, 15
141, 19,2, 15
141, 20,2, 15
141, 21,2, 15
141, 22,2, 15
141, 23,2, 15
141, 24,2, 15
141, 25,2, 15
141, 26,2, 15
141, 27,2, 15
141, 28,2, 15
141, 29,2, 15
141, 30,2, 15
141, 31,2, 15
141, 32,2, 15
141, 33,2, 15
141, 34,2, 15
141, 35,2, 15
141, 36,2, 15
141, 37,2, 15
141, 38,2, 15
141, 39,2, 15
141, 0,3, 15
141, 1,3, 15
141, 2,3, 15
141, 3,3, 15
141, 4,3, 15
141, 5,3, 15
141, 6,3, 15
141, 7,3, 15
141, 8,3, 15
141, 9,3, 15
141, 10,3, 15
141, 11,3, 15
141, 12,3, 15
141, 13,3, 15
141, 14,3, 15
141, 15,3, 15
141, 16,3, 15
141, 17,3, 15
141, 18,3, 15
141, 19,3, 15
141, 20,3, 15
141, 21,3, 15
141, 22,3, 15
141, 23,3, 15
141, 24,3, 15
141, 25,3, 15
141, 26,3, 15
141, 27,3, 15
141, 28,3, 15
141, 29,3, 15
141, 30,3, 15
141, 31,3, 15
141, 32,3, 15
141, 33,3, 15
141, 34,3, 15
141, 35,3, 15
141, 36,3, 15
141, 37,3, 15
141, 38,3, 15
141, 39,3, 15
141, 0,4, 15
141, 1,4, 15
141, 2,4, 15
141, 3,4, 15
141, 4,4, 15
141, 5,4, 15
141, 6,4, 15
141, 7,4, 15
141, 8,4, 15
141, 9,4, 15
141, 10,4, 15
141, 11,4, 15
141, 12,4, 15
141, 13,4, 15
141, 14,4, 15
141, 15,4, 15
141, 16,4, 15
141, 17,4, 15
141, 18,4, 15
141, 19,4, 15
141, 20,4, 15
141, 21,4, 15
141, 22,4, 15
141, 23,4, 15
141, 24,4, 15
141, 25,4, 15
141, 26,4, 15
141, 27,4, 15
141, 28,4, 15
141, 29,4, 15
141, 30,4, 15
141, 31,4, 15
141, 32,4, 15
141, 33,4, 15
141, 34,4, 15
141, 35,4, 15
141, 36,4, 15
141, 37,4, 15
141, 38,4, 15
141, 39,4, 15
142, 0,0, 15
142, 1,0, 15
142, 2,0, 15
142, 3,0, 15
142, 4,0, 15
142, 5,0, 15
142, 6,0, 15
142, 7,0, 15
142, 8,0, 15
142, 9,0, 15
142, 10,0, 15
142, 11,0, 15
142, 12,0, 15
142, 13,0, 15
142, 14,0, 15
142, 15,0, 15
142, 16,0, 15
142, 17,0, 15
142, 18,0, 15
142, 19,0, 15
142, 20,0, 15
142, 21,0, 15
142, 22,0, 15
142, 23,0, 15
142, 24,0, 15
142, 25,0, 15
142, 26,0, 15
142, 27,0, 15
142, 28,0, 15
142, 29,0, 15
142, 30,0, 15
142, 31,0, 15
142, 32,0, 15
142, 33,0, 15
142, 34,0, 15
142, 35,0, 15
142, 36,0, 15
142, 37,0, 15
142, 38,0, 15
142, 39,0, 15
142, 0,1, 15
142, 1,1, 15
142, 2,1, 15
142, 3,1, 15
142, 4,1, 15
142, 5,1, 15
142, 6,1, 15
142, 7,1, 15
142, 8,1, 15
142, 9,1, 15
142, 10,1, 15
142, 11,1, 15
142, 12,1, 15
142, 13,1, 15
142, 14,1, 15
142, 15,1, 15
142, 16,1, 15
142, 17,1, 15
142, 18,1, 15
142, 19,1, 15
142, 20,1, 15
142, 21,1, 15
142, 22,1, 15
142, 23,1, 15
142, 24,1, 15
142, 25,1, 15
142, 26,1, 15
142, 27,1, 15
142, 28,1, 15
142, 29,1, 15
142, 30,1, 15
142, 31,1, 15
142, 32,1, 15
142, 33,1, 15
142, 34,1, 15
142, 35,1, 15
142, 36,1, 15
142, 37,1, 15
142, 38,1, 15
142, 39,1, 15
142, 0,2, 15
142, 1,2, 15
142, 2,2, 15
142, 3,2, 15
142, 4,2, 15
142, 5,2, 15
142, 6,2, 15
142, 7,2, 15
142, 8,2, 15
142, 9,2, 15
142, 10,2, 15
142, 11,2, 15
142, 12,2, 15
142, 13,2, 15
142, 14,2, 15
142, 15,2, 15
142, 16,2, 15
142, 17,2, 15
142, 18,2, 15
142, 19,2, 15
142, 20,2, 15
142, 21,2, 15
142, 22,2, 15
142, 23,2, 15
142, 24,2, 15
142, 25,2, 15
142, 26,2, 15
142, 27,2, 15
142, 28,2, 15
142, 29,2, 15
142, 30,2, 15
142, 31,2, 15
142, 32,2, 15
142, 33,2, 15
142, 34,2, 15
142, 35,2, 15
142, 36,2, 15
142, 37,2, 15
142, 38,2, 15
142, 39,2, 15
142, 0,3, 15
142, 1,3, 15
142, 2,3, 15
142, 3,3, 15
142, 4,3, 15
142, 5,3, 15
142, 6,3, 15
142, 7,3, 15
142, 8,3, 15
142, 9,3, 15
142, 10,3, 15
142, 11,3, 15
142, 12,3, 15
142, 13,3, 15
142, 14,3, 15
142, 15,3, 15
142, 16,3, 15
142, 17,3, 15
142, 18,3, 15
142, 19,3, 15
142, 20,3, 15
142, 21,3, 15
142, 22,3, 15
142, 23,3, 15
142, 24,3, 15
142, 25,3, 15
142, 26,3, 15
142, 27,3, 15
142, 28,3, 15
142, 29,3, 15
142, 30,3, 15
142, 31,3, 15
142, 32,3, 15
142, 33,3, 15
142, 34,3, 15
142, 35,3, 15
142, 36,3, 15
142, 37,3, 15
142, 38,3, 15
142, 39,3, 15
142, 0,4, 15
142, 1,4, 15
142, 2,4, 15
142, 3,4, 15
142, 4,4, 15
142, 5,4, 15
142, 6,4, 15
142, 7,4, 15
142, 8,4, 15
142, 9,4, 15
142, 10,4, 15
142, 11,4, 15
142, 12,4, 15
142, 13,4, 15
142, 14,4, 15
142, 15,4, 15
142, 16,4, 15
142, 17,4, 15
142, 18,4, 15
142, 19,4, 15
142, 20,4, 15
142, 21,4, 15
142, 22,4, 15
142, 23,4, 15
142, 24,4, 15
142, 25,4, 15
142, 26,4, 15
142, 27,4, 15
142, 28,4, 15
142, 29,4, 15
142, 30,4, 15
142, 31,4, 15
142, 32,4, 15
142, 33,4, 15
142, 34,4, 15
142, 35,4, 15
142, 36,4, 15
142, 37,4, 15
142, 38,4, 15
142, 39,4, 15
143, 0,0, 15
143, 1,0, 15
143, 2,0, 15
143, 3,0, 15
143, 4,0, 15
143, 5,0, 15
143, 6,0, 15
143, 7,0, 15
143, 8,0, 15
143, 9,0, 15
143, 10,0, 15
143, 11,0, 15
143, 12,0, 15
143, 13,0, 15
143, 14,0, 15
143, 15,0, 15
143, 16,0, 15
143, 17,0, 15
143, 18,0, 15
143, 19,0, 15
143, 20,0, 15
143, 21,0, 15
143, 22,0, 15
143, 23,0, 15
143, 24,0, 15
143, 25,0, 15
143, 26,0, 15
143, 27,0, 15
143, 28,0, 15
143, 29,0, 15
143, 30,0, 15
143, 31,0, 15
143, 32,0, 15
143, 33,0, 15
143, 34,0, 15
143, 35,0, 15
143, 36,0, 15
143, 37,0, 15
143, 38,0, 15
143, 39,0, 15
143, 0,1, 15
143, 1,1, 15
143, 2,1, 15
143, 3,1, 15
143, 4,1, 15
143, 5,1, 15
143, 6,1, 15
143, 7,1, 15
143, 8,1, 15
143, 9,1, 15
143, 10,1, 15
143, 11,1, 15
143, 12,1, 15
143, 13,1, 15
143, 14,1, 15
143, 15,1, 15
143, 16,1, 15
143, 17,1, 15
143, 18,1, 15
143, 19,1, 15
143, 20,1, 15
143, 21,1, 15
143, 22,1, 15
143, 23,1, 15
143, 24,1, 15
143, 25,1, 15
143, 26,1, 15
143, 27,1, 15
143, 28,1, 15
143, 29,1, 15
143, 30,1, 15
143, 31,1, 15
143, 32,1, 15
143, 33,1, 15
143, 34,1, 15
143, 35,1, 15
143, 36,1, 15
143, 37,1, 15
143, 38,1, 15
143, 39,1, 15
143, 0,2, 15
143, 1,2, 15
143, 2,2, 15
143, 3,2, 15
143, 4,2, 15
143, 5,2, 15
143, 6,2, 15
143, 7,2, 15
143, 8,2, 15
143, 9,2, 15
143, 10,2, 15
143, 11,2, 15
143, 12,2, 15
143, 13,2, 15
143, 14,2, 15
143, 15,2, 15
143, 16,2, 15
143, 17,2, 15
143, 18,2, 15
143, 19,2, 15
143, 20,2, 15
143, 21,2, 15
143, 22,2, 15
143, 23,2, 15
143, 24,2, 15
143, 25,2, 15
143, 26,2, 15
143, 27,2, 15
143, 28,2, 15
143, 29,2, 15
143, 30,2, 15
143, 31,2, 15
143, 32,2, 15
143, 33,2, 15
143, 34,2, 15
143, 35,2, 15
143, 36,2, 15
143, 37,2, 15
143, 38,2, 15
143, 39,2, 15
143, 0,3, 15
143, 1,3, 15
143, 2,3, 15
143, 3,3, 15
143, 4,3, 15
143, 5,3, 15
143, 6,3, 15
143, 7,3, 15
143, 8,3, 15
143, 9,3, 15
143, 10,3, 15
143, 11,3, 15
143, 12,3, 15
143, 13,3, 15
143, 14,3, 15
143, 15,3, 15
143, 16,3, 15
143, 17,3, 15
143, 18,3, 15
143, 19,3, 15
143, 20,3, 15
143, 21,3, 15
143, 22,3, 15
143, 23,3, 15
143, 24,3, 15
143, 25,3, 15
143, 26,3, 15
143, 27,3, 15
143, 28,3, 15
143, 29,3, 15
143, 30,3, 15
143, 31,3, 15
143, 32,3, 15
143, 33,3, 15
143, 34,3, 15
143, 35,3, 15
143, 36,3, 15
143, 37,3, 15
143, 38,3, 15
143, 39,3, 15
143, 0,4, 15
143, 1,4, 15
143, 2,4, 15
143, 3,4, 15
143, 4,4, 15
143, 5,4, 15
143, 6,4, 15
143, 7,4, 15
143, 8,4, 15
143, 9,4, 15
143, 10,4, 15
143, 11,4, 15
143, 12,4, 15
143, 13,4, 15
143, 14,4, 15
143, 15,4, 15
143, 16,4, 15
143, 17,4, 15
143, 18,4, 15
143, 19,4, 15
143, 20,4, 15
143, 21,4, 15
143, 22,4, 15
143, 23,4, 15
143, 24,4, 15
143, 25,4, 15
143, 26,4, 15
143, 27,4, 15
143, 28,4, 15
143, 29,4, 15
143, 30,4, 15
143, 31,4, 15
143, 32,4, 15
143, 33,4, 15
143, 34,4, 15
143, 35,4, 15
143, 36,4, 15
143, 37,4, 15
143, 38,4, 15
143, 39,4, 15
144, 0,0, 15
144, 1,0, 15
144, 2,0, 15
144, 3,0, 15
144, 4,0, 15
144, 5,0, 15
144, 6,0, 15
144, 7,0, 15
144, 8,0, 15
144, 9,0, 15
144, 10,0, 15
144, 11,0, 15
144, 12,0, 15
144, 13,0, 15
144, 14,0, 15
144, 15,0, 15
144, 16,0, 15
144, 17,0, 15
144, 18,0, 15
144, 19,0, 15
144, 20,0, 15
144, 21,0, 15
144, 22,0, 15
144, 23,0, 15
144, 24,0, 15
144, 25,0, 15
144, 26,0, 15
144, 27,0, 15
144, 28,0, 15
144, 29,0, 15
144, 30,0, 15
144, 31,0, 15
144, 32,0, 15
144, 33,0, 15
144, 34,0, 15
144, 35,0, 15
144, 36,0, 15
144, 37,0, 15
144, 38,0, 15
144, 39,0, 15
144, 0,1, 15
144, 1,1, 15
144, 2,1, 15
144, 3,1, 15
144, 4,1, 15
144, 5,1, 15
144, 6,1, 15
144, 7,1, 15
144, 8,1, 15
144, 9,1, 15
144, 10,1, 15
144, 11,1, 15
144, 12,1, 15
144, 13,1, 15
144, 14,1, 15
144, 15,1, 15
144, 16,1, 15
144, 17,1, 15
144, 18,1, 15
144, 19,1, 15
144, 20,1, 15
144, 21,1, 15
144, 22,1, 15
144, 23,1, 15
144, 24,1, 15
144, 25,1, 15
144, 26,1, 15
144, 27,1, 15
144, 28,1, 15
144, 29,1, 15
144, 30,1, 15
144, 31,1, 15
144, 32,1, 15
144, 33,1, 15
144, 34,1, 15
144, 35,1, 15
144, 36,1, 15
144, 37,1, 15
144, 38,1, 15
144, 39,1, 15
144, 0,2, 15
144, 1,2, 15
144, 2,2, 15
144, 3,2, 15
144, 4,2, 15
144, 5,2, 15
144, 6,2, 15
144, 7,2, 15
144, 8,2, 15
144, 9,2, 15
144, 10,2, 15
144, 11,2, 15
144, 12,2, 15
144, 13,2, 15
144, 14,2, 15
144, 15,2, 15
144, 16,2, 15
144, 17,2, 15
144, 18,2, 15
144, 19,2, 15
144, 20,2, 15
144, 21,2, 15
144, 22,2, 15
144, 23,2, 15
144, 24,2, 15
144, 25,2, 15
144, 26,2, 15
144, 27,2, 15
144, 28,2, 15
144, 29,2, 15
144, 30,2, 15
144, 31,2, 15
144, 32,2, 15
144, 33,2, 15
144, 34,2, 15
144, 35,2, 15
144, 36,2, 15
144, 37,2, 15
144, 38,2, 15
144, 39,2, 15
144, 0,3, 15
144, 1,3, 15
144, 2,3, 15
144, 3,3, 15
144, 4,3, 15
144, 5,3, 15
144, 6,3, 15
144, 7,3, 15
144, 8,3, 15
144, 9,3, 15
144, 10,3, 15
144, 11,3, 15
144, 12,3, 15
144, 13,3, 15
144, 14,3, 15
144, 15,3, 15
144, 16,3, 15
144, 17,3, 15
144, 18,3, 15
144, 19,3, 15
144, 20,3, 15
144, 21,3, 15
144, 22,3, 15
144, 23,3, 15
144, 24,3, 15
144, 25,3, 15
144, 26,3, 15
144, 27,3, 15
144, 28,3, 15
144, 29,3, 15
144, 30,3, 15
144, 31,3, 15
144, 32,3, 15
144, 33,3, 15
144, 34,3, 15
144, 35,3, 15
144, 36,3, 15
144, 37,3, 15
144, 38,3, 15
144, 39,3, 15
144, 0,4, 15
144, 1,4, 15
144, 2,4, 15
144, 3,4, 15
144, 4,4, 15
144, 5,4, 15
144, 6,4, 15
144, 7,4, 15
144, 8,4, 15
144, 9,4, 15
144, 10,4, 15
144, 11,4, 15
144, 12,4, 15
144, 13,4, 15
144, 14,4, 15
144, 15,4, 15
144, 16,4, 15
144, 17,4, 15
144, 18,4, 15
144, 19,4, 15
144, 20,4, 15
144, 21,4, 15
144, 22,4, 15
144, 23,4, 15
144, 24,4, 15
144, 25,4, 15
144, 26,4, 15
144, 27,4, 15
144, 28,4, 15
144, 29,4, 15
144, 30,4, 15
144, 31,4, 15
144, 32,4, 15
144, 33,4, 15
144, 34,4, 15
144, 35,4, 15
144, 36,4, 15
144, 37,4, 15
144, 38,4, 15
144, 39,4, 15
145, 0,0, 15
145, 1,0, 15
145, 2,0, 15
145, 3,0, 15
145, 4,0, 15
145, 5,0, 15
145, 6,0, 15
145, 7,0, 15
145, 8,0, 15
145, 9,0, 15
145, 10,0, 15
145, 11,0, 15
145, 12,0, 15
145, 13,0, 15
145, 14,0, 15
145, 15,0, 15
145, 16,0, 15
145, 17,0, 15
145, 18,0, 15
145, 19,0, 15
145, 20,0, 15
145, 21,0, 15
145, 22,0, 15
145, 23,0, 15
145, 24,0, 15
145, 25,0, 15
145, 26,0, 15
145, 27,0, 15
145, 28,0, 15
145, 29,0, 15
145, 30,0, 15
145, 31,0, 15
145, 32,0, 15
145, 33,0, 15
145, 34,0, 15
145, 35,0, 15
145, 36,0, 15
145, 37,0, 15
145, 38,0, 15
145, 39,0, 15
145, 0,1, 15
145, 1,1, 15
145, 2,1, 15
145, 3,1, 15
145, 4,1, 15
145, 5,1, 15
145, 6,1, 15
145, 7,1, 15
145, 8,1, 15
145, 9,1, 15
145, 10,1, 15
145, 11,1, 15
145, 12,1, 15
145, 13,1, 15
145, 14,1, 15
145, 15,1, 15
145, 16,1, 15
145, 17,1, 15
145, 18,1, 15
145, 19,1, 15
145, 20,1, 15
145, 21,1, 15
145, 22,1, 15
145, 23,1, 15
145, 24,1, 15
145, 25,1, 15
145, 26,1, 15
145, 27,1, 15
145, 28,1, 15
145, 29,1, 15
145, 30,1, 15
145, 31,1, 15
145, 32,1, 15
145, 33,1, 15
145, 34,1, 15
145, 35,1, 15
145, 36,1, 15
145, 37,1, 15
145, 38,1, 15
145, 39,1, 15
145, 0,2, 15
145, 1,2, 15
145, 2,2, 15
145, 3,2, 15
145, 4,2, 15
145, 5,2, 15
145, 6,2, 15
145, 7,2, 15
145, 8,2, 15
145, 9,2, 15
145, 10,2, 15
145, 11,2, 15
145, 12,2, 15
145, 13,2, 15
145, 14,2, 15
145, 15,2, 15
145, 16,2, 15
145, 17,2, 15
145, 18,2, 15
145, 19,2, 15
145, 20,2, 15
145, 21,2, 15
145, 22,2, 15
145, 23,2, 15
145, 24,2, 15
145, 25,2, 15
145, 26,2, 15
145, 27,2, 15
145, 28,2, 15
145, 29,2, 15
145, 30,2, 15
145, 31,2, 15
145, 32,2, 15
145, 33,2, 15
145, 34,2, 15
145, 35,2, 15
145, 36,2, 15
145, 37,2, 15
145, 38,2, 15
145, 39,2, 15
145, 0,3, 15
145, 1,3, 15
145, 2,3, 15
145, 3,3, 15
145, 4,3, 15
145, 5,3, 15
145, 6,3, 15
145, 7,3, 15
145, 8,3, 15
145, 9,3, 15
145, 10,3, 15
145, 11,3, 15
145, 12,3, 15
145, 13,3, 15
145, 14,3, 15
145, 15,3, 15
145, 16,3, 15
145, 17,3, 15
145, 18,3, 15
145, 19,3, 15
145, 20,3, 15
145, 21,3, 15
145, 22,3, 15
145, 23,3, 15
145, 24,3, 15
145, 25,3, 15
145, 26,3, 15
145, 27,3, 15
145, 28,3, 15
145, 29,3, 15
145, 30,3, 15
145, 31,3, 15
145, 32,3, 15
145, 33,3, 15
145, 34,3, 15
145, 35,3, 15
145, 36,3, 15
145, 37,3, 15
145, 38,3, 15
145, 39,3, 15
145, 0,4, 15
145, 1,4, 15
145, 2,4, 15
145, 3,4, 15
145, 4,4, 15
145, 5,4, 15
145, 6,4, 15
145, 7,4, 15
145, 8,4, 15
145, 9,4, 15
145, 10,4, 15
145, 11,4, 15
145, 12,4, 15
145, 13,4, 15
145, 14,4, 15
145, 15,4, 15
145, 16,4, 15
145, 17,4, 15
145, 18,4, 15
145, 19,4, 15
145, 20,4, 15
145, 21,4, 15
145, 22,4, 15
145, 23,4, 15
145, 24,4, 15
145, 25,4, 15
145, 26,4, 15
145, 27,4, 15
145, 28,4, 15
145, 29,4, 15
145, 30,4, 15
145, 31,4, 15
145, 32,4, 15
145, 33,4, 15
145, 34,4, 15
145, 35,4, 15
145, 36,4, 15
145, 37,4, 15
145, 38,4, 15
145, 39,4, 15
146, 0,0, 15
146, 1,0, 15
146, 2,0, 15
146, 3,0, 15
146, 4,0, 15
146, 5,0, 15
146, 6,0, 15
146, 7,0, 15
146, 8,0, 15
146, 9,0, 15
146, 10,0, 15
146, 11,0, 15
146, 12,0, 15
146, 13,0, 15
146, 14,0, 15
146, 15,0, 15
146, 16,0, 15
146, 17,0, 15
146, 18,0, 15
146, 19,0, 15
146, 20,0, 15
146, 21,0, 15
146, 22,0, 15
146, 23,0, 15
146, 24,0, 15
146, 25,0, 15
146, 26,0, 15
146, 27,0, 15
146, 28,0, 15
146, 29,0, 15
146, 30,0, 15
146, 31,0, 15
146, 32,0, 15
146, 33,0, 15
146, 34,0, 15
146, 35,0, 15
146, 36,0, 15
146, 37,0, 15
146, 38,0, 15
146, 39,0, 15
146, 0,1, 15
146, 1,1, 15
146, 2,1, 15
146, 3,1, 15
146, 4,1, 15
146, 5,1, 15
146, 6,1, 15
146, 7,1, 15
146, 8,1, 15
146, 9,1, 15
146, 10,1, 15
146, 11,1, 15
146, 12,1, 15
146, 13,1, 15
146, 14,1, 15
146, 15,1, 15
146, 16,1, 15
146, 17,1, 15
146, 18,1, 15
146, 19,1, 15
146, 20,1, 15
146, 21,1, 15
146, 22,1, 15
146, 23,1, 15
146, 24,1, 15
146, 25,1, 15
146, 26,1, 15
146, 27,1, 15
146, 28,1, 15
146, 29,1, 15
146, 30,1, 15
146, 31,1, 15
146, 32,1, 15
146, 33,1, 15
146, 34,1, 15
146, 35,1, 15
146, 36,1, 15
146, 37,1, 15
146, 38,1, 15
146, 39,1, 15
146, 0,2, 15
146, 1,2, 15
146, 2,2, 15
146, 3,2, 15
146, 4,2, 15
146, 5,2, 15
146, 6,2, 15
146, 7,2, 15
146, 8,2, 15
146, 9,2, 15
146, 10,2, 15
146, 11,2, 15
146, 12,2, 15
146, 13,2, 15
146, 14,2, 15
146, 15,2, 15
146, 16,2, 15
146, 17,2, 15
146, 18,2, 15
146, 19,2, 15
146, 20,2, 15
146, 21,2, 15
146, 22,2, 15
146, 23,2, 15
146, 24,2, 15
146, 25,2, 15
146, 26,2, 15
146, 27,2, 15
146, 28,2, 15
146, 29,2, 15
146, 30,2, 15
146, 31,2, 15
146, 32,2, 15
146, 33,2, 15
146, 34,2, 15
146, 35,2, 15
146, 36,2, 15
146, 37,2, 15
146, 38,2, 15
146, 39,2, 15
146, 0,3, 15
146, 1,3, 15
146, 2,3, 15
146, 3,3, 15
146, 4,3, 15
146, 5,3, 15
146, 6,3, 15
146, 7,3, 15
146, 8,3, 15
146, 9,3, 15
146, 10,3, 15
146, 11,3, 15
146, 12,3, 15
146, 13,3, 15
146, 14,3, 15
146, 15,3, 15
146, 16,3, 15
146, 17,3, 15
146, 18,3, 15
146, 19,3, 15
146, 20,3, 15
146, 21,3, 15
146, 22,3, 15
146, 23,3, 15
146, 24,3, 15
146, 25,3, 15
146, 26,3, 15
146, 27,3, 15
146, 28,3, 15
146, 29,3, 15
146, 30,3, 15
146, 31,3, 15
146, 32,3, 15
146, 33,3, 15
146, 34,3, 15
146, 35,3, 15
146, 36,3, 15
146, 37,3, 15
146, 38,3, 15
146, 39,3, 15
146, 0,4, 15
146, 1,4, 15
146, 2,4, 15
146, 3,4, 15
146, 4,4, 15
146, 5,4, 15
146, 6,4, 15
146, 7,4, 15
146, 8,4, 15
146, 9,4, 15
146, 10,4, 15
146, 11,4, 15
146, 12,4, 15
146, 13,4, 15
146, 14,4, 15
146, 15,4, 15
146, 16,4, 15
146, 17,4, 15
146, 18,4, 15
146, 19,4, 15
146, 20,4, 15
146, 21,4, 15
146, 22,4, 15
146, 23,4, 15
146, 24,4, 15
146, 25,4, 15
146, 26,4, 15
146, 27,4, 15
146, 28,4, 15
146, 29,4, 15
146, 30,4, 15
146, 31,4, 15
146, 32,4, 15
146, 33,4, 15
146, 34,4, 15
146, 35,4, 15
146, 36,4, 15
146, 37,4, 15
146, 38,4, 15
146, 39,4, 15
147, 0,0, 15
147, 1,0, 15
147, 2,0, 15
147, 3,0, 15
147, 4,0, 15
147, 5,0, 15
147, 6,0, 15
147, 7,0, 15
147, 8,0, 15
147, 9,0, 15
147, 10,0, 15
147, 11,0, 15
147, 12,0, 15
147, 13,0, 15
147, 14,0, 15
147, 15,0, 15
147, 16,0, 15
147, 17,0, 15
147, 18,0, 15
147, 19,0, 15
147, 20,0, 15
147, 21,0, 15
147, 22,0, 15
147, 23,0, 15
147, 24,0, 15
147, 25,0, 15
147, 26,0, 15
147, 27,0, 15
147, 28,0, 15
147, 29,0, 15
147, 30,0, 15
147, 31,0, 15
147, 32,0, 15
147, 33,0, 15
147, 34,0, 15
147, 35,0, 15
147, 36,0, 15
147, 37,0, 15
147, 38,0, 15
147, 39,0, 15
147, 0,1, 15
147, 1,1, 15
147, 2,1, 15
147, 3,1, 15
147, 4,1, 15
147, 5,1, 15
147, 6,1, 15
147, 7,1, 15
147, 8,1, 15
147, 9,1, 15
147, 10,1, 15
147, 11,1, 15
147, 12,1, 15
147, 13,1, 15
147, 14,1, 15
147, 15,1, 15
147, 16,1, 15
147, 17,1, 15
147, 18,1, 15
147, 19,1, 15
147, 20,1, 15
147, 21,1, 15
147, 22,1, 15
147, 23,1, 15
147, 24,1, 15
147, 25,1, 15
147, 26,1, 15
147, 27,1, 15
147, 28,1, 15
147, 29,1, 15
147, 30,1, 15
147, 31,1, 15
147, 32,1, 15
147, 33,1, 15
147, 34,1, 15
147, 35,1, 15
147, 36,1, 15
147, 37,1, 15
147, 38,1, 15
147, 39,1, 15
147, 0,2, 15
147, 1,2, 15
147, 2,2, 15
147, 3,2, 15
147, 4,2, 15
147, 5,2, 15
147, 6,2, 15
147, 7,2, 15
147, 8,2, 15
147, 9,2, 15
147, 10,2, 15
147, 11,2, 15
147, 12,2, 15
147, 13,2, 15
147, 14,2, 15
147, 15,2, 15
147, 16,2, 15
147, 17,2, 15
147, 18,2, 15
147, 19,2, 15
147, 20,2, 15
147, 21,2, 15
147, 22,2, 15
147, 23,2, 15
147, 24,2, 15
147, 25,2, 15
147, 26,2, 15
147, 27,2, 15
147, 28,2, 15
147, 29,2, 15
147, 30,2, 15
147, 31,2, 15
147, 32,2, 15
147, 33,2, 15
147, 34,2, 15
147, 35,2, 15
147, 36,2, 15
147, 37,2, 15
147, 38,2, 15
147, 39,2, 15
147, 0,3, 15
147, 1,3, 15
147, 2,3, 15
147, 3,3, 15
147, 4,3, 15
147, 5,3, 15
147, 6,3, 15
147, 7,3, 15
147, 8,3, 15
147, 9,3, 15
147, 10,3, 15
147, 11,3, 15
147, 12,3, 15
147, 13,3, 15
147, 14,3, 15
147, 15,3, 15
147, 16,3, 15
147, 17,3, 15
147, 18,3, 15
147, 19,3, 15
147, 20,3, 15
147, 21,3, 15
147, 22,3, 15
147, 23,3, 15
147, 24,3, 15
147, 25,3, 15
147, 26,3, 15
147, 27,3, 15
147, 28,3, 15
147, 29,3, 15
147, 30,3, 15
147, 31,3, 15
147, 32,3, 15
147, 33,3, 15
147, 34,3, 15
147, 35,3, 15
147, 36,3, 15
147, 37,3, 15
147, 38,3, 15
147, 39,3, 15
147, 0,4, 15
147, 1,4, 15
147, 2,4, 15
147, 3,4, 15
147, 4,4, 15
147, 5,4, 15
147, 6,4, 15
147, 7,4, 15
147, 8,4, 15
147, 9,4, 15
147, 10,4, 15
147, 11,4, 15
147, 12,4, 15
147, 13,4, 15
147, 14,4, 15
147, 15,4, 15
147, 16,4, 15
147, 17,4, 15
147, 18,4, 15
147, 19,4, 15
147, 20,4, 15
147, 21,4, 15
147, 22,4, 15
147, 23,4, 15
147, 24,4, 15
147, 25,4, 15
147, 26,4, 15
147, 27,4, 15
147, 28,4, 15
147, 29,4, 15
147, 30,4, 15
147, 31,4, 15
147, 32,4, 15
147, 33,4, 15
147, 34,4, 15
147, 35,4, 15
147, 36,4, 15
147, 37,4, 15
147, 38,4, 15
147, 39,4, 15
148, 0,0, 15
148, 1,0, 15
148, 2,0, 15
148, 3,0, 15
148, 4,0, 15
148, 5,0, 15
148, 6,0, 15
148, 7,0, 15
148, 8,0, 15
148, 9,0, 15
148, 10,0, 15
148, 11,0, 15
148, 12,0, 15
148, 13,0, 15
148, 14,0, 15
148, 15,0, 15
148, 16,0, 15
148, 17,0, 15
148, 18,0, 15
148, 19,0, 15
148, 20,0, 15
148, 21,0, 15
148, 22,0, 15
148, 23,0, 15
148, 24,0, 15
148, 25,0, 15
148, 26,0, 15
148, 27,0, 15
148, 28,0, 15
148, 29,0, 15
148, 30,0, 15
148, 31,0, 15
148, 32,0, 15
148, 33,0, 15
148, 34,0, 15
148, 35,0, 15
148, 36,0, 15
148, 37,0, 15
148, 38,0, 15
148, 39,0, 15
148, 0,1, 15
148, 1,1, 15
148, 2,1, 15
148, 3,1, 15
148, 4,1, 15
148, 5,1, 15
148, 6,1, 15
148, 7,1, 15
148, 8,1, 15
148, 9,1, 15
148, 10,1, 15
148, 11,1, 15
148, 12,1, 15
148, 13,1, 15
148, 14,1, 15
148, 15,1, 15
148, 16,1, 15
148, 17,1, 15
148, 18,1, 15
148, 19,1, 15
148, 20,1, 15
148, 21,1, 15
148, 22,1, 15
148, 23,1, 15
148, 24,1, 15
148, 25,1, 15
148, 26,1, 15
148, 27,1, 15
148, 28,1, 15
148, 29,1, 15
148, 30,1, 15
148, 31,1, 15
148, 32,1, 15
148, 33,1, 15
148, 34,1, 15
148, 35,1, 15
148, 36,1, 15
148, 37,1, 15
148, 38,1, 15
148, 39,1, 15
148, 0,2, 15
148, 1,2, 15
148, 2,2, 15
148, 3,2, 15
148, 4,2, 15
148, 5,2, 15
148, 6,2, 15
148, 7,2, 15
148, 8,2, 15
148, 9,2, 15
148, 10,2, 15
148, 11,2, 15
148, 12,2, 15
148, 13,2, 15
148, 14,2, 15
148, 15,2, 15
148, 16,2, 15
148, 17,2, 15
148, 18,2, 15
148, 19,2, 15
148, 20,2, 15
148, 21,2, 15
148, 22,2, 15
148, 23,2, 15
148, 24,2, 15
148, 25,2, 15
148, 26,2, 15
148, 27,2, 15
148, 28,2, 15
148, 29,2, 15
148, 30,2, 15
148, 31,2, 15
148, 32,2, 15
148, 33,2, 15
148, 34,2, 15
148, 35,2, 15
148, 36,2, 15
148, 37,2, 15
148, 38,2, 15
148, 39,2, 15
148, 0,3, 15
148, 1,3, 15
148, 2,3, 15
148, 3,3, 15
148, 4,3, 15
148, 5,3, 15
148, 6,3, 15
148, 7,3, 15
148, 8,3, 15
148, 9,3, 15
148, 10,3, 15
148, 11,3, 15
148, 12,3, 15
148, 13,3, 15
148, 14,3, 15
148, 15,3, 15
148, 16,3, 15
148, 17,3, 15
148, 18,3, 15
148, 19,3, 15
148, 20,3, 15
148, 21,3, 15
148, 22,3, 15
148, 23,3, 15
148, 24,3, 15
148, 25,3, 15
148, 26,3, 15
148, 27,3, 15
148, 28,3, 15
148, 29,3, 15
148, 30,3, 15
148, 31,3, 15
148, 32,3, 15
148, 33,3, 15
148, 34,3, 15
148, 35,3, 15
148, 36,3, 15
148, 37,3, 15
148, 38,3, 15
148, 39,3, 15
148, 0,4, 15
148, 1,4, 15
148, 2,4, 15
148, 3,4, 15
148, 4,4, 15
148, 5,4, 15
148, 6,4, 15
148, 7,4, 15
148, 8,4, 15
148, 9,4, 15
148, 10,4, 15
148, 11,4, 15
148, 12,4, 15
148, 13,4, 15
148, 14,4, 15
148, 15,4, 15
148, 16,4, 15
148, 17,4, 15
148, 18,4, 15
148, 19,4, 15
148, 20,4, 15
148, 21,4, 15
148, 22,4, 15
148, 23,4, 15
148, 24,4, 15
148, 25,4, 15
148, 26,4, 15
148, 27,4, 15
148, 28,4, 15
148, 29,4, 15
148, 30,4, 15
148, 31,4, 15
148, 32,4, 15
148, 33,4, 15
148, 34,4, 15
148, 35,4, 15
148, 36,4, 15
148, 37,4, 15
148, 38,4, 15
148, 39,4, 15
149, 0,0, 15
149, 1,0, 15
149, 2,0, 15
149, 3,0, 15
149, 4,0, 15
149, 5,0, 15
149, 6,0, 15
149, 7,0, 15
149, 8,0, 15
149, 9,0, 15
149, 10,0, 15
149, 11,0, 15
149, 12,0, 15
149, 13,0, 15
149, 14,0, 15
149, 15,0, 15
149, 16,0, 15
149, 17,0, 15
149, 18,0, 15
149, 19,0, 15
149, 20,0, 15
149, 21,0, 15
149, 22,0, 15
149, 23,0, 15
149, 24,0, 15
149, 25,0, 15
149, 26,0, 15
149, 27,0, 15
149, 28,0, 15
149, 29,0, 15
149, 30,0, 15
149, 31,0, 15
149, 32,0, 15
149, 33,0, 15
149, 34,0, 15
149, 35,0, 15
149, 36,0, 15
149, 37,0, 15
149, 38,0, 15
149, 39,0, 15
149, 0,1, 15
149, 1,1, 15
149, 2,1, 15
149, 3,1, 15
149, 4,1, 15
149, 5,1, 15
149, 6,1, 15
149, 7,1, 15
149, 8,1, 15
149, 9,1, 15
149, 10,1, 15
149, 11,1, 15
149, 12,1, 15
149, 13,1, 15
149, 14,1, 15
149, 15,1, 15
149, 16,1, 15
149, 17,1, 15
149, 18,1, 15
149, 19,1, 15
149, 20,1, 15
149, 21,1, 15
149, 22,1, 15
149, 23,1, 15
149, 24,1, 15
149, 25,1, 15
149, 26,1, 15
149, 27,1, 15
149, 28,1, 15
149, 29,1, 15
149, 30,1, 15
149, 31,1, 15
149, 32,1, 15
149, 33,1, 15
149, 34,1, 15
149, 35,1, 15
149, 36,1, 15
149, 37,1, 15
149, 38,1, 15
149, 39,1, 15
149, 0,2, 15
149, 1,2, 15
149, 2,2, 15
149, 3,2, 15
149, 4,2, 15
149, 5,2, 15
149, 6,2, 15
149, 7,2, 15
149, 8,2, 15
149, 9,2, 15
149, 10,2, 15
149, 11,2, 15
149, 12,2, 15
149, 13,2, 15
149, 14,2, 15
149, 15,2, 15
149, 16,2, 15
149, 17,2, 15
149, 18,2, 15
149, 19,2, 15
149, 20,2, 15
149, 21,2, 15
149, 22,2, 15
149, 23,2, 15
149, 24,2, 15
149, 25,2, 15
149, 26,2, 15
149, 27,2, 15
149, 28,2, 15
149, 29,2, 15
149, 30,2, 15
149, 31,2, 15
149, 32,2, 15
149, 33,2, 15
149, 34,2, 15
149, 35,2, 15
149, 36,2, 15
149, 37,2, 15
149, 38,2, 15
149, 39,2, 15
149, 0,3, 15
149, 1,3, 15
149, 2,3, 15
149, 3,3, 15
149, 4,3, 15
149, 5,3, 15
149, 6,3, 15
149, 7,3, 15
149, 8,3, 15
149, 9,3, 15
149, 10,3, 15
149, 11,3, 15
149, 12,3, 15
149, 13,3, 15
149, 14,3, 15
149, 15,3, 15
149, 16,3, 15
149, 17,3, 15
149, 18,3, 15
149, 19,3, 15
149, 20,3, 15
149, 21,3, 15
149, 22,3, 15
149, 23,3, 15
149, 24,3, 15
149, 25,3, 15
149, 26,3, 15
149, 27,3, 15
149, 28,3, 15
149, 29,3, 15
149, 30,3, 15
149, 31,3, 15
149, 32,3, 15
149, 33,3, 15
149, 34,3, 15
149, 35,3, 15
149, 36,3, 15
149, 37,3, 15
149, 38,3, 15
149, 39,3, 15
149, 0,4, 15
149, 1,4, 15
149, 2,4, 15
149, 3,4, 15
149, 4,4, 15
149, 5,4, 15
149, 6,4, 15
149, 7,4, 15
149, 8,4, 15
149, 9,4, 15
149, 10,4, 15
149, 11,4, 15
149, 12,4, 15
149, 13,4, 15
149, 14,4, 15
149, 15,4, 15
149, 16,4, 15
149, 17,4, 15
149, 18,4, 15
149, 19,4, 15
149, 20,4, 15
149, 21,4, 15
149, 22,4, 15
149, 23,4, 15
149, 24,4, 15
149, 25,4, 15
149, 26,4, 15
149, 27,4, 15
149, 28,4, 15
149, 29,4, 15
149, 30,4, 15
149, 31,4, 15
149, 32,4, 15
149, 33,4, 15
149, 34,4, 15
149, 35,4, 15
149, 36,4, 15
149, 37,4, 15
149, 38,4, 15
149, 39,4, 15
150, 0,0, 15
150, 1,0, 15
150, 2,0, 15
150, 3,0, 15
150, 4,0, 15
150, 5,0, 15
150, 6,0, 15
150, 7,0, 15
150, 8,0, 15
150, 9,0, 15
150, 10,0, 15
150, 11,0, 15
150, 12,0, 15
150, 13,0, 15
150, 14,0, 15
150, 15,0, 15
150, 16,0, 15
150, 17,0, 15
150, 18,0, 15
150, 19,0, 15
150, 20,0, 15
150, 21,0, 15
150, 22,0, 15
150, 23,0, 15
150, 24,0, 15
150, 25,0, 15
150, 26,0, 15
150, 27,0, 15
150, 28,0, 15
150, 29,0, 15
150, 30,0, 15
150, 31,0, 15
150, 32,0, 15
150, 33,0, 15
150, 34,0, 15
150, 35,0, 15
150, 36,0, 15
150, 37,0, 15
150, 38,0, 15
150, 39,0, 15
150, 0,1, 15
150, 1,1, 15
150, 2,1, 15
150, 3,1, 15
150, 4,1, 15
150, 5,1, 15
150, 6,1, 15
150, 7,1, 15
150, 8,1, 15
150, 9,1, 15
150, 10,1, 15
150, 11,1, 15
150, 12,1, 15
150, 13,1, 15
150, 14,1, 15
150, 15,1, 15
150, 16,1, 15
150, 17,1, 15
150, 18,1, 15
150, 19,1, 15
150, 20,1, 15
150, 21,1, 15
150, 22,1, 15
150, 23,1, 15
150, 24,1, 15
150, 25,1, 15
150, 26,1, 15
150, 27,1, 15
150, 28,1, 15
150, 29,1, 15
150, 30,1, 15
150, 31,1, 15
150, 32,1, 15
150, 33,1, 15
150, 34,1, 15
150, 35,1, 15
150, 36,1, 15
150, 37,1, 15
150, 38,1, 15
150, 39,1, 15
150, 0,2, 15
150, 1,2, 15
150, 2,2, 15
150, 3,2, 15
150, 4,2, 15
150, 5,2, 15
150, 6,2, 15
150, 7,2, 15
150, 8,2, 15
150, 9,2, 15
150, 10,2, 15
150, 11,2, 15
150, 12,2, 15
150, 13,2, 15
150, 14,2, 15
150, 15,2, 15
150, 16,2, 15
150, 17,2, 15
150, 18,2, 15
150, 19,2, 15
150, 20,2, 15
150, 21,2, 15
150, 22,2, 15
150, 23,2, 15
150, 24,2, 15
150, 25,2, 15
150, 26,2, 15
150, 27,2, 15
150, 28,2, 15
150, 29,2, 15
150, 30,2, 15
150, 31,2, 15
150, 32,2, 15
150, 33,2, 15
150, 34,2, 15
150, 35,2, 15
150, 36,2, 15
150, 37,2, 15
150, 38,2, 15
150, 39,2, 15
150, 0,3, 15
150, 1,3, 15
150, 2,3, 15
150, 3,3, 15
150, 4,3, 15
150, 5,3, 15
150, 6,3, 15
150, 7,3, 15
150, 8,3, 15
150, 9,3, 15
150, 10,3, 15
150, 11,3, 15
150, 12,3, 15
150, 13,3, 15
150, 14,3, 15
150, 15,3, 15
150, 16,3, 15
150, 17,3, 15
150, 18,3, 15
150, 19,3, 15
150, 20,3, 15
150, 21,3, 15
150, 22,3, 15
150, 23,3, 15
150, 24,3, 15
150, 25,3, 15
150, 26,3, 15
150, 27,3, 15
150, 28,3, 15
150, 29,3, 15
150, 30,3, 15
150, 31,3, 15
150, 32,3, 15
150, 33,3, 15
150, 34,3, 15
150, 35,3, 15
150, 36,3, 15
150, 37,3, 15
150, 38,3, 15
150, 39,3, 15
150, 0,4, 15
150, 1,4, 15
150, 2,4, 15
150, 3,4, 15
150, 4,4, 15
150, 5,4, 15
150, 6,4, 15
150, 7,4, 15
150, 8,4, 15
150, 9,4, 15
150, 10,4, 15
150, 11,4, 15
150, 12,4, 15
150, 13,4, 15
150, 14,4, 15
150, 15,4, 15
150, 16,4, 15
150, 17,4, 15
150, 18,4, 15
150, 19,4, 15
150, 20,4, 15
150, 21,4, 15
150, 22,4, 15
150, 23,4, 15
150, 24,4, 15
150, 25,4, 15
150, 26,4, 15
150, 27,4, 15
150, 28,4, 15
150, 29,4, 15
150, 30,4, 15
150, 31,4, 15
150, 32,4, 15
150, 33,4, 15
150, 34,4, 15
150, 35,4, 15
150, 36,4, 15
150, 37,4, 15
150, 38,4, 15
150, 39,4, 15
151, 0,0, 15
151, 1,0, 15
151, 2,0, 15
151, 3,0, 15
151, 4,0, 15
151, 5,0, 15
151, 6,0, 15
151, 7,0, 15
151, 8,0, 15
151, 9,0, 15
151, 10,0, 15
151, 11,0, 15
151, 12,0, 15
151, 13,0, 15
151, 14,0, 15
151, 15,0, 15
151, 16,0, 15
151, 17,0, 15
151, 18,0, 15
151, 19,0, 15
151, 20,0, 15
151, 21,0, 15
151, 22,0, 15
151, 23,0, 15
151, 24,0, 15
151, 25,0, 15
151, 26,0, 15
151, 27,0, 15
151, 28,0, 15
151, 29,0, 15
151, 30,0, 15
151, 31,0, 15
151, 32,0, 15
151, 33,0, 15
151, 34,0, 15
151, 35,0, 15
151, 36,0, 15
151, 37,0, 15
151, 38,0, 15
151, 39,0, 15
151, 0,1, 15
151, 1,1, 15
151, 2,1, 15
151, 3,1, 15
151, 4,1, 15
151, 5,1, 15
151, 6,1, 15
151, 7,1, 15
151, 8,1, 15
151, 9,1, 15
151, 10,1, 15
151, 11,1, 15
151, 12,1, 15
151, 13,1, 15
151, 14,1, 15
151, 15,1, 15
151, 16,1, 15
151, 17,1, 15
151, 18,1, 15
151, 19,1, 15
151, 20,1, 15
151, 21,1, 15
151, 22,1, 15
151, 23,1, 15
151, 24,1, 15
151, 25,1, 15
151, 26,1, 15
151, 27,1, 15
151, 28,1, 15
151, 29,1, 15
151, 30,1, 15
151, 31,1, 15
151, 32,1, 15
151, 33,1, 15
151, 34,1, 15
151, 35,1, 15
151, 36,1, 15
151, 37,1, 15
151, 38,1, 15
151, 39,1, 15
151, 0,2, 15
151, 1,2, 15
151, 2,2, 15
151, 3,2, 15
151, 4,2, 15
151, 5,2, 15
151, 6,2, 15
151, 7,2, 15
151, 8,2, 15
151, 9,2, 15
151, 10,2, 15
151, 11,2, 15
151, 12,2, 15
151, 13,2, 15
151, 14,2, 15
151, 15,2, 15
151, 16,2, 15
151, 17,2, 15
151, 18,2, 15
151, 19,2, 15
151, 20,2, 15
151, 21,2, 15
151, 22,2, 15
151, 23,2, 15
151, 24,2, 15
151, 25,2, 15
151, 26,2, 15
151, 27,2, 15
151, 28,2, 15
151, 29,2, 15
151, 30,2, 15
151, 31,2, 15
151, 32,2, 15
151, 33,2, 15
151, 34,2, 15
151, 35,2, 15
151, 36,2, 15
151, 37,2, 15
151, 38,2, 15
151, 39,2, 15
151, 0,3, 15
151, 1,3, 15
151, 2,3, 15
151, 3,3, 15
151, 4,3, 15
151, 5,3, 15
151, 6,3, 15
151, 7,3, 15
151, 8,3, 15
151, 9,3, 15
151, 10,3, 15
151, 11,3, 15
151, 12,3, 15
151, 13,3, 15
151, 14,3, 15
151, 15,3, 15
151, 16,3, 15
151, 17,3, 15
151, 18,3, 15
151, 19,3, 15
151, 20,3, 15
151, 21,3, 15
151, 22,3, 15
151, 23,3, 15
151, 24,3, 15
151, 25,3, 15
151, 26,3, 15
151, 27,3, 15
151, 28,3, 15
151, 29,3, 15
151, 30,3, 15
151, 31,3, 15
151, 32,3, 15
151, 33,3, 15
151, 34,3, 15
151, 35,3, 15
151, 36,3, 15
151, 37,3, 15
151, 38,3, 15
151, 39,3, 15
151, 0,4, 15
151, 1,4, 15
151, 2,4, 15
151, 3,4, 15
151, 4,4, 15
151, 5,4, 15
151, 6,4, 15
151, 7,4, 15
151, 8,4, 15
151, 9,4, 15
151, 10,4, 15
151, 11,4, 15
151, 12,4, 15
151, 13,4, 15
151, 14,4, 15
151, 15,4, 15
151, 16,4, 15
151, 17,4, 15
151, 18,4, 15
151, 19,4, 15
151, 20,4, 15
151, 21,4, 15
151, 22,4, 15
151, 23,4, 15
151, 24,4, 15
151, 25,4, 15
151, 26,4, 15
151, 27,4, 15
151, 28,4, 15
151, 29,4, 15
151, 30,4, 15
151, 31,4, 15
151, 32,4, 15
151, 33,4, 15
151, 34,4, 15
151, 35,4, 15
151, 36,4, 15
151, 37,4, 15
151, 38,4, 15
151, 39,4, 15
152, 0,0, 15
152, 1,0, 15
152, 2,0, 15
152, 3,0, 15
152, 4,0, 15
152, 5,0, 15
152, 6,0, 15
152, 7,0, 15
152, 8,0, 15
152, 9,0, 15
152, 10,0, 15
152, 11,0, 15
152, 12,0, 15
152, 13,0, 15
152, 14,0, 15
152, 15,0, 15
152, 16,0, 15
152, 17,0, 15
152, 18,0, 15
152, 19,0, 15
152, 20,0, 15
152, 21,0, 15
152, 22,0, 15
152, 23,0, 15
152, 24,0, 15
152, 25,0, 15
152, 26,0, 15
152, 27,0, 15
152, 28,0, 15
152, 29,0, 15
152, 30,0, 15
152, 31,0, 15
152, 32,0, 15
152, 33,0, 15
152, 34,0, 15
152, 35,0, 15
152, 36,0, 15
152, 37,0, 15
152, 38,0, 15
152, 39,0, 15
152, 0,1, 15
152, 1,1, 15
152, 2,1, 15
152, 3,1, 15
152, 4,1, 15
152, 5,1, 15
152, 6,1, 15
152, 7,1, 15
152, 8,1, 15
152, 9,1, 15
152, 10,1, 15
152, 11,1, 15
152, 12,1, 15
152, 13,1, 15
152, 14,1, 15
152, 15,1, 15
152, 16,1, 15
152, 17,1, 15
152, 18,1, 15
152, 19,1, 15
152, 20,1, 15
152, 21,1, 15
152, 22,1, 15
152, 23,1, 15
152, 24,1, 15
152, 25,1, 15
152, 26,1, 15
152, 27,1, 15
152, 28,1, 15
152, 29,1, 15
152, 30,1, 15
152, 31,1, 15
152, 32,1, 15
152, 33,1, 15
152, 34,1, 15
152, 35,1, 15
152, 36,1, 15
152, 37,1, 15
152, 38,1, 15
152, 39,1, 15
152, 0,2, 15
152, 1,2, 15
152, 2,2, 15
152, 3,2, 15
152, 4,2, 15
152, 5,2, 15
152, 6,2, 15
152, 7,2, 15
152, 8,2, 15
152, 9,2, 15
152, 10,2, 15
152, 11,2, 15
152, 12,2, 15
152, 13,2, 15
152, 14,2, 15
152, 15,2, 15
152, 16,2, 15
152, 17,2, 15
152, 18,2, 15
152, 19,2, 15
152, 20,2, 15
152, 21,2, 15
152, 22,2, 15
152, 23,2, 15
152, 24,2, 15
152, 25,2, 15
152, 26,2, 15
152, 27,2, 15
152, 28,2, 15
152, 29,2, 15
152, 30,2, 15
152, 31,2, 15
152, 32,2, 15
152, 33,2, 15
152, 34,2, 15
152, 35,2, 15
152, 36,2, 15
152, 37,2, 15
152, 38,2, 15
152, 39,2, 15
152, 0,3, 15
152, 1,3, 15
152, 2,3, 15
152, 3,3, 15
152, 4,3, 15
152, 5,3, 15
152, 6,3, 15
152, 7,3, 15
152, 8,3, 15
152, 9,3, 15
152, 10,3, 15
152, 11,3, 15
152, 12,3, 15
152, 13,3, 15
152, 14,3, 15
152, 15,3, 15
152, 16,3, 15
152, 17,3, 15
152, 18,3, 15
152, 19,3, 15
152, 20,3, 15
152, 21,3, 15
152, 22,3, 15
152, 23,3, 15
152, 24,3, 15
152, 25,3, 15
152, 26,3, 15
152, 27,3, 15
152, 28,3, 15
152, 29,3, 15
152, 30,3, 15
152, 31,3, 15
152, 32,3, 15
152, 33,3, 15
152, 34,3, 15
152, 35,3, 15
152, 36,3, 15
152, 37,3, 15
152, 38,3, 15
152, 39,3, 15
152, 0,4, 15
152, 1,4, 15
152, 2,4, 15
152, 3,4, 15
152, 4,4, 15
152, 5,4, 15
152, 6,4, 15
152, 7,4, 15
152, 8,4, 15
152, 9,4, 15
152, 10,4, 15
152, 11,4, 15
152, 12,4, 15
152, 13,4, 15
152, 14,4, 15
152, 15,4, 15
152, 16,4, 15
152, 17,4, 15
152, 18,4, 15
152, 19,4, 15
152, 20,4, 15
152, 21,4, 15
152, 22,4, 15
152, 23,4, 15
152, 24,4, 15
152, 25,4, 15
152, 26,4, 15
152, 27,4, 15
152, 28,4, 15
152, 29,4, 15
152, 30,4, 15
152, 31,4, 15
152, 32,4, 15
152, 33,4, 15
152, 34,4, 15
152, 35,4, 15
152, 36,4, 15
152, 37,4, 15
152, 38,4, 15
152, 39,4, 15
153, 0,0, 15
153, 1,0, 15
153, 2,0, 15
153, 3,0, 15
153, 4,0, 15
153, 5,0, 15
153, 6,0, 15
153, 7,0, 15
153, 8,0, 15
153, 9,0, 15
153, 10,0, 15
153, 11,0, 15
153, 12,0, 15
153, 13,0, 15
153, 14,0, 15
153, 15,0, 15
153, 16,0, 15
153, 17,0, 15
153, 18,0, 15
153, 19,0, 15
153, 20,0, 15
153, 21,0, 15
153, 22,0, 15
153, 23,0, 15
153, 24,0, 15
153, 25,0, 15
153, 26,0, 15
153, 27,0, 15
153, 28,0, 15
153, 29,0, 15
153, 30,0, 15
153, 31,0, 15
153, 32,0, 15
153, 33,0, 15
153, 34,0, 15
153, 35,0, 15
153, 36,0, 15
153, 37,0, 15
153, 38,0, 15
153, 39,0, 15
153, 0,1, 15
153, 1,1, 15
153, 2,1, 15
153, 3,1, 15
153, 4,1, 15
153, 5,1, 15
153, 6,1, 15
153, 7,1, 15
153, 8,1, 15
153, 9,1, 15
153, 10,1, 15
153, 11,1, 15
153, 12,1, 15
153, 13,1, 15
153, 14,1, 15
153, 15,1, 15
153, 16,1, 15
153, 17,1, 15
153, 18,1, 15
153, 19,1, 15
153, 20,1, 15
153, 21,1, 15
153, 22,1, 15
153, 23,1, 15
153, 24,1, 15
153, 25,1, 15
153, 26,1, 15
153, 27,1, 15
153, 28,1, 15
153, 29,1, 15
153, 30,1, 15
153, 31,1, 15
153, 32,1, 15
153, 33,1, 15
153, 34,1, 15
153, 35,1, 15
153, 36,1, 15
153, 37,1, 15
153, 38,1, 15
153, 39,1, 15
153, 0,2, 15
153, 1,2, 15
153, 2,2, 15
153, 3,2, 15
153, 4,2, 15
153, 5,2, 15
153, 6,2, 15
153, 7,2, 15
153, 8,2, 15
153, 9,2, 15
153, 10,2, 15
153, 11,2, 15
153, 12,2, 15
153, 13,2, 15
153, 14,2, 15
153, 15,2, 15
153, 16,2, 15
153, 17,2, 15
153, 18,2, 15
153, 19,2, 15
153, 20,2, 15
153, 21,2, 15
153, 22,2, 15
153, 23,2, 15
153, 24,2, 15
153, 25,2, 15
153, 26,2, 15
153, 27,2, 15
153, 28,2, 15
153, 29,2, 15
153, 30,2, 15
153, 31,2, 15
153, 32,2, 15
153, 33,2, 15
153, 34,2, 15
153, 35,2, 15
153, 36,2, 15
153, 37,2, 15
153, 38,2, 15
153, 39,2, 15
153, 0,3, 15
153, 1,3, 15
153, 2,3, 15
153, 3,3, 15
153, 4,3, 15
153, 5,3, 15
153, 6,3, 15
153, 7,3, 15
153, 8,3, 15
153, 9,3, 15
153, 10,3, 15
153, 11,3, 15
153, 12,3, 15
153, 13,3, 15
153, 14,3, 15
153, 15,3, 15
153, 16,3, 15
153, 17,3, 15
153, 18,3, 15
153, 19,3, 15
153, 20,3, 15
153, 21,3, 15
153, 22,3, 15
153, 23,3, 15
153, 24,3, 15
153, 25,3, 15
153, 26,3, 15
153, 27,3, 15
153, 28,3, 15
153, 29,3, 15
153, 30,3, 15
153, 31,3, 15
153, 32,3, 15
153, 33,3, 15
153, 34,3, 15
153, 35,3, 15
153, 36,3, 15
153, 37,3, 15
153, 38,3, 15
153, 39,3, 15
153, 0,4, 15
153, 1,4, 15
153, 2,4, 15
153, 3,4, 15
153, 4,4, 15
153, 5,4, 15
153, 6,4, 15
153, 7,4, 15
153, 8,4, 15
153, 9,4, 15
153, 10,4, 15
153, 11,4, 15
153, 12,4, 15
153, 13,4, 15
153, 14,4, 15
153, 15,4, 15
153, 16,4, 15
153, 17,4, 15
153, 18,4, 15
153, 19,4, 15
153, 20,4, 15
153, 21,4, 15
153, 22,4, 15
153, 23,4, 15
153, 24,4, 15
153, 25,4, 15
153, 26,4, 15
153, 27,4, 15
153, 28,4, 15
153, 29,4, 15
153, 30,4, 15
153, 31,4, 15
153, 32,4, 15
153, 33,4, 15
153, 34,4, 15
153, 35,4, 15
153, 36,4, 15
153, 37,4, 15
153, 38,4, 15
153, 39,4, 15
154, 0,0, 15
154, 1,0, 15
154, 2,0, 15
154, 3,0, 15
154, 4,0, 15
154, 5,0, 15
154, 6,0, 15
154, 7,0, 15
154, 8,0, 15
154, 9,0, 15
154, 10,0, 15
154, 11,0, 15
154, 12,0, 15
154, 13,0, 15
154, 14,0, 15
154, 15,0, 15
154, 16,0, 15
154, 17,0, 15
154, 18,0, 15
154, 19,0, 15
154, 20,0, 15
154, 21,0, 15
154, 22,0, 15
154, 23,0, 15
154, 24,0, 15
154, 25,0, 15
154, 26,0, 15
154, 27,0, 15
154, 28,0, 15
154, 29,0, 15
154, 30,0, 15
154, 31,0, 15
154, 32,0, 15
154, 33,0, 15
154, 34,0, 15
154, 35,0, 15
154, 36,0, 15
154, 37,0, 15
154, 38,0, 15
154, 39,0, 15
154, 0,1, 15
154, 1,1, 15
154, 2,1, 15
154, 3,1, 15
154, 4,1, 15
154, 5,1, 15
154, 6,1, 15
154, 7,1, 15
154, 8,1, 15
154, 9,1, 15
154, 10,1, 15
154, 11,1, 15
154, 12,1, 15
154, 13,1, 15
154, 14,1, 15
154, 15,1, 15
154, 16,1, 15
154, 17,1, 15
154, 18,1, 15
154, 19,1, 15
154, 20,1, 15
154, 21,1, 15
154, 22,1, 15
154, 23,1, 15
154, 24,1, 15
154, 25,1, 15
154, 26,1, 15
154, 27,1, 15
154, 28,1, 15
154, 29,1, 15
154, 30,1, 15
154, 31,1, 15
154, 32,1, 15
154, 33,1, 15
154, 34,1, 15
154, 35,1, 15
154, 36,1, 15
154, 37,1, 15
154, 38,1, 15
154, 39,1, 15
154, 0,2, 15
154, 1,2, 15
154, 2,2, 15
154, 3,2, 15
154, 4,2, 15
154, 5,2, 15
154, 6,2, 15
154, 7,2, 15
154, 8,2, 15
154, 9,2, 15
154, 10,2, 15
154, 11,2, 15
154, 12,2, 15
154, 13,2, 15
154, 14,2, 15
154, 15,2, 15
154, 16,2, 15
154, 17,2, 15
154, 18,2, 15
154, 19,2, 15
154, 20,2, 15
154, 21,2, 15
154, 22,2, 15
154, 23,2, 15
154, 24,2, 15
154, 25,2, 15
154, 26,2, 15
154, 27,2, 15
154, 28,2, 15
154, 29,2, 15
154, 30,2, 15
154, 31,2, 15
154, 32,2, 15
154, 33,2, 15
154, 34,2, 15
154, 35,2, 15
154, 36,2, 15
154, 37,2, 15
154, 38,2, 15
154, 39,2, 15
154, 0,3, 15
154, 1,3, 15
154, 2,3, 15
154, 3,3, 15
154, 4,3, 15
154, 5,3, 15
154, 6,3, 15
154, 7,3, 15
154, 8,3, 15
154, 9,3, 15
154, 10,3, 15
154, 11,3, 15
154, 12,3, 15
154, 13,3, 15
154, 14,3, 15
154, 15,3, 15
154, 16,3, 15
154, 17,3, 15
154, 18,3, 15
154, 19,3, 15
154, 20,3, 15
154, 21,3, 15
154, 22,3, 15
154, 23,3, 15
154, 24,3, 15
154, 25,3, 15
154, 26,3, 15
154, 27,3, 15
154, 28,3, 15
154, 29,3, 15
154, 30,3, 15
154, 31,3, 15
154, 32,3, 15
154, 33,3, 15
154, 34,3, 15
154, 35,3, 15
154, 36,3, 15
154, 37,3, 15
154, 38,3, 15
154, 39,3, 15
154, 0,4, 15
154, 1,4, 15
154, 2,4, 15
154, 3,4, 15
154, 4,4, 15
154, 5,4, 15
154, 6,4, 15
154, 7,4, 15
154, 8,4, 15
154, 9,4, 15
154, 10,4, 15
154, 11,4, 15
154, 12,4, 15
154, 13,4, 15
154, 14,4, 15
154, 15,4, 15
154, 16,4, 15
154, 17,4, 15
154, 18,4, 15
154, 19,4, 15
154, 20,4, 15
154, 21,4, 15
154, 22,4, 15
154, 23,4, 15
154, 24,4, 15
154, 25,4, 15
154, 26,4, 15
154, 27,4, 15
154, 28,4, 15
154, 29,4, 15
154, 30,4, 15
154, 31,4, 15
154, 32,4, 15
154, 33,4, 15
154, 34,4, 15
154, 35,4, 15
154, 36,4, 15
154, 37,4, 15
154, 38,4, 15
154, 39,4, 15
155, 0,0, 15
155, 1,0, 15
155, 2,0, 15
155, 3,0, 15
155, 4,0, 15
155, 5,0, 15
155, 6,0, 15
155, 7,0, 15
155, 8,0, 15
155, 9,0, 15
155, 10,0, 15
155, 11,0, 15
155, 12,0, 15
155, 13,0, 15
155, 14,0, 15
155, 15,0, 15
155, 16,0, 15
155, 17,0, 15
155, 18,0, 15
155, 19,0, 15
155, 20,0, 15
155, 21,0, 15
155, 22,0, 15
155, 23,0, 15
155, 24,0, 15
155, 25,0, 15
155, 26,0, 15
155, 27,0, 15
155, 28,0, 15
155, 29,0, 15
155, 30,0, 15
155, 31,0, 15
155, 32,0, 15
155, 33,0, 15
155, 34,0, 15
155, 35,0, 15
155, 36,0, 15
155, 37,0, 15
155, 38,0, 15
155, 39,0, 15
155, 0,1, 15
155, 1,1, 15
155, 2,1, 15
155, 3,1, 15
155, 4,1, 15
155, 5,1, 15
155, 6,1, 15
155, 7,1, 15
155, 8,1, 15
155, 9,1, 15
155, 10,1, 15
155, 11,1, 15
155, 12,1, 15
155, 13,1, 15
155, 14,1, 15
155, 15,1, 15
155, 16,1, 15
155, 17,1, 15
155, 18,1, 15
155, 19,1, 15
155, 20,1, 15
155, 21,1, 15
155, 22,1, 15
155, 23,1, 15
155, 24,1, 15
155, 25,1, 15
155, 26,1, 15
155, 27,1, 15
155, 28,1, 15
155, 29,1, 15
155, 30,1, 15
155, 31,1, 15
155, 32,1, 15
155, 33,1, 15
155, 34,1, 15
155, 35,1, 15
155, 36,1, 15
155, 37,1, 15
155, 38,1, 15
155, 39,1, 15
155, 0,2, 15
155, 1,2, 15
155, 2,2, 15
155, 3,2, 15
155, 4,2, 15
155, 5,2, 15
155, 6,2, 15
155, 7,2, 15
155, 8,2, 15
155, 9,2, 15
155, 10,2, 15
155, 11,2, 15
155, 12,2, 15
155, 13,2, 15
155, 14,2, 15
155, 15,2, 15
155, 16,2, 15
155, 17,2, 15
155, 18,2, 15
155, 19,2, 15
155, 20,2, 15
155, 21,2, 15
155, 22,2, 15
155, 23,2, 15
155, 24,2, 15
155, 25,2, 15
155, 26,2, 15
155, 27,2, 15
155, 28,2, 15
155, 29,2, 15
155, 30,2, 15
155, 31,2, 15
155, 32,2, 15
155, 33,2, 15
155, 34,2, 15
155, 35,2, 15
155, 36,2, 15
155, 37,2, 15
155, 38,2, 15
155, 39,2, 15
155, 0,3, 15
155, 1,3, 15
155, 2,3, 15
155, 3,3, 15
155, 4,3, 15
155, 5,3, 15
155, 6,3, 15
155, 7,3, 15
155, 8,3, 15
155, 9,3, 15
155, 10,3, 15
155, 11,3, 15
155, 12,3, 15
155, 13,3, 15
155, 14,3, 15
155, 15,3, 15
155, 16,3, 15
155, 17,3, 15
155, 18,3, 15
155, 19,3, 15
155, 20,3, 15
155, 21,3, 15
155, 22,3, 15
155, 23,3, 15
155, 24,3, 15
155, 25,3, 15
155, 26,3, 15
155, 27,3, 15
155, 28,3, 15
155, 29,3, 15
155, 30,3, 15
155, 31,3, 15
155, 32,3, 15
155, 33,3, 15
155, 34,3, 15
155, 35,3, 15
155, 36,3, 15
155, 37,3, 15
155, 38,3, 15
155, 39,3, 15
155, 0,4, 15
155, 1,4, 15
155, 2,4, 15
155, 3,4, 15
155, 4,4, 15
155, 5,4, 15
155, 6,4, 15
155, 7,4, 15
155, 8,4, 15
155, 9,4, 15
155, 10,4, 15
155, 11,4, 15
155, 12,4, 15
155, 13,4, 15
155, 14,4, 15
155, 15,4, 15
155, 16,4, 15
155, 17,4, 15
155, 18,4, 15
155, 19,4, 15
155, 20,4, 15
155, 21,4, 15
155, 22,4, 15
155, 23,4, 15
155, 24,4, 15
155, 25,4, 15
155, 26,4, 15
155, 27,4, 15
155, 28,4, 15
155, 29,4, 15
155, 30,4, 15
155, 31,4, 15
155, 32,4, 15
155, 33,4, 15
155, 34,4, 15
155, 35,4, 15
155, 36,4, 15
155, 37,4, 15
155, 38,4, 15
155, 39,4, 15
156, 0,0, 15
156, 1,0, 15
156, 2,0, 15
156, 3,0, 15
156, 4,0, 15
156, 5,0, 15
156, 6,0, 15
156, 7,0, 15
156, 8,0, 15
156, 9,0, 15
156, 10,0, 15
156, 11,0, 15
156, 12,0, 15
156, 13,0, 15
156, 14,0, 15
156, 15,0, 15
156, 16,0, 15
156, 17,0, 15
156, 18,0, 15
156, 19,0, 15
156, 20,0, 15
156, 21,0, 15
156, 22,0, 15
156, 23,0, 15
156, 24,0, 15
156, 25,0, 15
156, 26,0, 15
156, 27,0, 15
156, 28,0, 15
156, 29,0, 15
156, 30,0, 15
156, 31,0, 15
156, 32,0, 15
156, 33,0, 15
156, 34,0, 15
156, 35,0, 15
156, 36,0, 15
156, 37,0, 15
156, 38,0, 15
156, 39,0, 15
156, 0,1, 15
156, 1,1, 15
156, 2,1, 15
156, 3,1, 15
156, 4,1, 15
156, 5,1, 15
156, 6,1, 15
156, 7,1, 15
156, 8,1, 15
156, 9,1, 15
156, 10,1, 15
156, 11,1, 15
156, 12,1, 15
156, 13,1, 15
156, 14,1, 15
156, 15,1, 15
156, 16,1, 15
156, 17,1, 15
156, 18,1, 15
156, 19,1, 15
156, 20,1, 15
156, 21,1, 15
156, 22,1, 15
156, 23,1, 15
156, 24,1, 15
156, 25,1, 15
156, 26,1, 15
156, 27,1, 15
156, 28,1, 15
156, 29,1, 15
156, 30,1, 15
156, 31,1, 15
156, 32,1, 15
156, 33,1, 15
156, 34,1, 15
156, 35,1, 15
156, 36,1, 15
156, 37,1, 15
156, 38,1, 15
156, 39,1, 15
156, 0,2, 15
156, 1,2, 15
156, 2,2, 15
156, 3,2, 15
156, 4,2, 15
156, 5,2, 15
156, 6,2, 15
156, 7,2, 15
156, 8,2, 15
156, 9,2, 15
156, 10,2, 15
156, 11,2, 15
156, 12,2, 15
156, 13,2, 15
156, 14,2, 15
156, 15,2, 15
156, 16,2, 15
156, 17,2, 15
156, 18,2, 15
156, 19,2, 15
156, 20,2, 15
156, 21,2, 15
156, 22,2, 15
156, 23,2, 15
156, 24,2, 15
156, 25,2, 15
156, 26,2, 15
156, 27,2, 15
156, 28,2, 15
156, 29,2, 15
156, 30,2, 15
156, 31,2, 15
156, 32,2, 15
156, 33,2, 15
156, 34,2, 15
156, 35,2, 15
156, 36,2, 15
156, 37,2, 15
156, 38,2, 15
156, 39,2, 15
156, 0,3, 15
156, 1,3, 15
156, 2,3, 15
156, 3,3, 15
156, 4,3, 15
156, 5,3, 15
156, 6,3, 15
156, 7,3, 15
156, 8,3, 15
156, 9,3, 15
156, 10,3, 15
156, 11,3, 15
156, 12,3, 15
156, 13,3, 15
156, 14,3, 15
156, 15,3, 15
156, 16,3, 15
156, 17,3, 15
156, 18,3, 15
156, 19,3, 15
156, 20,3, 15
156, 21,3, 15
156, 22,3, 15
156, 23,3, 15
156, 24,3, 15
156, 25,3, 15
156, 26,3, 15
156, 27,3, 15
156, 28,3, 15
156, 29,3, 15
156, 30,3, 15
156, 31,3, 15
156, 32,3, 15
156, 33,3, 15
156, 34,3, 15
156, 35,3, 15
156, 36,3, 15
156, 37,3, 15
156, 38,3, 15
156, 39,3, 15
156, 0,4, 15
156, 1,4, 15
156, 2,4, 15
156, 3,4, 15
156, 4,4, 15
156, 5,4, 15
156, 6,4, 15
156, 7,4, 15
156, 8,4, 15
156, 9,4, 15
156, 10,4, 15
156, 11,4, 15
156, 12,4, 15
156, 13,4, 15
156, 14,4, 15
156, 15,4, 15
156, 16,4, 15
156, 17,4, 15
156, 18,4, 15
156, 19,4, 15
156, 20,4, 15
156, 21,4, 15
156, 22,4, 15
156, 23,4, 15
156, 24,4, 15
156, 25,4, 15
156, 26,4, 15
156, 27,4, 15
156, 28,4, 15
156, 29,4, 15
156, 30,4, 15
156, 31,4, 15
156, 32,4, 15
156, 33,4, 15
156, 34,4, 15
156, 35,4, 15
156, 36,4, 15
156, 37,4, 15
156, 38,4, 15
156, 39,4, 15
157, 0,0, 15
157, 1,0, 15
157, 2,0, 15
157, 3,0, 15
157, 4,0, 15
157, 5,0, 15
157, 6,0, 15
157, 7,0, 15
157, 8,0, 15
157, 9,0, 15
157, 10,0, 15
157, 11,0, 15
157, 12,0, 15
157, 13,0, 15
157, 14,0, 15
157, 15,0, 15
157, 16,0, 15
157, 17,0, 15
157, 18,0, 15
157, 19,0, 15
157, 20,0, 15
157, 21,0, 15
157, 22,0, 15
157, 23,0, 15
157, 24,0, 15
157, 25,0, 15
157, 26,0, 15
157, 27,0, 15
157, 28,0, 15
157, 29,0, 15
157, 30,0, 15
157, 31,0, 15
157, 32,0, 15
157, 33,0, 15
157, 34,0, 15
157, 35,0, 15
157, 36,0, 15
157, 37,0, 15
157, 38,0, 15
157, 39,0, 15
157, 0,1, 15
157, 1,1, 15
157, 2,1, 15
157, 3,1, 15
157, 4,1, 15
157, 5,1, 15
157, 6,1, 15
157, 7,1, 15
157, 8,1, 15
157, 9,1, 15
157, 10,1, 15
157, 11,1, 15
157, 12,1, 15
157, 13,1, 15
157, 14,1, 15
157, 15,1, 15
157, 16,1, 15
157, 17,1, 15
157, 18,1, 15
157, 19,1, 15
157, 20,1, 15
157, 21,1, 15
157, 22,1, 15
157, 23,1, 15
157, 24,1, 15
157, 25,1, 15
157, 26,1, 15
157, 27,1, 15
157, 28,1, 15
157, 29,1, 15
157, 30,1, 15
157, 31,1, 15
157, 32,1, 15
157, 33,1, 15
157, 34,1, 15
157, 35,1, 15
157, 36,1, 15
157, 37,1, 15
157, 38,1, 15
157, 39,1, 15
157, 0,2, 15
157, 1,2, 15
157, 2,2, 15
157, 3,2, 15
157, 4,2, 15
157, 5,2, 15
157, 6,2, 15
157, 7,2, 15
157, 8,2, 15
157, 9,2, 15
157, 10,2, 15
157, 11,2, 15
157, 12,2, 15
157, 13,2, 15
157, 14,2, 15
157, 15,2, 15
157, 16,2, 15
157, 17,2, 15
157, 18,2, 15
157, 19,2, 15
157, 20,2, 15
157, 21,2, 15
157, 22,2, 15
157, 23,2, 15
157, 24,2, 15
157, 25,2, 15
157, 26,2, 15
157, 27,2, 15
157, 28,2, 15
157, 29,2, 15
157, 30,2, 15
157, 31,2, 15
157, 32,2, 15
157, 33,2, 15
157, 34,2, 15
157, 35,2, 15
157, 36,2, 15
157, 37,2, 15
157, 38,2, 15
157, 39,2, 15
157, 0,3, 15
157, 1,3, 15
157, 2,3, 15
157, 3,3, 15
157, 4,3, 15
157, 5,3, 15
157, 6,3, 15
157, 7,3, 15
157, 8,3, 15
157, 9,3, 15
157, 10,3, 15
157, 11,3, 15
157, 12,3, 15
157, 13,3, 15
157, 14,3, 15
157, 15,3, 15
157, 16,3, 15
157, 17,3, 15
157, 18,3, 15
157, 19,3, 15
157, 20,3, 15
157, 21,3, 15
157, 22,3, 15
157, 23,3, 15
157, 24,3, 15
157, 25,3, 15
157, 26,3, 15
157, 27,3, 15
157, 28,3, 15
157, 29,3, 15
157, 30,3, 15
157, 31,3, 15
157, 32,3, 15
157, 33,3, 15
157, 34,3, 15
157, 35,3, 15
157, 36,3, 15
157, 37,3, 15
157, 38,3, 15
157, 39,3, 15
157, 0,4, 15
157, 1,4, 15
157, 2,4, 15
157, 3,4, 15
157, 4,4, 15
157, 5,4, 15
157, 6,4, 15
157, 7,4, 15
157, 8,4, 15
157, 9,4, 15
157, 10,4, 15
157, 11,4, 15
157, 12,4, 15
157, 13,4, 15
157, 14,4, 15
157, 15,4, 15
157, 16,4, 15
157, 17,4, 15
157, 18,4, 15
157, 19,4, 15
157, 20,4, 15
157, 21,4, 15
157, 22,4, 15
157, 23,4, 15
157, 24,4, 15
157, 25,4, 15
157, 26,4, 15
157, 27,4, 15
157, 28,4, 15
157, 29,4, 15
157, 30,4, 15
157, 31,4, 15
157, 32,4, 15
157, 33,4, 15
157, 34,4, 15
157, 35,4, 15
157, 36,4, 15
157, 37,4, 15
157, 38,4, 15
157, 39,4, 15
158, 0,0, 15
158, 1,0, 15
158, 2,0, 15
158, 3,0, 15
158, 4,0, 15
158, 5,0, 15
158, 6,0, 15
158, 7,0, 15
158, 8,0, 15
158, 9,0, 15
158, 10,0, 15
158, 11,0, 15
158, 12,0, 15
158, 13,0, 15
158, 14,0, 15
158, 15,0, 15
158, 16,0, 15
158, 17,0, 15
158, 18,0, 15
158, 19,0, 15
158, 20,0, 15
158, 21,0, 15
158, 22,0, 15
158, 23,0, 15
158, 24,0, 15
158, 25,0, 15
158, 26,0, 15
158, 27,0, 15
158, 28,0, 15
158, 29,0, 15
158, 30,0, 15
158, 31,0, 15
158, 32,0, 15
158, 33,0, 15
158, 34,0, 15
158, 35,0, 15
158, 36,0, 15
158, 37,0, 15
158, 38,0, 15
158, 39,0, 15
158, 0,1, 15
158, 1,1, 15
158, 2,1, 15
158, 3,1, 15
158, 4,1, 15
158, 5,1, 15
158, 6,1, 15
158, 7,1, 15
158, 8,1, 15
158, 9,1, 15
158, 10,1, 15
158, 11,1, 15
158, 12,1, 15
158, 13,1, 15
158, 14,1, 15
158, 15,1, 15
158, 16,1, 15
158, 17,1, 15
158, 18,1, 15
158, 19,1, 15
158, 20,1, 15
158, 21,1, 15
158, 22,1, 15
158, 23,1, 15
158, 24,1, 15
158, 25,1, 15
158, 26,1, 15
158, 27,1, 15
158, 28,1, 15
158, 29,1, 15
158, 30,1, 15
158, 31,1, 15
158, 32,1, 15
158, 33,1, 15
158, 34,1, 15
158, 35,1, 15
158, 36,1, 15
158, 37,1, 15
158, 38,1, 15
158, 39,1, 15
158, 0,2, 15
158, 1,2, 15
158, 2,2, 15
158, 3,2, 15
158, 4,2, 15
158, 5,2, 15
158, 6,2, 15
158, 7,2, 15
158, 8,2, 15
158, 9,2, 15
158, 10,2, 15
158, 11,2, 15
158, 12,2, 15
158, 13,2, 15
158, 14,2, 15
158, 15,2, 15
158, 16,2, 15
158, 17,2, 15
158, 18,2, 15
158, 19,2, 15
158, 20,2, 15
158, 21,2, 15
158, 22,2, 15
158, 23,2, 15
158, 24,2, 15
158, 25,2, 15
158, 26,2, 15
158, 27,2, 15
158, 28,2, 15
158, 29,2, 15
158, 30,2, 15
158, 31,2, 15
158, 32,2, 15
158, 33,2, 15
158, 34,2, 15
158, 35,2, 15
158, 36,2, 15
158, 37,2, 15
158, 38,2, 15
158, 39,2, 15
158, 0,3, 15
158, 1,3, 15
158, 2,3, 15
158, 3,3, 15
158, 4,3, 15
158, 5,3, 15
158, 6,3, 15
158, 7,3, 15
158, 8,3, 15
158, 9,3, 15
158, 10,3, 15
158, 11,3, 15
158, 12,3, 15
158, 13,3, 15
158, 14,3, 15
158, 15,3, 15
158, 16,3, 15
158, 17,3, 15
158, 18,3, 15
158, 19,3, 15
158, 20,3, 15
158, 21,3, 15
158, 22,3, 15
158, 23,3, 15
158, 24,3, 15
158, 25,3, 15
158, 26,3, 15
158, 27,3, 15
158, 28,3, 15
158, 29,3, 15
158, 30,3, 15
158, 31,3, 15
158, 32,3, 15
158, 33,3, 15
158, 34,3, 15
158, 35,3, 15
158, 36,3, 15
158, 37,3, 15
158, 38,3, 15
158, 39,3, 15
158, 0,4, 15
158, 1,4, 15
158, 2,4, 15
158, 3,4, 15
158, 4,4, 15
158, 5,4, 15
158, 6,4, 15
158, 7,4, 15
158, 8,4, 15
158, 9,4, 15
158, 10,4, 15
158, 11,4, 15
158, 12,4, 15
158, 13,4, 15
158, 14,4, 15
158, 15,4, 15
158, 16,4, 15
158, 17,4, 15
158, 18,4, 15
158, 19,4, 15
158, 20,4, 15
158, 21,4, 15
158, 22,4, 15
158, 23,4, 15
158, 24,4, 15
158, 25,4, 15
158, 26,4, 15
158, 27,4, 15
158, 28,4, 15
158, 29,4, 15
158, 30,4, 15
158, 31,4, 15
158, 32,4, 15
158, 33,4, 15
158, 34,4, 15
158, 35,4, 15
158, 36,4, 15
158, 37,4, 15
158, 38,4, 15
158, 39,4, 15
159, 0,0, 15
159, 1,0, 15
159, 2,0, 15
159, 3,0, 15
159, 4,0, 15
159, 5,0, 15
159, 6,0, 15
159, 7,0, 15
159, 8,0, 15
159, 9,0, 15
159, 10,0, 15
159, 11,0, 15
159, 12,0, 15
159, 13,0, 15
159, 14,0, 15
159, 15,0, 15
159, 16,0, 15
159, 17,0, 15
159, 18,0, 15
159, 19,0, 15
159, 20,0, 15
159, 21,0, 15
159, 22,0, 15
159, 23,0, 15
159, 24,0, 15
159, 25,0, 15
159, 26,0, 15
159, 27,0, 15
159, 28,0, 15
159, 29,0, 15
159, 30,0, 15
159, 31,0, 15
159, 32,0, 15
159, 33,0, 15
159, 34,0, 15
159, 35,0, 15
159, 36,0, 15
159, 37,0, 15
159, 38,0, 15
159, 39,0, 15
159, 0,1, 15
159, 1,1, 15
159, 2,1, 15
159, 3,1, 15
159, 4,1, 15
159, 5,1, 15
159, 6,1, 15
159, 7,1, 15
159, 8,1, 15
159, 9,1, 15
159, 10,1, 15
159, 11,1, 15
159, 12,1, 15
159, 13,1, 15
159, 14,1, 15
159, 15,1, 15
159, 16,1, 15
159, 17,1, 15
159, 18,1, 15
159, 19,1, 15
159, 20,1, 15
159, 21,1, 15
159, 22,1, 15
159, 23,1, 15
159, 24,1, 15
159, 25,1, 15
159, 26,1, 15
159, 27,1, 15
159, 28,1, 15
159, 29,1, 15
159, 30,1, 15
159, 31,1, 15
159, 32,1, 15
159, 33,1, 15
159, 34,1, 15
159, 35,1, 15
159, 36,1, 15
159, 37,1, 15
159, 38,1, 15
159, 39,1, 15
159, 0,2, 15
159, 1,2, 15
159, 2,2, 15
159, 3,2, 15
159, 4,2, 15
159, 5,2, 15
159, 6,2, 15
159, 7,2, 15
159, 8,2, 15
159, 9,2, 15
159, 10,2, 15
159, 11,2, 15
159, 12,2, 15
159, 13,2, 15
159, 14,2, 15
159, 15,2, 15
159, 16,2, 15
159, 17,2, 15
159, 18,2, 15
159, 19,2, 15
159, 20,2, 15
159, 21,2, 15
159, 22,2, 15
159, 23,2, 15
159, 24,2, 15
159, 25,2, 15
159, 26,2, 15
159, 27,2, 15
159, 28,2, 15
159, 29,2, 15
159, 30,2, 15
159, 31,2, 15
159, 32,2, 15
159, 33,2, 15
159, 34,2, 15
159, 35,2, 15
159, 36,2, 15
159, 37,2, 15
159, 38,2, 15
159, 39,2, 15
159, 0,3, 15
159, 1,3, 15
159, 2,3, 15
159, 3,3, 15
159, 4,3, 15
159, 5,3, 15
159, 6,3, 15
159, 7,3, 15
159, 8,3, 15
159, 9,3, 15
159, 10,3, 15
159, 11,3, 15
159, 12,3, 15
159, 13,3, 15
159, 14,3, 15
159, 15,3, 15
159, 16,3, 15
159, 17,3, 15
159, 18,3, 15
159, 19,3, 15
159, 20,3, 15
159, 21,3, 15
159, 22,3, 15
159, 23,3, 15
159, 24,3, 15
159, 25,3, 15
159, 26,3, 15
159, 27,3, 15
159, 28,3, 15
159, 29,3, 15
159, 30,3, 15
159, 31,3, 15
159, 32,3, 15
159, 33,3, 15
159, 34,3, 15
159, 35,3, 15
159, 36,3, 15
159, 37,3, 15
159, 38,3, 15
159, 39,3, 15
159, 0,4, 15
159, 1,4, 15
159, 2,4, 15
159, 3,4, 15
159, 4,4, 15
159, 5,4, 15
159, 6,4, 15
159, 7,4, 15
159, 8,4, 15
159, 9,4, 15
159, 10,4, 15
159, 11,4, 15
159, 12,4, 15
159, 13,4, 15
159, 14,4, 15
159, 15,4, 15
159, 16,4, 15
159, 17,4, 15
159, 18,4, 15
159, 19,4, 15
159, 20,4, 15
159, 21,4, 15
159, 22,4, 15
159, 23,4, 15
159, 24,4, 15
159, 25,4, 15
159, 26,4, 15
159, 27,4, 15
159, 28,4, 15
159, 29,4, 15
159, 30,4, 15
159, 31,4, 15
159, 32,4, 15
159, 33,4, 15
159, 34,4, 15
159, 35,4, 15
159, 36,4, 15
159, 37,4, 15
159, 38,4, 15
159, 39,4, 15
160, 0,0, 15
160, 1,0, 15
160, 2,0, 15
160, 3,0, 15
160, 4,0, 15
160, 5,0, 15
160, 6,0, 15
160, 7,0, 15
160, 8,0, 15
160, 9,0, 15
160, 10,0, 15
160, 11,0, 15
160, 12,0, 15
160, 13,0, 15
160, 14,0, 15
160, 15,0, 15
160, 16,0, 15
160, 17,0, 15
160, 18,0, 15
160, 19,0, 15
160, 20,0, 15
160, 21,0, 15
160, 22,0, 15
160, 23,0, 15
160, 24,0, 15
160, 25,0, 15
160, 26,0, 15
160, 27,0, 15
160, 28,0, 15
160, 29,0, 15
160, 30,0, 15
160, 31,0, 15
160, 32,0, 15
160, 33,0, 15
160, 34,0, 15
160, 35,0, 15
160, 36,0, 15
160, 37,0, 15
160, 38,0, 15
160, 39,0, 15
160, 0,1, 15
160, 1,1, 15
160, 2,1, 15
160, 3,1, 15
160, 4,1, 15
160, 5,1, 15
160, 6,1, 15
160, 7,1, 15
160, 8,1, 15
160, 9,1, 15
160, 10,1, 15
160, 11,1, 15
160, 12,1, 15
160, 13,1, 15
160, 14,1, 15
160, 15,1, 15
160, 16,1, 15
160, 17,1, 15
160, 18,1, 15
160, 19,1, 15
160, 20,1, 15
160, 21,1, 15
160, 22,1, 15
160, 23,1, 15
160, 24,1, 15
160, 25,1, 15
160, 26,1, 15
160, 27,1, 15
160, 28,1, 15
160, 29,1, 15
160, 30,1, 15
160, 31,1, 15
160, 32,1, 15
160, 33,1, 15
160, 34,1, 15
160, 35,1, 15
160, 36,1, 15
160, 37,1, 15
160, 38,1, 15
160, 39,1, 15
160, 0,2, 15
160, 1,2, 15
160, 2,2, 15
160, 3,2, 15
160, 4,2, 15
160, 5,2, 15
160, 6,2, 15
160, 7,2, 15
160, 8,2, 15
160, 9,2, 15
160, 10,2, 15
160, 11,2, 15
160, 12,2, 15
160, 13,2, 15
160, 14,2, 15
160, 15,2, 15
160, 16,2, 15
160, 17,2, 15
160, 18,2, 15
160, 19,2, 15
160, 20,2, 15
160, 21,2, 15
160, 22,2, 15
160, 23,2, 15
160, 24,2, 15
160, 25,2, 15
160, 26,2, 15
160, 27,2, 15
160, 28,2, 15
160, 29,2, 15
160, 30,2, 15
160, 31,2, 15
160, 32,2, 15
160, 33,2, 15
160, 34,2, 15
160, 35,2, 15
160, 36,2, 15
160, 37,2, 15
160, 38,2, 15
160, 39,2, 15
160, 0,3, 15
160, 1,3, 15
160, 2,3, 15
160, 3,3, 15
160, 4,3, 15
160, 5,3, 15
160, 6,3, 15
160, 7,3, 15
160, 8,3, 15
160, 9,3, 15
160, 10,3, 15
160, 11,3, 15
160, 12,3, 15
160, 13,3, 15
160, 14,3, 15
160, 15,3, 15
160, 16,3, 15
160, 17,3, 15
160, 18,3, 15
160, 19,3, 15
160, 20,3, 15
160, 21,3, 15
160, 22,3, 15
160, 23,3, 15
160, 24,3, 15
160, 25,3, 15
160, 26,3, 15
160, 27,3, 15
160, 28,3, 15
160, 29,3, 15
160, 30,3, 15
160, 31,3, 15
160, 32,3, 15
160, 33,3, 15
160, 34,3, 15
160, 35,3, 15
160, 36,3, 15
160, 37,3, 15
160, 38,3, 15
160, 39,3, 15
160, 0,4, 15
160, 1,4, 15
160, 2,4, 15
160, 3,4, 15
160, 4,4, 15
160, 5,4, 15
160, 6,4, 15
160, 7,4, 15
160, 8,4, 15
160, 9,4, 15
160, 10,4, 15
160, 11,4, 15
160, 12,4, 15
160, 13,4, 15
160, 14,4, 15
160, 15,4, 15
160, 16,4, 15
160, 17,4, 15
160, 18,4, 15
160, 19,4, 15
160, 20,4, 15
160, 21,4, 15
160, 22,4, 15
160, 23,4, 15
160, 24,4, 15
160, 25,4, 15
160, 26,4, 15
160, 27,4, 15
160, 28,4, 15
160, 29,4, 15
160, 30,4, 15
160, 31,4, 15
160, 32,4, 15
160, 33,4, 15
160, 34,4, 15
160, 35,4, 15
160, 36,4, 15
160, 37,4, 15
160, 38,4, 15
160, 39,4, 15
161, 0,0, 15
161, 1,0, 15
161, 2,0, 15
161, 3,0, 15
161, 4,0, 15
161, 5,0, 15
161, 6,0, 15
161, 7,0, 15
161, 8,0, 15
161, 9,0, 15
161, 10,0, 15
161, 11,0, 15
161, 12,0, 15
161, 13,0, 15
161, 14,0, 15
161, 15,0, 15
161, 16,0, 15
161, 17,0, 15
161, 18,0, 15
161, 19,0, 15
161, 20,0, 15
161, 21,0, 15
161, 22,0, 15
161, 23,0, 15
161, 24,0, 15
161, 25,0, 15
161, 26,0, 15
161, 27,0, 15
161, 28,0, 15
161, 29,0, 15
161, 30,0, 15
161, 31,0, 15
161, 32,0, 15
161, 33,0, 15
161, 34,0, 15
161, 35,0, 15
161, 36,0, 15
161, 37,0, 15
161, 38,0, 15
161, 39,0, 15
161, 0,1, 15
161, 1,1, 15
161, 2,1, 15
161, 3,1, 15
161, 4,1, 15
161, 5,1, 15
161, 6,1, 15
161, 7,1, 15
161, 8,1, 15
161, 9,1, 15
161, 10,1, 15
161, 11,1, 15
161, 12,1, 15
161, 13,1, 15
161, 14,1, 15
161, 15,1, 15
161, 16,1, 15
161, 17,1, 15
161, 18,1, 15
161, 19,1, 15
161, 20,1, 15
161, 21,1, 15
161, 22,1, 15
161, 23,1, 15
161, 24,1, 15
161, 25,1, 15
161, 26,1, 15
161, 27,1, 15
161, 28,1, 15
161, 29,1, 15
161, 30,1, 15
161, 31,1, 15
161, 32,1, 15
161, 33,1, 15
161, 34,1, 15
161, 35,1, 15
161, 36,1, 15
161, 37,1, 15
161, 38,1, 15
161, 39,1, 15
161, 0,2, 15
161, 1,2, 15
161, 2,2, 15
161, 3,2, 15
161, 4,2, 15
161, 5,2, 15
161, 6,2, 15
161, 7,2, 15
161, 8,2, 15
161, 9,2, 15
161, 10,2, 15
161, 11,2, 15
161, 12,2, 15
161, 13,2, 15
161, 14,2, 15
161, 15,2, 15
161, 16,2, 15
161, 17,2, 15
161, 18,2, 15
161, 19,2, 15
161, 20,2, 15
161, 21,2, 15
161, 22,2, 15
161, 23,2, 15
161, 24,2, 15
161, 25,2, 15
161, 26,2, 15
161, 27,2, 15
161, 28,2, 15
161, 29,2, 15
161, 30,2, 15
161, 31,2, 15
161, 32,2, 15
161, 33,2, 15
161, 34,2, 15
161, 35,2, 15
161, 36,2, 15
161, 37,2, 15
161, 38,2, 15
161, 39,2, 15
161, 0,3, 15
161, 1,3, 15
161, 2,3, 15
161, 3,3, 15
161, 4,3, 15
161, 5,3, 15
161, 6,3, 15
161, 7,3, 15
161, 8,3, 15
161, 9,3, 15
161, 10,3, 15
161, 11,3, 15
161, 12,3, 15
161, 13,3, 15
161, 14,3, 15
161, 15,3, 15
161, 16,3, 15
161, 17,3, 15
161, 18,3, 15
161, 19,3, 15
161, 20,3, 15
161, 21,3, 15
161, 22,3, 15
161, 23,3, 15
161, 24,3, 15
161, 25,3, 15
161, 26,3, 15
161, 27,3, 15
161, 28,3, 15
161, 29,3, 15
161, 30,3, 15
161, 31,3, 15
161, 32,3, 15
161, 33,3, 15
161, 34,3, 15
161, 35,3, 15
161, 36,3, 15
161, 37,3, 15
161, 38,3, 15
161, 39,3, 15
161, 0,4, 15
161, 1,4, 15
161, 2,4, 15
161, 3,4, 15
161, 4,4, 15
161, 5,4, 15
161, 6,4, 15
161, 7,4, 15
161, 8,4, 15
161, 9,4, 15
161, 10,4, 15
161, 11,4, 15
161, 12,4, 15
161, 13,4, 15
161, 14,4, 15
161, 15,4, 15
161, 16,4, 15
161, 17,4, 15
161, 18,4, 15
161, 19,4, 15
161, 20,4, 15
161, 21,4, 15
161, 22,4, 15
161, 23,4, 15
161, 24,4, 15
161, 25,4, 15
161, 26,4, 15
161, 27,4, 15
161, 28,4, 15
161, 29,4, 15
161, 30,4, 15
161, 31,4, 15
161, 32,4, 15
161, 33,4, 15
161, 34,4, 15
161, 35,4, 15
161, 36,4, 15
161, 37,4, 15
161, 38,4, 15
161, 39,4, 15
162, 0,0, 15
162, 1,0, 15
162, 2,0, 15
162, 3,0, 15
162, 4,0, 15
162, 5,0, 15
162, 6,0, 15
162, 7,0, 15
162, 8,0, 15
162, 9,0, 15
162, 10,0, 15
162, 11,0, 15
162, 12,0, 15
162, 13,0, 15
162, 14,0, 15
162, 15,0, 15
162, 16,0, 15
162, 17,0, 15
162, 18,0, 15
162, 19,0, 15
162, 20,0, 15
162, 21,0, 15
162, 22,0, 15
162, 23,0, 15
162, 24,0, 15
162, 25,0, 15
162, 26,0, 15
162, 27,0, 15
162, 28,0, 15
162, 29,0, 15
162, 30,0, 15
162, 31,0, 15
162, 32,0, 15
162, 33,0, 15
162, 34,0, 15
162, 35,0, 15
162, 36,0, 15
162, 37,0, 15
162, 38,0, 15
162, 39,0, 15
162, 0,1, 15
162, 1,1, 15
162, 2,1, 15
162, 3,1, 15
162, 4,1, 15
162, 5,1, 15
162, 6,1, 15
162, 7,1, 15
162, 8,1, 15
162, 9,1, 15
162, 10,1, 15
162, 11,1, 15
162, 12,1, 15
162, 13,1, 15
162, 14,1, 15
162, 15,1, 15
162, 16,1, 15
162, 17,1, 15
162, 18,1, 15
162, 19,1, 15
162, 20,1, 15
162, 21,1, 15
162, 22,1, 15
162, 23,1, 15
162, 24,1, 15
162, 25,1, 15
162, 26,1, 15
162, 27,1, 15
162, 28,1, 15
162, 29,1, 15
162, 30,1, 15
162, 31,1, 15
162, 32,1, 15
162, 33,1, 15
162, 34,1, 15
162, 35,1, 15
162, 36,1, 15
162, 37,1, 15
162, 38,1, 15
162, 39,1, 15
162, 0,2, 15
162, 1,2, 15
162, 2,2, 15
162, 3,2, 15
162, 4,2, 15
162, 5,2, 15
162, 6,2, 15
162, 7,2, 15
162, 8,2, 15
162, 9,2, 15
162, 10,2, 15
162, 11,2, 15
162, 12,2, 15
162, 13,2, 15
162, 14,2, 15
162, 15,2, 15
162, 16,2, 15
162, 17,2, 15
162, 18,2, 15
162, 19,2, 15
162, 20,2, 15
162, 21,2, 15
162, 22,2, 15
162, 23,2, 15
162, 24,2, 15
162, 25,2, 15
162, 26,2, 15
162, 27,2, 15
162, 28,2, 15
162, 29,2, 15
162, 30,2, 15
162, 31,2, 15
162, 32,2, 15
162, 33,2, 15
162, 34,2, 15
162, 35,2, 15
162, 36,2, 15
162, 37,2, 15
162, 38,2, 15
162, 39,2, 15
162, 0,3, 15
162, 1,3, 15
162, 2,3, 15
162, 3,3, 15
162, 4,3, 15
162, 5,3, 15
162, 6,3, 15
162, 7,3, 15
162, 8,3, 15
162, 9,3, 15
162, 10,3, 15
162, 11,3, 15
162, 12,3, 15
162, 13,3, 15
162, 14,3, 15
162, 15,3, 15
162, 16,3, 15
162, 17,3, 15
162, 18,3, 15
162, 19,3, 15
162, 20,3, 15
162, 21,3, 15
162, 22,3, 15
162, 23,3, 15
162, 24,3, 15
162, 25,3, 15
162, 26,3, 15
162, 27,3, 15
162, 28,3, 15
162, 29,3, 15
162, 30,3, 15
162, 31,3, 15
162, 32,3, 15
162, 33,3, 15
162, 34,3, 15
162, 35,3, 15
162, 36,3, 15
162, 37,3, 15
162, 38,3, 15
162, 39,3, 15
162, 0,4, 15
162, 1,4, 15
162, 2,4, 15
162, 3,4, 15
162, 4,4, 15
162, 5,4, 15
162, 6,4, 15
162, 7,4, 15
162, 8,4, 15
162, 9,4, 15
162, 10,4, 15
162, 11,4, 15
162, 12,4, 15
162, 13,4, 15
162, 14,4, 15
162, 15,4, 15
162, 16,4, 15
162, 17,4, 15
162, 18,4, 15
162, 19,4, 15
162, 20,4, 15
162, 21,4, 15
162, 22,4, 15
162, 23,4, 15
162, 24,4, 15
162, 25,4, 15
162, 26,4, 15
162, 27,4, 15
162, 28,4, 15
162, 29,4, 15
162, 30,4, 15
162, 31,4, 15
162, 32,4, 15
162, 33,4, 15
162, 34,4, 15
162, 35,4, 15
162, 36,4, 15
162, 37,4, 15
162, 38,4, 15
162, 39,4, 15
163, 0,0, 15
163, 1,0, 15
163, 2,0, 15
163, 3,0, 15
163, 4,0, 15
163, 5,0, 15
163, 6,0, 15
163, 7,0, 15
163, 8,0, 15
163, 9,0, 15
163, 10,0, 15
163, 11,0, 15
163, 12,0, 15
163, 13,0, 15
163, 14,0, 15
163, 15,0, 15
163, 16,0, 15
163, 17,0, 15
163, 18,0, 15
163, 19,0, 15
163, 20,0, 15
163, 21,0, 15
163, 22,0, 15
163, 23,0, 15
163, 24,0, 15
163, 25,0, 15
163, 26,0, 15
163, 27,0, 15
163, 28,0, 15
163, 29,0, 15
163, 30,0, 15
163, 31,0, 15
163, 32,0, 15
163, 33,0, 15
163, 34,0, 15
163, 35,0, 15
163, 36,0, 15
163, 37,0, 15
163, 38,0, 15
163, 39,0, 15
163, 0,1, 15
163, 1,1, 15
163, 2,1, 15
163, 3,1, 15
163, 4,1, 15
163, 5,1, 15
163, 6,1, 15
163, 7,1, 15
163, 8,1, 15
163, 9,1, 15
163, 10,1, 15
163, 11,1, 15
163, 12,1, 15
163, 13,1, 15
163, 14,1, 15
163, 15,1, 15
163, 16,1, 15
163, 17,1, 15
163, 18,1, 15
163, 19,1, 15
163, 20,1, 15
163, 21,1, 15
163, 22,1, 15
163, 23,1, 15
163, 24,1, 15
163, 25,1, 15
163, 26,1, 15
163, 27,1, 15
163, 28,1, 15
163, 29,1, 15
163, 30,1, 15
163, 31,1, 15
163, 32,1, 15
163, 33,1, 15
163, 34,1, 15
163, 35,1, 15
163, 36,1, 15
163, 37,1, 15
163, 38,1, 15
163, 39,1, 15
163, 0,2, 15
163, 1,2, 15
163, 2,2, 15
163, 3,2, 15
163, 4,2, 15
163, 5,2, 15
163, 6,2, 15
163, 7,2, 15
163, 8,2, 15
163, 9,2, 15
163, 10,2, 15
163, 11,2, 15
163, 12,2, 15
163, 13,2, 15
163, 14,2, 15
163, 15,2, 15
163, 16,2, 15
163, 17,2, 15
163, 18,2, 15
163, 19,2, 15
163, 20,2, 15
163, 21,2, 15
163, 22,2, 15
163, 23,2, 15
163, 24,2, 15
163, 25,2, 15
163, 26,2, 15
163, 27,2, 15
163, 28,2, 15
163, 29,2, 15
163, 30,2, 15
163, 31,2, 15
163, 32,2, 15
163, 33,2, 15
163, 34,2, 15
163, 35,2, 15
163, 36,2, 15
163, 37,2, 15
163, 38,2, 15
163, 39,2, 15
163, 0,3, 15
163, 1,3, 15
163, 2,3, 15
163, 3,3, 15
163, 4,3, 15
163, 5,3, 15
163, 6,3, 15
163, 7,3, 15
163, 8,3, 15
163, 9,3, 15
163, 10,3, 15
163, 11,3, 15
163, 12,3, 15
163, 13,3, 15
163, 14,3, 15
163, 15,3, 15
163, 16,3, 15
163, 17,3, 15
163, 18,3, 15
163, 19,3, 15
163, 20,3, 15
163, 21,3, 15
163, 22,3, 15
163, 23,3, 15
163, 24,3, 15
163, 25,3, 15
163, 26,3, 15
163, 27,3, 15
163, 28,3, 15
163, 29,3, 15
163, 30,3, 15
163, 31,3, 15
163, 32,3, 15
163, 33,3, 15
163, 34,3, 15
163, 35,3, 15
163, 36,3, 15
163, 37,3, 15
163, 38,3, 15
163, 39,3, 15
163, 0,4, 15
163, 1,4, 15
163, 2,4, 15
163, 3,4, 15
163, 4,4, 15
163, 5,4, 15
163, 6,4, 15
163, 7,4, 15
163, 8,4, 15
163, 9,4, 15
163, 10,4, 15
163, 11,4, 15
163, 12,4, 15
163, 13,4, 15
163, 14,4, 15
163, 15,4, 15
163, 16,4, 15
163, 17,4, 15
163, 18,4, 15
163, 19,4, 15
163, 20,4, 15
163, 21,4, 15
163, 22,4, 15
163, 23,4, 15
163, 24,4, 15
163, 25,4, 15
163, 26,4, 15
163, 27,4, 15
163, 28,4, 15
163, 29,4, 15
163, 30,4, 15
163, 31,4, 15
163, 32,4, 15
163, 33,4, 15
163, 34,4, 15
163, 35,4, 15
163, 36,4, 15
163, 37,4, 15
163, 38,4, 15
163, 39,4, 15
164, 0,0, 15
164, 1,0, 15
164, 2,0, 15
164, 3,0, 15
164, 4,0, 15
164, 5,0, 15
164, 6,0, 15
164, 7,0, 15
164, 8,0, 15
164, 9,0, 15
164, 10,0, 15
164, 11,0, 15
164, 12,0, 15
164, 13,0, 15
164, 14,0, 15
164, 15,0, 15
164, 16,0, 15
164, 17,0, 15
164, 18,0, 15
164, 19,0, 15
164, 20,0, 15
164, 21,0, 15
164, 22,0, 15
164, 23,0, 15
164, 24,0, 15
164, 25,0, 15
164, 26,0, 15
164, 27,0, 15
164, 28,0, 15
164, 29,0, 15
164, 30,0, 15
164, 31,0, 15
164, 32,0, 15
164, 33,0, 15
164, 34,0, 15
164, 35,0, 15
164, 36,0, 15
164, 37,0, 15
164, 38,0, 15
164, 39,0, 15
164, 0,1, 15
164, 1,1, 15
164, 2,1, 15
164, 3,1, 15
164, 4,1, 15
164, 5,1, 15
164, 6,1, 15
164, 7,1, 15
164, 8,1, 15
164, 9,1, 15
164, 10,1, 15
164, 11,1, 15
164, 12,1, 15
164, 13,1, 15
164, 14,1, 15
164, 15,1, 15
164, 16,1, 15
164, 17,1, 15
164, 18,1, 15
164, 19,1, 15
164, 20,1, 15
164, 21,1, 15
164, 22,1, 15
164, 23,1, 15
164, 24,1, 15
164, 25,1, 15
164, 26,1, 15
164, 27,1, 15
164, 28,1, 15
164, 29,1, 15
164, 30,1, 15
164, 31,1, 15
164, 32,1, 15
164, 33,1, 15
164, 34,1, 15
164, 35,1, 15
164, 36,1, 15
164, 37,1, 15
164, 38,1, 15
164, 39,1, 15
164, 0,2, 15
164, 1,2, 15
164, 2,2, 15
164, 3,2, 15
164, 4,2, 15
164, 5,2, 15
164, 6,2, 15
164, 7,2, 15
164, 8,2, 15
164, 9,2, 15
164, 10,2, 15
164, 11,2, 15
164, 12,2, 15
164, 13,2, 15
164, 14,2, 15
164, 15,2, 15
164, 16,2, 15
164, 17,2, 15
164, 18,2, 15
164, 19,2, 15
164, 20,2, 15
164, 21,2, 15
164, 22,2, 15
164, 23,2, 15
164, 24,2, 15
164, 25,2, 15
164, 26,2, 15
164, 27,2, 15
164, 28,2, 15
164, 29,2, 15
164, 30,2, 15
164, 31,2, 15
164, 32,2, 15
164, 33,2, 15
164, 34,2, 15
164, 35,2, 15
164, 36,2, 15
164, 37,2, 15
164, 38,2, 15
164, 39,2, 15
164, 0,3, 15
164, 1,3, 15
164, 2,3, 15
164, 3,3, 15
164, 4,3, 15
164, 5,3, 15
164, 6,3, 15
164, 7,3, 15
164, 8,3, 15
164, 9,3, 15
164, 10,3, 15
164, 11,3, 15
164, 12,3, 15
164, 13,3, 15
164, 14,3, 15
164, 15,3, 15
164, 16,3, 15
164, 17,3, 15
164, 18,3, 15
164, 19,3, 15
164, 20,3, 15
164, 21,3, 15
164, 22,3, 15
164, 23,3, 15
164, 24,3, 15
164, 25,3, 15
164, 26,3, 15
164, 27,3, 15
164, 28,3, 15
164, 29,3, 15
164, 30,3, 15
164, 31,3, 15
164, 32,3, 15
164, 33,3, 15
164, 34,3, 15
164, 35,3, 15
164, 36,3, 15
164, 37,3, 15
164, 38,3, 15
164, 39,3, 15
164, 0,4, 15
164, 1,4, 15
164, 2,4, 15
164, 3,4, 15
164, 4,4, 15
164, 5,4, 15
164, 6,4, 15
164, 7,4, 15
164, 8,4, 15
164, 9,4, 15
164, 10,4, 15
164, 11,4, 15
164, 12,4, 15
164, 13,4, 15
164, 14,4, 15
164, 15,4, 15
164, 16,4, 15
164, 17,4, 15
164, 18,4, 15
164, 19,4, 15
164, 20,4, 15
164, 21,4, 15
164, 22,4, 15
164, 23,4, 15
164, 24,4, 15
164, 25,4, 15
164, 26,4, 15
164, 27,4, 15
164, 28,4, 15
164, 29,4, 15
164, 30,4, 15
164, 31,4, 15
164, 32,4, 15
164, 33,4, 15
164, 34,4, 15
164, 35,4, 15
164, 36,4, 15
164, 37,4, 15
164, 38,4, 15
164, 39,4, 15
165, 0,0, 15
165, 1,0, 15
165, 2,0, 15
165, 3,0, 15
165, 4,0, 15
165, 5,0, 15
165, 6,0, 15
165, 7,0, 15
165, 8,0, 15
165, 9,0, 15
165, 10,0, 15
165, 11,0, 15
165, 12,0, 15
165, 13,0, 15
165, 14,0, 15
165, 15,0, 15
165, 16,0, 15
165, 17,0, 15
165, 18,0, 15
165, 19,0, 15
165, 20,0, 15
165, 21,0, 15
165, 22,0, 15
165, 23,0, 15
165, 24,0, 15
165, 25,0, 15
165, 26,0, 15
165, 27,0, 15
165, 28,0, 15
165, 29,0, 15
165, 30,0, 15
165, 31,0, 15
165, 32,0, 15
165, 33,0, 15
165, 34,0, 15
165, 35,0, 15
165, 36,0, 15
165, 37,0, 15
165, 38,0, 15
165, 39,0, 15
165, 0,1, 15
165, 1,1, 15
165, 2,1, 15
165, 3,1, 15
165, 4,1, 15
165, 5,1, 15
165, 6,1, 15
165, 7,1, 15
165, 8,1, 15
165, 9,1, 15
165, 10,1, 15
165, 11,1, 15
165, 12,1, 15
165, 13,1, 15
165, 14,1, 15
165, 15,1, 15
165, 16,1, 15
165, 17,1, 15
165, 18,1, 15
165, 19,1, 15
165, 20,1, 15
165, 21,1, 15
165, 22,1, 15
165, 23,1, 15
165, 24,1, 15
165, 25,1, 15
165, 26,1, 15
165, 27,1, 15
165, 28,1, 15
165, 29,1, 15
165, 30,1, 15
165, 31,1, 15
165, 32,1, 15
165, 33,1, 15
165, 34,1, 15
165, 35,1, 15
165, 36,1, 15
165, 37,1, 15
165, 38,1, 15
165, 39,1, 15
165, 0,2, 15
165, 1,2, 15
165, 2,2, 15
165, 3,2, 15
165, 4,2, 15
165, 5,2, 15
165, 6,2, 15
165, 7,2, 15
165, 8,2, 15
165, 9,2, 15
165, 10,2, 15
165, 11,2, 15
165, 12,2, 15
165, 13,2, 15
165, 14,2, 15
165, 15,2, 15
165, 16,2, 15
165, 17,2, 15
165, 18,2, 15
165, 19,2, 15
165, 20,2, 15
165, 21,2, 15
165, 22,2, 15
165, 23,2, 15
165, 24,2, 15
165, 25,2, 15
165, 26,2, 15
165, 27,2, 15
165, 28,2, 15
165, 29,2, 15
165, 30,2, 15
165, 31,2, 15
165, 32,2, 15
165, 33,2, 15
165, 34,2, 15
165, 35,2, 15
165, 36,2, 15
165, 37,2, 15
165, 38,2, 15
165, 39,2, 15
165, 0,3, 15
165, 1,3, 15
165, 2,3, 15
165, 3,3, 15
165, 4,3, 15
165, 5,3, 15
165, 6,3, 15
165, 7,3, 15
165, 8,3, 15
165, 9,3, 15
165, 10,3, 15
165, 11,3, 15
165, 12,3, 15
165, 13,3, 15
165, 14,3, 15
165, 15,3, 15
165, 16,3, 15
165, 17,3, 15
165, 18,3, 15
165, 19,3, 15
165, 20,3, 15
165, 21,3, 15
165, 22,3, 15
165, 23,3, 15
165, 24,3, 15
165, 25,3, 15
165, 26,3, 15
165, 27,3, 15
165, 28,3, 15
165, 29,3, 15
165, 30,3, 15
165, 31,3, 15
165, 32,3, 15
165, 33,3, 15
165, 34,3, 15
165, 35,3, 15
165, 36,3, 15
165, 37,3, 15
165, 38,3, 15
165, 39,3, 15
165, 0,4, 15
165, 1,4, 15
165, 2,4, 15
165, 3,4, 15
165, 4,4, 15
165, 5,4, 15
165, 6,4, 15
165, 7,4, 15
165, 8,4, 15
165, 9,4, 15
165, 10,4, 15
165, 11,4, 15
165, 12,4, 15
165, 13,4, 15
165, 14,4, 15
165, 15,4, 15
165, 16,4, 15
165, 17,4, 15
165, 18,4, 15
165, 19,4, 15
165, 20,4, 15
165, 21,4, 15
165, 22,4, 15
165, 23,4, 15
165, 24,4, 15
165, 25,4, 15
165, 26,4, 15
165, 27,4, 15
165, 28,4, 15
165, 29,4, 15
165, 30,4, 15
165, 31,4, 15
165, 32,4, 15
165, 33,4, 15
165, 34,4, 15
165, 35,4, 15
165, 36,4, 15
165, 37,4, 15
165, 38,4, 15
165, 39,4, 15
166, 0,0, 15
166, 1,0, 15
166, 2,0, 15
166, 3,0, 15
166, 4,0, 15
166, 5,0, 15
166, 6,0, 15
166, 7,0, 15
166, 8,0, 15
166, 9,0, 15
166, 10,0, 15
166, 11,0, 15
166, 12,0, 15
166, 13,0, 15
166, 14,0, 15
166, 15,0, 15
166, 16,0, 15
166, 17,0, 15
166, 18,0, 15
166, 19,0, 15
166, 20,0, 15
166, 21,0, 15
166, 22,0, 15
166, 23,0, 15
166, 24,0, 15
166, 25,0, 15
166, 26,0, 15
166, 27,0, 15
166, 28,0, 15
166, 29,0, 15
166, 30,0, 15
166, 31,0, 15
166, 32,0, 15
166, 33,0, 15
166, 34,0, 15
166, 35,0, 15
166, 36,0, 15
166, 37,0, 15
166, 38,0, 15
166, 39,0, 15
166, 0,1, 15
166, 1,1, 15
166, 2,1, 15
166, 3,1, 15
166, 4,1, 15
166, 5,1, 15
166, 6,1, 15
166, 7,1, 15
166, 8,1, 15
166, 9,1, 15
166, 10,1, 15
166, 11,1, 15
166, 12,1, 15
166, 13,1, 15
166, 14,1, 15
166, 15,1, 15
166, 16,1, 15
166, 17,1, 15
166, 18,1, 15
166, 19,1, 15
166, 20,1, 15
166, 21,1, 15
166, 22,1, 15
166, 23,1, 15
166, 24,1, 15
166, 25,1, 15
166, 26,1, 15
166, 27,1, 15
166, 28,1, 15
166, 29,1, 15
166, 30,1, 15
166, 31,1, 15
166, 32,1, 15
166, 33,1, 15
166, 34,1, 15
166, 35,1, 15
166, 36,1, 15
166, 37,1, 15
166, 38,1, 15
166, 39,1, 15
166, 0,2, 15
166, 1,2, 15
166, 2,2, 15
166, 3,2, 15
166, 4,2, 15
166, 5,2, 15
166, 6,2, 15
166, 7,2, 15
166, 8,2, 15
166, 9,2, 15
166, 10,2, 15
166, 11,2, 15
166, 12,2, 15
166, 13,2, 15
166, 14,2, 15
166, 15,2, 15
166, 16,2, 15
166, 17,2, 15
166, 18,2, 15
166, 19,2, 15
166, 20,2, 15
166, 21,2, 15
166, 22,2, 15
166, 23,2, 15
166, 24,2, 15
166, 25,2, 15
166, 26,2, 15
166, 27,2, 15
166, 28,2, 15
166, 29,2, 15
166, 30,2, 15
166, 31,2, 15
166, 32,2, 15
166, 33,2, 15
166, 34,2, 15
166, 35,2, 15
166, 36,2, 15
166, 37,2, 15
166, 38,2, 15
166, 39,2, 15
166, 0,3, 15
166, 1,3, 15
166, 2,3, 15
166, 3,3, 15
166, 4,3, 15
166, 5,3, 15
166, 6,3, 15
166, 7,3, 15
166, 8,3, 15
166, 9,3, 15
166, 10,3, 15
166, 11,3, 15
166, 12,3, 15
166, 13,3, 15
166, 14,3, 15
166, 15,3, 15
166, 16,3, 15
166, 17,3, 15
166, 18,3, 15
166, 19,3, 15
166, 20,3, 15
166, 21,3, 15
166, 22,3, 15
166, 23,3, 15
166, 24,3, 15
166, 25,3, 15
166, 26,3, 15
166, 27,3, 15
166, 28,3, 15
166, 29,3, 15
166, 30,3, 15
166, 31,3, 15
166, 32,3, 15
166, 33,3, 15
166, 34,3, 15
166, 35,3, 15
166, 36,3, 15
166, 37,3, 15
166, 38,3, 15
166, 39,3, 15
166, 0,4, 15
166, 1,4, 15
166, 2,4, 15
166, 3,4, 15
166, 4,4, 15
166, 5,4, 15
166, 6,4, 15
166, 7,4, 15
166, 8,4, 15
166, 9,4, 15
166, 10,4, 15
166, 11,4, 15
166, 12,4, 15
166, 13,4, 15
166, 14,4, 15
166, 15,4, 15
166, 16,4, 15
166, 17,4, 15
166, 18,4, 15
166, 19,4, 15
166, 20,4, 15
166, 21,4, 15
166, 22,4, 15
166, 23,4, 15
166, 24,4, 15
166, 25,4, 15
166, 26,4, 15
166, 27,4, 15
166, 28,4, 15
166, 29,4, 15
166, 30,4, 15
166, 31,4, 15
166, 32,4, 15
166, 33,4, 15
166, 34,4, 15
166, 35,4, 15
166, 36,4, 15
166, 37,4, 15
166, 38,4, 15
166, 39,4, 15
167, 0,0, 15
167, 1,0, 15
167, 2,0, 15
167, 3,0, 15
167, 4,0, 15
167, 5,0, 15
167, 6,0, 15
167, 7,0, 15
167, 8,0, 15
167, 9,0, 15
167, 10,0, 15
167, 11,0, 15
167, 12,0, 15
167, 13,0, 15
167, 14,0, 15
167, 15,0, 15
167, 16,0, 15
167, 17,0, 15
167, 18,0, 15
167, 19,0, 15
167, 20,0, 15
167, 21,0, 15
167, 22,0, 15
167, 23,0, 15
167, 24,0, 15
167, 25,0, 15
167, 26,0, 15
167, 27,0, 15
167, 28,0, 15
167, 29,0, 15
167, 30,0, 15
167, 31,0, 15
167, 32,0, 15
167, 33,0, 15
167, 34,0, 15
167, 35,0, 15
167, 36,0, 15
167, 37,0, 15
167, 38,0, 15
167, 39,0, 15
167, 0,1, 15
167, 1,1, 15
167, 2,1, 15
167, 3,1, 15
167, 4,1, 15
167, 5,1, 15
167, 6,1, 15
167, 7,1, 15
167, 8,1, 15
167, 9,1, 15
167, 10,1, 15
167, 11,1, 15
167, 12,1, 15
167, 13,1, 15
167, 14,1, 15
167, 15,1, 15
167, 16,1, 15
167, 17,1, 15
167, 18,1, 15
167, 19,1, 15
167, 20,1, 15
167, 21,1, 15
167, 22,1, 15
167, 23,1, 15
167, 24,1, 15
167, 25,1, 15
167, 26,1, 15
167, 27,1, 15
167, 28,1, 15
167, 29,1, 15
167, 30,1, 15
167, 31,1, 15
167, 32,1, 15
167, 33,1, 15
167, 34,1, 15
167, 35,1, 15
167, 36,1, 15
167, 37,1, 15
167, 38,1, 15
167, 39,1, 15
167, 0,2, 15
167, 1,2, 15
167, 2,2, 15
167, 3,2, 15
167, 4,2, 15
167, 5,2, 15
167, 6,2, 15
167, 7,2, 15
167, 8,2, 15
167, 9,2, 15
167, 10,2, 15
167, 11,2, 15
167, 12,2, 15
167, 13,2, 15
167, 14,2, 15
167, 15,2, 15
167, 16,2, 15
167, 17,2, 15
167, 18,2, 15
167, 19,2, 15
167, 20,2, 15
167, 21,2, 15
167, 22,2, 15
167, 23,2, 15
167, 24,2, 15
167, 25,2, 15
167, 26,2, 15
167, 27,2, 15
167, 28,2, 15
167, 29,2, 15
167, 30,2, 15
167, 31,2, 15
167, 32,2, 15
167, 33,2, 15
167, 34,2, 15
167, 35,2, 15
167, 36,2, 15
167, 37,2, 15
167, 38,2, 15
167, 39,2, 15
167, 0,3, 15
167, 1,3, 15
167, 2,3, 15
167, 3,3, 15
167, 4,3, 15
167, 5,3, 15
167, 6,3, 15
167, 7,3, 15
167, 8,3, 15
167, 9,3, 15
167, 10,3, 15
167, 11,3, 15
167, 12,3, 15
167, 13,3, 15
167, 14,3, 15
167, 15,3, 15
167, 16,3, 15
167, 17,3, 15
167, 18,3, 15
167, 19,3, 15
167, 20,3, 15
167, 21,3, 15
167, 22,3, 15
167, 23,3, 15
167, 24,3, 15
167, 25,3, 15
167, 26,3, 15
167, 27,3, 15
167, 28,3, 15
167, 29,3, 15
167, 30,3, 15
167, 31,3, 15
167, 32,3, 15
167, 33,3, 15
167, 34,3, 15
167, 35,3, 15
167, 36,3, 15
167, 37,3, 15
167, 38,3, 15
167, 39,3, 15
167, 0,4, 15
167, 1,4, 15
167, 2,4, 15
167, 3,4, 15
167, 4,4, 15
167, 5,4, 15
167, 6,4, 15
167, 7,4, 15
167, 8,4, 15
167, 9,4, 15
167, 10,4, 15
167, 11,4, 15
167, 12,4, 15
167, 13,4, 15
167, 14,4, 15
167, 15,4, 15
167, 16,4, 15
167, 17,4, 15
167, 18,4, 15
167, 19,4, 15
167, 20,4, 15
167, 21,4, 15
167, 22,4, 15
167, 23,4, 15
167, 24,4, 15
167, 25,4, 15
167, 26,4, 15
167, 27,4, 15
167, 28,4, 15
167, 29,4, 15
167, 30,4, 15
167, 31,4, 15
167, 32,4, 15
167, 33,4, 15
167, 34,4, 15
167, 35,4, 15
167, 36,4, 15
167, 37,4, 15
167, 38,4, 15
167, 39,4, 15
168, 0,0, 15
168, 1,0, 15
168, 2,0, 15
168, 3,0, 15
168, 4,0, 15
168, 5,0, 15
168, 6,0, 15
168, 7,0, 15
168, 8,0, 15
168, 9,0, 15
168, 10,0, 15
168, 11,0, 15
168, 12,0, 15
168, 13,0, 15
168, 14,0, 15
168, 15,0, 15
168, 16,0, 15
168, 17,0, 15
168, 18,0, 15
168, 19,0, 15
168, 20,0, 15
168, 21,0, 15
168, 22,0, 15
168, 23,0, 15
168, 24,0, 15
168, 25,0, 15
168, 26,0, 15
168, 27,0, 15
168, 28,0, 15
168, 29,0, 15
168, 30,0, 15
168, 31,0, 15
168, 32,0, 15
168, 33,0, 15
168, 34,0, 15
168, 35,0, 15
168, 36,0, 15
168, 37,0, 15
168, 38,0, 15
168, 39,0, 15
168, 0,1, 15
168, 1,1, 15
168, 2,1, 15
168, 3,1, 15
168, 4,1, 15
168, 5,1, 15
168, 6,1, 15
168, 7,1, 15
168, 8,1, 15
168, 9,1, 15
168, 10,1, 15
168, 11,1, 15
168, 12,1, 15
168, 13,1, 15
168, 14,1, 15
168, 15,1, 15
168, 16,1, 15
168, 17,1, 15
168, 18,1, 15
168, 19,1, 15
168, 20,1, 15
168, 21,1, 15
168, 22,1, 15
168, 23,1, 15
168, 24,1, 15
168, 25,1, 15
168, 26,1, 15
168, 27,1, 15
168, 28,1, 15
168, 29,1, 15
168, 30,1, 15
168, 31,1, 15
168, 32,1, 15
168, 33,1, 15
168, 34,1, 15
168, 35,1, 15
168, 36,1, 15
168, 37,1, 15
168, 38,1, 15
168, 39,1, 15
168, 0,2, 15
168, 1,2, 15
168, 2,2, 15
168, 3,2, 15
168, 4,2, 15
168, 5,2, 15
168, 6,2, 15
168, 7,2, 15
168, 8,2, 15
168, 9,2, 15
168, 10,2, 15
168, 11,2, 15
168, 12,2, 15
168, 13,2, 15
168, 14,2, 15
168, 15,2, 15
168, 16,2, 15
168, 17,2, 15
168, 18,2, 15
168, 19,2, 15
168, 20,2, 15
168, 21,2, 15
168, 22,2, 15
168, 23,2, 15
168, 24,2, 15
168, 25,2, 15
168, 26,2, 15
168, 27,2, 15
168, 28,2, 15
168, 29,2, 15
168, 30,2, 15
168, 31,2, 15
168, 32,2, 15
168, 33,2, 15
168, 34,2, 15
168, 35,2, 15
168, 36,2, 15
168, 37,2, 15
168, 38,2, 15
168, 39,2, 15
168, 0,3, 15
168, 1,3, 15
168, 2,3, 15
168, 3,3, 15
168, 4,3, 15
168, 5,3, 15
168, 6,3, 15
168, 7,3, 15
168, 8,3, 15
168, 9,3, 15
168, 10,3, 15
168, 11,3, 15
168, 12,3, 15
168, 13,3, 15
168, 14,3, 15
168, 15,3, 15
168, 16,3, 15
168, 17,3, 15
168, 18,3, 15
168, 19,3, 15
168, 20,3, 15
168, 21,3, 15
168, 22,3, 15
168, 23,3, 15
168, 24,3, 15
168, 25,3, 15
168, 26,3, 15
168, 27,3, 15
168, 28,3, 15
168, 29,3, 15
168, 30,3, 15
168, 31,3, 15
168, 32,3, 15
168, 33,3, 15
168, 34,3, 15
168, 35,3, 15
168, 36,3, 15
168, 37,3, 15
168, 38,3, 15
168, 39,3, 15
168, 0,4, 15
168, 1,4, 15
168, 2,4, 15
168, 3,4, 15
168, 4,4, 15
168, 5,4, 15
168, 6,4, 15
168, 7,4, 15
168, 8,4, 15
168, 9,4, 15
168, 10,4, 15
168, 11,4, 15
168, 12,4, 15
168, 13,4, 15
168, 14,4, 15
168, 15,4, 15
168, 16,4, 15
168, 17,4, 15
168, 18,4, 15
168, 19,4, 15
168, 20,4, 15
168, 21,4, 15
168, 22,4, 15
168, 23,4, 15
168, 24,4, 15
168, 25,4, 15
168, 26,4, 15
168, 27,4, 15
168, 28,4, 15
168, 29,4, 15
168, 30,4, 15
168, 31,4, 15
168, 32,4, 15
168, 33,4, 15
168, 34,4, 15
168, 35,4, 15
168, 36,4, 15
168, 37,4, 15
168, 38,4, 15
168, 39,4, 15
